{
"type": "FeatureCollection",
"name": "boletin_mineria_20260608",
"crs": { "type": "name", "properties": { "name": "urn:ogc:def:crs:OGC:1.3:CRS84" } },
"features": [
{ "type": "Feature", "properties": { "cve": "2819841", "nombre": "DIEGO II DEL 1 AL 24", "solicitante": "Servicios Grekad-Met Limitada", "region": "REGIÓN DE TARAPACÁ", "provincia": "Provincia de Iquique", "comuna": null, "superficie_ha": 24.0, "datum_original": "WGS84", "huso": 19, "epsg_origen": 32719, "tipo_publicacion": "manifestacion", "fuente_pdf": "http://www.diariooficial.interior.gob.cl/publicaciones/2026/06/08/44469/07/2819841.pdf", "archivo": "gm_manifestacion_2819841.pdf", "fecha": "08-06-2026", "edicion": "44469" }, "geometry": { "type": "Polygon", "coordinates": [ [ [ -70.002166172685634, -20.3533319625122 ], [ -69.996418264093677, -20.353364850088411 ], [ -69.996441447136306, -20.356978830222904 ], [ -70.002189489406874, -20.356945936303276 ], [ -70.002166172685634, -20.3533319625122 ] ] ] } },
{ "type": "Feature", "properties": { "cve": "2819858", "nombre": "ARNAL I 1, 1 AL 30", "solicitante": "Antofagasta Minerals S.A.", "region": "REGIÓN DE TARAPACÁ", "provincia": "Provincia del Tamarugal", "comuna": null, "superficie_ha": 300.0, "datum_original": "PSAD56", "huso": 19, "epsg_origen": 24879, "tipo_publicacion": "manifestacion", "fuente_pdf": "http://www.diariooficial.interior.gob.cl/publicaciones/2026/06/08/44469/07/2819858.pdf", "archivo": "gm_manifestacion_2819858.pdf", "fecha": "08-06-2026", "edicion": "44469" }, "geometry": { "type": "Polygon", "coordinates": [ [ [ -69.213736678347573, -21.196184094892853 ], [ -69.18483314435889, -21.196218177445697 ], [ -69.184844383058589, -21.20525352009113 ], [ -69.213749674483807, -21.205219421640315 ], [ -69.213736678347573, -21.196184094892853 ] ] ] } },
{ "type": "Feature", "properties": { "cve": "2819860", "nombre": "ARNAL I 2, 1 AL 30", "solicitante": "Antofagasta Minerals S.A.", "region": "REGIÓN DE TARAPACÁ", "provincia": "Provincia del Tamarugal", "comuna": null, "superficie_ha": 300.0, "datum_original": "PSAD56", "huso": 19, "epsg_origen": 24879, "tipo_publicacion": "manifestacion", "fuente_pdf": "http://www.diariooficial.interior.gob.cl/publicaciones/2026/06/08/44469/07/2819860.pdf", "archivo": "gm_manifestacion_2819860.pdf", "fecha": "08-06-2026", "edicion": "44469" }, "geometry": { "type": "Polygon", "coordinates": [ [ [ -69.18483314435889, -21.196218177445697 ], [ -69.155929556950497, -21.196247316852872 ], [ -69.155939038198994, -21.205282673090522 ], [ -69.184844383058589, -21.20525352009113 ], [ -69.18483314435889, -21.196218177445697 ] ] ] } },
{ "type": "Feature", "properties": { "cve": "2819852", "nombre": "ARNAL I 3, 1 AL 20", "solicitante": "Antofagasta Minerals S.A.", "region": "REGIÓN DE TARAPACÁ", "provincia": "Provincia del Tamarugal", "comuna": null, "superficie_ha": 200.0, "datum_original": "PSAD56", "huso": 19, "epsg_origen": 24879, "tipo_publicacion": "manifestacion", "fuente_pdf": "http://www.diariooficial.interior.gob.cl/publicaciones/2026/06/08/44469/07/2819852.pdf", "archivo": "gm_manifestacion_2819852.pdf", "fecha": "08-06-2026", "edicion": "44469" }, "geometry": { "type": "Polygon", "coordinates": [ [ [ -69.223384758306977, -21.205206956507773 ], [ -69.204114583795032, -21.205231337282779 ], [ -69.204127000677246, -21.214266659829828 ], [ -69.223398347427064, -21.214242267686274 ], [ -69.223384758306977, -21.205206956507773 ] ] ] } },
{ "type": "Feature", "properties": { "cve": "2819859", "nombre": "ARNAL I 4, 1 AL 30", "solicitante": "Antofagasta Minerals S.A.", "region": "REGIÓN DE TARAPACÁ", "provincia": "Provincia del Tamarugal", "comuna": null, "superficie_ha": 300.0, "datum_original": "PSAD56", "huso": 19, "epsg_origen": 24879, "tipo_publicacion": "manifestacion", "fuente_pdf": "http://www.diariooficial.interior.gob.cl/publicaciones/2026/06/08/44469/07/2819859.pdf", "archivo": "gm_manifestacion_2819859.pdf", "fecha": "08-06-2026", "edicion": "44469" }, "geometry": { "type": "Polygon", "coordinates": [ [ [ -69.204114583795032, -21.205231337282779 ], [ -69.175209273629903, -21.205263787254054 ], [ -69.175219932141971, -21.214299124932268 ], [ -69.204127000677246, -21.214266659829828 ], [ -69.204114583795032, -21.205231337282779 ] ] ] } },
{ "type": "Feature", "properties": { "cve": "2819853", "nombre": "ARNAL I 5, 1 AL 20", "solicitante": "Antofagasta Minerals S.A.", "region": "REGIÓN DE TARAPACÁ", "provincia": "Provincia del Tamarugal", "comuna": null, "superficie_ha": 200.0, "datum_original": "PSAD56", "huso": 19, "epsg_origen": 24879, "tipo_publicacion": "manifestacion", "fuente_pdf": "http://www.diariooficial.interior.gob.cl/publicaciones/2026/06/08/44469/07/2819853.pdf", "archivo": "gm_manifestacion_2819853.pdf", "fecha": "08-06-2026", "edicion": "44469" }, "geometry": { "type": "Polygon", "coordinates": [ [ [ -69.175209273629903, -21.205263787254054 ], [ -69.155939038198994, -21.205282673090522 ], [ -69.15594852445642, -21.214318019575057 ], [ -69.175219932141971, -21.214299124932268 ], [ -69.175209273629903, -21.205263787254054 ] ] ] } },
{ "type": "Feature", "properties": { "cve": "2819854", "nombre": "ARNAL I 6, 1 AL 30", "solicitante": "Antofagasta Minerals S.A.", "region": "REGIÓN DE TARAPACÁ", "provincia": "Provincia del Tamarugal", "comuna": null, "superficie_ha": 300.0, "datum_original": "PSAD56", "huso": 19, "epsg_origen": 24879, "tipo_publicacion": "manifestacion", "fuente_pdf": "http://www.diariooficial.interior.gob.cl/publicaciones/2026/06/08/44469/07/2819854.pdf", "archivo": "gm_manifestacion_2819854.pdf", "fecha": "08-06-2026", "edicion": "44469" }, "geometry": { "type": "Polygon", "coordinates": [ [ [ -69.184855627695725, -21.214288852981845 ], [ -69.15594852445642, -21.214318019575057 ], [ -69.155958015724195, -21.223353356303154 ], [ -69.184866878271876, -21.223324176114534 ], [ -69.184855627695725, -21.214288852981845 ] ] ] } },
{ "type": "Feature", "properties": { "cve": "2819855", "nombre": "ARNAL I 7, 1 AL 10", "solicitante": "Antofagasta Minerals S.A.", "region": "REGIÓN DE TARAPACÁ", "provincia": "Provincia del Tamarugal", "comuna": null, "superficie_ha": 100.0, "datum_original": "PSAD56", "huso": 19, "epsg_origen": 24879, "tipo_publicacion": "manifestacion", "fuente_pdf": "http://www.diariooficial.interior.gob.cl/publicaciones/2026/06/08/44469/07/2819855.pdf", "archivo": "gm_manifestacion_2819855.pdf", "fecha": "08-06-2026", "edicion": "44469" }, "geometry": { "type": "Polygon", "coordinates": [ [ [ -69.223411943724443, -21.223277569104177 ], [ -69.213775687355735, -21.223290045862182 ], [ -69.213788704095222, -21.232325343329936 ], [ -69.223425547201131, -21.232312860758178 ], [ -69.223411943724443, -21.223277569104177 ] ] ] } },
{ "type": "Feature", "properties": { "cve": "2819856", "nombre": "ARNAL I 8, 1 AL 30", "solicitante": "Antofagasta Minerals S.A.", "region": "REGIÓN DE TARAPACÁ", "provincia": "Provincia del Tamarugal", "comuna": null, "superficie_ha": 300.0, "datum_original": "PSAD56", "huso": 19, "epsg_origen": 24879, "tipo_publicacion": "manifestacion", "fuente_pdf": "http://www.diariooficial.interior.gob.cl/publicaciones/2026/06/08/44469/07/2819856.pdf", "archivo": "gm_manifestacion_2819856.pdf", "fecha": "08-06-2026", "edicion": "44469" }, "geometry": { "type": "Polygon", "coordinates": [ [ [ -69.213775687355735, -21.223290045862182 ], [ -69.184866878271876, -21.223324176114534 ], [ -69.184878134788718, -21.232359489485873 ], [ -69.213788704095222, -21.232325343329936 ], [ -69.213775687355735, -21.223290045862182 ] ] ] } },
{ "type": "Feature", "properties": { "cve": "2819857", "nombre": "ARNAL I 9, 1 AL 30", "solicitante": "Antofagasta Minerals S.A.", "region": "REGIÓN DE TARAPACÁ", "provincia": "Provincia del Tamarugal", "comuna": null, "superficie_ha": 300.0, "datum_original": "PSAD56", "huso": 19, "epsg_origen": 24879, "tipo_publicacion": "manifestacion", "fuente_pdf": "http://www.diariooficial.interior.gob.cl/publicaciones/2026/06/08/44469/07/2819857.pdf", "archivo": "gm_manifestacion_2819857.pdf", "fecha": "08-06-2026", "edicion": "44469" }, "geometry": { "type": "Polygon", "coordinates": [ [ [ -69.184866878271876, -21.223324176114534 ], [ -69.155958015724195, -21.223353356303154 ], [ -69.15596751200367, -21.232388683271505 ], [ -69.184878134788718, -21.232359489485873 ], [ -69.184866878271876, -21.223324176114534 ] ] ] } },
{ "type": "Feature", "properties": { "cve": "2819830", "nombre": "DAVID 2 1 AL 5", "solicitante": "Contreras Gómez Luis Arturo", "region": "REGIÓN DE TARAPACÁ", "provincia": "Provincia del Tamarugal", "comuna": "Pozo Almonte", "superficie_ha": 50.0, "datum_original": "PSAD56", "huso": 19, "epsg_origen": 24879, "tipo_publicacion": "manifestacion", "fuente_pdf": "http://www.diariooficial.interior.gob.cl/publicaciones/2026/06/08/44469/07/2819830.pdf", "archivo": "gm_manifestacion_2819830.pdf", "fecha": "08-06-2026", "edicion": "44469" }, "geometry": { "type": "Polygon", "coordinates": [ [ [ -69.686682677010921, -21.382396591051069 ], [ -69.677036657198229, -21.382435786442535 ], [ -69.677057436036122, -21.386953064829612 ], [ -69.686703751837157, -21.386913860362604 ], [ -69.686682677010921, -21.382396591051069 ] ] ] } },
{ "type": "Feature", "properties": { "cve": "2819769", "nombre": "CEBADA 1 1 AL 60", "solicitante": "Minera Meridian Limitada", "region": "REGIÓN DE ANTOFAGASTA", "provincia": "Provincia de Antofagasta", "comuna": "Antofagasta", "superficie_ha": 300.0, "datum_original": "PSAD56", "huso": 19, "epsg_origen": 24879, "tipo_publicacion": "manifestacion", "fuente_pdf": "http://www.diariooficial.interior.gob.cl/publicaciones/2026/06/08/44469/07/2819769.pdf", "archivo": "gm_manifestacion_2819769.pdf", "fecha": "08-06-2026", "edicion": "44469" }, "geometry": { "type": "Polygon", "coordinates": [ [ [ -69.495794102995973, -24.619187762850157 ], [ -69.485914936510611, -24.619219990362726 ], [ -69.486019709930389, -24.646313379288848 ], [ -69.495901006359972, -24.646281111679606 ], [ -69.495794102995973, -24.619187762850157 ] ] ] } },
{ "type": "Feature", "properties": { "cve": "2819770", "nombre": "CEBADA 2 1 AL 60", "solicitante": "Minera Meridian Limitada", "region": "REGIÓN DE ANTOFAGASTA", "provincia": "Provincia de Antofagasta", "comuna": "Antofagasta", "superficie_ha": 300.0, "datum_original": "PSAD56", "huso": 19, "epsg_origen": 24879, "tipo_publicacion": "manifestacion", "fuente_pdf": "http://www.diariooficial.interior.gob.cl/publicaciones/2026/06/08/44469/07/2819770.pdf", "archivo": "gm_manifestacion_2819770.pdf", "fecha": "08-06-2026", "edicion": "44469" }, "geometry": { "type": "Polygon", "coordinates": [ [ [ -69.476035753006414, -24.619251569302598 ], [ -69.466156552829318, -24.619282499665385 ], [ -69.466257066312565, -24.646375966364076 ], [ -69.476138396465842, -24.646344997518469 ], [ -69.476035753006414, -24.619251569302598 ] ] ] } },
{ "type": "Feature", "properties": { "cve": "2819771", "nombre": "CEBADA 3 1 AL 20", "solicitante": "Minera Meridian Limitada", "region": "REGIÓN DE ANTOFAGASTA", "provincia": "Provincia de Antofagasta", "comuna": "Antofagasta", "superficie_ha": 100.0, "datum_original": "PSAD56", "huso": 19, "epsg_origen": 24879, "tipo_publicacion": "manifestacion", "fuente_pdf": "http://www.diariooficial.interior.gob.cl/publicaciones/2026/06/08/44469/07/2819771.pdf", "archivo": "gm_manifestacion_2819771.pdf", "fecha": "08-06-2026", "edicion": "44469" }, "geometry": { "type": "Polygon", "coordinates": [ [ [ -69.485880046082727, -24.610188838761324 ], [ -69.476001571873226, -24.61022040460826 ], [ -69.476035753006414, -24.619251569302598 ], [ -69.485914936510611, -24.619219990362726 ], [ -69.485880046082727, -24.610188838761324 ] ] ] } },
{ "type": "Feature", "properties": { "cve": "2819705", "nombre": "CELU I 1, 1 AL 30", "solicitante": "Minera Centinela Limitada", "region": "REGIÓN DE ANTOFAGASTA", "provincia": "Provincia de Antofagasta", "comuna": null, "superficie_ha": 300.0, "datum_original": "PSAD56", "huso": 19, "epsg_origen": 24879, "tipo_publicacion": "manifestacion", "fuente_pdf": "http://www.diariooficial.interior.gob.cl/publicaciones/2026/06/08/44469/07/2819705.pdf", "archivo": "gm_manifestacion_2819705.pdf", "fecha": "08-06-2026", "edicion": "44469" }, "geometry": { "type": "Polygon", "coordinates": [ [ [ -68.913971442237695, -23.012208908874904 ], [ -68.904212788717174, -23.012203306689088 ], [ -68.904193643725606, -23.039303331812647 ], [ -68.913954247702165, -23.0393089413392 ], [ -68.913971442237695, -23.012208908874904 ] ] ] } },
{ "type": "Feature", "properties": { "cve": "2819164", "nombre": "Fantasía Norte", "solicitante": "Tapia Carreño José Alberto", "region": "REGIÓN DE ANTOFAGASTA", "provincia": "Provincia de Antofagasta", "comuna": null, "superficie_ha": 45.0, "datum_original": "PSAD56", "huso": 19, "epsg_origen": 24879, "tipo_publicacion": "manifestacion", "fuente_pdf": "http://www.diariooficial.interior.gob.cl/publicaciones/2026/06/08/44469/07/2819164.pdf", "archivo": "gm_manifestacion_2819164.pdf", "fecha": "08-06-2026", "edicion": "44469" }, "geometry": { "type": "Polygon", "coordinates": [ [ [ -70.20465992106476, -23.833591758937924 ], [ -70.197297213188293, -23.833649124698326 ], [ -70.197346957461761, -23.839067381170349 ], [ -70.204709971057923, -23.839010000785034 ], [ -70.20465992106476, -23.833591758937924 ] ] ] } },
{ "type": "Feature", "properties": { "cve": "2819775", "nombre": "LINEA C 1 AL 20", "solicitante": "Minera Meridian Limitada", "region": "REGIÓN DE ANTOFAGASTA", "provincia": "Provincia de Antofagasta", "comuna": "Antofagasta", "superficie_ha": 100.0, "datum_original": "PSAD56", "huso": 19, "epsg_origen": 24879, "tipo_publicacion": "manifestacion", "fuente_pdf": "http://www.diariooficial.interior.gob.cl/publicaciones/2026/06/08/44469/07/2819775.pdf", "archivo": "gm_manifestacion_2819775.pdf", "fecha": "08-06-2026", "edicion": "44469" }, "geometry": { "type": "Polygon", "coordinates": [ [ [ -69.643471939953841, -24.519285958663744 ], [ -69.633600852416834, -24.519327722970555 ], [ -69.633646159862323, -24.528358755844032 ], [ -69.643517953141938, -24.528316974166422 ], [ -69.643471939953841, -24.519285958663744 ] ] ] } },
{ "type": "Feature", "properties": { "cve": "2819762", "nombre": "MARGARITA 56, 1 AL 60", "solicitante": "Glencore Exploraciones Limitada", "region": "REGIÓN DE ANTOFAGASTA", "provincia": "Provincia de Antofagasta", "comuna": "Antofagasta", "superficie_ha": 300.0, "datum_original": "PSAD56", "huso": 19, "epsg_origen": 24879, "tipo_publicacion": "manifestacion", "fuente_pdf": "http://www.diariooficial.interior.gob.cl/publicaciones/2026/06/08/44469/07/2819762.pdf", "archivo": "gm_manifestacion_2819762.pdf", "fecha": "08-06-2026", "edicion": "44469" }, "geometry": { "type": "Polygon", "coordinates": [ [ [ -69.38454159316727, -23.761487385619194 ], [ -69.374728116497593, -23.761511496607934 ], [ -69.374805747344084, -23.788608357792533 ], [ -69.384621256909838, -23.788584215986681 ], [ -69.38454159316727, -23.761487385619194 ] ] ] } },
{ "type": "Feature", "properties": { "cve": "2819084", "nombre": "OLVIDO DEL 1 AL 2", "solicitante": "Gallardo Funes Julio Enrique", "region": "REGIÓN DE ANTOFAGASTA", "provincia": "Provincia de Antofagasta", "comuna": null, "superficie_ha": 2.0, "datum_original": "PSAD56", "huso": 19, "epsg_origen": 24879, "tipo_publicacion": "manifestacion", "fuente_pdf": "http://www.diariooficial.interior.gob.cl/publicaciones/2026/06/08/44469/07/2819084.pdf", "archivo": "gm_manifestacion_2819084.pdf", "fecha": "08-06-2026", "edicion": "44469" }, "geometry": { "type": "Polygon", "coordinates": [ [ [ -70.398990697811996, -23.568198887908355 ], [ -70.398011063261521, -23.568207701220402 ], [ -70.398030180008917, -23.570013705592256 ], [ -70.399009827944511, -23.57000489152486 ], [ -70.398990697811996, -23.568198887908355 ] ] ] } },
{ "type": "Feature", "properties": { "cve": "2819772", "nombre": "SURPE 5 1 AL 60", "solicitante": "Minera Meridian Limitada", "region": "REGIÓN DE ANTOFAGASTA", "provincia": "Provincia de Antofagasta", "comuna": "Antofagasta", "superficie_ha": 300.0, "datum_original": "PSAD56", "huso": 19, "epsg_origen": 24879, "tipo_publicacion": "manifestacion", "fuente_pdf": "http://www.diariooficial.interior.gob.cl/publicaciones/2026/06/08/44469/07/2819772.pdf", "archivo": "gm_manifestacion_2819772.pdf", "fecha": "08-06-2026", "edicion": "44469" }, "geometry": { "type": "Polygon", "coordinates": [ [ [ -69.470809155284769, -24.542501811337377 ], [ -69.460935964955695, -24.542532309604951 ], [ -69.46103500187067, -24.569626074852216 ], [ -69.470910313368947, -24.569595538550374 ], [ -69.470809155284769, -24.542501811337377 ] ] ] } },
{ "type": "Feature", "properties": { "cve": "2819773", "nombre": "SURPE 6 1 AL 40", "solicitante": "Minera Meridian Limitada", "region": "REGIÓN DE ANTOFAGASTA", "provincia": "Provincia de Antofagasta", "comuna": "Antofagasta", "superficie_ha": 200.0, "datum_original": "PSAD56", "huso": 19, "epsg_origen": 24879, "tipo_publicacion": "manifestacion", "fuente_pdf": "http://www.diariooficial.interior.gob.cl/publicaciones/2026/06/08/44469/07/2819773.pdf", "archivo": "gm_manifestacion_2819773.pdf", "fecha": "08-06-2026", "edicion": "44469" }, "geometry": { "type": "Polygon", "coordinates": [ [ [ -69.465905911699167, -24.551548400988128 ], [ -69.446158085473385, -24.551608129739709 ], [ -69.446190037182618, -24.56063940333652 ], [ -69.465939277531291, -24.56057964976608 ], [ -69.465905911699167, -24.551548400988128 ] ] ] } },
{ "type": "Feature", "properties": { "cve": "2819774", "nombre": "SURPE 7 1 AL 60", "solicitante": "Minera Meridian Limitada", "region": "REGIÓN DE ANTOFAGASTA", "provincia": "Provincia de Antofagasta", "comuna": "Antofagasta", "superficie_ha": 300.0, "datum_original": "PSAD56", "huso": 19, "epsg_origen": 24879, "tipo_publicacion": "manifestacion", "fuente_pdf": "http://www.diariooficial.interior.gob.cl/publicaciones/2026/06/08/44469/07/2819774.pdf", "archivo": "gm_manifestacion_2819774.pdf", "fecha": "08-06-2026", "edicion": "44469" }, "geometry": { "type": "Polygon", "coordinates": [ [ [ -69.475796834915528, -24.556033186114171 ], [ -69.44617405937791, -24.556123767906858 ], [ -69.446206018888162, -24.56515503602833 ], [ -69.475830916120273, -24.565064416601732 ], [ -69.475796834915528, -24.556033186114171 ] ] ] } },
{ "type": "Feature", "properties": { "cve": "2819789", "nombre": "Blanco Norte 04", "solicitante": "CHK Ing SpA", "region": "REGIÓN DE ANTOFAGASTA", "provincia": "Provincia de El Loa", "comuna": null, "superficie_ha": 2.0, "datum_original": "PSAD56", "huso": 19, "epsg_origen": 24879, "tipo_publicacion": "manifestacion", "fuente_pdf": "http://www.diariooficial.interior.gob.cl/publicaciones/2026/06/08/44469/07/2819789.pdf", "archivo": "gm_manifestacion_2819789.pdf", "fecha": "08-06-2026", "edicion": "44469" }, "geometry": { "type": "Polygon", "coordinates": [ [ [ -68.719868784230457, -22.488307083573766 ], [ -68.71792450032892, -22.488303693508044 ], [ -68.717922669931752, -22.489207079203695 ], [ -68.719866966449402, -22.489210469420172 ], [ -68.719868784230457, -22.488307083573766 ] ] ] } },
{ "type": "Feature", "properties": { "cve": "2819788", "nombre": "BLANCO NORTE 1 AL 3", "solicitante": "CHK ING SpA", "region": "REGIÓN DE ANTOFAGASTA", "provincia": "Provincia de El Loa", "comuna": null, "superficie_ha": 24.0, "datum_original": "PSAD56", "huso": 19, "epsg_origen": 24879, "tipo_publicacion": "manifestacion", "fuente_pdf": "http://www.diariooficial.interior.gob.cl/publicaciones/2026/06/08/44469/07/2819788.pdf", "archivo": "gm_manifestacion_2819788.pdf", "fecha": "08-06-2026", "edicion": "44469" }, "geometry": { "type": "Polygon", "coordinates": [ [ [ -68.719875145733099, -22.485145232306174 ], [ -68.715986666606568, -22.485138429786499 ], [ -68.715975609091586, -22.490558743663104 ], [ -68.719864239603766, -22.490565547998063 ], [ -68.719875145733099, -22.485145232306174 ] ] ] } },
{ "type": "Feature", "properties": { "cve": "2819785", "nombre": "ABRAN C21 1/2", "solicitante": "SCM El Abra", "region": "REGIÓN DE ANTOFAGASTA", "provincia": "Provincia de Tocopilla", "comuna": "María Elena", "superficie_ha": 10.0, "datum_original": "PSAD56", "huso": 19, "epsg_origen": 24879, "tipo_publicacion": "manifestacion", "fuente_pdf": "http://www.diariooficial.interior.gob.cl/publicaciones/2026/06/08/44469/07/2819785.pdf", "archivo": "gm_manifestacion_2819785.pdf", "fecha": "08-06-2026", "edicion": "44469" }, "geometry": { "type": "Polygon", "coordinates": [ [ [ -69.496789626427869, -22.263926203198331 ], [ -69.4948485057092, -22.263932126209589 ], [ -69.494864385157967, -22.268449065687857 ], [ -69.496805568160013, -22.268443141349074 ], [ -69.496789626427869, -22.263926203198331 ] ] ] } },
{ "type": "Feature", "properties": { "cve": "2819786", "nombre": "ABRAN C43 1/40", "solicitante": "SCM El Abra", "region": "REGIÓN DE ANTOFAGASTA", "provincia": "Provincia de Tocopilla", "comuna": "María Elena", "superficie_ha": 200.0, "datum_original": "PSAD56", "huso": 19, "epsg_origen": 24879, "tipo_publicacion": "manifestacion", "fuente_pdf": "http://www.diariooficial.interior.gob.cl/publicaciones/2026/06/08/44469/07/2819786.pdf", "archivo": "gm_manifestacion_2819786.pdf", "fecha": "08-06-2026", "edicion": "44469" }, "geometry": { "type": "Polygon", "coordinates": [ [ [ -69.195919118377418, -22.271343145632702 ], [ -69.176506259858087, -22.271365397716 ], [ -69.176517593623117, -22.28039956132854 ], [ -69.195931698656409, -22.280377299272555 ], [ -69.195919118377418, -22.271343145632702 ] ] ] } },
{ "type": "Feature", "properties": { "cve": "2819748", "nombre": "ESPERANZA 1 AL 10", "solicitante": "Sánchez García Hernán Antonio", "region": "REGIÓN DE ATACAMA", "provincia": "Provincia de Copiapó", "comuna": null, "superficie_ha": 40.0, "datum_original": "PSAD56", "huso": 19, "epsg_origen": 24879, "tipo_publicacion": "manifestacion", "fuente_pdf": "http://www.diariooficial.interior.gob.cl/publicaciones/2026/06/08/44469/07/2819748.pdf", "archivo": "gm_manifestacion_2819748.pdf", "fecha": "08-06-2026", "edicion": "44469" }, "geometry": { "type": "Polygon", "coordinates": [ [ [ -70.222484910319338, -27.926625039086659 ], [ -70.212323477486692, -27.926714854434646 ], [ -70.212363760928739, -27.930324998938726 ], [ -70.22252553120434, -27.930235169976335 ], [ -70.222484910319338, -27.926625039086659 ] ] ] } },
{ "type": "Feature", "properties": { "cve": "2819755", "nombre": "SAN ALEJANDRO 1 AL 5", "solicitante": "Nallib Majmut Alejandro", "region": "REGIÓN DE ATACAMA", "provincia": "Provincia de Copiapó", "comuna": null, "superficie_ha": 25.0, "datum_original": "WGS84", "huso": 19, "epsg_origen": 32719, "tipo_publicacion": "manifestacion", "fuente_pdf": "http://www.diariooficial.interior.gob.cl/publicaciones/2026/06/08/44469/07/2819755.pdf", "archivo": "gm_manifestacion_2819755.pdf", "fecha": "08-06-2026", "edicion": "44469" }, "geometry": { "type": "Polygon", "coordinates": [ [ [ -70.428484137571218, -27.211340208635416 ], [ -70.423436682560961, -27.211391576859018 ], [ -70.423494042282343, -27.215904338338024 ], [ -70.428541700519787, -27.215852960209226 ], [ -70.428484137571218, -27.211340208635416 ] ] ] } },
{ "type": "Feature", "properties": { "cve": "2819843", "nombre": "ZULEMA I 1 AL 6", "solicitante": "Pérez Vargas Miguel Ángel", "region": "REGIÓN DE ATACAMA", "provincia": "Provincia de Copiapó", "comuna": null, "superficie_ha": 6.0, "datum_original": "PSAD56", "huso": 19, "epsg_origen": 24879, "tipo_publicacion": "manifestacion", "fuente_pdf": "http://www.diariooficial.interior.gob.cl/publicaciones/2026/06/08/44469/07/2819843.pdf", "archivo": "gm_manifestacion_2819843.pdf", "fecha": "08-06-2026", "edicion": "44469" }, "geometry": { "type": "Polygon", "coordinates": [ [ [ -70.560312254767609, -27.530682636438605 ], [ -70.55828759227208, -27.530705343917724 ], [ -70.55832577838342, -27.533412711695348 ], [ -70.560350490444634, -27.533390001610051 ], [ -70.560312254767609, -27.530682636438605 ] ] ] } },
{ "type": "Feature", "properties": { "cve": "2819302", "nombre": "AGUSTINA 2 del 1-8", "solicitante": "Molina Donoso Arturo", "region": "REGIÓN DE ATACAMA", "provincia": "Provincia de Chañaral", "comuna": null, "superficie_ha": 40.0, "datum_original": "WGS84", "huso": 19, "epsg_origen": 32719, "tipo_publicacion": "manifestacion", "fuente_pdf": "http://www.diariooficial.interior.gob.cl/publicaciones/2026/06/08/44469/07/2819302.pdf", "archivo": "gm_manifestacion_2819302.pdf", "fecha": "08-06-2026", "edicion": "44469" }, "geometry": { "type": "Polygon", "coordinates": [ [ [ -69.975962101300979, -26.816194156146516 ], [ -69.970931433317347, -26.816228755838736 ], [ -69.970992984694917, -26.823450774961984 ], [ -69.976023971470426, -26.823416164483934 ], [ -69.975962101300979, -26.816194156146516 ] ] ] } },
{ "type": "Feature", "properties": { "cve": "2819702", "nombre": "QURIWASI", "solicitante": "Fernández Salazar Juan Carlos", "region": "REGIÓN DE ATACAMA", "provincia": "Provincia de Chañaral", "comuna": null, "superficie_ha": 1.0, "datum_original": "PSAD56", "huso": 19, "epsg_origen": 24879, "tipo_publicacion": "manifestacion", "fuente_pdf": "http://www.diariooficial.interior.gob.cl/publicaciones/2026/06/08/44469/07/2819702.pdf", "archivo": "gm_manifestacion_2819702.pdf", "fecha": "08-06-2026", "edicion": "44469" }, "geometry": { "type": "Polygon", "coordinates": [ [ [ -69.956504992560426, -26.790842844340489 ], [ -69.955499076400258, -26.790849633480718 ], [ -69.955506637506645, -26.79175239469367 ], [ -69.956512561623938, -26.7917456052887 ], [ -69.956504992560426, -26.790842844340489 ] ] ] } },
{ "type": "Feature", "properties": { "cve": "2819690", "nombre": "BLANCA CUATRO DEL 1 AL 36", "solicitante": "Torres Olivares Alonso Ignacio", "region": "REGIÓN DE COQUIMBO", "provincia": "Provincia de Elqui", "comuna": null, "superficie_ha": 180.0, "datum_original": "PSAD56", "huso": 19, "epsg_origen": 24879, "tipo_publicacion": "manifestacion", "fuente_pdf": "http://www.diariooficial.interior.gob.cl/publicaciones/2026/06/08/44469/07/2819690.pdf", "archivo": "gm_manifestacion_2819690.pdf", "fecha": "08-06-2026", "edicion": "44469" }, "geometry": { "type": "Polygon", "coordinates": [ [ [ -70.971771465767986, -29.353039331956477 ], [ -70.961475418482408, -29.353191141204984 ], [ -70.961786640031761, -29.369427421861868 ], [ -70.972084318386763, -29.369275512399497 ], [ -70.971771465767986, -29.353039331956477 ] ] ] } },
{ "type": "Feature", "properties": { "cve": "2819689", "nombre": "BLANCA TRES DEL 1 AL 36", "solicitante": "Torres Olivares Alonso Ignacio", "region": "REGIÓN DE COQUIMBO", "provincia": "Provincia de Elqui", "comuna": null, "superficie_ha": 180.0, "datum_original": "PSAD56", "huso": 19, "epsg_origen": 24879, "tipo_publicacion": "manifestacion", "fuente_pdf": "http://www.diariooficial.interior.gob.cl/publicaciones/2026/06/08/44469/07/2819689.pdf", "archivo": "gm_manifestacion_2819689.pdf", "fecha": "08-06-2026", "edicion": "44469" }, "geometry": { "type": "Polygon", "coordinates": [ [ [ -70.982067433809235, -29.352886728958286 ], [ -70.971771465767986, -29.353039331956477 ], [ -70.972084318386763, -29.369275512399497 ], [ -70.982381917444471, -29.369122808663782 ], [ -70.982067433809235, -29.352886728958286 ] ] ] } },
{ "type": "Feature", "properties": { "cve": "2818986", "nombre": "BELEN 1 /10", "solicitante": "Rojas Cabrera Luis Antonio", "region": "REGIÓN DE COQUIMBO", "provincia": "Provincia de Choapa", "comuna": null, "superficie_ha": 50.0, "datum_original": "WGS84", "huso": 19, "epsg_origen": 32719, "tipo_publicacion": "manifestacion", "fuente_pdf": "http://www.diariooficial.interior.gob.cl/publicaciones/2026/06/08/44469/07/2818986.pdf", "archivo": "gm_manifestacion_2818986.pdf", "fecha": "08-06-2026", "edicion": "44469" }, "geometry": { "type": "Polygon", "coordinates": [ [ [ -70.929898751966377, -31.341523630377058 ], [ -70.924645444147615, -31.341602546799297 ], [ -70.924829129384761, -31.350620177667903 ], [ -70.930082937813523, -31.350541233432317 ], [ -70.929898751966377, -31.341523630377058 ] ] ] } },
{ "type": "Feature", "properties": { "cve": "2818800", "nombre": "EL MARAY DOS DEL 1 AL 5", "solicitante": "Álvarez Castro Matías Rodrigo", "region": "REGIÓN DE COQUIMBO", "provincia": "Provincia de Limarí", "comuna": "Combarbalá", "superficie_ha": 25.0, "datum_original": "WGS84", "huso": 19, "epsg_origen": 32719, "tipo_publicacion": "manifestacion", "fuente_pdf": "http://www.diariooficial.interior.gob.cl/publicaciones/2026/06/08/44469/07/2818800.pdf", "archivo": "gm_manifestacion_2818800.pdf", "fecha": "08-06-2026", "edicion": "44469" }, "geometry": { "type": "Polygon", "coordinates": [ [ [ -70.957788812604861, -31.313976928296359 ], [ -70.952537121303777, -31.314056923470222 ], [ -70.952630183266194, -31.318565685408831 ], [ -70.95788212448447, -31.318485676131939 ], [ -70.957788812604861, -31.313976928296359 ] ] ] } },
{ "type": "Feature", "properties": { "cve": "2818926", "nombre": "MAN LA LORENA 1 1-10", "solicitante": "FMR Chile Exploration SpA", "region": "REGIÓN DE COQUIMBO", "provincia": "Provincia de Limarí", "comuna": null, "superficie_ha": 10.0, "datum_original": "PSAD56", "huso": 19, "epsg_origen": 24879, "tipo_publicacion": "manifestacion", "fuente_pdf": "http://www.diariooficial.interior.gob.cl/publicaciones/2026/06/08/44469/07/2818926.pdf", "archivo": "gm_manifestacion_2818926.pdf", "fecha": "08-06-2026", "edicion": "44469" }, "geometry": { "type": "Polygon", "coordinates": [ [ [ -70.857363982271636, -31.205874583441588 ], [ -70.855265586437866, -31.205904867085945 ], [ -70.855353628805943, -31.210413942701734 ], [ -70.857452124080453, -31.210383653707247 ], [ -70.857363982271636, -31.205874583441588 ] ] ] } },
{ "type": "Feature", "properties": { "cve": "2818935", "nombre": "MAN LA LORENA 10 1-15", "solicitante": "FMR Chile Exploration SpA", "region": "REGIÓN DE COQUIMBO", "provincia": "Provincia de Limarí", "comuna": null, "superficie_ha": 15.0, "datum_original": "PSAD56", "huso": 19, "epsg_origen": 24879, "tipo_publicacion": "manifestacion", "fuente_pdf": "http://www.diariooficial.interior.gob.cl/publicaciones/2026/06/08/44469/07/2818935.pdf", "archivo": "gm_manifestacion_2818935.pdf", "fecha": "08-06-2026", "edicion": "44469" }, "geometry": { "type": "Polygon", "coordinates": [ [ [ -70.89530883486421, -31.224580015038256 ], [ -70.890061920624348, -31.224657248410381 ], [ -70.890115773739652, -31.227362632324745 ], [ -70.895362837260805, -31.227285390768991 ], [ -70.89530883486421, -31.224580015038256 ] ] ] } },
{ "type": "Feature", "properties": { "cve": "2818936", "nombre": "MAN LA LORENA 11 1-4", "solicitante": "FMR Chile Exploration SpA", "region": "REGIÓN DE COQUIMBO", "provincia": "Provincia de Limarí", "comuna": null, "superficie_ha": 4.0, "datum_original": "PSAD56", "huso": 19, "epsg_origen": 24879, "tipo_publicacion": "manifestacion", "fuente_pdf": "http://www.diariooficial.interior.gob.cl/publicaciones/2026/06/08/44469/07/2818936.pdf", "archivo": "gm_manifestacion_2818936.pdf", "fecha": "08-06-2026", "edicion": "44469" }, "geometry": { "type": "Polygon", "coordinates": [ [ [ -70.893246032573828, -31.226414520191636 ], [ -70.889048416719845, -31.226476259924052 ], [ -70.88906635861261, -31.227378054970028 ], [ -70.893264014276937, -31.227316313057077 ], [ -70.893246032573828, -31.226414520191636 ] ] ] } },
{ "type": "Feature", "properties": { "cve": "2818937", "nombre": "MAN LA LORENA 12 1-2", "solicitante": "FMR Chile Exploration SpA", "region": "REGIÓN DE COQUIMBO", "provincia": "Provincia de Limarí", "comuna": null, "superficie_ha": 2.0, "datum_original": "PSAD56", "huso": 19, "epsg_origen": 24879, "tipo_publicacion": "manifestacion", "fuente_pdf": "http://www.diariooficial.interior.gob.cl/publicaciones/2026/06/08/44469/07/2818937.pdf", "archivo": "gm_manifestacion_2818937.pdf", "fecha": "08-06-2026", "edicion": "44469" }, "geometry": { "type": "Polygon", "coordinates": [ [ [ -70.89369605766251, -31.235293154732101 ], [ -70.89264655706863, -31.23530861009721 ], [ -70.892682522474132, -31.237112193802318 ], [ -70.893732042982307, -31.237096737345674 ], [ -70.89369605766251, -31.235293154732101 ] ] ] } },
{ "type": "Feature", "properties": { "cve": "2818938", "nombre": "MAN LA LORENA 13 1-9", "solicitante": "FMR Chile Exploration SpA", "region": "REGIÓN DE COQUIMBO", "provincia": "Provincia de Limarí", "comuna": null, "superficie_ha": 9.0, "datum_original": "PSAD56", "huso": 19, "epsg_origen": 24879, "tipo_publicacion": "manifestacion", "fuente_pdf": "http://www.diariooficial.interior.gob.cl/publicaciones/2026/06/08/44469/07/2818938.pdf", "archivo": "gm_manifestacion_2818938.pdf", "fecha": "08-06-2026", "edicion": "44469" }, "geometry": { "type": "Polygon", "coordinates": [ [ [ -70.893741039817769, -31.237547632913504 ], [ -70.890592460931984, -31.237593977425981 ], [ -70.890646356564474, -31.240299355023701 ], [ -70.893795025076983, -31.240253005601758 ], [ -70.893741039817769, -31.237547632913504 ] ] ] } },
{ "type": "Feature", "properties": { "cve": "2818939", "nombre": "MAN LA LORENA 14 1-10", "solicitante": "FMR Chile Exploration SpA", "region": "REGIÓN DE COQUIMBO", "provincia": "Provincia de Limarí", "comuna": null, "superficie_ha": 10.0, "datum_original": "PSAD56", "huso": 19, "epsg_origen": 24879, "tipo_publicacion": "manifestacion", "fuente_pdf": "http://www.diariooficial.interior.gob.cl/publicaciones/2026/06/08/44469/07/2818939.pdf", "archivo": "gm_manifestacion_2818939.pdf", "fecha": "08-06-2026", "edicion": "44469" }, "geometry": { "type": "Polygon", "coordinates": [ [ [ -70.898997677043894, -31.23792111505308 ], [ -70.893750036855437, -31.237998528447118 ], [ -70.893786027028227, -31.239802110239282 ], [ -70.89903376680067, -31.239724691378207 ], [ -70.898997677043894, -31.23792111505308 ] ] ] } },
{ "type": "Feature", "properties": { "cve": "2818940", "nombre": "MAN LA LORENA 15 1-35", "solicitante": "FMR Chile Exploration SpA", "region": "REGIÓN DE COQUIMBO", "provincia": "Provincia de Limarí", "comuna": null, "superficie_ha": 35.0, "datum_original": "PSAD56", "huso": 19, "epsg_origen": 24879, "tipo_publicacion": "manifestacion", "fuente_pdf": "http://www.diariooficial.interior.gob.cl/publicaciones/2026/06/08/44469/07/2818940.pdf", "archivo": "gm_manifestacion_2818940.pdf", "fecha": "08-06-2026", "edicion": "44469" }, "geometry": { "type": "Polygon", "coordinates": [ [ [ -70.890019437434617, -31.245720912592681 ], [ -70.882672093695476, -31.245828742552806 ], [ -70.882761576552326, -31.250337719314583 ], [ -70.89010926900275, -31.250229870318787 ], [ -70.890019437434617, -31.245720912592681 ] ] ] } },
{ "type": "Feature", "properties": { "cve": "2818944", "nombre": "MAN LA LORENA 16 1-24", "solicitante": "FMR Chile Exploration SpA", "region": "REGIÓN DE COQUIMBO", "provincia": "Provincia de Limarí", "comuna": null, "superficie_ha": 24.0, "datum_original": "PSAD56", "huso": 19, "epsg_origen": 24879, "tipo_publicacion": "manifestacion", "fuente_pdf": "http://www.diariooficial.interior.gob.cl/publicaciones/2026/06/08/44469/07/2818944.pdf", "archivo": "gm_manifestacion_2818944.pdf", "fecha": "08-06-2026", "edicion": "44469" }, "geometry": { "type": "Polygon", "coordinates": [ [ [ -70.882683546378885, -31.246405891769218 ], [ -70.874286482847339, -31.246528615083488 ], [ -70.874339932574529, -31.249234014286877 ], [ -70.88273723522417, -31.249111277974041 ], [ -70.882683546378885, -31.246405891769218 ] ] ] } },
{ "type": "Feature", "properties": { "cve": "2818941", "nombre": "MAN LA LORENA 17 1-30", "solicitante": "FMR Chile Exploration SpA", "region": "REGIÓN DE COQUIMBO", "provincia": "Provincia de Limarí", "comuna": null, "superficie_ha": 30.0, "datum_original": "PSAD56", "huso": 19, "epsg_origen": 24879, "tipo_publicacion": "manifestacion", "fuente_pdf": "http://www.diariooficial.interior.gob.cl/publicaciones/2026/06/08/44469/07/2818941.pdf", "archivo": "gm_manifestacion_2818941.pdf", "fecha": "08-06-2026", "edicion": "44469" }, "geometry": { "type": "Polygon", "coordinates": [ [ [ -70.874439902906659, -31.254293107494643 ], [ -70.869191283179021, -31.254369554534112 ], [ -70.869297932181126, -31.259780360837716 ], [ -70.87454685094832, -31.259703897605931 ], [ -70.874439902906659, -31.254293107494643 ] ] ] } },
{ "type": "Feature", "properties": { "cve": "2818942", "nombre": "MAN LA LORENA 18 1-24", "solicitante": "FMR Chile Exploration SpA", "region": "REGIÓN DE COQUIMBO", "provincia": "Provincia de Limarí", "comuna": null, "superficie_ha": 24.0, "datum_original": "PSAD56", "huso": 19, "epsg_origen": 24879, "tipo_publicacion": "manifestacion", "fuente_pdf": "http://www.diariooficial.interior.gob.cl/publicaciones/2026/06/08/44469/07/2818942.pdf", "archivo": "gm_manifestacion_2818942.pdf", "fecha": "08-06-2026", "edicion": "44469" }, "geometry": { "type": "Polygon", "coordinates": [ [ [ -70.842820863177693, -31.248210416722031 ], [ -70.839671839070832, -31.248255528242975 ], [ -70.839811765482935, -31.255470063255117 ], [ -70.842961028776031, -31.255424938992103 ], [ -70.842820863177693, -31.248210416722031 ] ] ] } },
{ "type": "Feature", "properties": { "cve": "2818943", "nombre": "MAN LA LORENA 19 1-28", "solicitante": "FMR Chile Exploration SpA", "region": "REGIÓN DE COQUIMBO", "provincia": "Provincia de Limarí", "comuna": null, "superficie_ha": 28.0, "datum_original": "PSAD56", "huso": 19, "epsg_origen": 24879, "tipo_publicacion": "manifestacion", "fuente_pdf": "http://www.diariooficial.interior.gob.cl/publicaciones/2026/06/08/44469/07/2818943.pdf", "archivo": "gm_manifestacion_2818943.pdf", "fecha": "08-06-2026", "edicion": "44469" }, "geometry": { "type": "Polygon", "coordinates": [ [ [ -70.818099440485568, -31.218342988733411 ], [ -70.813902002529602, -31.218402262303496 ], [ -70.814022579338356, -31.224715101350579 ], [ -70.818220295939341, -31.224655813122865 ], [ -70.818099440485568, -31.218342988733411 ] ] ] } },
{ "type": "Feature", "properties": { "cve": "2818927", "nombre": "MAN LA LORENA 2 1-20", "solicitante": "FMR Chile Exploration SpA", "region": "REGIÓN DE COQUIMBO", "provincia": "Provincia de Limarí", "comuna": null, "superficie_ha": 20.0, "datum_original": "PSAD56", "huso": 19, "epsg_origen": 24879, "tipo_publicacion": "manifestacion", "fuente_pdf": "http://www.diariooficial.interior.gob.cl/publicaciones/2026/06/08/44469/07/2818927.pdf", "archivo": "gm_manifestacion_2818927.pdf", "fecha": "08-06-2026", "edicion": "44469" }, "geometry": { "type": "Polygon", "coordinates": [ [ [ -70.857873940179545, -31.212632731427565 ], [ -70.855775395746775, -31.212663029254017 ], [ -70.855951595480903, -31.221681164913253 ], [ -70.858050338884226, -31.221650856382354 ], [ -70.857873940179545, -31.212632731427565 ] ] ] } },
{ "type": "Feature", "properties": { "cve": "2818928", "nombre": "MAN LA LORENA 3 1-5", "solicitante": "FMR Chile Exploration SpA", "region": "REGIÓN DE COQUIMBO", "provincia": "Provincia de Limarí", "comuna": null, "superficie_ha": 5.0, "datum_original": "PSAD56", "huso": 19, "epsg_origen": 24879, "tipo_publicacion": "manifestacion", "fuente_pdf": "http://www.diariooficial.interior.gob.cl/publicaciones/2026/06/08/44469/07/2818928.pdf", "archivo": "gm_manifestacion_2818928.pdf", "fecha": "08-06-2026", "edicion": "44469" }, "geometry": { "type": "Polygon", "coordinates": [ [ [ -70.86745386019372, -31.219439888158924 ], [ -70.866404518928093, -31.219455122448377 ], [ -70.866493136928725, -31.223964159905144 ], [ -70.867542527947165, -31.22394892292499 ], [ -70.86745386019372, -31.219439888158924 ] ] ] } },
{ "type": "Feature", "properties": { "cve": "2818929", "nombre": "MAN LA LORENA 4 1-4", "solicitante": "FMR Chile Exploration SpA", "region": "REGIÓN DE COQUIMBO", "provincia": "Provincia de Limarí", "comuna": null, "superficie_ha": 4.0, "datum_original": "PSAD56", "huso": 19, "epsg_origen": 24879, "tipo_publicacion": "manifestacion", "fuente_pdf": "http://www.diariooficial.interior.gob.cl/publicaciones/2026/06/08/44469/07/2818929.pdf", "archivo": "gm_manifestacion_2818929.pdf", "fecha": "08-06-2026", "edicion": "44469" }, "geometry": { "type": "Polygon", "coordinates": [ [ [ -70.867533660274916, -31.223498019602072 ], [ -70.866484274232278, -31.223513256313158 ], [ -70.866555181382054, -31.227120484092957 ], [ -70.867604607234071, -31.227105245229136 ], [ -70.867533660274916, -31.223498019602072 ] ] ] } },
{ "type": "Feature", "properties": { "cve": "2818930", "nombre": "MAN LA LORENA 5 1-8", "solicitante": "FMR Chile Exploration SpA", "region": "REGIÓN DE COQUIMBO", "provincia": "Provincia de Limarí", "comuna": null, "superficie_ha": 8.0, "datum_original": "PSAD56", "huso": 19, "epsg_origen": 24879, "tipo_publicacion": "manifestacion", "fuente_pdf": "http://www.diariooficial.interior.gob.cl/publicaciones/2026/06/08/44469/07/2818930.pdf", "archivo": "gm_manifestacion_2818930.pdf", "fecha": "08-06-2026", "edicion": "44469" }, "geometry": { "type": "Polygon", "coordinates": [ [ [ -70.880196865931865, -31.218929460005132 ], [ -70.878098209192643, -31.21896012747732 ], [ -70.878169544622807, -31.222567333843497 ], [ -70.880268280960465, -31.222536662038099 ], [ -70.880196865931865, -31.218929460005132 ] ] ] } },
{ "type": "Feature", "properties": { "cve": "2818931", "nombre": "MAN LA LORENA 6 1-5", "solicitante": "FMR Chile Exploration SpA", "region": "REGIÓN DE COQUIMBO", "provincia": "Provincia de Limarí", "comuna": null, "superficie_ha": 5.0, "datum_original": "PSAD56", "huso": 19, "epsg_origen": 24879, "tipo_publicacion": "manifestacion", "fuente_pdf": "http://www.diariooficial.interior.gob.cl/publicaciones/2026/06/08/44469/07/2818931.pdf", "archivo": "gm_manifestacion_2818931.pdf", "fecha": "08-06-2026", "edicion": "44469" }, "geometry": { "type": "Polygon", "coordinates": [ [ [ -70.885700889758894, -31.216485468633561 ], [ -70.880454393450265, -31.216562292276269 ], [ -70.880472246785786, -31.217464093190625 ], [ -70.885718792833615, -31.217387266834145 ], [ -70.885700889758894, -31.216485468633561 ] ] ] } },
{ "type": "Feature", "properties": { "cve": "2818932", "nombre": "MAN LA LORENA 7 1-4", "solicitante": "FMR Chile Exploration SpA", "region": "REGIÓN DE COQUIMBO", "provincia": "Provincia de Limarí", "comuna": null, "superficie_ha": 4.0, "datum_original": "PSAD56", "huso": 19, "epsg_origen": 24879, "tipo_publicacion": "manifestacion", "fuente_pdf": "http://www.diariooficial.interior.gob.cl/publicaciones/2026/06/08/44469/07/2818932.pdf", "archivo": "gm_manifestacion_2818932.pdf", "fecha": "08-06-2026", "edicion": "44469" }, "geometry": { "type": "Polygon", "coordinates": [ [ [ -70.889898072321458, -31.216423855787742 ], [ -70.885700889758894, -31.216485468633561 ], [ -70.885718792833615, -31.217387266834145 ], [ -70.889916015186984, -31.217325651811876 ], [ -70.889898072321458, -31.216423855787742 ] ] ] } },
{ "type": "Feature", "properties": { "cve": "2818933", "nombre": "MAN LA LORENA 8 1-5", "solicitante": "FMR Chile Exploration SpA", "region": "REGIÓN DE COQUIMBO", "provincia": "Provincia de Limarí", "comuna": null, "superficie_ha": 5.0, "datum_original": "PSAD56", "huso": 19, "epsg_origen": 24879, "tipo_publicacion": "manifestacion", "fuente_pdf": "http://www.diariooficial.interior.gob.cl/publicaciones/2026/06/08/44469/07/2818933.pdf", "archivo": "gm_manifestacion_2818933.pdf", "fecha": "08-06-2026", "edicion": "44469" }, "geometry": { "type": "Polygon", "coordinates": [ [ [ -70.889951903338059, -31.219129243449721 ], [ -70.88890257906192, -31.219144661122442 ], [ -70.888992263808291, -31.223653640545816 ], [ -70.89004163783386, -31.223638220150004 ], [ -70.889951903338059, -31.219129243449721 ] ] ] } },
{ "type": "Feature", "properties": { "cve": "2818934", "nombre": "MAN LA LORENA 9 1-5", "solicitante": "FMR Chile Exploration SpA", "region": "REGIÓN DE COQUIMBO", "provincia": "Provincia de Limarí", "comuna": null, "superficie_ha": 5.0, "datum_original": "PSAD56", "huso": 19, "epsg_origen": 24879, "tipo_publicacion": "manifestacion", "fuente_pdf": "http://www.diariooficial.interior.gob.cl/publicaciones/2026/06/08/44469/07/2818934.pdf", "archivo": "gm_manifestacion_2818934.pdf", "fecha": "08-06-2026", "edicion": "44469" }, "geometry": { "type": "Polygon", "coordinates": [ [ [ -70.89004163783386, -31.223638220150004 ], [ -70.888992263808291, -31.223653640545816 ], [ -70.889081968715416, -31.228162616548708 ], [ -70.890131392501587, -31.228147193429553 ], [ -70.89004163783386, -31.223638220150004 ] ] ] } },
{ "type": "Feature", "properties": { "cve": "2819019", "nombre": "BRIGITTE DEL 1-5", "solicitante": "Contreras Bugueño Juan Ricardo", "region": "REGIÓN DE VALPARAÍSO", "provincia": "Provincia de Petorca", "comuna": "Papudo", "superficie_ha": 30.0, "datum_original": "PSAD56", "huso": 19, "epsg_origen": 24879, "tipo_publicacion": "manifestacion", "fuente_pdf": "http://www.diariooficial.interior.gob.cl/publicaciones/2026/06/08/44469/07/2819019.pdf", "archivo": "gm_manifestacion_2819019.pdf", "fecha": "08-06-2026", "edicion": "44469" }, "geometry": { "type": "Polygon", "coordinates": [ [ [ -71.403341849078089, -32.517220302116748 ], [ -71.392704034243934, -32.517423181412703 ], [ -71.392775715274141, -32.520127120739886 ], [ -71.403413848051443, -32.519924220436714 ], [ -71.403341849078089, -32.517220302116748 ] ] ] } },
{ "type": "Feature", "properties": { "cve": "2819029", "nombre": "Callaíto Amigo del 1-11", "solicitante": "Carvajal Carvajal Oseas Nahum y otro", "region": "REGIÓN DE VALPARAÍSO", "provincia": "Provincia de Petorca", "comuna": "Cabildo", "superficie_ha": 99.0, "datum_original": "PSAD56", "huso": 19, "epsg_origen": 24879, "tipo_publicacion": "manifestacion", "fuente_pdf": "http://www.diariooficial.interior.gob.cl/publicaciones/2026/06/08/44469/07/2819029.pdf", "archivo": "gm_manifestacion_2819029.pdf", "fecha": "08-06-2026", "edicion": "44469" }, "geometry": { "type": "Polygon", "coordinates": [ [ [ -70.881912692562892, -32.477267515707844 ], [ -70.872339634552006, -32.477410305096541 ], [ -70.872545048019489, -32.487328171645117 ], [ -70.882119154778394, -32.48718532798528 ], [ -70.881912692562892, -32.477267515707844 ] ] ] } },
{ "type": "Feature", "properties": { "cve": "2819333", "nombre": "Esperanza 1 del 1-115", "solicitante": "Castro Zamora Ricardo Mauricio y otros", "region": "REGIÓN DE VALPARAÍSO", "provincia": "Provincia de Petorca", "comuna": "La Ligua", "superficie_ha": 575.0, "datum_original": "PSAD56", "huso": 19, "epsg_origen": 24879, "tipo_publicacion": "manifestacion", "fuente_pdf": "http://www.diariooficial.interior.gob.cl/publicaciones/2026/06/08/44469/07/2819333.pdf", "archivo": "gm_manifestacion_2819333.pdf", "fecha": "08-06-2026", "edicion": "44469" }, "geometry": { "type": "Polygon", "coordinates": [ [ [ -71.159772519520132, -32.510908064764848 ], [ -71.135302966500078, -32.511325899492178 ], [ -71.135836215967984, -32.533862725992464 ], [ -71.160311868252933, -32.533444530547023 ], [ -71.159772519520132, -32.510908064764848 ] ] ] } },
{ "type": "Feature", "properties": { "cve": "2819334", "nombre": "ESPERANZA 2 DEL 1-33", "solicitante": "Castro Zamora Ricardo Mauricio y otros", "region": "REGIÓN DE VALPARAÍSO", "provincia": "Provincia de Petorca", "comuna": "La Ligua", "superficie_ha": 264.0, "datum_original": "PSAD56", "huso": 19, "epsg_origen": 24879, "tipo_publicacion": "manifestacion", "fuente_pdf": "http://www.diariooficial.interior.gob.cl/publicaciones/2026/06/08/44469/07/2819334.pdf", "archivo": "gm_manifestacion_2819334.pdf", "fecha": "08-06-2026", "edicion": "44469" }, "geometry": { "type": "Polygon", "coordinates": [ [ [ -71.160171579667633, -32.527585058047052 ], [ -71.1367616141833, -32.527985080274107 ], [ -71.137017838443114, -32.538802728939878 ], [ -71.160430605779069, -32.538402541016367 ], [ -71.160171579667633, -32.527585058047052 ] ] ] } },
{ "type": "Feature", "properties": { "cve": "2818956", "nombre": "MINA MACIEL DEL 1-6", "solicitante": "Figueroa Quiroz Juan Luis", "region": "REGIÓN DE VALPARAÍSO", "provincia": "Provincia de Petorca", "comuna": "Cabildo", "superficie_ha": 54.0, "datum_original": "PSAD56", "huso": 19, "epsg_origen": 24879, "tipo_publicacion": "manifestacion", "fuente_pdf": "http://www.diariooficial.interior.gob.cl/publicaciones/2026/06/08/44469/07/2818956.pdf", "archivo": "gm_manifestacion_2818956.pdf", "fecha": "08-06-2026", "edicion": "44469" }, "geometry": { "type": "Polygon", "coordinates": [ [ [ -70.952689224699725, -32.335087925584524 ], [ -70.943131556120051, -32.3352355225568 ], [ -70.943247186520665, -32.340645169705034 ], [ -70.952805422971906, -32.340497542063403 ], [ -70.952689224699725, -32.335087925584524 ] ] ] } },
{ "type": "Feature", "properties": { "cve": "2819058", "nombre": "PORFIRIO 1 AL 40", "solicitante": "Noguera Noguera José Manuel", "region": "REGIÓN METROPOLITANA DE SANTIAGO", "provincia": "Provincia de Chacabuco", "comuna": null, "superficie_ha": 40.0, "datum_original": "PSAD56", "huso": 19, "epsg_origen": 24879, "tipo_publicacion": "manifestacion", "fuente_pdf": "http://www.diariooficial.interior.gob.cl/publicaciones/2026/06/08/44469/07/2819058.pdf", "archivo": "gm_manifestacion_2819058.pdf", "fecha": "08-06-2026", "edicion": "44469" }, "geometry": { "type": "Polygon", "coordinates": [ [ [ -70.964293068773699, -33.090479310937042 ], [ -70.953583632853707, -33.090647636130036 ], [ -70.953663407777128, -33.094253607657706 ], [ -70.964373280335096, -33.094085259433108 ], [ -70.964293068773699, -33.090479310937042 ] ] ] } },
{ "type": "Feature", "properties": { "cve": "2819373", "nombre": "SOR LOURDES 1 AL 15", "solicitante": "Amenábar Vives Jorge José María y otro", "region": "REGIÓN METROPOLITANA DE SANTIAGO", "provincia": "Provincia de Melipilla", "comuna": null, "superficie_ha": 15.0, "datum_original": "PSAD56", "huso": 19, "epsg_origen": 24879, "tipo_publicacion": "manifestacion", "fuente_pdf": "http://www.diariooficial.interior.gob.cl/publicaciones/2026/06/08/44469/07/2819373.pdf", "archivo": "gm_manifestacion_2819373.pdf", "fecha": "08-06-2026", "edicion": "44469" }, "geometry": { "type": "Polygon", "coordinates": [ [ [ -71.113518721906942, -33.433317351452857 ], [ -71.110293626119272, -33.433372286333487 ], [ -71.110402755042486, -33.437879061078711 ], [ -71.113628017306027, -33.437824116852866 ], [ -71.113518721906942, -33.433317351452857 ] ] ] } },
{ "type": "Feature", "properties": { "cve": "2819475", "nombre": "SANTA FE, 1 AL 8", "solicitante": "Pinochet Gazzari Ricardo Andrés", "region": "REGIÓN DEL MAULE", "provincia": "Provincia de Talca", "comuna": null, "superficie_ha": 64.0, "datum_original": "WGS84", "huso": 19, "epsg_origen": 32719, "tipo_publicacion": "manifestacion", "fuente_pdf": "http://www.diariooficial.interior.gob.cl/publicaciones/2026/06/08/44469/07/2819475.pdf", "archivo": "gm_manifestacion_2819475.pdf", "fecha": "08-06-2026", "edicion": "44469" }, "geometry": { "type": "Polygon", "coordinates": [ [ [ -71.800052951738294, -35.496403969751732 ], [ -71.791242904866351, -35.496608258091854 ], [ -71.79149236277685, -35.503813029905146 ], [ -71.800303194511756, -35.503608687546404 ], [ -71.800052951738294, -35.496403969751732 ] ] ] } },
{ "type": "Feature", "properties": { "cve": "2819866", "nombre": "CAMAN 28 D, 1 AL 200", "solicitante": "AR Caman SpA", "region": "REGIÓN DE LOS RÍOS", "provincia": "Provincia de Valdivia", "comuna": null, "superficie_ha": 200.0, "datum_original": "PSAD56", "huso": 18, "epsg_origen": 24878, "tipo_publicacion": "manifestacion", "fuente_pdf": "http://www.diariooficial.interior.gob.cl/publicaciones/2026/06/08/44469/07/2819866.pdf", "archivo": "gm_manifestacion_2819866.pdf", "fecha": "08-06-2026", "edicion": "44469" }, "geometry": { "type": "Polygon", "coordinates": [ [ [ -73.011410596262664, -39.974879869027028 ], [ -72.988003398061977, -39.974475822440041 ], [ -72.987739219075493, -39.983480048240139 ], [ -73.01114948571815, -39.983884222979285 ], [ -73.011410596262664, -39.974879869027028 ] ] ] } },
{ "type": "Feature", "properties": { "cve": "2819867", "nombre": "CAMAN 29 D, 1 AL 300", "solicitante": "AR Caman SpA", "region": "REGIÓN DE LOS RÍOS", "provincia": "Provincia de Valdivia", "comuna": null, "superficie_ha": 300.0, "datum_original": "PSAD56", "huso": 18, "epsg_origen": 24878, "tipo_publicacion": "manifestacion", "fuente_pdf": "http://www.diariooficial.interior.gob.cl/publicaciones/2026/06/08/44469/07/2819867.pdf", "archivo": "gm_manifestacion_2819867.pdf", "fecha": "08-06-2026", "edicion": "44469" }, "geometry": { "type": "Polygon", "coordinates": [ [ [ -73.011410596262664, -39.974879869027028 ], [ -72.97629997686478, -39.974272028120865 ], [ -72.976034263746641, -39.983276189283735 ], [ -73.01114948571815, -39.983884222979285 ], [ -73.011410596262664, -39.974879869027028 ] ] ] } },
{ "type": "Feature", "properties": { "cve": "2819868", "nombre": "CAMAN 41 D, 1 AL 300", "solicitante": "AR Caman SpA", "region": "REGIÓN DE LOS RÍOS", "provincia": "Provincia de Valdivia", "comuna": null, "superficie_ha": 300.0, "datum_original": "PSAD56", "huso": 18, "epsg_origen": 24878, "tipo_publicacion": "manifestacion", "fuente_pdf": "http://www.diariooficial.interior.gob.cl/publicaciones/2026/06/08/44469/07/2819868.pdf", "archivo": "gm_manifestacion_2819868.pdf", "fecha": "08-06-2026", "edicion": "44469" }, "geometry": { "type": "Polygon", "coordinates": [ [ [ -72.925391494384314, -39.973371785113152 ], [ -72.91368872064082, -39.973161674804651 ], [ -72.912866591690829, -40.00017305472781 ], [ -72.924573968921777, -40.000383365003067 ], [ -72.925391494384314, -39.973371785113152 ] ] ] } },
{ "type": "Feature", "properties": { "cve": "2819864", "nombre": "CAMAN 7 D, 1 AL 300", "solicitante": "AR Caman SpA", "region": "REGIÓN DE LOS RÍOS", "provincia": "Provincia de Valdivia", "comuna": null, "superficie_ha": 300.0, "datum_original": "PSAD56", "huso": 18, "epsg_origen": 24878, "tipo_publicacion": "manifestacion", "fuente_pdf": "http://www.diariooficial.interior.gob.cl/publicaciones/2026/06/08/44469/07/2819864.pdf", "archivo": "gm_manifestacion_2819864.pdf", "fecha": "08-06-2026", "edicion": "44469" }, "geometry": { "type": "Polygon", "coordinates": [ [ [ -73.030721888702217, -39.975209651963695 ], [ -72.99561068560682, -39.974607655614314 ], [ -72.99534750383792, -39.983611923228004 ], [ -73.030463309800041, -39.984214110514891 ], [ -73.030721888702217, -39.975209651963695 ] ] ] } },
{ "type": "Feature", "properties": { "cve": "2819824", "nombre": "CERRO NORTE F01, 1 AL 300", "solicitante": "Compañía Minera Cerro Colorado Limitada", "region": "REGIÓN DE TARAPACÁ", "provincia": "Provincia del Tamarugal", "comuna": null, "superficie_ha": 300.0, "datum_original": "PSAD56", "huso": 19, "epsg_origen": 24879, "tipo_publicacion": "mensura", "fuente_pdf": "http://www.diariooficial.interior.gob.cl/publicaciones/2026/06/08/44469/07/2819824.pdf", "archivo": "gm_mensura_2819824.pdf", "fecha": "08-06-2026", "edicion": "44469" }, "geometry": { "type": "Polygon", "coordinates": [ [ [ -69.240725953145059, -19.980808538651306 ], [ -69.231167474902918, -19.980821252448315 ], [ -69.231207034291913, -20.007931014316007 ], [ -69.240767148226269, -20.007918281833202 ], [ -69.240725953145059, -19.980808538651306 ] ] ] } },
{ "type": "Feature", "properties": { "cve": "2819825", "nombre": "CERRO NORTE F02, 1 AL 300", "solicitante": "Compañía Minera Cerro Colorado Limitada", "region": "REGIÓN DE TARAPACÁ", "provincia": "Provincia del Tamarugal", "comuna": null, "superficie_ha": 300.0, "datum_original": "PSAD56", "huso": 19, "epsg_origen": 24879, "tipo_publicacion": "mensura", "fuente_pdf": "http://www.diariooficial.interior.gob.cl/publicaciones/2026/06/08/44469/07/2819825.pdf", "archivo": "gm_mensura_2819825.pdf", "fecha": "08-06-2026", "edicion": "44469" }, "geometry": { "type": "Polygon", "coordinates": [ [ [ -69.25028442387071, -19.980795309815598 ], [ -69.240725953145059, -19.980808538651306 ], [ -69.240767148226269, -20.007918281833202 ], [ -69.250327254638222, -20.007905033554728 ], [ -69.25028442387071, -19.980795309815598 ] ] ] } },
{ "type": "Feature", "properties": { "cve": "2819826", "nombre": "CERRO NORTE F03, 1 AL 300", "solicitante": "Compañía Minera Cerro Colorado Limitada", "region": "REGIÓN DE TARAPACÁ", "provincia": "Provincia del Tamarugal", "comuna": null, "superficie_ha": 300.0, "datum_original": "PSAD56", "huso": 19, "epsg_origen": 24879, "tipo_publicacion": "mensura", "fuente_pdf": "http://www.diariooficial.interior.gob.cl/publicaciones/2026/06/08/44469/07/2819826.pdf", "archivo": "gm_mensura_2819826.pdf", "fecha": "08-06-2026", "edicion": "44469" }, "geometry": { "type": "Polygon", "coordinates": [ [ [ -69.259842886781414, -19.980781565942937 ], [ -69.25028442387071, -19.980795309815598 ], [ -69.250327254638222, -20.007905033554728 ], [ -69.259887353229132, -20.007891269482361 ], [ -69.259842886781414, -19.980781565942937 ] ] ] } },
{ "type": "Feature", "properties": { "cve": "2819827", "nombre": "CERRO NORTE F04, 1 AL 300", "solicitante": "Compañía Minera Cerro Colorado Limitada", "region": "REGIÓN DE TARAPACÁ", "provincia": "Provincia del Tamarugal", "comuna": null, "superficie_ha": 300.0, "datum_original": "PSAD56", "huso": 19, "epsg_origen": 24879, "tipo_publicacion": "mensura", "fuente_pdf": "http://www.diariooficial.interior.gob.cl/publicaciones/2026/06/08/44469/07/2819827.pdf", "archivo": "gm_mensura_2819827.pdf", "fecha": "08-06-2026", "edicion": "44469" }, "geometry": { "type": "Polygon", "coordinates": [ [ [ -69.269401341578714, -19.980767307035162 ], [ -69.259842886781414, -19.980781565942937 ], [ -69.259887353229132, -20.007891269482361 ], [ -69.269447443700301, -20.00787698961792 ], [ -69.269401341578714, -19.980767307035162 ] ] ] } },
{ "type": "Feature", "properties": { "cve": "2819861", "nombre": "INDIANO 34 1", "solicitante": "SCM Bullmine", "region": "REGIÓN DE TARAPACÁ", "provincia": "Provincia del Tamarugal", "comuna": null, "superficie_ha": 2.0, "datum_original": "WGS84", "huso": 19, "epsg_origen": 32719, "tipo_publicacion": "mensura", "fuente_pdf": "http://www.diariooficial.interior.gob.cl/publicaciones/2026/06/08/44469/07/2819861.pdf", "archivo": "gm_mensura_2819861.pdf", "fecha": "08-06-2026", "edicion": "44469" }, "geometry": { "type": "Polygon", "coordinates": [ [ [ -70.203740101640449, -19.522626704010623 ], [ -70.202787178038264, -19.522633045898246 ], [ -70.202800550849048, -19.524440079339239 ], [ -70.203753485039798, -19.524433736818256 ], [ -70.203740101640449, -19.522626704010623 ] ] ] } },
{ "type": "Feature", "properties": { "cve": "2819542", "nombre": "BODA 57, 1 AL 30", "solicitante": "Glencore Exploraciones Limitada", "region": "REGIÓN DE ANTOFAGASTA", "provincia": "Provincia de Antofagasta", "comuna": null, "superficie_ha": 150.0, "datum_original": "WGS84", "huso": 19, "epsg_origen": 32719, "tipo_publicacion": "mensura", "fuente_pdf": "http://www.diariooficial.interior.gob.cl/publicaciones/2026/06/08/44469/07/2819542.pdf", "archivo": "gm_mensura_2819542.pdf", "fecha": "08-06-2026", "edicion": "44469" }, "geometry": { "type": "Polygon", "coordinates": [ [ [ -69.519377932043227, -23.572556724022558 ], [ -69.514478294336627, -23.572573019084992 ], [ -69.514513492597516, -23.581605436157737 ], [ -69.509613515333285, -23.581621583701327 ], [ -69.509648395784794, -23.590653997146664 ], [ -69.519449016613848, -23.590621533654211 ], [ -69.519377932043227, -23.572556724022558 ] ] ] } },
{ "type": "Feature", "properties": { "cve": "2819543", "nombre": "BODA 63, 1 AL 60", "solicitante": "Glencore Exploraciones Limitada", "region": "REGIÓN DE ANTOFAGASTA", "provincia": "Provincia de Antofagasta", "comuna": null, "superficie_ha": 300.0, "datum_original": "WGS84", "huso": 19, "epsg_origen": 32719, "tipo_publicacion": "mensura", "fuente_pdf": "http://www.diariooficial.interior.gob.cl/publicaciones/2026/06/08/44469/07/2819543.pdf", "archivo": "gm_mensura_2819543.pdf", "fecha": "08-06-2026", "edicion": "44469" }, "geometry": { "type": "Polygon", "coordinates": [ [ [ -69.666364818671354, -23.571996062248672 ], [ -69.636967813925253, -23.572119313177929 ], [ -69.637011391112708, -23.581151535806171 ], [ -69.666410406655572, -23.581028232055555 ], [ -69.666364818671354, -23.571996062248672 ] ] ] } },
{ "type": "Feature", "properties": { "cve": "2819544", "nombre": "BODA 65, 1 AL 60", "solicitante": "Glencore Exploraciones Limitada", "region": "REGIÓN DE ANTOFAGASTA", "provincia": "Provincia de Antofagasta", "comuna": null, "superficie_ha": 300.0, "datum_original": "WGS84", "huso": 19, "epsg_origen": 32719, "tipo_publicacion": "mensura", "fuente_pdf": "http://www.diariooficial.interior.gob.cl/publicaciones/2026/06/08/44469/07/2819544.pdf", "archivo": "gm_mensura_2819544.pdf", "fecha": "08-06-2026", "edicion": "44469" }, "geometry": { "type": "Polygon", "coordinates": [ [ [ -69.666410406655572, -23.581028232055555 ], [ -69.637011391112708, -23.581151535806171 ], [ -69.637054990006902, -23.590183747862852 ], [ -69.666456017348096, -23.590060391283856 ], [ -69.666410406655572, -23.581028232055555 ] ] ] } },
{ "type": "Feature", "properties": { "cve": "2819545", "nombre": "BODA 69, 1 AL 60", "solicitante": "Glencore Exploraciones Limitada", "region": "REGIÓN DE ANTOFAGASTA", "provincia": "Provincia de Antofagasta", "comuna": null, "superficie_ha": 300.0, "datum_original": "WGS84", "huso": 19, "epsg_origen": 32719, "tipo_publicacion": "mensura", "fuente_pdf": "http://www.diariooficial.interior.gob.cl/publicaciones/2026/06/08/44469/07/2819545.pdf", "archivo": "gm_mensura_2819545.pdf", "fecha": "08-06-2026", "edicion": "44469" }, "geometry": { "type": "Polygon", "coordinates": [ [ [ -69.607612180209102, -23.581269278028643 ], [ -69.597812401385752, -23.581307289515728 ], [ -69.597935211738445, -23.608404094179502 ], [ -69.607737003459519, -23.608366033828734 ], [ -69.607612180209102, -23.581269278028643 ] ] ] } },
{ "type": "Feature", "properties": { "cve": "2819546", "nombre": "BODA 77, 1 AL 60", "solicitante": "Glencore Exploraciones Limitada", "region": "REGIÓN DE ANTOFAGASTA", "provincia": "Provincia de Antofagasta", "comuna": null, "superficie_ha": 300.0, "datum_original": "WGS84", "huso": 19, "epsg_origen": 32719, "tipo_publicacion": "mensura", "fuente_pdf": "http://www.diariooficial.interior.gob.cl/publicaciones/2026/06/08/44469/07/2819546.pdf", "archivo": "gm_mensura_2819546.pdf", "fecha": "08-06-2026", "edicion": "44469" }, "geometry": { "type": "Polygon", "coordinates": [ [ [ -69.68624463055302, -23.626103447424136 ], [ -69.676441670484635, -23.6261464945112 ], [ -69.676580929526153, -23.653242727123196 ], [ -69.686385907346491, -23.653199624781056 ], [ -69.68624463055302, -23.626103447424136 ] ] ] } },
{ "type": "Feature", "properties": { "cve": "2819547", "nombre": "BODA 79, 1 AL 60", "solicitante": "Glencore Exploraciones Limitada", "region": "REGIÓN DE ANTOFAGASTA", "provincia": "Provincia de Antofagasta", "comuna": null, "superficie_ha": 300.0, "datum_original": "WGS84", "huso": 19, "epsg_origen": 32719, "tipo_publicacion": "mensura", "fuente_pdf": "http://www.diariooficial.interior.gob.cl/publicaciones/2026/06/08/44469/07/2819547.pdf", "archivo": "gm_mensura_2819547.pdf", "fecha": "08-06-2026", "edicion": "44469" }, "geometry": { "type": "Polygon", "coordinates": [ [ [ -69.647032653153943, -23.62627192025537 ], [ -69.637229602783052, -23.626312490312003 ], [ -69.637360790609279, -23.653408935995873 ], [ -69.647165858814517, -23.653368313863549 ], [ -69.647032653153943, -23.62627192025537 ] ] ] } },
{ "type": "Feature", "properties": { "cve": "2819548", "nombre": "BODA 80, 1 AL 60", "solicitante": "Glencore Exploraciones Limitada", "region": "REGIÓN DE ANTOFAGASTA", "provincia": "Provincia de Antofagasta", "comuna": null, "superficie_ha": 300.0, "datum_original": "WGS84", "huso": 19, "epsg_origen": 32719, "tipo_publicacion": "mensura", "fuente_pdf": "http://www.diariooficial.interior.gob.cl/publicaciones/2026/06/08/44469/07/2819548.pdf", "archivo": "gm_mensura_2819548.pdf", "fecha": "08-06-2026", "edicion": "44469" }, "geometry": { "type": "Polygon", "coordinates": [ [ [ -69.637229602783052, -23.626312490312003 ], [ -69.627426530672423, -23.626352441096941 ], [ -69.627555700644464, -23.653448938061644 ], [ -69.637360790609279, -23.653408935995873 ], [ -69.637229602783052, -23.626312490312003 ] ] ] } },
{ "type": "Feature", "properties": { "cve": "2819549", "nombre": "BODA 82A, 1 AL 60", "solicitante": "Glencore Exploraciones Limitada", "region": "REGIÓN DE ANTOFAGASTA", "provincia": "Provincia de Antofagasta", "comuna": null, "superficie_ha": 300.0, "datum_original": "WGS84", "huso": 19, "epsg_origen": 32719, "tipo_publicacion": "mensura", "fuente_pdf": "http://www.diariooficial.interior.gob.cl/publicaciones/2026/06/08/44469/07/2819549.pdf", "archivo": "gm_mensura_2819549.pdf", "fecha": "08-06-2026", "edicion": "44469" }, "geometry": { "type": "Polygon", "coordinates": [ [ [ -69.597935211738445, -23.608404094179502 ], [ -69.568529715572822, -23.608514562631534 ], [ -69.568568678189351, -23.617546857000448 ], [ -69.597976189294116, -23.617436341260927 ], [ -69.597935211738445, -23.608404094179502 ] ] ] } },
{ "type": "Feature", "properties": { "cve": "2819550", "nombre": "BODA 83, 1 AL 60", "solicitante": "Glencore Exploraciones Limitada", "region": "REGIÓN DE ANTOFAGASTA", "provincia": "Provincia de Antofagasta", "comuna": null, "superficie_ha": 300.0, "datum_original": "WGS84", "huso": 19, "epsg_origen": 32719, "tipo_publicacion": "mensura", "fuente_pdf": "http://www.diariooficial.interior.gob.cl/publicaciones/2026/06/08/44469/07/2819550.pdf", "archivo": "gm_mensura_2819550.pdf", "fecha": "08-06-2026", "edicion": "44469" }, "geometry": { "type": "Polygon", "coordinates": [ [ [ -69.627383516834499, -23.617320254268414 ], [ -69.617581095274218, -23.617359568952011 ], [ -69.617708184140298, -23.644456148159467 ], [ -69.627512622570904, -23.64441678299664 ], [ -69.627383516834499, -23.617320254268414 ] ] ] } },
{ "type": "Feature", "properties": { "cve": "2819551", "nombre": "BODA 84, 1 AL 60", "solicitante": "Glencore Exploraciones Limitada", "region": "REGIÓN DE ANTOFAGASTA", "provincia": "Provincia de Antofagasta", "comuna": null, "superficie_ha": 300.0, "datum_original": "WGS84", "huso": 19, "epsg_origen": 32719, "tipo_publicacion": "mensura", "fuente_pdf": "http://www.diariooficial.interior.gob.cl/publicaciones/2026/06/08/44469/07/2819551.pdf", "archivo": "gm_mensura_2819551.pdf", "fecha": "08-06-2026", "edicion": "44469" }, "geometry": { "type": "Polygon", "coordinates": [ [ [ -69.617581095274218, -23.617359568952011 ], [ -69.60777865264933, -23.617398264617947 ], [ -69.607903724625885, -23.644494893509862 ], [ -69.617708184140298, -23.644456148159467 ], [ -69.617581095274218, -23.617359568952011 ] ] ] } },
{ "type": "Feature", "properties": { "cve": "2819552", "nombre": "BODA 85, 1 AL 60", "solicitante": "Glencore Exploraciones Limitada", "region": "REGIÓN DE ANTOFAGASTA", "provincia": "Provincia de Antofagasta", "comuna": null, "superficie_ha": 300.0, "datum_original": "WGS84", "huso": 19, "epsg_origen": 32719, "tipo_publicacion": "mensura", "fuente_pdf": "http://www.diariooficial.interior.gob.cl/publicaciones/2026/06/08/44469/07/2819552.pdf", "archivo": "gm_mensura_2819552.pdf", "fecha": "08-06-2026", "edicion": "44469" }, "geometry": { "type": "Polygon", "coordinates": [ [ [ -69.60777865264933, -23.617398264617947 ], [ -69.597976189294116, -23.617436341260927 ], [ -69.598099244362245, -23.644533019042512 ], [ -69.607903724625885, -23.644494893509862 ], [ -69.60777865264933, -23.617398264617947 ] ] ] } },
{ "type": "Feature", "properties": { "cve": "2819553", "nombre": "BODA 86, 1 AL 60", "solicitante": "Glencore Exploraciones Limitada", "region": "REGIÓN DE ANTOFAGASTA", "provincia": "Provincia de Antofagasta", "comuna": null, "superficie_ha": 300.0, "datum_original": "WGS84", "huso": 19, "epsg_origen": 32719, "tipo_publicacion": "mensura", "fuente_pdf": "http://www.diariooficial.interior.gob.cl/publicaciones/2026/06/08/44469/07/2819553.pdf", "archivo": "gm_mensura_2819553.pdf", "fecha": "08-06-2026", "edicion": "44469" }, "geometry": { "type": "Polygon", "coordinates": [ [ [ -69.597976189294116, -23.617436341260927 ], [ -69.588173705542857, -23.617473798875743 ], [ -69.588294743683946, -23.644570524752197 ], [ -69.598099244362245, -23.644533019042512 ], [ -69.597976189294116, -23.617436341260927 ] ] ] } },
{ "type": "Feature", "properties": { "cve": "2819554", "nombre": "BODA 87, 1 AL 60", "solicitante": "Glencore Exploraciones Limitada", "region": "REGIÓN DE ANTOFAGASTA", "provincia": "Provincia de Antofagasta", "comuna": null, "superficie_ha": 300.0, "datum_original": "WGS84", "huso": 19, "epsg_origen": 32719, "tipo_publicacion": "mensura", "fuente_pdf": "http://www.diariooficial.interior.gob.cl/publicaciones/2026/06/08/44469/07/2819554.pdf", "archivo": "gm_mensura_2819554.pdf", "fecha": "08-06-2026", "edicion": "44469" }, "geometry": { "type": "Polygon", "coordinates": [ [ [ -69.588173705542857, -23.617473798875743 ], [ -69.578371201729851, -23.617510637457261 ], [ -69.578490222925566, -23.644607410633796 ], [ -69.588294743683946, -23.644570524752197 ], [ -69.588173705542857, -23.617473798875743 ] ] ] } },
{ "type": "Feature", "properties": { "cve": "2819555", "nombre": "BODA 88, 1 AL 60", "solicitante": "Glencore Exploraciones Limitada", "region": "REGIÓN DE ANTOFAGASTA", "provincia": "Provincia de Antofagasta", "comuna": null, "superficie_ha": 300.0, "datum_original": "WGS84", "huso": 19, "epsg_origen": 32719, "tipo_publicacion": "mensura", "fuente_pdf": "http://www.diariooficial.interior.gob.cl/publicaciones/2026/06/08/44469/07/2819555.pdf", "archivo": "gm_mensura_2819555.pdf", "fecha": "08-06-2026", "edicion": "44469" }, "geometry": { "type": "Polygon", "coordinates": [ [ [ -69.578371201729851, -23.617510637457261 ], [ -69.568568678189351, -23.617546857000448 ], [ -69.568685682421716, -23.644643676682247 ], [ -69.578490222925566, -23.644607410633796 ], [ -69.578371201729851, -23.617510637457261 ] ] ] } },
{ "type": "Feature", "properties": { "cve": "2819556", "nombre": "BODA 89, 1 AL 60", "solicitante": "Glencore Exploraciones Limitada", "region": "REGIÓN DE ANTOFAGASTA", "provincia": "Provincia de Antofagasta", "comuna": null, "superficie_ha": 300.0, "datum_original": "WGS84", "huso": 19, "epsg_origen": 32719, "tipo_publicacion": "mensura", "fuente_pdf": "http://www.diariooficial.interior.gob.cl/publicaciones/2026/06/08/44469/07/2819556.pdf", "archivo": "gm_mensura_2819556.pdf", "fecha": "08-06-2026", "edicion": "44469" }, "geometry": { "type": "Polygon", "coordinates": [ [ [ -69.568529715572822, -23.608514562631534 ], [ -69.558727844297422, -23.608550147898669 ], [ -69.558842774354645, -23.635647045000386 ], [ -69.568646661607914, -23.635611414028887 ], [ -69.568529715572822, -23.608514562631534 ] ] ] } },
{ "type": "Feature", "properties": { "cve": "2819557", "nombre": "BODA 90, 1 AL 60", "solicitante": "Glencore Exploraciones Limitada", "region": "REGIÓN DE ANTOFAGASTA", "provincia": "Provincia de Antofagasta", "comuna": null, "superficie_ha": 300.0, "datum_original": "WGS84", "huso": 19, "epsg_origen": 32719, "tipo_publicacion": "mensura", "fuente_pdf": "http://www.diariooficial.interior.gob.cl/publicaciones/2026/06/08/44469/07/2819557.pdf", "archivo": "gm_mensura_2819557.pdf", "fecha": "08-06-2026", "edicion": "44469" }, "geometry": { "type": "Polygon", "coordinates": [ [ [ -69.627512622570904, -23.64441678299664 ], [ -69.598099244362245, -23.644533019042512 ], [ -69.598140303539324, -23.653565223805192 ], [ -69.627555700644464, -23.653448938061644 ], [ -69.627512622570904, -23.64441678299664 ] ] ] } },
{ "type": "Feature", "properties": { "cve": "2819558", "nombre": "BODA 91, 1 AL 60", "solicitante": "Glencore Exploraciones Limitada", "region": "REGIÓN DE ANTOFAGASTA", "provincia": "Provincia de Antofagasta", "comuna": null, "superficie_ha": 300.0, "datum_original": "WGS84", "huso": 19, "epsg_origen": 32719, "tipo_publicacion": "mensura", "fuente_pdf": "http://www.diariooficial.interior.gob.cl/publicaciones/2026/06/08/44469/07/2819558.pdf", "archivo": "gm_mensura_2819558.pdf", "fecha": "08-06-2026", "edicion": "44469" }, "geometry": { "type": "Polygon", "coordinates": [ [ [ -69.598099244362245, -23.644533019042512 ], [ -69.568685682421716, -23.644643676682247 ], [ -69.568724722646422, -23.6536759287576 ], [ -69.598140303539324, -23.653565223805192 ], [ -69.598099244362245, -23.644533019042512 ] ] ] } },
{ "type": "Feature", "properties": { "cve": "2819559", "nombre": "BODA 92, 1 AL 40", "solicitante": "Glencore Exploraciones Limitada", "region": "REGIÓN DE ANTOFAGASTA", "provincia": "Provincia de Antofagasta", "comuna": null, "superficie_ha": 200.0, "datum_original": "WGS84", "huso": 19, "epsg_origen": 32719, "tipo_publicacion": "mensura", "fuente_pdf": "http://www.diariooficial.interior.gob.cl/publicaciones/2026/06/08/44469/07/2819559.pdf", "archivo": "gm_mensura_2819559.pdf", "fecha": "08-06-2026", "edicion": "44469" }, "geometry": { "type": "Polygon", "coordinates": [ [ [ -69.568646661607914, -23.635611414028887 ], [ -69.558842774354645, -23.635647045000386 ], [ -69.558919489735601, -23.653711590208818 ], [ -69.568724722646422, -23.6536759287576 ], [ -69.568646661607914, -23.635611414028887 ] ] ] } },
{ "type": "Feature", "properties": { "cve": "2819648", "nombre": "ESPERANZA A, 1-40", "solicitante": "Minera Las Cenizas S.A.", "region": "REGIÓN DE ANTOFAGASTA", "provincia": "Provincia de Antofagasta", "comuna": null, "superficie_ha": 200.0, "datum_original": "PSAD56", "huso": 19, "epsg_origen": 24879, "tipo_publicacion": "mensura", "fuente_pdf": "http://www.diariooficial.interior.gob.cl/publicaciones/2026/06/08/44469/07/2819648.pdf", "archivo": "gm_mensura_2819648.pdf", "fecha": "08-06-2026", "edicion": "44469" }, "geometry": { "type": "Polygon", "coordinates": [ [ [ -70.479177123813983, -25.888048018066634 ], [ -70.459218309917347, -25.888250164254345 ], [ -70.459329315917344, -25.897277124919679 ], [ -70.479289646785119, -25.897074897975816 ], [ -70.479177123813983, -25.888048018066634 ] ] ] } },
{ "type": "Feature", "properties": { "cve": "2819649", "nombre": "ESPERANZA B, 1-60", "solicitante": "Minera Las Cenizas S.A.", "region": "REGIÓN DE ANTOFAGASTA", "provincia": "Provincia de Antofagasta", "comuna": null, "superficie_ha": 300.0, "datum_original": "PSAD56", "huso": 19, "epsg_origen": 24879, "tipo_publicacion": "mensura", "fuente_pdf": "http://www.diariooficial.interior.gob.cl/publicaciones/2026/06/08/44469/07/2819649.pdf", "archivo": "gm_mensura_2819649.pdf", "fecha": "08-06-2026", "edicion": "44469" }, "geometry": { "type": "Polygon", "coordinates": [ [ [ -70.459185018435662, -25.885542073759677 ], [ -70.429247084133891, -25.885840112058695 ], [ -70.429355798996667, -25.894867195328921 ], [ -70.459296008560742, -25.894569037955982 ], [ -70.459185018435662, -25.885542073759677 ] ] ] } },
{ "type": "Feature", "properties": { "cve": "2819650", "nombre": "ESPERANZA C, 1-60", "solicitante": "Minera Las Cenizas S.A.", "region": "REGIÓN DE ANTOFAGASTA", "provincia": "Provincia de Antofagasta", "comuna": null, "superficie_ha": 300.0, "datum_original": "PSAD56", "huso": 19, "epsg_origen": 24879, "tipo_publicacion": "mensura", "fuente_pdf": "http://www.diariooficial.interior.gob.cl/publicaciones/2026/06/08/44469/07/2819650.pdf", "archivo": "gm_mensura_2819650.pdf", "fecha": "08-06-2026", "edicion": "44469" }, "geometry": { "type": "Polygon", "coordinates": [ [ [ -70.429247084133891, -25.885840112058695 ], [ -70.39930868344608, -25.886131976449654 ], [ -70.399415122892336, -25.895159176327759 ], [ -70.429355798996667, -25.894867195328921 ], [ -70.429247084133891, -25.885840112058695 ] ] ] } },
{ "type": "Feature", "properties": { "cve": "2819651", "nombre": "ESPERANZA D, 1-40", "solicitante": "Minera Las Cenizas S.A.", "region": "REGIÓN DE ANTOFAGASTA", "provincia": "Provincia de Antofagasta", "comuna": null, "superficie_ha": 200.0, "datum_original": "PSAD56", "huso": 19, "epsg_origen": 24879, "tipo_publicacion": "mensura", "fuente_pdf": "http://www.diariooficial.interior.gob.cl/publicaciones/2026/06/08/44469/07/2819651.pdf", "archivo": "gm_mensura_2819651.pdf", "fecha": "08-06-2026", "edicion": "44469" }, "geometry": { "type": "Polygon", "coordinates": [ [ [ -70.409181054723163, -25.877008201310293 ], [ -70.389223484030239, -25.877200642609843 ], [ -70.389329114595313, -25.886227892536642 ], [ -70.409288201560372, -25.886035374331968 ], [ -70.409181054723163, -25.877008201310293 ] ] ] } },
{ "type": "Feature", "properties": { "cve": "2819652", "nombre": "ESPERANZA E, 1-40", "solicitante": "Minera Las Cenizas S.A.", "region": "REGIÓN DE ANTOFAGASTA", "provincia": "Provincia de Antofagasta", "comuna": null, "superficie_ha": 200.0, "datum_original": "PSAD56", "huso": 19, "epsg_origen": 24879, "tipo_publicacion": "mensura", "fuente_pdf": "http://www.diariooficial.interior.gob.cl/publicaciones/2026/06/08/44469/07/2819652.pdf", "archivo": "gm_mensura_2819652.pdf", "fecha": "08-06-2026", "edicion": "44469" }, "geometry": { "type": "Polygon", "coordinates": [ [ [ -70.399095956747004, -25.868077541497076 ], [ -70.379139800558875, -25.868268534923903 ], [ -70.379244622965501, -25.877295834611122 ], [ -70.399202294736568, -25.877104764838425 ], [ -70.399095956747004, -25.868077541497076 ] ] ] } },
{ "type": "Feature", "properties": { "cve": "2819653", "nombre": "ESPERANZA F, 1-40", "solicitante": "Minera Las Cenizas S.A.", "region": "REGIÓN DE ANTOFAGASTA", "provincia": "Provincia de Antofagasta", "comuna": null, "superficie_ha": 200.0, "datum_original": "PSAD56", "huso": 19, "epsg_origen": 24879, "tipo_publicacion": "mensura", "fuente_pdf": "http://www.diariooficial.interior.gob.cl/publicaciones/2026/06/08/44469/07/2819653.pdf", "archivo": "gm_mensura_2819653.pdf", "fecha": "08-06-2026", "edicion": "44469" }, "geometry": { "type": "Polygon", "coordinates": [ [ [ -70.379035028133089, -25.859241223520844 ], [ -70.369057632342631, -25.85933565422026 ], [ -70.369265711903665, -25.877390340828967 ], [ -70.379244622965501, -25.877295834611122 ], [ -70.379035028133089, -25.859241223520844 ] ] ] } },
{ "type": "Feature", "properties": { "cve": "2819654", "nombre": "ESPERANZA G, 1-60", "solicitante": "Minera Las Cenizas S.A.", "region": "REGIÓN DE ANTOFAGASTA", "provincia": "Provincia de Antofagasta", "comuna": null, "superficie_ha": 300.0, "datum_original": "PSAD56", "huso": 19, "epsg_origen": 24879, "tipo_publicacion": "mensura", "fuente_pdf": "http://www.diariooficial.interior.gob.cl/publicaciones/2026/06/08/44469/07/2819654.pdf", "archivo": "gm_mensura_2819654.pdf", "fecha": "08-06-2026", "edicion": "44469" }, "geometry": { "type": "Polygon", "coordinates": [ [ [ -70.36899524717083, -25.853919239104879 ], [ -70.339064126583693, -25.854198352690606 ], [ -70.33916583997744, -25.863225820490609 ], [ -70.369099232377593, -25.862946595289092 ], [ -70.36899524717083, -25.853919239104879 ] ] ] } },
{ "type": "Feature", "properties": { "cve": "2819655", "nombre": "ESPERANZA H, 1-40", "solicitante": "Minera Las Cenizas S.A.", "region": "REGIÓN DE ANTOFAGASTA", "provincia": "Provincia de Antofagasta", "comuna": null, "superficie_ha": 200.0, "datum_original": "PSAD56", "huso": 19, "epsg_origen": 24879, "tipo_publicacion": "mensura", "fuente_pdf": "http://www.diariooficial.interior.gob.cl/publicaciones/2026/06/08/44469/07/2819655.pdf", "archivo": "gm_mensura_2819655.pdf", "fecha": "08-06-2026", "edicion": "44469" }, "geometry": { "type": "Polygon", "coordinates": [ [ [ -70.339114977215786, -25.858712088051917 ], [ -70.319159896451424, -25.858894774699067 ], [ -70.319260119122859, -25.867922309699779 ], [ -70.339216714870673, -25.867739550006299 ], [ -70.339114977215786, -25.858712088051917 ] ] ] } },
{ "type": "Feature", "properties": { "cve": "2819560", "nombre": "LUNA DIEZ, 1 AL 60", "solicitante": "Glencore Exploraciones Limitada", "region": "REGIÓN DE ANTOFAGASTA", "provincia": "Provincia de Antofagasta", "comuna": null, "superficie_ha": 300.0, "datum_original": "WGS84", "huso": 19, "epsg_origen": 32719, "tipo_publicacion": "mensura", "fuente_pdf": "http://www.diariooficial.interior.gob.cl/publicaciones/2026/06/08/44469/07/2819560.pdf", "archivo": "gm_mensura_2819560.pdf", "fecha": "08-06-2026", "edicion": "44469" }, "geometry": { "type": "Polygon", "coordinates": [ [ [ -69.686009637365743, -23.580942939891965 ], [ -69.676210033531731, -23.580985894936251 ], [ -69.676348946521074, -23.608082286448983 ], [ -69.686150563093392, -23.608039276186371 ], [ -69.686009637365743, -23.580942939891965 ] ] ] } },
{ "type": "Feature", "properties": { "cve": "2819561", "nombre": "LUNA TRECE, 1 AL 60", "solicitante": "Glencore Exploraciones Limitada", "region": "REGIÓN DE ANTOFAGASTA", "provincia": "Provincia de Antofagasta", "comuna": null, "superficie_ha": 300.0, "datum_original": "WGS84", "huso": 19, "epsg_origen": 32719, "tipo_publicacion": "mensura", "fuente_pdf": "http://www.diariooficial.interior.gob.cl/publicaciones/2026/06/08/44469/07/2819561.pdf", "archivo": "gm_mensura_2819561.pdf", "fecha": "08-06-2026", "edicion": "44469" }, "geometry": { "type": "Polygon", "coordinates": [ [ [ -69.646899646160236, -23.599175431343134 ], [ -69.637098610614444, -23.599215949344867 ], [ -69.637229602783052, -23.626312490312003 ], [ -69.647032653153943, -23.62627192025537 ], [ -69.646899646160236, -23.599175431343134 ] ] ] } },
{ "type": "Feature", "properties": { "cve": "2819656", "nombre": "TIGRILLO 1, 1 AL 40", "solicitante": "Minera Las Cenizas S.A.", "region": "REGIÓN DE ANTOFAGASTA", "provincia": "Provincia de Antofagasta", "comuna": null, "superficie_ha": 200.0, "datum_original": "PSAD56", "huso": 19, "epsg_origen": 24879, "tipo_publicacion": "mensura", "fuente_pdf": "http://www.diariooficial.interior.gob.cl/publicaciones/2026/06/08/44469/07/2819656.pdf", "archivo": "gm_mensura_2819656.pdf", "fecha": "08-06-2026", "edicion": "44469" }, "geometry": { "type": "Polygon", "coordinates": [ [ [ -70.703212927835935, -25.851737606171309 ], [ -70.693237681112819, -25.851854278723831 ], [ -70.693494933640949, -25.869906241330717 ], [ -70.703471694115848, -25.869789475467137 ], [ -70.703212927835935, -25.851737606171309 ] ] ] } },
{ "type": "Feature", "properties": { "cve": "2819657", "nombre": "TIGRILLO 2, 1 AL 40", "solicitante": "Minera Las Cenizas S.A.", "region": "REGIÓN DE ANTOFAGASTA", "provincia": "Provincia de Antofagasta", "comuna": null, "superficie_ha": 200.0, "datum_original": "PSAD56", "huso": 19, "epsg_origen": 24879, "tipo_publicacion": "mensura", "fuente_pdf": "http://www.diariooficial.interior.gob.cl/publicaciones/2026/06/08/44469/07/2819657.pdf", "archivo": "gm_mensura_2819657.pdf", "fecha": "08-06-2026", "edicion": "44469" }, "geometry": { "type": "Polygon", "coordinates": [ [ [ -70.693109146844179, -25.842828279557224 ], [ -70.683134595152865, -25.842944221090963 ], [ -70.683390211942822, -25.860996300266404 ], [ -70.693366276704992, -25.860880265982704 ], [ -70.693109146844179, -25.842828279557224 ] ] ] } },
{ "type": "Feature", "properties": { "cve": "2819658", "nombre": "TIGRILLO 3, 1 AL 60", "solicitante": "Minera Las Cenizas S.A.", "region": "REGIÓN DE ANTOFAGASTA", "provincia": "Provincia de Antofagasta", "comuna": null, "superficie_ha": 300.0, "datum_original": "PSAD56", "huso": 19, "epsg_origen": 24879, "tipo_publicacion": "mensura", "fuente_pdf": "http://www.diariooficial.interior.gob.cl/publicaciones/2026/06/08/44469/07/2819658.pdf", "archivo": "gm_mensura_2819658.pdf", "fecha": "08-06-2026", "edicion": "44469" }, "geometry": { "type": "Polygon", "coordinates": [ [ [ -70.68308350105255, -25.839333799544136 ], [ -70.653160389137014, -25.839677462758505 ], [ -70.653285873918264, -25.848703650520893 ], [ -70.683211254586581, -25.848359849841792 ], [ -70.68308350105255, -25.839333799544136 ] ] ] } },
{ "type": "Feature", "properties": { "cve": "2819659", "nombre": "TIGRILLO 4, 1-15", "solicitante": "Minera Las Cenizas S.A.", "region": "REGIÓN DE ANTOFAGASTA", "provincia": "Provincia de Antofagasta", "comuna": null, "superficie_ha": 75.0, "datum_original": "PSAD56", "huso": 19, "epsg_origen": 24879, "tipo_publicacion": "mensura", "fuente_pdf": "http://www.diariooficial.interior.gob.cl/publicaciones/2026/06/08/44469/07/2819659.pdf", "archivo": "gm_mensura_2819659.pdf", "fecha": "08-06-2026", "edicion": "44469" }, "geometry": { "type": "Polygon", "coordinates": [ [ [ -70.653116483604919, -25.836518294235734 ], [ -70.643142257396363, -25.836631464160487 ], [ -70.643204603792412, -25.841144584239938 ], [ -70.648191913374703, -25.841088073507173 ], [ -70.64825446370952, -25.845601179317807 ], [ -70.653241947435291, -25.845544486155173 ], [ -70.653116483604919, -25.836518294235734 ] ] ] } },
{ "type": "Feature", "properties": { "cve": "2819152", "nombre": "TITA II 1 AL 25", "solicitante": "Cortés Bustos Cristián Miguel", "region": "REGIÓN DE ANTOFAGASTA", "provincia": "Provincia de Antofagasta", "comuna": null, "superficie_ha": 25.0, "datum_original": "PSAD56", "huso": 19, "epsg_origen": 24879, "tipo_publicacion": "mensura", "fuente_pdf": "http://www.diariooficial.interior.gob.cl/publicaciones/2026/06/08/44469/07/2819152.pdf", "archivo": "gm_mensura_2819152.pdf", "fecha": "08-06-2026", "edicion": "44469" }, "geometry": { "type": "Polygon", "coordinates": [ [ [ -69.387552677288667, -25.528688646633732 ], [ -69.38257640821989, -25.528701722310934 ], [ -69.382590728107616, -25.533216798190303 ], [ -69.387567183427564, -25.533203719873921 ], [ -69.387552677288667, -25.528688646633732 ] ] ] } },
{ "type": "Feature", "properties": { "cve": "2819562", "nombre": "ZANE DOS, 1 AL 60", "solicitante": "Glencore Exploraciones Limitada", "region": "REGIÓN DE ANTOFAGASTA", "provincia": "Provincia de Antofagasta", "comuna": null, "superficie_ha": 300.0, "datum_original": "WGS84", "huso": 19, "epsg_origen": 32719, "tipo_publicacion": "mensura", "fuente_pdf": "http://www.diariooficial.interior.gob.cl/publicaciones/2026/06/08/44469/07/2819562.pdf", "archivo": "gm_mensura_2819562.pdf", "fecha": "08-06-2026", "edicion": "44469" }, "geometry": { "type": "Polygon", "coordinates": [ [ [ -69.597567330538638, -23.527113395078572 ], [ -69.587771548164696, -23.527150692515534 ], [ -69.587891985091488, -23.554247735255608 ], [ -69.597689774374714, -23.554210389787599 ], [ -69.597567330538638, -23.527113395078572 ] ] ] } },
{ "type": "Feature", "properties": { "cve": "2819563", "nombre": "ZANE NUEVE, 1 AL 60", "solicitante": "Glencore Exploraciones Limitada", "region": "REGIÓN DE ANTOFAGASTA", "provincia": "Provincia de Antofagasta", "comuna": null, "superficie_ha": 300.0, "datum_original": "WGS84", "huso": 19, "epsg_origen": 32719, "tipo_publicacion": "mensura", "fuente_pdf": "http://www.diariooficial.interior.gob.cl/publicaciones/2026/06/08/44469/07/2819563.pdf", "archivo": "gm_mensura_2819563.pdf", "fecha": "08-06-2026", "edicion": "44469" }, "geometry": { "type": "Polygon", "coordinates": [ [ [ -69.587891985091488, -23.554247735255608 ], [ -69.578094175789076, -23.55428446354362 ], [ -69.578212782959056, -23.581381458577994 ], [ -69.588012602191114, -23.581344683033883 ], [ -69.587891985091488, -23.554247735255608 ] ] ] } },
{ "type": "Feature", "properties": { "cve": "2819795", "nombre": "TRES MARIAS 44-IIA, 1 al 40", "solicitante": "Minera Freeport-McMoran South America Limitada", "region": "REGIÓN DE ANTOFAGASTA", "provincia": "Provincia de Tocopilla", "comuna": null, "superficie_ha": 200.0, "datum_original": "PSAD56", "huso": 19, "epsg_origen": 24879, "tipo_publicacion": "mensura", "fuente_pdf": "http://www.diariooficial.interior.gob.cl/publicaciones/2026/06/08/44469/07/2819795.pdf", "archivo": "gm_mensura_2819795.pdf", "fecha": "08-06-2026", "edicion": "44469" }, "geometry": { "type": "Polygon", "coordinates": [ [ [ -69.293522930030733, -22.528664612717016 ], [ -69.283798694937289, -22.528682048321237 ], [ -69.283835617821367, -22.546749648737805 ], [ -69.293561118017337, -22.546732197646715 ], [ -69.293522930030733, -22.528664612717016 ] ] ] } },
{ "type": "Feature", "properties": { "cve": "2819796", "nombre": "TRES MARIAS 45-IIA, 1 al 40", "solicitante": "Minera Freeport-McMoran South America Limitada", "region": "REGIÓN DE ANTOFAGASTA", "provincia": "Provincia de Tocopilla", "comuna": null, "superficie_ha": 200.0, "datum_original": "PSAD56", "huso": 19, "epsg_origen": 24879, "tipo_publicacion": "mensura", "fuente_pdf": "http://www.diariooficial.interior.gob.cl/publicaciones/2026/06/08/44469/07/2819796.pdf", "archivo": "gm_mensura_2819796.pdf", "fecha": "08-06-2026", "edicion": "44469" }, "geometry": { "type": "Polygon", "coordinates": [ [ [ -69.283798694937289, -22.528682048321237 ], [ -69.274074450429708, -22.528698896582171 ], [ -69.274110108205761, -22.54676651196392 ], [ -69.283835617821367, -22.546749648737805 ], [ -69.283798694937289, -22.528682048321237 ] ] ] } },
{ "type": "Feature", "properties": { "cve": "2819804", "nombre": "TRES MARIAS A10, 1 al 60", "solicitante": "Minera Freeport-McMoran South America Limitada", "region": "REGIÓN DE ANTOFAGASTA", "provincia": "Provincia de Tocopilla", "comuna": null, "superficie_ha": 300.0, "datum_original": "PSAD56", "huso": 19, "epsg_origen": 24879, "tipo_publicacion": "mensura", "fuente_pdf": "http://www.diariooficial.interior.gob.cl/publicaciones/2026/06/08/44469/07/2819804.pdf", "archivo": "gm_mensura_2819804.pdf", "fecha": "08-06-2026", "edicion": "44469" }, "geometry": { "type": "Polygon", "coordinates": [ [ [ -69.23517738470909, -22.528760416148483 ], [ -69.206004502375933, -22.528800388614684 ], [ -69.20601789989918, -22.537834246497773 ], [ -69.235192679453661, -22.537794256280236 ], [ -69.23517738470909, -22.528760416148483 ] ] ] } },
{ "type": "Feature", "properties": { "cve": "2819805", "nombre": "TRES MARIAS A11, 1 al 60", "solicitante": "Minera Freeport-McMoran South America Limitada", "region": "REGIÓN DE ANTOFAGASTA", "provincia": "Provincia de Tocopilla", "comuna": null, "superficie_ha": 300.0, "datum_original": "PSAD56", "huso": 19, "epsg_origen": 24879, "tipo_publicacion": "mensura", "fuente_pdf": "http://www.diariooficial.interior.gob.cl/publicaciones/2026/06/08/44469/07/2819805.pdf", "archivo": "gm_mensura_2819805.pdf", "fecha": "08-06-2026", "edicion": "44469" }, "geometry": { "type": "Polygon", "coordinates": [ [ [ -69.235192679453661, -22.537794256280236 ], [ -69.20601789989918, -22.537834246497773 ], [ -69.206031304258261, -22.546868094145026 ], [ -69.235207982002066, -22.546828086173939 ], [ -69.235192679453661, -22.537794256280236 ] ] ] } },
{ "type": "Feature", "properties": { "cve": "2819806", "nombre": "TRES MARIAS A12, 1 al 60", "solicitante": "Minera Freeport-McMoran South America Limitada", "region": "REGIÓN DE ANTOFAGASTA", "provincia": "Provincia de Tocopilla", "comuna": null, "superficie_ha": 300.0, "datum_original": "PSAD56", "huso": 19, "epsg_origen": 24879, "tipo_publicacion": "mensura", "fuente_pdf": "http://www.diariooficial.interior.gob.cl/publicaciones/2026/06/08/44469/07/2819806.pdf", "archivo": "gm_mensura_2819806.pdf", "fecha": "08-06-2026", "edicion": "44469" }, "geometry": { "type": "Polygon", "coordinates": [ [ [ -69.254659062006652, -22.546798474812096 ], [ -69.225482430129631, -22.546842010042408 ], [ -69.225497107433725, -22.555875835874357 ], [ -69.254675638455026, -22.555832281322846 ], [ -69.254659062006652, -22.546798474812096 ] ] ] } },
{ "type": "Feature", "properties": { "cve": "2819797", "nombre": "TRES MARIAS A2, 1 al 20", "solicitante": "Minera Freeport-McMoran South America Limitada", "region": "REGIÓN DE ANTOFAGASTA", "provincia": "Provincia de Tocopilla", "comuna": null, "superficie_ha": 100.0, "datum_original": "PSAD56", "huso": 19, "epsg_origen": 24879, "tipo_publicacion": "mensura", "fuente_pdf": "http://www.diariooficial.interior.gob.cl/publicaciones/2026/06/08/44469/07/2819797.pdf", "archivo": "gm_mensura_2819797.pdf", "fecha": "08-06-2026", "edicion": "44469" }, "geometry": { "type": "Polygon", "coordinates": [ [ [ -69.342099484984473, -22.510501083979413 ], [ -69.332376565582351, -22.510521438172344 ], [ -69.332398162184987, -22.519555222664607 ], [ -69.342121713316928, -22.519534859426873 ], [ -69.342099484984473, -22.510501083979413 ] ] ] } },
{ "type": "Feature", "properties": { "cve": "2819798", "nombre": "TRES MARIAS A4, 1 al 60", "solicitante": "Minera Freeport-McMoran South America Limitada", "region": "REGIÓN DE ANTOFAGASTA", "provincia": "Provincia de Tocopilla", "comuna": null, "superficie_ha": 300.0, "datum_original": "PSAD56", "huso": 19, "epsg_origen": 24879, "tipo_publicacion": "mensura", "fuente_pdf": "http://www.diariooficial.interior.gob.cl/publicaciones/2026/06/08/44469/07/2819798.pdf", "archivo": "gm_mensura_2819798.pdf", "fecha": "08-06-2026", "edicion": "44469" }, "geometry": { "type": "Polygon", "coordinates": [ [ [ -69.332376565582351, -22.510521438172344 ], [ -69.303207742542128, -22.510578979885693 ], [ -69.303227443936493, -22.519612789947807 ], [ -69.332398162184987, -22.519555222664607 ], [ -69.332376565582351, -22.510521438172344 ] ] ] } },
{ "type": "Feature", "properties": { "cve": "2819799", "nombre": "TRES MARIAS A5, 1 al 60", "solicitante": "Minera Freeport-McMoran South America Limitada", "region": "REGIÓN DE ANTOFAGASTA", "provincia": "Provincia de Tocopilla", "comuna": null, "superficie_ha": 300.0, "datum_original": "PSAD56", "huso": 19, "epsg_origen": 24879, "tipo_publicacion": "mensura", "fuente_pdf": "http://www.diariooficial.interior.gob.cl/publicaciones/2026/06/08/44469/07/2819799.pdf", "archivo": "gm_mensura_2819799.pdf", "fecha": "08-06-2026", "edicion": "44469" }, "geometry": { "type": "Polygon", "coordinates": [ [ [ -69.332398162184987, -22.519555222664607 ], [ -69.303227443936493, -22.519612789947807 ], [ -69.303247155387453, -22.528646589771856 ], [ -69.332419769811651, -22.52858899691558 ], [ -69.332398162184987, -22.519555222664607 ] ] ] } },
{ "type": "Feature", "properties": { "cve": "2819800", "nombre": "TRES MARIAS A6, 1 al 60", "solicitante": "Minera Freeport-McMoran South America Limitada", "region": "REGIÓN DE ANTOFAGASTA", "provincia": "Provincia de Tocopilla", "comuna": null, "superficie_ha": 300.0, "datum_original": "PSAD56", "huso": 19, "epsg_origen": 24879, "tipo_publicacion": "mensura", "fuente_pdf": "http://www.diariooficial.interior.gob.cl/publicaciones/2026/06/08/44469/07/2819800.pdf", "archivo": "gm_mensura_2819800.pdf", "fecha": "08-06-2026", "edicion": "44469" }, "geometry": { "type": "Polygon", "coordinates": [ [ [ -69.274074450429708, -22.528698896582171 ], [ -69.264350196830506, -22.528715157497516 ], [ -69.264401798984935, -22.555816586871277 ], [ -69.274127950738162, -22.555800304289338 ], [ -69.274074450429708, -22.528698896582171 ] ] ] } },
{ "type": "Feature", "properties": { "cve": "2819801", "nombre": "TRES MARIAS A7, 1 al 60", "solicitante": "Minera Freeport-McMoran South America Limitada", "region": "REGIÓN DE ANTOFAGASTA", "provincia": "Provincia de Tocopilla", "comuna": null, "superficie_ha": 300.0, "datum_original": "PSAD56", "huso": 19, "epsg_origen": 24879, "tipo_publicacion": "mensura", "fuente_pdf": "http://www.diariooficial.interior.gob.cl/publicaciones/2026/06/08/44469/07/2819801.pdf", "archivo": "gm_mensura_2819801.pdf", "fecha": "08-06-2026", "edicion": "44469" }, "geometry": { "type": "Polygon", "coordinates": [ [ [ -69.264350196830506, -22.528715157497516 ], [ -69.23517738470909, -22.528760416148483 ], [ -69.235192679453661, -22.537794256280236 ], [ -69.26436738877598, -22.537748977530441 ], [ -69.264350196830506, -22.528715157497516 ] ] ] } },
{ "type": "Feature", "properties": { "cve": "2819802", "nombre": "TRES MARIAS A8, 1 al 60", "solicitante": "Minera Freeport-McMoran South America Limitada", "region": "REGIÓN DE ANTOFAGASTA", "provincia": "Provincia de Tocopilla", "comuna": null, "superficie_ha": 300.0, "datum_original": "PSAD56", "huso": 19, "epsg_origen": 24879, "tipo_publicacion": "mensura", "fuente_pdf": "http://www.diariooficial.interior.gob.cl/publicaciones/2026/06/08/44469/07/2819802.pdf", "archivo": "gm_mensura_2819802.pdf", "fecha": "08-06-2026", "edicion": "44469" }, "geometry": { "type": "Polygon", "coordinates": [ [ [ -69.26436738877598, -22.537748977530441 ], [ -69.235192679453661, -22.537794256280236 ], [ -69.235207982002066, -22.546828086173939 ], [ -69.264384589493261, -22.546782787322751 ], [ -69.26436738877598, -22.537748977530441 ] ] ] } },
{ "type": "Feature", "properties": { "cve": "2819803", "nombre": "TRES MARIAS A9, 1 al 20", "solicitante": "Minera Freeport-McMoran South America Limitada", "region": "REGIÓN DE ANTOFAGASTA", "provincia": "Provincia de Tocopilla", "comuna": null, "superficie_ha": 100.0, "datum_original": "PSAD56", "huso": 19, "epsg_origen": 24879, "tipo_publicacion": "mensura", "fuente_pdf": "http://www.diariooficial.interior.gob.cl/publicaciones/2026/06/08/44469/07/2819803.pdf", "archivo": "gm_mensura_2819803.pdf", "fecha": "08-06-2026", "edicion": "44469" }, "geometry": { "type": "Polygon", "coordinates": [ [ [ -69.264384589493261, -22.546782787322751 ], [ -69.254659062006652, -22.546798474812096 ], [ -69.254675638455026, -22.555832281322846 ], [ -69.264401798984935, -22.555816586871277 ], [ -69.264384589493261, -22.546782787322751 ] ] ] } },
{ "type": "Feature", "properties": { "cve": "2819692", "nombre": "VERTIENTE 1 AL 13", "solicitante": "Maldonado Lazo Patricio Alberto", "region": "REGIÓN DE ATACAMA", "provincia": "Provincia de Chañaral", "comuna": null, "superficie_ha": 104.0, "datum_original": "PSAD56", "huso": 19, "epsg_origen": 24879, "tipo_publicacion": "mensura", "fuente_pdf": "http://www.diariooficial.interior.gob.cl/publicaciones/2026/06/08/44469/07/2819692.pdf", "archivo": "gm_mensura_2819692.pdf", "fecha": "08-06-2026", "edicion": "44469" }, "geometry": { "type": "Polygon", "coordinates": [ [ [ -69.618298914029253, -26.842912469576063 ], [ -69.605214945011653, -26.842969050240942 ], [ -69.605253352709582, -26.850191687014931 ], [ -69.618338151924675, -26.850135088721682 ], [ -69.618298914029253, -26.842912469576063 ] ] ] } },
{ "type": "Feature", "properties": { "cve": "2818882", "nombre": "RAF 1 AL 100", "solicitante": "SLM RAF Uno de Sector Cordón Cachiyuyo", "region": "REGIÓN DE COQUIMBO", "provincia": "Provincia de Elqui", "comuna": null, "superficie_ha": 51.0, "datum_original": "PSAD56", "huso": 19, "epsg_origen": 24879, "tipo_publicacion": "mensura", "fuente_pdf": "http://www.diariooficial.interior.gob.cl/publicaciones/2026/06/08/44469/07/2818882.pdf", "archivo": "gm_mensura_2818882.pdf", "fecha": "08-06-2026", "edicion": "44469" }, "geometry": { "type": "Polygon", "coordinates": [ [ [ -71.112602403624365, -29.30541068804834 ], [ -71.110544337986298, -29.305443238722319 ], [ -71.110562898099616, -29.306345178193542 ], [ -71.10953385497713, -29.306361442247869 ], [ -71.109552406903958, -29.307263382182441 ], [ -71.10749430005319, -29.30729588772391 ], [ -71.107512834758879, -29.308197828717923 ], [ -71.105454706457607, -29.308230303769673 ], [ -71.105473223940422, -29.309132245822024 ], [ -71.10444414948789, -29.309148472062319 ], [ -71.104462658780861, -29.310050414576637 ], [ -71.102404489273113, -29.310082844484246 ], [ -71.102478462604012, -29.313690617967048 ], [ -71.105565824028901, -29.313641954080744 ], [ -71.105528781458474, -29.311838071177874 ], [ -71.112732468681244, -29.311724253178419 ], [ -71.112602403624365, -29.30541068804834 ] ] ] } },
{ "type": "Feature", "properties": { "cve": "2818848", "nombre": "LAS ABEJAS 1/20", "solicitante": "Robles Vicencio Cerafín del Tránsito", "region": "REGIÓN DE COQUIMBO", "provincia": "Provincia de Choapa", "comuna": null, "superficie_ha": 100.0, "datum_original": "PSAD56", "huso": 19, "epsg_origen": 24879, "tipo_publicacion": "mensura", "fuente_pdf": "http://www.diariooficial.interior.gob.cl/publicaciones/2026/06/08/44469/07/2818848.pdf", "archivo": "gm_mensura_2818848.pdf", "fecha": "08-06-2026", "edicion": "44469" }, "geometry": { "type": "Polygon", "coordinates": [ [ [ -71.435834061999785, -31.364154330970113 ], [ -71.425328490299037, -31.364353466089902 ], [ -71.425560114828443, -31.373368024857317 ], [ -71.436066687421842, -31.373168819604608 ], [ -71.435834061999785, -31.364154330970113 ] ] ] } },
{ "type": "Feature", "properties": { "cve": "2820341", "nombre": "CARMONA IV 18, 1 AL 30", "solicitante": "Compañía Minera Kairos Chile Limitada", "region": "REGIÓN DE COQUIMBO", "provincia": "Provincia de Limarí", "comuna": null, "superficie_ha": 300.0, "datum_original": "PSAD56", "huso": 19, "epsg_origen": 24879, "tipo_publicacion": "mensura", "fuente_pdf": "http://www.diariooficial.interior.gob.cl/publicaciones/2026/06/08/44469/07/2820341.pdf", "archivo": "gm_mensura_2820341.pdf", "fecha": "08-06-2026", "edicion": "44469" }, "geometry": { "type": "Polygon", "coordinates": [ [ [ -70.671160538891286, -30.617250411044679 ], [ -70.660731504054837, -30.617384005930727 ], [ -70.661193765301775, -30.644443721507074 ], [ -70.671625699754514, -30.644309983365243 ], [ -70.671160538891286, -30.617250411044679 ] ] ] } },
{ "type": "Feature", "properties": { "cve": "2820340", "nombre": "CARMONA IV 24, 1 AL 30", "solicitante": "Compañía Minera Kairos Chile Limitada", "region": "REGIÓN DE COQUIMBO", "provincia": "Provincia de Limarí", "comuna": null, "superficie_ha": 300.0, "datum_original": "PSAD56", "huso": 19, "epsg_origen": 24879, "tipo_publicacion": "mensura", "fuente_pdf": "http://www.diariooficial.interior.gob.cl/publicaciones/2026/06/08/44469/07/2820340.pdf", "archivo": "gm_mensura_2820340.pdf", "fecha": "08-06-2026", "edicion": "44469" }, "geometry": { "type": "Polygon", "coordinates": [ [ [ -70.669768830623184, -30.536070974818799 ], [ -70.659348471124346, -30.536204140404102 ], [ -70.659808857689484, -30.563264215311026 ], [ -70.670232105053501, -30.563130906703119 ], [ -70.669768830623184, -30.536070974818799 ] ] ] } },
{ "type": "Feature", "properties": { "cve": "2819452", "nombre": "CANDELARIA 1 AL 64", "solicitante": "Cruz Martínez Álvaro Gonzalo", "region": "REGIÓN DE VALPARAÍSO", "provincia": "Provincia de Petorca", "comuna": null, "superficie_ha": 5.0, "datum_original": "WGS84", "huso": 19, "epsg_origen": 32719, "tipo_publicacion": "mensura", "fuente_pdf": "http://www.diariooficial.interior.gob.cl/publicaciones/2026/06/08/44469/07/2819452.pdf", "archivo": "gm_mensura_2819452.pdf", "fecha": "08-06-2026", "edicion": "44469" }, "geometry": { "type": "Polygon", "coordinates": [ [ [ -70.95819163757406, -32.088289781618521 ], [ -70.958249349888703, -32.090994701412669 ], [ -70.959308477699025, -32.090978318988931 ], [ -70.95928922901129, -32.090076679766014 ], [ -70.960348345571603, -32.090060289064986 ], [ -70.95819163757406, -32.088289781618521 ] ] ] } },
{ "type": "Feature", "properties": { "cve": "2819353", "nombre": "Mireya del 1-2", "solicitante": "Iturrieta Irarrázabal Sandra del Pilar", "region": "REGIÓN DE VALPARAÍSO", "provincia": "Provincia de Petorca", "comuna": null, "superficie_ha": 5.0, "datum_original": "PSAD56", "huso": 19, "epsg_origen": 24879, "tipo_publicacion": "mensura", "fuente_pdf": "http://www.diariooficial.interior.gob.cl/publicaciones/2026/06/08/44469/07/2819353.pdf", "archivo": "gm_mensura_2819353.pdf", "fecha": "08-06-2026", "edicion": "44469" }, "geometry": { "type": "Polygon", "coordinates": [ [ [ -70.962726269943772, -32.499482000452716 ], [ -70.960598507841013, -32.499515179919577 ], [ -70.960696347294828, -32.504023054056532 ], [ -70.962824215412866, -32.503989868860238 ], [ -70.962726269943772, -32.499482000452716 ] ] ] } },
{ "type": "Feature", "properties": { "cve": "2819453", "nombre": "YESO 1 AL 20", "solicitante": "Cruz Martínez Álvaro Gonzalo", "region": "REGIÓN DE VALPARAÍSO", "provincia": "Provincia de Petorca", "comuna": null, "superficie_ha": 57.0, "datum_original": "WGS84", "huso": 19, "epsg_origen": 32719, "tipo_publicacion": "mensura", "fuente_pdf": "http://www.diariooficial.interior.gob.cl/publicaciones/2026/06/08/44469/07/2819453.pdf", "archivo": "gm_mensura_2819453.pdf", "fecha": "08-06-2026", "edicion": "44469" }, "geometry": { "type": "Polygon", "coordinates": [ [ [ -70.827338358055684, -32.109096569511486 ], [ -70.820981839040229, -32.109188157007289 ], [ -70.821160911333578, -32.118205236613349 ], [ -70.824339486574559, -32.118159466808791 ], [ -70.824321544521624, -32.117257761057864 ], [ -70.827500081320593, -32.117211913116904 ], [ -70.827338358055684, -32.109096569511486 ] ] ] } },
{ "type": "Feature", "properties": { "cve": "2819490", "nombre": "SAN PEDRO TERCERA, 1 AL 180", "solicitante": "Minera Melón S.A.", "region": "REGIÓN DE LOS LAGOS", "provincia": "Provincia de Osorno", "comuna": null, "superficie_ha": 900.0, "datum_original": "PSAD56", "huso": 18, "epsg_origen": 24878, "tipo_publicacion": "mensura", "fuente_pdf": "http://www.diariooficial.interior.gob.cl/publicaciones/2026/06/08/44469/07/2819490.pdf", "archivo": "gm_mensura_2819490.pdf", "fecha": "08-06-2026", "edicion": "44469" }, "geometry": { "type": "Polygon", "coordinates": [ [ [ -73.205358730355101, -40.785265177226478 ], [ -73.169820880078788, -40.784706883280329 ], [ -73.169078676537026, -40.811718574936876 ], [ -73.204630919636358, -40.812277397761889 ], [ -73.205358730355101, -40.785265177226478 ] ] ] } },
{ "type": "Feature", "properties": { "cve": "2819133", "nombre": "BAM 118", "solicitante": "BAM Chile SpA", "region": "REGIÓN DE TARAPACÁ", "provincia": "Provincia del Tamarugal", "comuna": null, "superficie_ha": 200.0, "datum_original": "WGS84", "huso": 19, "epsg_origen": 32719, "tipo_publicacion": "pedimento", "fuente_pdf": "http://www.diariooficial.interior.gob.cl/publicaciones/2026/06/08/44469/07/2819133.pdf", "archivo": "gm_pedimento_2819133.pdf", "fecha": "08-06-2026", "edicion": "44469" }, "geometry": { "type": "Polygon", "coordinates": [ [ [ -69.607395070774359, -21.29935534253384 ], [ -69.597754280103828, -21.299389858437166 ], [ -69.597827391167428, -21.317459509131808 ], [ -69.607469360823529, -21.317424961158853 ], [ -69.607395070774359, -21.29935534253384 ] ] ] } },
{ "type": "Feature", "properties": { "cve": "2819713", "nombre": "AVERIN 1", "solicitante": "Antofagasta Minerals S.A.", "region": "REGIÓN DE ANTOFAGASTA", "provincia": "Provincia de Antofagasta", "comuna": null, "superficie_ha": 300.0, "datum_original": "PSAD56", "huso": 19, "epsg_origen": 24879, "tipo_publicacion": "pedimento", "fuente_pdf": "http://www.diariooficial.interior.gob.cl/publicaciones/2026/06/08/44469/07/2819713.pdf", "archivo": "gm_pedimento_2819713.pdf", "fecha": "08-06-2026", "edicion": "44469" }, "geometry": { "type": "Polygon", "coordinates": [ [ [ -68.933125020229767, -23.739370150650146 ], [ -68.903688947108435, -23.739354618044292 ], [ -68.903682306541597, -23.748387123180674 ], [ -68.933120409251146, -23.748402662408125 ], [ -68.933125020229767, -23.739370150650146 ] ] ] } },
{ "type": "Feature", "properties": { "cve": "2819722", "nombre": "AVERIN 10", "solicitante": "Antofagasta Minerals S.A.", "region": "REGIÓN DE ANTOFAGASTA", "provincia": "Provincia de Antofagasta", "comuna": null, "superficie_ha": 200.0, "datum_original": "PSAD56", "huso": 19, "epsg_origen": 24879, "tipo_publicacion": "pedimento", "fuente_pdf": "http://www.diariooficial.interior.gob.cl/publicaciones/2026/06/08/44469/07/2819722.pdf", "archivo": "gm_pedimento_2819722.pdf", "fecha": "08-06-2026", "edicion": "44469" }, "geometry": { "type": "Polygon", "coordinates": [ [ [ -68.923265310980369, -23.820657800592699 ], [ -68.913447185630972, -23.82065260318171 ], [ -68.913435201229163, -23.838717415881913 ], [ -68.923254686026667, -23.838722617712943 ], [ -68.923265310980369, -23.820657800592699 ] ] ] } },
{ "type": "Feature", "properties": { "cve": "2819714", "nombre": "AVERIN 2", "solicitante": "Antofagasta Minerals S.A.", "region": "REGIÓN DE ANTOFAGASTA", "provincia": "Provincia de Antofagasta", "comuna": null, "superficie_ha": 300.0, "datum_original": "PSAD56", "huso": 19, "epsg_origen": 24879, "tipo_publicacion": "pedimento", "fuente_pdf": "http://www.diariooficial.interior.gob.cl/publicaciones/2026/06/08/44469/07/2819714.pdf", "archivo": "gm_pedimento_2819714.pdf", "fecha": "08-06-2026", "edicion": "44469" }, "geometry": { "type": "Polygon", "coordinates": [ [ [ -68.933120409251146, -23.748402662408125 ], [ -68.903682306541597, -23.748387123180674 ], [ -68.903675662678296, -23.757419617670806 ], [ -68.933115795983582, -23.757435163520761 ], [ -68.933120409251146, -23.748402662408125 ] ] ] } },
{ "type": "Feature", "properties": { "cve": "2819715", "nombre": "AVERIN 3", "solicitante": "Antofagasta Minerals S.A.", "region": "REGIÓN DE ANTOFAGASTA", "provincia": "Provincia de Antofagasta", "comuna": null, "superficie_ha": 300.0, "datum_original": "PSAD56", "huso": 19, "epsg_origen": 24879, "tipo_publicacion": "pedimento", "fuente_pdf": "http://www.diariooficial.interior.gob.cl/publicaciones/2026/06/08/44469/07/2819715.pdf", "archivo": "gm_pedimento_2819715.pdf", "fecha": "08-06-2026", "edicion": "44469" }, "geometry": { "type": "Polygon", "coordinates": [ [ [ -68.933115795983582, -23.757435163520761 ], [ -68.903675662678296, -23.757419617670806 ], [ -68.903669015517522, -23.766452101511668 ], [ -68.933111180426366, -23.766467653984996 ], [ -68.933115795983582, -23.757435163520761 ] ] ] } },
{ "type": "Feature", "properties": { "cve": "2819716", "nombre": "AVERIN 4", "solicitante": "Antofagasta Minerals S.A.", "region": "REGIÓN DE ANTOFAGASTA", "provincia": "Provincia de Antofagasta", "comuna": null, "superficie_ha": 300.0, "datum_original": "PSAD56", "huso": 19, "epsg_origen": 24879, "tipo_publicacion": "pedimento", "fuente_pdf": "http://www.diariooficial.interior.gob.cl/publicaciones/2026/06/08/44469/07/2819716.pdf", "archivo": "gm_pedimento_2819716.pdf", "fecha": "08-06-2026", "edicion": "44469" }, "geometry": { "type": "Polygon", "coordinates": [ [ [ -68.933111180426366, -23.766467653984996 ], [ -68.903669015517522, -23.766452101511668 ], [ -68.903662365058281, -23.775484574700226 ], [ -68.9331065625788, -23.775500133797838 ], [ -68.933111180426366, -23.766467653984996 ] ] ] } },
{ "type": "Feature", "properties": { "cve": "2819717", "nombre": "AVERIN 5", "solicitante": "Antofagasta Minerals S.A.", "region": "REGIÓN DE ANTOFAGASTA", "provincia": "Provincia de Antofagasta", "comuna": null, "superficie_ha": 300.0, "datum_original": "PSAD56", "huso": 19, "epsg_origen": 24879, "tipo_publicacion": "pedimento", "fuente_pdf": "http://www.diariooficial.interior.gob.cl/publicaciones/2026/06/08/44469/07/2819717.pdf", "archivo": "gm_pedimento_2819717.pdf", "fecha": "08-06-2026", "edicion": "44469" }, "geometry": { "type": "Polygon", "coordinates": [ [ [ -68.9331065625788, -23.775500133797838 ], [ -68.903662365058281, -23.775484574700226 ], [ -68.903655711299564, -23.784517037233449 ], [ -68.933101942440175, -23.784532602956205 ], [ -68.9331065625788, -23.775500133797838 ] ] ] } },
{ "type": "Feature", "properties": { "cve": "2819718", "nombre": "AVERIN 6", "solicitante": "Antofagasta Minerals S.A.", "region": "REGIÓN DE ANTOFAGASTA", "provincia": "Provincia de Antofagasta", "comuna": null, "superficie_ha": 300.0, "datum_original": "PSAD56", "huso": 19, "epsg_origen": 24879, "tipo_publicacion": "pedimento", "fuente_pdf": "http://www.diariooficial.interior.gob.cl/publicaciones/2026/06/08/44469/07/2819718.pdf", "archivo": "gm_pedimento_2819718.pdf", "fecha": "08-06-2026", "edicion": "44469" }, "geometry": { "type": "Polygon", "coordinates": [ [ [ -68.933101942440175, -23.784532602956205 ], [ -68.903655711299564, -23.784517037233449 ], [ -68.903649054240361, -23.793549489108294 ], [ -68.933097320009821, -23.793565061457102 ], [ -68.933101942440175, -23.784532602956205 ] ] ] } },
{ "type": "Feature", "properties": { "cve": "2819719", "nombre": "AVERIN 7", "solicitante": "Antofagasta Minerals S.A.", "region": "REGIÓN DE ANTOFAGASTA", "provincia": "Provincia de Antofagasta", "comuna": null, "superficie_ha": 300.0, "datum_original": "PSAD56", "huso": 19, "epsg_origen": 24879, "tipo_publicacion": "pedimento", "fuente_pdf": "http://www.diariooficial.interior.gob.cl/publicaciones/2026/06/08/44469/07/2819719.pdf", "archivo": "gm_pedimento_2819719.pdf", "fecha": "08-06-2026", "edicion": "44469" }, "geometry": { "type": "Polygon", "coordinates": [ [ [ -68.933097320009821, -23.793565061457102 ], [ -68.923281228678832, -23.793560494895999 ], [ -68.923265310980369, -23.820657800592699 ], [ -68.933083438961248, -23.820662372984604 ], [ -68.933097320009821, -23.793565061457102 ] ] ] } },
{ "type": "Feature", "properties": { "cve": "2819720", "nombre": "AVERIN 8", "solicitante": "Antofagasta Minerals S.A.", "region": "REGIÓN DE ANTOFAGASTA", "provincia": "Provincia de Antofagasta", "comuna": null, "superficie_ha": 300.0, "datum_original": "PSAD56", "huso": 19, "epsg_origen": 24879, "tipo_publicacion": "pedimento", "fuente_pdf": "http://www.diariooficial.interior.gob.cl/publicaciones/2026/06/08/44469/07/2819720.pdf", "archivo": "gm_pedimento_2819720.pdf", "fecha": "08-06-2026", "edicion": "44469" }, "geometry": { "type": "Polygon", "coordinates": [ [ [ -68.923281228678832, -23.793560494895999 ], [ -68.913465139976907, -23.793555304112829 ], [ -68.913447185630972, -23.82065260318171 ], [ -68.923265310980369, -23.820657800592699 ], [ -68.923281228678832, -23.793560494895999 ] ] ] } },
{ "type": "Feature", "properties": { "cve": "2819721", "nombre": "AVERIN 9", "solicitante": "Antofagasta Minerals S.A.", "region": "REGIÓN DE ANTOFAGASTA", "provincia": "Provincia de Antofagasta", "comuna": null, "superficie_ha": 200.0, "datum_original": "PSAD56", "huso": 19, "epsg_origen": 24879, "tipo_publicacion": "pedimento", "fuente_pdf": "http://www.diariooficial.interior.gob.cl/publicaciones/2026/06/08/44469/07/2819721.pdf", "archivo": "gm_pedimento_2819721.pdf", "fecha": "08-06-2026", "edicion": "44469" }, "geometry": { "type": "Polygon", "coordinates": [ [ [ -68.933083438961248, -23.820662372984604 ], [ -68.923265310980369, -23.820657800592699 ], [ -68.923254686026667, -23.838722617712943 ], [ -68.933074173457271, -23.838727193993329 ], [ -68.933083438961248, -23.820662372984604 ] ] ] } },
{ "type": "Feature", "properties": { "cve": "2819764", "nombre": "CAROLINA 13", "solicitante": "Minera Meridian Limitada", "region": "REGIÓN DE ANTOFAGASTA", "provincia": "Provincia de Antofagasta", "comuna": "Antofagasta", "superficie_ha": 200.0, "datum_original": "WGS84", "huso": 19, "epsg_origen": 32719, "tipo_publicacion": "pedimento", "fuente_pdf": "http://www.diariooficial.interior.gob.cl/publicaciones/2026/06/08/44469/07/2819764.pdf", "archivo": "gm_pedimento_2819764.pdf", "fecha": "08-06-2026", "edicion": "44469" }, "geometry": { "type": "Polygon", "coordinates": [ [ [ -69.315117702429859, -24.205367829018162 ], [ -69.295423057537008, -24.20540729012891 ], [ -69.295443880596395, -24.21443920970594 ], [ -69.315139913623057, -24.214399732022301 ], [ -69.315117702429859, -24.205367829018162 ] ] ] } },
{ "type": "Feature", "properties": { "cve": "2819765", "nombre": "JAVIER 4", "solicitante": "Minera Meridian Limitada", "region": "REGIÓN DE ANTOFAGASTA", "provincia": "Provincia de Antofagasta", "comuna": "Antofagasta", "superficie_ha": 300.0, "datum_original": "WGS84", "huso": 19, "epsg_origen": 32719, "tipo_publicacion": "pedimento", "fuente_pdf": "http://www.diariooficial.interior.gob.cl/publicaciones/2026/06/08/44469/07/2819765.pdf", "archivo": "gm_pedimento_2819765.pdf", "fecha": "08-06-2026", "edicion": "44469" }, "geometry": { "type": "Polygon", "coordinates": [ [ [ -69.414058365928128, -24.349639912718921 ], [ -69.404200027855509, -24.349666503412799 ], [ -69.404286116012642, -24.376761400082895 ], [ -69.414146553609456, -24.376734776032485 ], [ -69.414058365928128, -24.349639912718921 ] ] ] } },
{ "type": "Feature", "properties": { "cve": "2819672", "nombre": "MANTOS NEGROS B27", "solicitante": "Geomantos Minerals SpA", "region": "REGIÓN DE ANTOFAGASTA", "provincia": "Provincia de Antofagasta", "comuna": null, "superficie_ha": 200.0, "datum_original": "PSAD56", "huso": 19, "epsg_origen": 24879, "tipo_publicacion": "pedimento", "fuente_pdf": "http://www.diariooficial.interior.gob.cl/publicaciones/2026/06/08/44469/07/2819672.pdf", "archivo": "gm_pedimento_2819672.pdf", "fecha": "08-06-2026", "edicion": "44469" }, "geometry": { "type": "Polygon", "coordinates": [ [ [ -70.355253773607231, -24.158785429336884 ], [ -70.335571601462362, -24.158958991255723 ], [ -70.335665513949053, -24.167988546254428 ], [ -70.355349069046781, -24.167814911349843 ], [ -70.355253773607231, -24.158785429336884 ] ] ] } },
{ "type": "Feature", "properties": { "cve": "2819767", "nombre": "NUEVO SURPE 15", "solicitante": "Minera Meridian Limitada", "region": "REGIÓN DE ANTOFAGASTA", "provincia": "Provincia de Antofagasta", "comuna": "Antofagasta", "superficie_ha": 300.0, "datum_original": "WGS84", "huso": 19, "epsg_origen": 32719, "tipo_publicacion": "pedimento", "fuente_pdf": "http://www.diariooficial.interior.gob.cl/publicaciones/2026/06/08/44469/07/2819767.pdf", "archivo": "gm_pedimento_2819767.pdf", "fecha": "08-06-2026", "edicion": "44469" }, "geometry": { "type": "Polygon", "coordinates": [ [ [ -69.75078333048954, -24.610251970091664 ], [ -69.721149027857322, -24.610396902286638 ], [ -69.721200820151495, -24.619427740703209 ], [ -69.750837250615788, -24.619282748400675 ], [ -69.75078333048954, -24.610251970091664 ] ] ] } },
{ "type": "Feature", "properties": { "cve": "2819768", "nombre": "NUEVO SURPE 46", "solicitante": "Minera Meridian Limitada", "region": "REGIÓN DE ANTOFAGASTA", "provincia": "Provincia de Antofagasta", "comuna": "Antofagasta", "superficie_ha": 300.0, "datum_original": "WGS84", "huso": 19, "epsg_origen": 32719, "tipo_publicacion": "pedimento", "fuente_pdf": "http://www.diariooficial.interior.gob.cl/publicaciones/2026/06/08/44469/07/2819768.pdf", "archivo": "gm_pedimento_2819768.pdf", "fecha": "08-06-2026", "edicion": "44469" }, "geometry": { "type": "Polygon", "coordinates": [ [ [ -69.572727800755956, -24.556847193257283 ], [ -69.54310502206252, -24.556956840853353 ], [ -69.543143931884998, -24.565988054423837 ], [ -69.572768832575861, -24.565878361277917 ], [ -69.572727800755956, -24.556847193257283 ] ] ] } },
{ "type": "Feature", "properties": { "cve": "2819766", "nombre": "NUEVO SURPE 7", "solicitante": "Minera Meridian Limitada", "region": "REGIÓN DE ANTOFAGASTA", "provincia": "Provincia de Antofagasta", "comuna": "Antofagasta", "superficie_ha": 200.0, "datum_original": "WGS84", "huso": 19, "epsg_origen": 32719, "tipo_publicacion": "pedimento", "fuente_pdf": "http://www.diariooficial.interior.gob.cl/publicaciones/2026/06/08/44469/07/2819766.pdf", "archivo": "gm_pedimento_2819766.pdf", "fecha": "08-06-2026", "edicion": "44469" }, "geometry": { "type": "Polygon", "coordinates": [ [ [ -69.661737279888243, -24.583576342485795 ], [ -69.651861109731485, -24.583619412970492 ], [ -69.651954649757315, -24.6016814060733 ], [ -69.66183223686329, -24.60163829983123 ], [ -69.661737279888243, -24.583576342485795 ] ] ] } },
{ "type": "Feature", "properties": { "cve": "2819600", "nombre": "APOLO 1", "solicitante": "Sáez Sáez Ana Carolina", "region": "REGIÓN DE ANTOFAGASTA", "provincia": "Provincia de El Loa", "comuna": null, "superficie_ha": 300.0, "datum_original": "PSAD56", "huso": 19, "epsg_origen": 24879, "tipo_publicacion": "pedimento", "fuente_pdf": "http://www.diariooficial.interior.gob.cl/publicaciones/2026/06/08/44469/07/2819600.pdf", "archivo": "gm_pedimento_2819600.pdf", "fecha": "08-06-2026", "edicion": "44469" }, "geometry": { "type": "Polygon", "coordinates": [ [ [ -68.678674940408982, -23.468073178051736 ], [ -68.668883229280979, -23.468052699977548 ], [ -68.66881558262763, -23.495150722326674 ], [ -68.678609294102159, -23.495171226826791 ], [ -68.678674940408982, -23.468073178051736 ] ] ] } },
{ "type": "Feature", "properties": { "cve": "2819609", "nombre": "APOLO 10", "solicitante": "Sáez Sáez Ana Carolina", "region": "REGIÓN DE ANTOFAGASTA", "provincia": "Provincia de El Loa", "comuna": null, "superficie_ha": 300.0, "datum_original": "PSAD56", "huso": 19, "epsg_origen": 24879, "tipo_publicacion": "pedimento", "fuente_pdf": "http://www.diariooficial.interior.gob.cl/publicaciones/2026/06/08/44469/07/2819609.pdf", "archivo": "gm_pedimento_2819609.pdf", "fecha": "08-06-2026", "edicion": "44469" }, "geometry": { "type": "Polygon", "coordinates": [ [ [ -68.649228193792226, -23.495107867038627 ], [ -68.639434517097229, -23.495085516256559 ], [ -68.639360759137148, -23.52218335932346 ], [ -68.649156439143695, -23.522205738922327 ], [ -68.649228193792226, -23.495107867038627 ] ] ] } },
{ "type": "Feature", "properties": { "cve": "2819610", "nombre": "APOLO 11", "solicitante": "Sáez Sáez Ana Carolina", "region": "REGIÓN DE ANTOFAGASTA", "provincia": "Provincia de El Loa", "comuna": null, "superficie_ha": 300.0, "datum_original": "PSAD56", "huso": 19, "epsg_origen": 24879, "tipo_publicacion": "pedimento", "fuente_pdf": "http://www.diariooficial.interior.gob.cl/publicaciones/2026/06/08/44469/07/2819610.pdf", "archivo": "gm_pedimento_2819610.pdf", "fecha": "08-06-2026", "edicion": "44469" }, "geometry": { "type": "Polygon", "coordinates": [ [ [ -68.639434517097229, -23.495085516256559 ], [ -68.629640852661339, -23.495062550053174 ], [ -68.629565091400821, -23.522160363509833 ], [ -68.639360759137148, -23.52218335932346 ], [ -68.639434517097229, -23.495085516256559 ] ] ] } },
{ "type": "Feature", "properties": { "cve": "2819611", "nombre": "APOLO 12", "solicitante": "Sáez Sáez Ana Carolina", "region": "REGIÓN DE ANTOFAGASTA", "provincia": "Provincia de El Loa", "comuna": null, "superficie_ha": 300.0, "datum_original": "PSAD56", "huso": 19, "epsg_origen": 24879, "tipo_publicacion": "pedimento", "fuente_pdf": "http://www.diariooficial.interior.gob.cl/publicaciones/2026/06/08/44469/07/2819611.pdf", "archivo": "gm_pedimento_2819611.pdf", "fecha": "08-06-2026", "edicion": "44469" }, "geometry": { "type": "Polygon", "coordinates": [ [ [ -68.629640852661339, -23.495062550053174 ], [ -68.619847200817489, -23.495038968431594 ], [ -68.619769436267944, -23.522136751484574 ], [ -68.629565091400821, -23.522160363509833 ], [ -68.629640852661339, -23.495062550053174 ] ] ] } },
{ "type": "Feature", "properties": { "cve": "2819612", "nombre": "APOLO 13", "solicitante": "Sáez Sáez Ana Carolina", "region": "REGIÓN DE ANTOFAGASTA", "provincia": "Provincia de El Loa", "comuna": null, "superficie_ha": 300.0, "datum_original": "PSAD56", "huso": 19, "epsg_origen": 24879, "tipo_publicacion": "pedimento", "fuente_pdf": "http://www.diariooficial.interior.gob.cl/publicaciones/2026/06/08/44469/07/2819612.pdf", "archivo": "gm_pedimento_2819612.pdf", "fecha": "08-06-2026", "edicion": "44469" }, "geometry": { "type": "Polygon", "coordinates": [ [ [ -68.688211506226736, -23.576484767636245 ], [ -68.678411764764945, -23.576464801609752 ], [ -68.67834572454872, -23.603562469080352 ], [ -68.688147478369856, -23.603582460780395 ], [ -68.688211506226736, -23.576484767636245 ] ] ] } },
{ "type": "Feature", "properties": { "cve": "2819613", "nombre": "APOLO 14", "solicitante": "Sáez Sáez Ana Carolina", "region": "REGIÓN DE ANTOFAGASTA", "provincia": "Provincia de El Loa", "comuna": null, "superficie_ha": 300.0, "datum_original": "PSAD56", "huso": 19, "epsg_origen": 24879, "tipo_publicacion": "pedimento", "fuente_pdf": "http://www.diariooficial.interior.gob.cl/publicaciones/2026/06/08/44469/07/2819613.pdf", "archivo": "gm_pedimento_2819613.pdf", "fecha": "08-06-2026", "edicion": "44469" }, "geometry": { "type": "Polygon", "coordinates": [ [ [ -68.678411764764945, -23.576464801609752 ], [ -68.668612034260235, -23.576444217768874 ], [ -68.668543981694668, -23.603541858771507 ], [ -68.67834572454872, -23.603562469080352 ], [ -68.678411764764945, -23.576464801609752 ] ] ] } },
{ "type": "Feature", "properties": { "cve": "2819614", "nombre": "APOLO 15", "solicitante": "Sáez Sáez Ana Carolina", "region": "REGIÓN DE ANTOFAGASTA", "provincia": "Provincia de El Loa", "comuna": null, "superficie_ha": 300.0, "datum_original": "PSAD56", "huso": 19, "epsg_origen": 24879, "tipo_publicacion": "pedimento", "fuente_pdf": "http://www.diariooficial.interior.gob.cl/publicaciones/2026/06/08/44469/07/2819614.pdf", "archivo": "gm_pedimento_2819614.pdf", "fecha": "08-06-2026", "edicion": "44469" }, "geometry": { "type": "Polygon", "coordinates": [ [ [ -68.707831001808159, -23.567490244323867 ], [ -68.678433756252232, -23.567432224570929 ], [ -68.678411764764945, -23.576464801609752 ], [ -68.707811020686151, -23.576522846235225 ], [ -68.707831001808159, -23.567490244323867 ] ] ] } },
{ "type": "Feature", "properties": { "cve": "2819615", "nombre": "APOLO 16", "solicitante": "Sáez Sáez Ana Carolina", "region": "REGIÓN DE ANTOFAGASTA", "provincia": "Provincia de El Loa", "comuna": null, "superficie_ha": 300.0, "datum_original": "PSAD56", "huso": 19, "epsg_origen": 24879, "tipo_publicacion": "pedimento", "fuente_pdf": "http://www.diariooficial.interior.gob.cl/publicaciones/2026/06/08/44469/07/2819615.pdf", "archivo": "gm_pedimento_2819615.pdf", "fecha": "08-06-2026", "edicion": "44469" }, "geometry": { "type": "Polygon", "coordinates": [ [ [ -68.707850972977937, -23.55845763181328 ], [ -68.678455736785978, -23.558399636929565 ], [ -68.678433756252232, -23.567432224570929 ], [ -68.707831001808159, -23.567490244323867 ], [ -68.707850972977937, -23.55845763181328 ] ] ] } },
{ "type": "Feature", "properties": { "cve": "2819601", "nombre": "APOLO 2", "solicitante": "Sáez Sáez Ana Carolina", "region": "REGIÓN DE ANTOFAGASTA", "provincia": "Provincia de El Loa", "comuna": null, "superficie_ha": 300.0, "datum_original": "PSAD56", "huso": 19, "epsg_origen": 24879, "tipo_publicacion": "pedimento", "fuente_pdf": "http://www.diariooficial.interior.gob.cl/publicaciones/2026/06/08/44469/07/2819601.pdf", "archivo": "gm_pedimento_2819601.pdf", "fecha": "08-06-2026", "edicion": "44469" }, "geometry": { "type": "Polygon", "coordinates": [ [ [ -68.668883229280979, -23.468052699977548 ], [ -68.659091529403, -23.468031607266273 ], [ -68.659021882413327, -23.495129602396329 ], [ -68.66881558262763, -23.495150722326674 ], [ -68.668883229280979, -23.468052699977548 ] ] ] } },
{ "type": "Feature", "properties": { "cve": "2819602", "nombre": "APOLO 3", "solicitante": "Sáez Sáez Ana Carolina", "region": "REGIÓN DE ANTOFAGASTA", "provincia": "Provincia de El Loa", "comuna": null, "superficie_ha": 300.0, "datum_original": "PSAD56", "huso": 19, "epsg_origen": 24879, "tipo_publicacion": "pedimento", "fuente_pdf": "http://www.diariooficial.interior.gob.cl/publicaciones/2026/06/08/44469/07/2819602.pdf", "archivo": "gm_pedimento_2819602.pdf", "fecha": "08-06-2026", "edicion": "44469" }, "geometry": { "type": "Polygon", "coordinates": [ [ [ -68.659091529403, -23.468031607266273 ], [ -68.649299841107691, -23.468009899920805 ], [ -68.649228193792226, -23.495107867038627 ], [ -68.659021882413327, -23.495129602396329 ], [ -68.659091529403, -23.468031607266273 ] ] ] } },
{ "type": "Feature", "properties": { "cve": "2819603", "nombre": "APOLO 4", "solicitante": "Sáez Sáez Ana Carolina", "region": "REGIÓN DE ANTOFAGASTA", "provincia": "Provincia de El Loa", "comuna": null, "superficie_ha": 300.0, "datum_original": "PSAD56", "huso": 19, "epsg_origen": 24879, "tipo_publicacion": "pedimento", "fuente_pdf": "http://www.diariooficial.interior.gob.cl/publicaciones/2026/06/08/44469/07/2819603.pdf", "archivo": "gm_pedimento_2819603.pdf", "fecha": "08-06-2026", "edicion": "44469" }, "geometry": { "type": "Polygon", "coordinates": [ [ [ -68.649299841107691, -23.468009899920805 ], [ -68.639508164727715, -23.467987577944111 ], [ -68.639434517097229, -23.495085516256559 ], [ -68.649228193792226, -23.495107867038627 ], [ -68.649299841107691, -23.468009899920805 ] ] ] } },
{ "type": "Feature", "properties": { "cve": "2819604", "nombre": "APOLO 5", "solicitante": "Sáez Sáez Ana Carolina", "region": "REGIÓN DE ANTOFAGASTA", "provincia": "Provincia de El Loa", "comuna": null, "superficie_ha": 300.0, "datum_original": "PSAD56", "huso": 19, "epsg_origen": 24879, "tipo_publicacion": "pedimento", "fuente_pdf": "http://www.diariooficial.interior.gob.cl/publicaciones/2026/06/08/44469/07/2819604.pdf", "archivo": "gm_pedimento_2819604.pdf", "fecha": "08-06-2026", "edicion": "44469" }, "geometry": { "type": "Polygon", "coordinates": [ [ [ -68.639508164727715, -23.467987577944111 ], [ -68.62971650059572, -23.467964641339218 ], [ -68.629640852661339, -23.495062550053174 ], [ -68.639434517097229, -23.495085516256559 ], [ -68.639508164727715, -23.467987577944111 ] ] ] } },
{ "type": "Feature", "properties": { "cve": "2819605", "nombre": "APOLO 6", "solicitante": "Sáez Sáez Ana Carolina", "region": "REGIÓN DE ANTOFAGASTA", "provincia": "Provincia de El Loa", "comuna": null, "superficie_ha": 300.0, "datum_original": "PSAD56", "huso": 19, "epsg_origen": 24879, "tipo_publicacion": "pedimento", "fuente_pdf": "http://www.diariooficial.interior.gob.cl/publicaciones/2026/06/08/44469/07/2819605.pdf", "archivo": "gm_pedimento_2819605.pdf", "fecha": "08-06-2026", "edicion": "44469" }, "geometry": { "type": "Polygon", "coordinates": [ [ [ -68.62971650059572, -23.467964641339218 ], [ -68.619924849044352, -23.467941090109274 ], [ -68.619847200817489, -23.495038968431594 ], [ -68.629640852661339, -23.495062550053174 ], [ -68.62971650059572, -23.467964641339218 ] ] ] } },
{ "type": "Feature", "properties": { "cve": "2819606", "nombre": "APOLO 7", "solicitante": "Sáez Sáez Ana Carolina", "region": "REGIÓN DE ANTOFAGASTA", "provincia": "Provincia de El Loa", "comuna": null, "superficie_ha": 300.0, "datum_original": "PSAD56", "huso": 19, "epsg_origen": 24879, "tipo_publicacion": "pedimento", "fuente_pdf": "http://www.diariooficial.interior.gob.cl/publicaciones/2026/06/08/44469/07/2819606.pdf", "archivo": "gm_pedimento_2819606.pdf", "fecha": "08-06-2026", "edicion": "44469" }, "geometry": { "type": "Polygon", "coordinates": [ [ [ -68.678609294102159, -23.495171226826791 ], [ -68.66881558262763, -23.495150722326674 ], [ -68.668747834634445, -23.522248649463588 ], [ -68.678543549452129, -23.522269180400116 ], [ -68.678609294102159, -23.495171226826791 ] ] ] } },
{ "type": "Feature", "properties": { "cve": "2819607", "nombre": "APOLO 8", "solicitante": "Sáez Sáez Ana Carolina", "region": "REGIÓN DE ANTOFAGASTA", "provincia": "Provincia de El Loa", "comuna": null, "superficie_ha": 300.0, "datum_original": "PSAD56", "huso": 19, "epsg_origen": 24879, "tipo_publicacion": "pedimento", "fuente_pdf": "http://www.diariooficial.interior.gob.cl/publicaciones/2026/06/08/44469/07/2819607.pdf", "archivo": "gm_pedimento_2819607.pdf", "fecha": "08-06-2026", "edicion": "44469" }, "geometry": { "type": "Polygon", "coordinates": [ [ [ -68.66881558262763, -23.495150722326674 ], [ -68.659021882413327, -23.495129602396329 ], [ -68.658952131087219, -23.522227502303362 ], [ -68.668747834634445, -23.522248649463588 ], [ -68.66881558262763, -23.495150722326674 ] ] ] } },
{ "type": "Feature", "properties": { "cve": "2819608", "nombre": "APOLO 9", "solicitante": "Sáez Sáez Ana Carolina", "region": "REGIÓN DE ANTOFAGASTA", "provincia": "Provincia de El Loa", "comuna": null, "superficie_ha": 300.0, "datum_original": "PSAD56", "huso": 19, "epsg_origen": 24879, "tipo_publicacion": "pedimento", "fuente_pdf": "http://www.diariooficial.interior.gob.cl/publicaciones/2026/06/08/44469/07/2819608.pdf", "archivo": "gm_pedimento_2819608.pdf", "fecha": "08-06-2026", "edicion": "44469" }, "geometry": { "type": "Polygon", "coordinates": [ [ [ -68.659021882413327, -23.495129602396329 ], [ -68.649228193792226, -23.495107867038627 ], [ -68.649156439143695, -23.522205738922327 ], [ -68.658952131087219, -23.522227502303362 ], [ -68.659021882413327, -23.495129602396329 ] ] ] } },
{ "type": "Feature", "properties": { "cve": "2819616", "nombre": "LIRITA A", "solicitante": "Ortiz Gallardo Tracy", "region": "REGIÓN DE ANTOFAGASTA", "provincia": "Provincia de El Loa", "comuna": null, "superficie_ha": 300.0, "datum_original": "PSAD56", "huso": 19, "epsg_origen": 24879, "tipo_publicacion": "pedimento", "fuente_pdf": "http://www.diariooficial.interior.gob.cl/publicaciones/2026/06/08/44469/07/2819616.pdf", "archivo": "gm_pedimento_2819616.pdf", "fecha": "08-06-2026", "edicion": "44469" }, "geometry": { "type": "Polygon", "coordinates": [ [ [ -68.619924849044352, -23.467941090109274 ], [ -68.610133210406261, -23.467916924257501 ], [ -68.610053561898596, -23.495014771395066 ], [ -68.619847200817489, -23.495038968431594 ], [ -68.619924849044352, -23.467941090109274 ] ] ] } },
{ "type": "Feature", "properties": { "cve": "2819617", "nombre": "LIRITA B", "solicitante": "Ortiz Gallardo Tracy", "region": "REGIÓN DE ANTOFAGASTA", "provincia": "Provincia de El Loa", "comuna": null, "superficie_ha": 300.0, "datum_original": "PSAD56", "huso": 19, "epsg_origen": 24879, "tipo_publicacion": "pedimento", "fuente_pdf": "http://www.diariooficial.interior.gob.cl/publicaciones/2026/06/08/44469/07/2819617.pdf", "archivo": "gm_pedimento_2819617.pdf", "fecha": "08-06-2026", "edicion": "44469" }, "geometry": { "type": "Polygon", "coordinates": [ [ [ -68.619847200817489, -23.495038968431594 ], [ -68.610053561898596, -23.495014771395066 ], [ -68.609973794071792, -23.522112523250925 ], [ -68.619769436267944, -23.522136751484574 ], [ -68.619847200817489, -23.495038968431594 ] ] ] } },
{ "type": "Feature", "properties": { "cve": "2819618", "nombre": "LIRITA C", "solicitante": "Ortiz Gallardo Tracy", "region": "REGIÓN DE ANTOFAGASTA", "provincia": "Provincia de El Loa", "comuna": null, "superficie_ha": 300.0, "datum_original": "PSAD56", "huso": 19, "epsg_origen": 24879, "tipo_publicacion": "pedimento", "fuente_pdf": "http://www.diariooficial.interior.gob.cl/publicaciones/2026/06/08/44469/07/2819618.pdf", "archivo": "gm_pedimento_2819618.pdf", "fecha": "08-06-2026", "edicion": "44469" }, "geometry": { "type": "Polygon", "coordinates": [ [ [ -68.619769436267944, -23.522136751484574 ], [ -68.609973794071792, -23.522112523250925 ], [ -68.609893906817518, -23.549210179741941 ], [ -68.61969155529016, -23.549234439185117 ], [ -68.619769436267944, -23.522136751484574 ] ] ] } },
{ "type": "Feature", "properties": { "cve": "2819751", "nombre": "ISIDORA 1", "solicitante": "Ponce Delgado Manuel", "region": "REGIÓN DE ANTOFAGASTA", "provincia": "Provincia de Tocopilla", "comuna": null, "superficie_ha": 200.0, "datum_original": "PSAD56", "huso": 19, "epsg_origen": 24879, "tipo_publicacion": "pedimento", "fuente_pdf": "http://www.diariooficial.interior.gob.cl/publicaciones/2026/06/08/44469/07/2819751.pdf", "archivo": "gm_pedimento_2819751.pdf", "fecha": "08-06-2026", "edicion": "44469" }, "geometry": { "type": "Polygon", "coordinates": [ [ [ -69.467830519046487, -22.311440540841929 ], [ -69.458121587812883, -22.311468250108998 ], [ -69.458180553275696, -22.329535982822659 ], [ -69.46789073404932, -22.32950824875347 ], [ -69.467830519046487, -22.311440540841929 ] ] ] } },
{ "type": "Feature", "properties": { "cve": "2819752", "nombre": "ISIDORA 2", "solicitante": "Ponce Delgado Manuel", "region": "REGIÓN DE ANTOFAGASTA", "provincia": "Provincia de Tocopilla", "comuna": null, "superficie_ha": 300.0, "datum_original": "PSAD56", "huso": 19, "epsg_origen": 24879, "tipo_publicacion": "pedimento", "fuente_pdf": "http://www.diariooficial.interior.gob.cl/publicaciones/2026/06/08/44469/07/2819752.pdf", "archivo": "gm_pedimento_2819752.pdf", "fecha": "08-06-2026", "edicion": "44469" }, "geometry": { "type": "Polygon", "coordinates": [ [ [ -69.464297968946013, -22.329518578139567 ], [ -69.454587782539406, -22.329546097032264 ], [ -69.454675649783923, -22.356647633231781 ], [ -69.464387712909186, -22.356620077413034 ], [ -69.464297968946013, -22.329518578139567 ] ] ] } },
{ "type": "Feature", "properties": { "cve": "2819753", "nombre": "ISIDORA 3", "solicitante": "Ponce Delgado Manuel", "region": "REGIÓN DE ANTOFAGASTA", "provincia": "Provincia de Tocopilla", "comuna": null, "superficie_ha": 300.0, "datum_original": "PSAD56", "huso": 19, "epsg_origen": 24879, "tipo_publicacion": "pedimento", "fuente_pdf": "http://www.diariooficial.interior.gob.cl/publicaciones/2026/06/08/44469/07/2819753.pdf", "archivo": "gm_pedimento_2819753.pdf", "fecha": "08-06-2026", "edicion": "44469" }, "geometry": { "type": "Polygon", "coordinates": [ [ [ -69.458269114907651, -22.356637505450482 ], [ -69.448557042283824, -22.356664694394858 ], [ -69.448643860532144, -22.383766161662361 ], [ -69.458357812769648, -22.383738936269904 ], [ -69.458269114907651, -22.356637505450482 ] ] ] } },
{ "type": "Feature", "properties": { "cve": "2819819", "nombre": "CRONOS 1", "solicitante": "Barros Ramírez Cristián Edmundo", "region": "REGIÓN DE ATACAMA", "provincia": "Provincia de Copiapó", "comuna": "Copiapó", "superficie_ha": 300.0, "datum_original": "PSAD56", "huso": 19, "epsg_origen": 24879, "tipo_publicacion": "pedimento", "fuente_pdf": "http://www.diariooficial.interior.gob.cl/publicaciones/2026/06/08/44469/07/2819819.pdf", "archivo": "gm_pedimento_2819819.pdf", "fecha": "08-06-2026", "edicion": "44469" }, "geometry": { "type": "Polygon", "coordinates": [ [ [ -70.469587606981989, -27.484644561665952 ], [ -70.459468059153778, -27.484751036365875 ], [ -70.459825235451177, -27.511826079821489 ], [ -70.469947257675102, -27.511719482746596 ], [ -70.469587606981989, -27.484644561665952 ] ] ] } },
{ "type": "Feature", "properties": { "cve": "2819820", "nombre": "CRONOS 2", "solicitante": "Barros Ramírez Cristián Edmundo", "region": "REGIÓN DE ATACAMA", "provincia": "Provincia de Copiapó", "comuna": "Copiapó", "superficie_ha": 300.0, "datum_original": "PSAD56", "huso": 19, "epsg_origen": 24879, "tipo_publicacion": "pedimento", "fuente_pdf": "http://www.diariooficial.interior.gob.cl/publicaciones/2026/06/08/44469/07/2819820.pdf", "archivo": "gm_pedimento_2819820.pdf", "fecha": "08-06-2026", "edicion": "44469" }, "geometry": { "type": "Polygon", "coordinates": [ [ [ -70.459450213436796, -27.483397281292536 ], [ -70.449330733818442, -27.483503014731486 ], [ -70.449685410882253, -27.510578185239911 ], [ -70.459807364781696, -27.510472330273618 ], [ -70.459450213436796, -27.483397281292536 ] ] ] } },
{ "type": "Feature", "properties": { "cve": "2819821", "nombre": "CRONOS 3", "solicitante": "Barros Ramírez Cristián Edmundo", "region": "REGIÓN DE ATACAMA", "provincia": "Provincia de Copiapó", "comuna": "Copiapó", "superficie_ha": 100.0, "datum_original": "PSAD56", "huso": 19, "epsg_origen": 24879, "tipo_publicacion": "pedimento", "fuente_pdf": "http://www.diariooficial.interior.gob.cl/publicaciones/2026/06/08/44469/07/2819821.pdf", "archivo": "gm_pedimento_2819821.pdf", "fecha": "08-06-2026", "edicion": "44469" }, "geometry": { "type": "Polygon", "coordinates": [ [ [ -70.435450157165775, -27.505761341774601 ], [ -70.425328525590317, -27.505865408394612 ], [ -70.425444850296088, -27.514890543529269 ], [ -70.435567307234749, -27.514786437066764 ], [ -70.435450157165775, -27.505761341774601 ] ] ] } },
{ "type": "Feature", "properties": { "cve": "2819735", "nombre": "Tauro 1", "solicitante": "Veth Raffo Daniela", "region": "REGIÓN DE ATACAMA", "provincia": "Provincia de Copiapó", "comuna": "Copiapó", "superficie_ha": 300.0, "datum_original": "PSAD56", "huso": 19, "epsg_origen": 24879, "tipo_publicacion": "pedimento", "fuente_pdf": "http://www.diariooficial.interior.gob.cl/publicaciones/2026/06/08/44469/07/2819735.pdf", "archivo": "gm_pedimento_2819735.pdf", "fecha": "08-06-2026", "edicion": "44469" }, "geometry": { "type": "Polygon", "coordinates": [ [ [ -70.606326123860086, -27.838746657293935 ], [ -70.596174568344409, -27.838864444481771 ], [ -70.596571100957888, -27.865936362771485 ], [ -70.606725175756509, -27.865818441385347 ], [ -70.606326123860086, -27.838746657293935 ] ] ] } },
{ "type": "Feature", "properties": { "cve": "2819736", "nombre": "Tauro 2", "solicitante": "Veth Raffo Daniela", "region": "REGIÓN DE ATACAMA", "provincia": "Provincia de Copiapó", "comuna": "Copiapó", "superficie_ha": 300.0, "datum_original": "PSAD56", "huso": 19, "epsg_origen": 24879, "tipo_publicacion": "pedimento", "fuente_pdf": "http://www.diariooficial.interior.gob.cl/publicaciones/2026/06/08/44469/07/2819736.pdf", "archivo": "gm_pedimento_2819736.pdf", "fecha": "08-06-2026", "edicion": "44469" }, "geometry": { "type": "Polygon", "coordinates": [ [ [ -70.616745269743717, -27.856675902542801 ], [ -70.586285566187513, -27.857029532464409 ], [ -70.586416964842059, -27.866053537204674 ], [ -70.616879188848571, -27.865699773063135 ], [ -70.616745269743717, -27.856675902542801 ] ] ] } },
{ "type": "Feature", "properties": { "cve": "2819737", "nombre": "Tauro 3", "solicitante": "Veth Raffo Daniela", "region": "REGIÓN DE ATACAMA", "provincia": "Provincia de Copiapó", "comuna": "Copiapó", "superficie_ha": 300.0, "datum_original": "PSAD56", "huso": 19, "epsg_origen": 24879, "tipo_publicacion": "pedimento", "fuente_pdf": "http://www.diariooficial.interior.gob.cl/publicaciones/2026/06/08/44469/07/2819737.pdf", "archivo": "gm_pedimento_2819737.pdf", "fecha": "08-06-2026", "edicion": "44469" }, "geometry": { "type": "Polygon", "coordinates": [ [ [ -70.616879188848571, -27.865699773063135 ], [ -70.586416964842059, -27.866053537204674 ], [ -70.58654842442472, -27.875077529468662 ], [ -70.61701317004956, -27.874723631085516 ], [ -70.616879188848571, -27.865699773063135 ] ] ] } },
{ "type": "Feature", "properties": { "cve": "2819738", "nombre": "Tauro 4", "solicitante": "Veth Raffo Daniela", "region": "REGIÓN DE ATACAMA", "provincia": "Provincia de Copiapó", "comuna": "Copiapó", "superficie_ha": 300.0, "datum_original": "PSAD56", "huso": 19, "epsg_origen": 24879, "tipo_publicacion": "pedimento", "fuente_pdf": "http://www.diariooficial.interior.gob.cl/publicaciones/2026/06/08/44469/07/2819738.pdf", "archivo": "gm_pedimento_2819738.pdf", "fecha": "08-06-2026", "edicion": "44469" }, "geometry": { "type": "Polygon", "coordinates": [ [ [ -70.61701317004956, -27.874723631085516 ], [ -70.58654842442472, -27.875077529468662 ], [ -70.586679944957012, -27.884101509253572 ], [ -70.617147213368682, -27.88374747660713 ], [ -70.61701317004956, -27.874723631085516 ] ] ] } },
{ "type": "Feature", "properties": { "cve": "2819739", "nombre": "Tauro 5", "solicitante": "Veth Raffo Daniela", "region": "REGIÓN DE ATACAMA", "provincia": "Provincia de Copiapó", "comuna": "Copiapó", "superficie_ha": 300.0, "datum_original": "PSAD56", "huso": 19, "epsg_origen": 24879, "tipo_publicacion": "pedimento", "fuente_pdf": "http://www.diariooficial.interior.gob.cl/publicaciones/2026/06/08/44469/07/2819739.pdf", "archivo": "gm_pedimento_2819739.pdf", "fecha": "08-06-2026", "edicion": "44469" }, "geometry": { "type": "Polygon", "coordinates": [ [ [ -70.617147213368682, -27.88374747660713 ], [ -70.586679944957012, -27.884101509253572 ], [ -70.586811526460536, -27.893125476556548 ], [ -70.617281318827878, -27.892771309625154 ], [ -70.617147213368682, -27.88374747660713 ] ] ] } },
{ "type": "Feature", "properties": { "cve": "2819740", "nombre": "Tauro 6", "solicitante": "Veth Raffo Daniela", "region": "REGIÓN DE ATACAMA", "provincia": "Provincia de Copiapó", "comuna": "Copiapó", "superficie_ha": 300.0, "datum_original": "PSAD56", "huso": 19, "epsg_origen": 24879, "tipo_publicacion": "pedimento", "fuente_pdf": "http://www.diariooficial.interior.gob.cl/publicaciones/2026/06/08/44469/07/2819740.pdf", "archivo": "gm_pedimento_2819740.pdf", "fecha": "08-06-2026", "edicion": "44469" }, "geometry": { "type": "Polygon", "coordinates": [ [ [ -70.617281318827878, -27.892771309625154 ], [ -70.586811526460536, -27.893125476556548 ], [ -70.586943168956878, -27.902149431374799 ], [ -70.61741548644919, -27.901795130136716 ], [ -70.617281318827878, -27.892771309625154 ] ] ] } },
{ "type": "Feature", "properties": { "cve": "2819848", "nombre": "ANILLO 1", "solicitante": "Pérez Vargas Miguel Ángel", "region": "REGIÓN DE ATACAMA", "provincia": "Provincia de Chañaral", "comuna": null, "superficie_ha": 300.0, "datum_original": "PSAD56", "huso": 19, "epsg_origen": 24879, "tipo_publicacion": "pedimento", "fuente_pdf": "http://www.diariooficial.interior.gob.cl/publicaciones/2026/06/08/44469/07/2819848.pdf", "archivo": "gm_pedimento_2819848.pdf", "fecha": "08-06-2026", "edicion": "44469" }, "geometry": { "type": "Polygon", "coordinates": [ [ [ -68.711230404255687, -26.34004812513221 ], [ -68.701209254000844, -26.340027585695861 ], [ -68.701139651469077, -26.367115513019964 ], [ -68.711163136044519, -26.367136076780788 ], [ -68.711230404255687, -26.34004812513221 ] ] ] } },
{ "type": "Feature", "properties": { "cve": "2819633", "nombre": "PLANTA 1", "solicitante": "Compañía Minera San Lorenzo Limitada", "region": "REGIÓN DE ATACAMA", "provincia": "Provincia de Chañaral", "comuna": "DIEGO DE ALMAGRO", "superficie_ha": 300.0, "datum_original": "PSAD56", "huso": 19, "epsg_origen": 24879, "tipo_publicacion": "pedimento", "fuente_pdf": "http://www.diariooficial.interior.gob.cl/publicaciones/2026/06/08/44469/07/2819633.pdf", "archivo": "gm_pedimento_2819633.pdf", "fecha": "08-06-2026", "edicion": "44469" }, "geometry": { "type": "Polygon", "coordinates": [ [ [ -69.893977415620569, -26.373666169761659 ], [ -69.863908402137241, -26.373850733935214 ], [ -69.863975549377571, -26.382879103978894 ], [ -69.894046899227632, -26.382694467031556 ], [ -69.893977415620569, -26.373666169761659 ] ] ] } },
{ "type": "Feature", "properties": { "cve": "2819634", "nombre": "PLANTA 2", "solicitante": "Compañía Minera San Lorenzo Limitada", "region": "REGIÓN DE ATACAMA", "provincia": "Provincia de Chañaral", "comuna": "DIEGO DE ALMAGRO", "superficie_ha": 300.0, "datum_original": "PSAD56", "huso": 19, "epsg_origen": 24879, "tipo_publicacion": "pedimento", "fuente_pdf": "http://www.diariooficial.interior.gob.cl/publicaciones/2026/06/08/44469/07/2819634.pdf", "archivo": "gm_pedimento_2819634.pdf", "fecha": "08-06-2026", "edicion": "44469" }, "geometry": { "type": "Polygon", "coordinates": [ [ [ -69.863908402137241, -26.373850733935214 ], [ -69.833839102730806, -26.374028985658896 ], [ -69.833903913508237, -26.383057425987559 ], [ -69.863975549377571, -26.382879103978894 ], [ -69.863908402137241, -26.373850733935214 ] ] ] } },
{ "type": "Feature", "properties": { "cve": "2819635", "nombre": "PLANTA 3", "solicitante": "Compañía Minera San Lorenzo Limitada", "region": "REGIÓN DE ATACAMA", "provincia": "Provincia de Chañaral", "comuna": "DIEGO DE ALMAGRO", "superficie_ha": 300.0, "datum_original": "PSAD56", "huso": 19, "epsg_origen": 24879, "tipo_publicacion": "pedimento", "fuente_pdf": "http://www.diariooficial.interior.gob.cl/publicaciones/2026/06/08/44469/07/2819635.pdf", "archivo": "gm_pedimento_2819635.pdf", "fecha": "08-06-2026", "edicion": "44469" }, "geometry": { "type": "Polygon", "coordinates": [ [ [ -69.894046899227632, -26.382694467031556 ], [ -69.863975549377571, -26.382879103978894 ], [ -69.864042728398104, -26.391907462381788 ], [ -69.894116415720504, -26.39172275264967 ], [ -69.894046899227632, -26.382694467031556 ] ] ] } },
{ "type": "Feature", "properties": { "cve": "2819636", "nombre": "PLANTA 4", "solicitante": "Compañía Minera San Lorenzo Limitada", "region": "REGIÓN DE ATACAMA", "provincia": "Provincia de Chañaral", "comuna": "DIEGO DE ALMAGRO", "superficie_ha": 300.0, "datum_original": "PSAD56", "huso": 19, "epsg_origen": 24879, "tipo_publicacion": "pedimento", "fuente_pdf": "http://www.diariooficial.interior.gob.cl/publicaciones/2026/06/08/44469/07/2819636.pdf", "archivo": "gm_pedimento_2819636.pdf", "fecha": "08-06-2026", "edicion": "44469" }, "geometry": { "type": "Polygon", "coordinates": [ [ [ -69.863975549377571, -26.382879103978894 ], [ -69.833903913508237, -26.383057425987559 ], [ -69.833968754960168, -26.392085854686069 ], [ -69.864042728398104, -26.391907462381788 ], [ -69.863975549377571, -26.382879103978894 ] ] ] } },
{ "type": "Feature", "properties": { "cve": "2819637", "nombre": "PLANTA 5", "solicitante": "Compañía Minera San Lorenzo Limitada", "region": "REGIÓN DE ATACAMA", "provincia": "Provincia de Chañaral", "comuna": "DIEGO DE ALMAGRO", "superficie_ha": 300.0, "datum_original": "PSAD56", "huso": 19, "epsg_origen": 24879, "tipo_publicacion": "pedimento", "fuente_pdf": "http://www.diariooficial.interior.gob.cl/publicaciones/2026/06/08/44469/07/2819637.pdf", "archivo": "gm_pedimento_2819637.pdf", "fecha": "08-06-2026", "edicion": "44469" }, "geometry": { "type": "Polygon", "coordinates": [ [ [ -69.894116415720504, -26.39172275264967 ], [ -69.864042728398104, -26.391907462381788 ], [ -69.86410993920947, -26.400935809141117 ], [ -69.894185965110182, -26.4007510266132 ], [ -69.894116415720504, -26.39172275264967 ] ] ] } },
{ "type": "Feature", "properties": { "cve": "2819638", "nombre": "PLANTA 6", "solicitante": "Compañía Minera San Lorenzo Limitada", "region": "REGIÓN DE ATACAMA", "provincia": "Provincia de Chañaral", "comuna": "DIEGO DE ALMAGRO", "superficie_ha": 300.0, "datum_original": "PSAD56", "huso": 19, "epsg_origen": 24879, "tipo_publicacion": "pedimento", "fuente_pdf": "http://www.diariooficial.interior.gob.cl/publicaciones/2026/06/08/44469/07/2819638.pdf", "archivo": "gm_pedimento_2819638.pdf", "fecha": "08-06-2026", "edicion": "44469" }, "geometry": { "type": "Polygon", "coordinates": [ [ [ -69.864042728398104, -26.391907462381788 ], [ -69.833968754960168, -26.392085854686069 ], [ -69.834033627096915, -26.40111427175167 ], [ -69.86410993920947, -26.400935809141117 ], [ -69.864042728398104, -26.391907462381788 ] ] ] } },
{ "type": "Feature", "properties": { "cve": "2819639", "nombre": "PLANTA 7", "solicitante": "Compañía Minera San Lorenzo Limitada", "region": "REGIÓN DE ATACAMA", "provincia": "Provincia de Chañaral", "comuna": "DIEGO DE ALMAGRO", "superficie_ha": 300.0, "datum_original": "PSAD56", "huso": 19, "epsg_origen": 24879, "tipo_publicacion": "pedimento", "fuente_pdf": "http://www.diariooficial.interior.gob.cl/publicaciones/2026/06/08/44469/07/2819639.pdf", "archivo": "gm_pedimento_2819639.pdf", "fecha": "08-06-2026", "edicion": "44469" }, "geometry": { "type": "Polygon", "coordinates": [ [ [ -69.894185965110182, -26.4007510266132 ], [ -69.86410993920947, -26.400935809141117 ], [ -69.864177181822441, -26.409964144254086 ], [ -69.894255547407809, -26.409779288919331 ], [ -69.894185965110182, -26.4007510266132 ] ] ] } },
{ "type": "Feature", "properties": { "cve": "2819640", "nombre": "PLANTA 8", "solicitante": "Compañía Minera San Lorenzo Limitada", "region": "REGIÓN DE ATACAMA", "provincia": "Provincia de Chañaral", "comuna": "DIEGO DE ALMAGRO", "superficie_ha": 300.0, "datum_original": "PSAD56", "huso": 19, "epsg_origen": 24879, "tipo_publicacion": "pedimento", "fuente_pdf": "http://www.diariooficial.interior.gob.cl/publicaciones/2026/06/08/44469/07/2819640.pdf", "archivo": "gm_pedimento_2819640.pdf", "fecha": "08-06-2026", "edicion": "44469" }, "geometry": { "type": "Polygon", "coordinates": [ [ [ -69.86410993920947, -26.400935809141117 ], [ -69.834033627096915, -26.40111427175167 ], [ -69.834098529928838, -26.41014267718154 ], [ -69.864177181822441, -26.409964144254086 ], [ -69.86410993920947, -26.400935809141117 ] ] ] } },
{ "type": "Feature", "properties": { "cve": "2818994", "nombre": "CARMEN RAQUEL", "solicitante": "Túneles del Norte SpA", "region": "REGIÓN DE COQUIMBO", "provincia": "Provincia de Elqui", "comuna": "La Higuera", "superficie_ha": 100.0, "datum_original": "WGS84", "huso": 19, "epsg_origen": 32719, "tipo_publicacion": "pedimento", "fuente_pdf": "http://www.diariooficial.interior.gob.cl/publicaciones/2026/06/08/44469/07/2818994.pdf", "archivo": "gm_pedimento_2818994.pdf", "fecha": "08-06-2026", "edicion": "44469" }, "geometry": { "type": "Polygon", "coordinates": [ [ [ -70.735053118750159, -29.35916869646865 ], [ -70.724755059943973, -29.359302279787073 ], [ -70.724907129350996, -29.368323652638495 ], [ -70.735206095016352, -29.368190020335398 ], [ -70.735053118750159, -29.35916869646865 ] ] ] } },
{ "type": "Feature", "properties": { "cve": "2819386", "nombre": "RIO 2", "solicitante": "SCM Compañía Minera Río Colorado Mining", "region": "REGIÓN DE COQUIMBO", "provincia": "Provincia de Elqui", "comuna": "Vicuña", "superficie_ha": 300.0, "datum_original": "PSAD56", "huso": 19, "epsg_origen": 24879, "tipo_publicacion": "pedimento", "fuente_pdf": "http://www.diariooficial.interior.gob.cl/publicaciones/2026/06/08/44469/07/2819386.pdf", "archivo": "gm_pedimento_2819386.pdf", "fecha": "08-06-2026", "edicion": "44469" }, "geometry": { "type": "Polygon", "coordinates": [ [ [ -69.957700756962765, -30.200361537935215 ], [ -69.947312973633771, -30.20043699161964 ], [ -69.947572327093312, -30.227506151563151 ], [ -69.957962953314805, -30.227430616273143 ], [ -69.957700756962765, -30.200361537935215 ] ] ] } },
{ "type": "Feature", "properties": { "cve": "2818915", "nombre": "LA LORENA 17", "solicitante": "FMR Chile Exploration SpA", "region": "REGIÓN DE COQUIMBO", "provincia": "Provincia de Limarí", "comuna": null, "superficie_ha": 100.0, "datum_original": "PSAD56", "huso": 19, "epsg_origen": 24879, "tipo_publicacion": "pedimento", "fuente_pdf": "http://www.diariooficial.interior.gob.cl/publicaciones/2026/06/08/44469/07/2818915.pdf", "archivo": "gm_pedimento_2818915.pdf", "fecha": "08-06-2026", "edicion": "44469" }, "geometry": { "type": "Polygon", "coordinates": [ [ [ -70.869137969462201, -31.251664149536715 ], [ -70.858640969139131, -31.251816385134951 ], [ -70.858817712710703, -31.260834450754842 ], [ -70.86931570981109, -31.2606821614098 ], [ -70.869137969462201, -31.251664149536715 ] ] ] } },
{ "type": "Feature", "properties": { "cve": "2818916", "nombre": "LA LORENA 18", "solicitante": "FMR Chile Exploration SpA", "region": "REGIÓN DE COQUIMBO", "provincia": "Provincia de Limarí", "comuna": null, "superficie_ha": 100.0, "datum_original": "PSAD56", "huso": 19, "epsg_origen": 24879, "tipo_publicacion": "pedimento", "fuente_pdf": "http://www.diariooficial.interior.gob.cl/publicaciones/2026/06/08/44469/07/2818916.pdf", "archivo": "gm_pedimento_2818916.pdf", "fecha": "08-06-2026", "edicion": "44469" }, "geometry": { "type": "Polygon", "coordinates": [ [ [ -70.865116520534102, -31.260743179951255 ], [ -70.854618491598288, -31.260895126616049 ], [ -70.854794915725549, -31.26991319999134 ], [ -70.865293941898926, -31.269761199690659 ], [ -70.865116520534102, -31.260743179951255 ] ] ] } },
{ "type": "Feature", "properties": { "cve": "2818917", "nombre": "LA LORENA 19", "solicitante": "FMR Chile Exploration SpA", "region": "REGIÓN DE COQUIMBO", "provincia": "Provincia de Limarí", "comuna": null, "superficie_ha": 100.0, "datum_original": "PSAD56", "huso": 19, "epsg_origen": 24879, "tipo_publicacion": "pedimento", "fuente_pdf": "http://www.diariooficial.interior.gob.cl/publicaciones/2026/06/08/44469/07/2818917.pdf", "archivo": "gm_pedimento_2818917.pdf", "fecha": "08-06-2026", "edicion": "44469" }, "geometry": { "type": "Polygon", "coordinates": [ [ [ -70.853224198961655, -31.243279890813334 ], [ -70.842728031221228, -31.243430790909109 ], [ -70.842903204359516, -31.252448949613886 ], [ -70.853400368496679, -31.252297996234045 ], [ -70.853224198961655, -31.243279890813334 ] ] ] } },
{ "type": "Feature", "properties": { "cve": "2818918", "nombre": "LA LORENA 20", "solicitante": "FMR Chile Exploration SpA", "region": "REGIÓN DE COQUIMBO", "provincia": "Provincia de Limarí", "comuna": null, "superficie_ha": 100.0, "datum_original": "PSAD56", "huso": 19, "epsg_origen": 24879, "tipo_publicacion": "pedimento", "fuente_pdf": "http://www.diariooficial.interior.gob.cl/publicaciones/2026/06/08/44469/07/2818918.pdf", "archivo": "gm_pedimento_2818918.pdf", "fecha": "08-06-2026", "edicion": "44469" }, "geometry": { "type": "Polygon", "coordinates": [ [ [ -70.849189205780419, -31.251727211929239 ], [ -70.838692079851526, -31.251877819008939 ], [ -70.838866927495488, -31.260895986256273 ], [ -70.849365050249759, -31.260745326004198 ], [ -70.849189205780419, -31.251727211929239 ] ] ] } },
{ "type": "Feature", "properties": { "cve": "2818919", "nombre": "LA LORENA 21", "solicitante": "FMR Chile Exploration SpA", "region": "REGIÓN DE COQUIMBO", "provincia": "Provincia de Limarí", "comuna": null, "superficie_ha": 100.0, "datum_original": "PSAD56", "huso": 19, "epsg_origen": 24879, "tipo_publicacion": "pedimento", "fuente_pdf": "http://www.diariooficial.interior.gob.cl/publicaciones/2026/06/08/44469/07/2818919.pdf", "archivo": "gm_pedimento_2818919.pdf", "fecha": "08-06-2026", "edicion": "44469" }, "geometry": { "type": "Polygon", "coordinates": [ [ [ -70.845165810609046, -31.260805692912729 ], [ -70.834667656359912, -31.260956010470384 ], [ -70.834842183688963, -31.26997418526221 ], [ -70.845341335223623, -31.269823814643182 ], [ -70.845165810609046, -31.260805692912729 ] ] ] } },
{ "type": "Feature", "properties": { "cve": "2818920", "nombre": "LA LORENA 22", "solicitante": "FMR Chile Exploration SpA", "region": "REGIÓN DE COQUIMBO", "provincia": "Provincia de Limarí", "comuna": null, "superficie_ha": 300.0, "datum_original": "PSAD56", "huso": 19, "epsg_origen": 24879, "tipo_publicacion": "pedimento", "fuente_pdf": "http://www.diariooficial.interior.gob.cl/publicaciones/2026/06/08/44469/07/2818920.pdf", "archivo": "gm_pedimento_2818920.pdf", "fecha": "08-06-2026", "edicion": "44469" }, "geometry": { "type": "Polygon", "coordinates": [ [ [ -70.83963686532887, -31.246451893125773 ], [ -70.808146835024871, -31.246898737911135 ], [ -70.808318745332755, -31.255917065817435 ], [ -70.839811765482935, -31.255470063255117 ], [ -70.83963686532887, -31.246451893125773 ] ] ] } },
{ "type": "Feature", "properties": { "cve": "2818921", "nombre": "LA LORENA 23", "solicitante": "FMR Chile Exploration SpA", "region": "REGIÓN DE COQUIMBO", "provincia": "Provincia de Limarí", "comuna": null, "superficie_ha": 300.0, "datum_original": "PSAD56", "huso": 19, "epsg_origen": 24879, "tipo_publicacion": "pedimento", "fuente_pdf": "http://www.diariooficial.interior.gob.cl/publicaciones/2026/06/08/44469/07/2818921.pdf", "archivo": "gm_pedimento_2818921.pdf", "fecha": "08-06-2026", "edicion": "44469" }, "geometry": { "type": "Polygon", "coordinates": [ [ [ -70.838762009478742, -31.255485087544969 ], [ -70.807268965947983, -31.255931833129132 ], [ -70.807440853831054, -31.264950152634853 ], [ -70.83893688856017, -31.264503249335082 ], [ -70.838762009478742, -31.255485087544969 ] ] ] } },
{ "type": "Feature", "properties": { "cve": "2818922", "nombre": "LA LORENA 24", "solicitante": "FMR Chile Exploration SpA", "region": "REGIÓN DE COQUIMBO", "provincia": "Provincia de Limarí", "comuna": null, "superficie_ha": 300.0, "datum_original": "PSAD56", "huso": 19, "epsg_origen": 24879, "tipo_publicacion": "pedimento", "fuente_pdf": "http://www.diariooficial.interior.gob.cl/publicaciones/2026/06/08/44469/07/2818922.pdf", "archivo": "gm_pedimento_2818922.pdf", "fecha": "08-06-2026", "edicion": "44469" }, "geometry": { "type": "Polygon", "coordinates": [ [ [ -70.83473745787893, -31.264563282024039 ], [ -70.803241329725168, -31.265009157041813 ], [ -70.803412895853739, -31.274027483759177 ], [ -70.834912016586202, -31.273581451359206 ], [ -70.83473745787893, -31.264563282024039 ] ] ] } },
{ "type": "Feature", "properties": { "cve": "2818923", "nombre": "LA LORENA 25", "solicitante": "FMR Chile Exploration SpA", "region": "REGIÓN DE COQUIMBO", "provincia": "Provincia de Limarí", "comuna": null, "superficie_ha": 200.0, "datum_original": "PSAD56", "huso": 19, "epsg_origen": 24879, "tipo_publicacion": "pedimento", "fuente_pdf": "http://www.diariooficial.interior.gob.cl/publicaciones/2026/06/08/44469/07/2818923.pdf", "archivo": "gm_pedimento_2818923.pdf", "fecha": "08-06-2026", "edicion": "44469" }, "geometry": { "type": "Polygon", "coordinates": [ [ [ -70.813669568673632, -31.206227482452995 ], [ -70.803177262524031, -31.206374997251885 ], [ -70.803519669562633, -31.224411803556865 ], [ -70.814013965450727, -31.224264184496963 ], [ -70.813669568673632, -31.206227482452995 ] ] ] } },
{ "type": "Feature", "properties": { "cve": "2818924", "nombre": "LA LORENA 26", "solicitante": "FMR Chile Exploration SpA", "region": "REGIÓN DE COQUIMBO", "provincia": "Provincia de Limarí", "comuna": null, "superficie_ha": 300.0, "datum_original": "PSAD56", "huso": 19, "epsg_origen": 24879, "tipo_publicacion": "pedimento", "fuente_pdf": "http://www.diariooficial.interior.gob.cl/publicaciones/2026/06/08/44469/07/2818924.pdf", "archivo": "gm_pedimento_2818924.pdf", "fecha": "08-06-2026", "edicion": "44469" }, "geometry": { "type": "Polygon", "coordinates": [ [ [ -70.807717397182998, -31.224352858600959 ], [ -70.797223055040774, -31.224499964317069 ], [ -70.797735450361813, -31.251555165202298 ], [ -70.80823278051993, -31.251407903565859 ], [ -70.807717397182998, -31.224352858600959 ] ] ] } },
{ "type": "Feature", "properties": { "cve": "2818925", "nombre": "LA LORENA 27", "solicitante": "FMR Chile Exploration SpA", "region": "REGIÓN DE COQUIMBO", "provincia": "Provincia de Limarí", "comuna": null, "superficie_ha": 200.0, "datum_original": "PSAD56", "huso": 19, "epsg_origen": 24879, "tipo_publicacion": "pedimento", "fuente_pdf": "http://www.diariooficial.interior.gob.cl/publicaciones/2026/06/08/44469/07/2818925.pdf", "archivo": "gm_pedimento_2818925.pdf", "fecha": "08-06-2026", "edicion": "44469" }, "geometry": { "type": "Polygon", "coordinates": [ [ [ -70.80823278051993, -31.251407903565859 ], [ -70.797735450361813, -31.251555165202298 ], [ -70.798077431309252, -31.269591897781613 ], [ -70.808576755715748, -31.269444532149993 ], [ -70.80823278051993, -31.251407903565859 ] ] ] } },
{ "type": "Feature", "properties": { "cve": "2819349", "nombre": "PIEDRA 1", "solicitante": "Gasco Inversiones S.A.", "region": "REGIÓN METROPOLITANA DE SANTIAGO", "provincia": "Provincia Cordillera", "comuna": null, "superficie_ha": 300.0, "datum_original": "PSAD56", "huso": 19, "epsg_origen": 24879, "tipo_publicacion": "pedimento", "fuente_pdf": "http://www.diariooficial.interior.gob.cl/publicaciones/2026/06/08/44469/07/2819349.pdf", "archivo": "gm_pedimento_2819349.pdf", "fecha": "08-06-2026", "edicion": "44469" }, "geometry": { "type": "Polygon", "coordinates": [ [ [ -70.213553409589693, -33.915167463696484 ], [ -70.202738009323184, -33.915273556497958 ], [ -70.203118314040822, -33.9423244561658 ], [ -70.213937132089981, -33.942218255774456 ], [ -70.213553409589693, -33.915167463696484 ] ] ] } },
{ "type": "Feature", "properties": { "cve": "2819417", "nombre": "MAPOCHO 1", "solicitante": "Inmobiliaria Los Cóndores S.A.", "region": "REGIÓN METROPOLITANA DE SANTIAGO", "provincia": "Provincia de Maipo", "comuna": null, "superficie_ha": 100.0, "datum_original": "PSAD56", "huso": 19, "epsg_origen": 24879, "tipo_publicacion": "pedimento", "fuente_pdf": "http://www.diariooficial.interior.gob.cl/publicaciones/2026/06/08/44469/07/2819417.pdf", "archivo": "gm_pedimento_2819417.pdf", "fecha": "08-06-2026", "edicion": "44469" }, "geometry": { "type": "Polygon", "coordinates": [ [ [ -70.68909650083603, -33.620636691591962 ], [ -70.678320298014384, -33.620783410202506 ], [ -70.678495148514244, -33.629798936277709 ], [ -70.689272472723331, -33.629652167875498 ], [ -70.68909650083603, -33.620636691591962 ] ] ] } },
{ "type": "Feature", "properties": { "cve": "2819233", "nombre": "LA FAMILIA 1", "solicitante": "Asesoría e Inversiones Suyai SpA", "region": "REGIÓN DEL MAULE", "provincia": "Provincia de Curicó", "comuna": null, "superficie_ha": 300.0, "datum_original": "PSAD56", "huso": 19, "epsg_origen": 24879, "tipo_publicacion": "pedimento", "fuente_pdf": "http://www.diariooficial.interior.gob.cl/publicaciones/2026/06/08/44469/07/2819233.pdf", "archivo": "gm_pedimento_2819233.pdf", "fecha": "08-06-2026", "edicion": "44469" }, "geometry": { "type": "Polygon", "coordinates": [ [ [ -71.569907660878314, -35.17370251314216 ], [ -71.53699472144524, -35.174396702884948 ], [ -71.537274789561891, -35.183404935004475 ], [ -71.570191352684674, -35.182710514827157 ], [ -71.569907660878314, -35.17370251314216 ] ] ] } },
{ "type": "Feature", "properties": { "cve": "2819234", "nombre": "LA FAMILIA 2", "solicitante": "Asesoría e Inversiones Suyai SpA", "region": "REGIÓN DEL MAULE", "provincia": "Provincia de Curicó", "comuna": null, "superficie_ha": 300.0, "datum_original": "PSAD56", "huso": 19, "epsg_origen": 24879, "tipo_publicacion": "pedimento", "fuente_pdf": "http://www.diariooficial.interior.gob.cl/publicaciones/2026/06/08/44469/07/2819234.pdf", "archivo": "gm_pedimento_2819234.pdf", "fecha": "08-06-2026", "edicion": "44469" }, "geometry": { "type": "Polygon", "coordinates": [ [ [ -71.570191352684674, -35.182710514827157 ], [ -71.537274789561891, -35.183404935004475 ], [ -71.537554981975205, -35.192413151656957 ], [ -71.570475170392712, -35.191718500995201 ], [ -71.570191352684674, -35.182710514827157 ] ] ] } },
{ "type": "Feature", "properties": { "cve": "2819235", "nombre": "LA FAMILIA 3", "solicitante": "Asesoría e Inversiones Suyai SpA", "region": "REGIÓN DEL MAULE", "provincia": "Provincia de Curicó", "comuna": null, "superficie_ha": 200.0, "datum_original": "PSAD56", "huso": 19, "epsg_origen": 24879, "tipo_publicacion": "pedimento", "fuente_pdf": "http://www.diariooficial.interior.gob.cl/publicaciones/2026/06/08/44469/07/2819235.pdf", "archivo": "gm_pedimento_2819235.pdf", "fecha": "08-06-2026", "edicion": "44469" }, "geometry": { "type": "Polygon", "coordinates": [ [ [ -71.566239502723761, -35.191808380288762 ], [ -71.544292738764497, -35.19227170712383 ], [ -71.544573797875259, -35.20127986136503 ], [ -71.566522979755646, -35.200816380765325 ], [ -71.566239502723761, -35.191808380288762 ] ] ] } },
{ "type": "Feature", "properties": { "cve": "2819451", "nombre": "SAN PATRICIO", "solicitante": "Inmobiliaria CDLA 2026 SpA", "region": "REGIÓN DEL BIOBÍO", "provincia": "Provincia de Biobío", "comuna": null, "superficie_ha": 100.0, "datum_original": "PSAD56", "huso": 18, "epsg_origen": 24878, "tipo_publicacion": "pedimento", "fuente_pdf": "http://www.diariooficial.interior.gob.cl/publicaciones/2026/06/08/44469/07/2819451.pdf", "archivo": "gm_pedimento_2819451.pdf", "fecha": "08-06-2026", "edicion": "44469" }, "geometry": { "type": "Polygon", "coordinates": [ [ [ -72.372552595965701, -37.337609747906122 ], [ -72.361275496834153, -37.337358615970224 ], [ -72.360960236359205, -37.346362926764044 ], [ -72.372238679028825, -37.346614140043144 ], [ -72.372552595965701, -37.337609747906122 ] ] ] } }
]
}
