{
"type": "FeatureCollection",
"name": "boletin_mineria_20261005",
"crs": { "type": "name", "properties": { "name": "urn:ogc:def:crs:OGC:1.3:CRS84" } },
"features": [
{ "type": "Feature", "properties": { "cve": "2880269", "nombre": "SAN EDUARDO DEL 1 AL 10", "solicitante": "Bravo Gómez Pedro Alberto", "region": "REGIÓN DE ARICA Y PARINACOTA", "provincia": "Provincia de Arica", "comuna": null, "superficie_ha": 100.0, "datum_original": "PSAD56", "huso": 19, "epsg_origen": 24879, "tipo_publicacion": "manifestacion", "fuente_pdf": "http://www.diariooficial.interior.gob.cl/publicaciones/2026/10/05/44566/07/2880269.pdf", "archivo": "gm_manifestacion_2880269.pdf", "fecha": "05-10-2026", "edicion": "44566" }, "geometry": { "type": "Polygon", "coordinates": [ [ [ -69.975254287846681, -18.426617480724175 ], [ -69.965786581999566, -18.426665861092335 ], [ -69.965837036867413, -18.435702644513338 ], [ -69.975305237138656, -18.435654238756165 ], [ -69.975254287846681, -18.426617480724175 ] ] ] } },
{ "type": "Feature", "properties": { "cve": "2879584", "nombre": "RAMONA DOS 1-16", "solicitante": "Consorcio Salinero del Tarapacá S.A.", "region": "REGIÓN DE TARAPACÁ", "provincia": "Provincia de Iquique", "comuna": null, "superficie_ha": 16.0, "datum_original": "WGS84", "huso": 19, "epsg_origen": 32719, "tipo_publicacion": "manifestacion", "fuente_pdf": "http://www.diariooficial.interior.gob.cl/publicaciones/2026/10/05/44566/07/2879584.pdf", "archivo": "gm_manifestacion_2879584.pdf", "fecha": "05-10-2026", "edicion": "44566" }, "geometry": { "type": "Polygon", "coordinates": [ [ [ -70.049387568573209, -20.813637680918724 ], [ -70.041700779877104, -20.813684550006187 ], [ -70.041713196681783, -20.815491418708582 ], [ -70.049400076961589, -20.81544454518415 ], [ -70.049387568573209, -20.813637680918724 ] ] ] } },
{ "type": "Feature", "properties": { "cve": "2879585", "nombre": "DON OMAR 1 AL 20", "solicitante": "Don Omar SpA", "region": "REGIÓN DE TARAPACÁ", "provincia": "Provincia del Tamarugal", "comuna": "Huara", "superficie_ha": 120.0, "datum_original": "WGS84", "huso": 19, "epsg_origen": 32719, "tipo_publicacion": "manifestacion", "fuente_pdf": "http://www.diariooficial.interior.gob.cl/publicaciones/2026/10/05/44566/07/2879585.pdf", "archivo": "gm_manifestacion_2879585.pdf", "fecha": "05-10-2026", "edicion": "44566" }, "geometry": { "type": "Polygon", "coordinates": [ [ [ -69.043944510905206, -19.890367052247555 ], [ -69.038212619202611, -19.890368374822302 ], [ -69.038216956920223, -19.908441952196927 ], [ -69.043949499279876, -19.908440628321568 ], [ -69.043944510905206, -19.890367052247555 ] ] ] } },
{ "type": "Feature", "properties": { "cve": "2880258", "nombre": "CATE B12 1/60", "solicitante": "Minera Freeport-McMoran South America Limitada", "region": "REGIÓN DE ANTOFAGASTA", "provincia": "Provincia de Antofagasta", "comuna": "Sierra Gorda", "superficie_ha": 300.0, "datum_original": "PSAD56", "huso": 19, "epsg_origen": 24879, "tipo_publicacion": "manifestacion", "fuente_pdf": "http://www.diariooficial.interior.gob.cl/publicaciones/2026/10/05/44566/07/2880258.pdf", "archivo": "gm_manifestacion_2880258.pdf", "fecha": "05-10-2026", "edicion": "44566" }, "geometry": { "type": "Polygon", "coordinates": [ [ [ -69.215876475365988, -22.623642589201346 ], [ -69.206145517587927, -22.623655385426211 ], [ -69.206185946356456, -22.650756605361071 ], [ -69.215918812511489, -22.650743792142706 ], [ -69.215876475365988, -22.623642589201346 ] ] ] } },
{ "type": "Feature", "properties": { "cve": "2879551", "nombre": "CECIL 1, 1 AL 30", "solicitante": "Minera Centinela", "region": "REGIÓN DE ANTOFAGASTA", "provincia": "Provincia de Antofagasta", "comuna": null, "superficie_ha": 300.0, "datum_original": "PSAD56", "huso": 19, "epsg_origen": 24879, "tipo_publicacion": "manifestacion", "fuente_pdf": "http://www.diariooficial.interior.gob.cl/publicaciones/2026/10/05/44566/07/2879551.pdf", "archivo": "gm_manifestacion_2879551.pdf", "fecha": "05-10-2026", "edicion": "44566" }, "geometry": { "type": "Polygon", "coordinates": [ [ [ -69.255438849132361, -22.966859588778664 ], [ -69.245683533541779, -22.966875000909592 ], [ -69.245732530377282, -22.993974970117613 ], [ -69.255489791426541, -22.99395953776061 ], [ -69.255438849132361, -22.966859588778664 ] ] ] } },
{ "type": "Feature", "properties": { "cve": "2879527", "nombre": "SELENA A 1, 1 AL 20", "solicitante": "Laso Lyons Cristian Enrique", "region": "REGIÓN DE ANTOFAGASTA", "provincia": "Provincia de Antofagasta", "comuna": null, "superficie_ha": 200.0, "datum_original": "PSAD56", "huso": 19, "epsg_origen": 24879, "tipo_publicacion": "manifestacion", "fuente_pdf": "http://www.diariooficial.interior.gob.cl/publicaciones/2026/10/05/44566/07/2879527.pdf", "archivo": "gm_manifestacion_2879527.pdf", "fecha": "05-10-2026", "edicion": "44566" }, "geometry": { "type": "Polygon", "coordinates": [ [ [ -70.470226285635292, -24.314841935713353 ], [ -70.450521074113681, -24.315031464424465 ], [ -70.450623812007478, -24.324060390177046 ], [ -70.470330417997701, -24.323870782157929 ], [ -70.470226285635292, -24.314841935713353 ] ] ] } },
{ "type": "Feature", "properties": { "cve": "2879528", "nombre": "SELENA A 6, 1 AL 20", "solicitante": "Laso Lyons Cristian Enrique", "region": "REGIÓN DE ANTOFAGASTA", "provincia": "Provincia de Antofagasta", "comuna": null, "superficie_ha": 200.0, "datum_original": "PSAD56", "huso": 19, "epsg_origen": 24879, "tipo_publicacion": "manifestacion", "fuente_pdf": "http://www.diariooficial.interior.gob.cl/publicaciones/2026/10/05/44566/07/2879528.pdf", "archivo": "gm_manifestacion_2879528.pdf", "fecha": "05-10-2026", "edicion": "44566" }, "geometry": { "type": "Polygon", "coordinates": [ [ [ -69.523126960285197, -24.059138548216279 ], [ -69.503455365844772, -24.059204513159042 ], [ -69.503490604903988, -24.068236302003356 ], [ -69.523163576095811, -24.068170309227209 ], [ -69.523126960285197, -24.059138548216279 ] ] ] } },
{ "type": "Feature", "properties": { "cve": "2879529", "nombre": "SELENA B 1, 1 AL 100", "solicitante": "Laso Lyons Cristian Enrique", "region": "REGIÓN DE ANTOFAGASTA", "provincia": "Provincia de Antofagasta", "comuna": null, "superficie_ha": 100.0, "datum_original": "PSAD56", "huso": 19, "epsg_origen": 24879, "tipo_publicacion": "manifestacion", "fuente_pdf": "http://www.diariooficial.interior.gob.cl/publicaciones/2026/10/05/44566/07/2879529.pdf", "archivo": "gm_manifestacion_2879529.pdf", "fecha": "05-10-2026", "edicion": "44566" }, "geometry": { "type": "Polygon", "coordinates": [ [ [ -70.298831104838598, -23.960603346450437 ], [ -70.28900491718295, -23.960686164331079 ], [ -70.289094717947407, -23.969716124094163 ], [ -70.298921589694132, -23.969633271167147 ], [ -70.298831104838598, -23.960603346450437 ] ] ] } },
{ "type": "Feature", "properties": { "cve": "2879488", "nombre": "BRUNO 4A 1 AL 12", "solicitante": "Sandoval González Rodrigo Andrés", "region": "REGIÓN DE ATACAMA", "provincia": "Provincia de Copiapó", "comuna": "Copiapó", "superficie_ha": 12.0, "datum_original": "PSAD56", "huso": 19, "epsg_origen": 24879, "tipo_publicacion": "manifestacion", "fuente_pdf": "http://www.diariooficial.interior.gob.cl/publicaciones/2026/10/05/44566/07/2879488.pdf", "archivo": "gm_manifestacion_2879488.pdf", "fecha": "05-10-2026", "edicion": "44566" }, "geometry": { "type": "Polygon", "coordinates": [ [ [ -70.726876975032766, -27.757417545343703 ], [ -70.722819630527539, -27.757468159959931 ], [ -70.722862255426008, -27.760175214919684 ], [ -70.726919700193974, -27.760124594527007 ], [ -70.726876975032766, -27.757417545343703 ] ] ] } },
{ "type": "Feature", "properties": { "cve": "2880472", "nombre": "CALDERA I 1 al 54", "solicitante": "Incomec SpA", "region": "REGIÓN DE ATACAMA", "provincia": "Provincia de Copiapó", "comuna": "Caldera", "superficie_ha": 1.0, "datum_original": "PSAD56", "huso": 19, "epsg_origen": 24879, "tipo_publicacion": "manifestacion", "fuente_pdf": "http://www.diariooficial.interior.gob.cl/publicaciones/2026/10/05/44566/07/2880472.pdf", "archivo": "gm_manifestacion_2880472.pdf", "fecha": "05-10-2026", "edicion": "44566" }, "geometry": { "type": "Polygon", "coordinates": [ [ [ -70.759848705545167, -26.795758691306194 ], [ -70.758843081660359, -26.795771186218285 ], [ -70.758857001278741, -26.796673645692831 ], [ -70.759862633112107, -26.796661150293748 ], [ -70.759848705545167, -26.795758691306194 ] ] ] } },
{ "type": "Feature", "properties": { "cve": "2880473", "nombre": "CALDERA II 1 al 54", "solicitante": "Incomec SpA", "region": "REGIÓN DE ATACAMA", "provincia": "Provincia de Copiapó", "comuna": "Caldera", "superficie_ha": 1.0, "datum_original": "PSAD56", "huso": 19, "epsg_origen": 24879, "tipo_publicacion": "manifestacion", "fuente_pdf": "http://www.diariooficial.interior.gob.cl/publicaciones/2026/10/05/44566/07/2880473.pdf", "archivo": "gm_manifestacion_2880473.pdf", "fecha": "05-10-2026", "edicion": "44566" }, "geometry": { "type": "Polygon", "coordinates": [ [ [ -70.661995137436705, -26.782904690052316 ], [ -70.660989575336927, -26.782916484983225 ], [ -70.661002713434712, -26.783818992316323 ], [ -70.662008283479366, -26.783807196925537 ], [ -70.661995137436705, -26.782904690052316 ] ] ] } },
{ "type": "Feature", "properties": { "cve": "2880474", "nombre": "CALDERA III 1 AL 60", "solicitante": "Incomec SpA", "region": "REGIÓN DE ATACAMA", "provincia": "Provincia de Copiapó", "comuna": "Caldera", "superficie_ha": 1.0, "datum_original": "PSAD56", "huso": 19, "epsg_origen": 24879, "tipo_publicacion": "manifestacion", "fuente_pdf": "http://www.diariooficial.interior.gob.cl/publicaciones/2026/10/05/44566/07/2880474.pdf", "archivo": "gm_manifestacion_2880474.pdf", "fecha": "05-10-2026", "edicion": "44566" }, "geometry": { "type": "Polygon", "coordinates": [ [ [ -70.652501613469454, -26.884158566391697 ], [ -70.651495152080699, -26.884170334820134 ], [ -70.65150827248047, -26.885072833477384 ], [ -70.652514741856251, -26.885061064591294 ], [ -70.652501613469454, -26.884158566391697 ] ] ] } },
{ "type": "Feature", "properties": { "cve": "2880307", "nombre": "CUMBRE III 1 AL 10", "solicitante": "Leal Paz Juan Pablo", "region": "REGIÓN DE ATACAMA", "provincia": "Provincia de Copiapó", "comuna": null, "superficie_ha": 100.0, "datum_original": "PSAD56", "huso": 19, "epsg_origen": 24879, "tipo_publicacion": "manifestacion", "fuente_pdf": "http://www.diariooficial.interior.gob.cl/publicaciones/2026/10/05/44566/07/2880307.pdf", "archivo": "gm_manifestacion_2880307.pdf", "fecha": "05-10-2026", "edicion": "44566" }, "geometry": { "type": "Polygon", "coordinates": [ [ [ -69.646462770095852, -26.921234460340209 ], [ -69.636391297531915, -26.921280217448093 ], [ -69.636441953743088, -26.930308357890354 ], [ -69.646514227852705, -26.930262582998282 ], [ -69.646462770095852, -26.921234460340209 ] ] ] } },
{ "type": "Feature", "properties": { "cve": "2880308", "nombre": "CUMBRE IV 1 AL 10", "solicitante": "Leal Paz Juan Pablo", "region": "REGIÓN DE ATACAMA", "provincia": "Provincia de Copiapó", "comuna": null, "superficie_ha": 100.0, "datum_original": "PSAD56", "huso": 19, "epsg_origen": 24879, "tipo_publicacion": "manifestacion", "fuente_pdf": "http://www.diariooficial.interior.gob.cl/publicaciones/2026/10/05/44566/07/2880308.pdf", "archivo": "gm_manifestacion_2880308.pdf", "fecha": "05-10-2026", "edicion": "44566" }, "geometry": { "type": "Polygon", "coordinates": [ [ [ -69.636391297531915, -26.921280217448093 ], [ -69.626319801190633, -26.921325256191537 ], [ -69.626369655847952, -26.930353414138796 ], [ -69.636441953743088, -26.930308357890354 ], [ -69.636391297531915, -26.921280217448093 ] ] ] } },
{ "type": "Feature", "properties": { "cve": "2880281", "nombre": "DON RAUL III 1 AL 10", "solicitante": "Leal Paz Juan Pablo", "region": "REGIÓN DE ATACAMA", "provincia": "Provincia de Copiapó", "comuna": null, "superficie_ha": 100.0, "datum_original": "PSAD56", "huso": 19, "epsg_origen": 24879, "tipo_publicacion": "manifestacion", "fuente_pdf": "http://www.diariooficial.interior.gob.cl/publicaciones/2026/10/05/44566/07/2880281.pdf", "archivo": "gm_manifestacion_2880281.pdf", "fecha": "05-10-2026", "edicion": "44566" }, "geometry": { "type": "Polygon", "coordinates": [ [ [ -69.626319801190633, -26.921325256191537 ], [ -69.616248281448208, -26.921369576564167 ], [ -69.616297334543631, -26.930397751737235 ], [ -69.626369655847952, -26.930353414138796 ], [ -69.626319801190633, -26.921325256191537 ] ] ] } },
{ "type": "Feature", "properties": { "cve": "2880265", "nombre": "DON RAÚL IV 1 AL 10", "solicitante": "Leal Paz Juan Pablo", "region": "REGIÓN DE ATACAMA", "provincia": "Provincia de Copiapó", "comuna": null, "superficie_ha": 100.0, "datum_original": "PSAD56", "huso": 19, "epsg_origen": 24879, "tipo_publicacion": "manifestacion", "fuente_pdf": "http://www.diariooficial.interior.gob.cl/publicaciones/2026/10/05/44566/07/2880265.pdf", "archivo": "gm_manifestacion_2880265.pdf", "fecha": "05-10-2026", "edicion": "44566" }, "geometry": { "type": "Polygon", "coordinates": [ [ [ -69.626319801190633, -26.921325256191537 ], [ -69.616248281448208, -26.921369576564167 ], [ -69.616297334543631, -26.930397751737235 ], [ -69.626369655847952, -26.930353414138796 ], [ -69.626319801190633, -26.921325256191537 ] ] ] } },
{ "type": "Feature", "properties": { "cve": "2879597", "nombre": "JUANITA, 1 AL 5", "solicitante": "Onix Inversiones SpA", "region": "REGIÓN DE ATACAMA", "provincia": "Provincia de Copiapó", "comuna": null, "superficie_ha": 25.0, "datum_original": "WGS84", "huso": 19, "epsg_origen": 32719, "tipo_publicacion": "manifestacion", "fuente_pdf": "http://www.diariooficial.interior.gob.cl/publicaciones/2026/10/05/44566/07/2879597.pdf", "archivo": "gm_manifestacion_2879597.pdf", "fecha": "05-10-2026", "edicion": "44566" }, "geometry": { "type": "Polygon", "coordinates": [ [ [ -70.387701507098157, -27.560175264990651 ], [ -70.382638102903442, -27.56022575146751 ], [ -70.382694654693736, -27.564738366360487 ], [ -70.387758265826889, -27.564687870232856 ], [ -70.387701507098157, -27.560175264990651 ] ] ] } },
{ "type": "Feature", "properties": { "cve": "2880282", "nombre": "MILA 1 AL 20", "solicitante": "Leal Paz Juan Pablo", "region": "REGIÓN DE ATACAMA", "provincia": "Provincia de Copiapó", "comuna": null, "superficie_ha": 200.0, "datum_original": "PSAD56", "huso": 19, "epsg_origen": 24879, "tipo_publicacion": "manifestacion", "fuente_pdf": "http://www.diariooficial.interior.gob.cl/publicaciones/2026/10/05/44566/07/2880282.pdf", "archivo": "gm_manifestacion_2880282.pdf", "fecha": "05-10-2026", "edicion": "44566" }, "geometry": { "type": "Polygon", "coordinates": [ [ [ -69.621234613556993, -26.912319327852519 ], [ -69.611163883444689, -26.912363271953812 ], [ -69.611261165230644, -26.930419651040722 ], [ -69.621333498098423, -26.930375672769657 ], [ -69.621234613556993, -26.912319327852519 ] ] ] } },
{ "type": "Feature", "properties": { "cve": "2880283", "nombre": "MILA I 1 AL 6", "solicitante": "Leal Paz Juan Pablo", "region": "REGIÓN DE ATACAMA", "provincia": "Provincia de Copiapó", "comuna": null, "superficie_ha": 60.0, "datum_original": "PSAD56", "huso": 19, "epsg_origen": 24879, "tipo_publicacion": "manifestacion", "fuente_pdf": "http://www.diariooficial.interior.gob.cl/publicaciones/2026/10/05/44566/07/2880283.pdf", "archivo": "gm_manifestacion_2880283.pdf", "fecha": "05-10-2026", "edicion": "44566" }, "geometry": { "type": "Polygon", "coordinates": [ [ [ -69.634225654632431, -26.894204780397025 ], [ -69.628184198264535, -26.894231772143961 ], [ -69.628234142827466, -26.903259961791154 ], [ -69.634276079450729, -26.903232959546099 ], [ -69.634225654632431, -26.894204780397025 ] ] ] } },
{ "type": "Feature", "properties": { "cve": "2880284", "nombre": "MILA II 1 AL 10", "solicitante": "Leal Paz Juan Pablo", "region": "REGIÓN DE ATACAMA", "provincia": "Provincia de Copiapó", "comuna": null, "superficie_ha": 100.0, "datum_original": "PSAD56", "huso": 19, "epsg_origen": 24879, "tipo_publicacion": "manifestacion", "fuente_pdf": "http://www.diariooficial.interior.gob.cl/publicaciones/2026/10/05/44566/07/2880284.pdf", "archivo": "gm_manifestacion_2880284.pdf", "fecha": "05-10-2026", "edicion": "44566" }, "geometry": { "type": "Polygon", "coordinates": [ [ [ -69.636290056434277, -26.903223901373078 ], [ -69.626220162072215, -26.903268905114665 ], [ -69.626269969934739, -26.912297086515924 ], [ -69.636340665098373, -26.912252065274771 ], [ -69.636290056434277, -26.903223901373078 ] ] ] } },
{ "type": "Feature", "properties": { "cve": "2880085", "nombre": "NIEVE 1 D, 1 AL 40", "solicitante": "Norte Abierto SpA", "region": "REGIÓN DE ATACAMA", "provincia": "Provincia de Copiapó", "comuna": "Tierra Amarilla", "superficie_ha": 200.0, "datum_original": "PSAD56", "huso": 19, "epsg_origen": 24879, "tipo_publicacion": "manifestacion", "fuente_pdf": "http://www.diariooficial.interior.gob.cl/publicaciones/2026/10/05/44566/07/2880085.pdf", "archivo": "gm_manifestacion_2880085.pdf", "fecha": "05-10-2026", "edicion": "44566" }, "geometry": { "type": "Polygon", "coordinates": [ [ [ -69.559677290240003, -27.693495145856627 ], [ -69.549535706405948, -27.693535751853045 ], [ -69.549626150947276, -27.711590294113801 ], [ -69.559769403708785, -27.711549657157629 ], [ -69.559677290240003, -27.693495145856627 ] ] ] } },
{ "type": "Feature", "properties": { "cve": "2880086", "nombre": "NIEVE 3 D, 1 AL 20", "solicitante": "Norte Abierto SpA", "region": "REGIÓN DE ATACAMA", "provincia": "Provincia de Copiapó", "comuna": "Tierra Amarilla", "superficie_ha": 100.0, "datum_original": "PSAD56", "huso": 19, "epsg_origen": 24879, "tipo_publicacion": "manifestacion", "fuente_pdf": "http://www.diariooficial.interior.gob.cl/publicaciones/2026/10/05/44566/07/2880086.pdf", "archivo": "gm_manifestacion_2880086.pdf", "fecha": "05-10-2026", "edicion": "44566" }, "geometry": { "type": "Polygon", "coordinates": [ [ [ -69.503985407721402, -27.712666697988823 ], [ -69.493841960654677, -27.712703249680558 ], [ -69.493882623463534, -27.721730581811627 ], [ -69.504026905653532, -27.721694016193112 ], [ -69.503985407721402, -27.712666697988823 ] ] ] } },
{ "type": "Feature", "properties": { "cve": "2880087", "nombre": "NIEVE 5 D, 1 AL 20", "solicitante": "Norte Abierto SpA", "region": "REGIÓN DE ATACAMA", "provincia": "Provincia de Copiapó", "comuna": "Tierra Amarilla", "superficie_ha": 100.0, "datum_original": "PSAD56", "huso": 19, "epsg_origen": 24879, "tipo_publicacion": "manifestacion", "fuente_pdf": "http://www.diariooficial.interior.gob.cl/publicaciones/2026/10/05/44566/07/2880087.pdf", "archivo": "gm_manifestacion_2880087.pdf", "fecha": "05-10-2026", "edicion": "44566" }, "geometry": { "type": "Polygon", "coordinates": [ [ [ -69.407837016421567, -27.770759341143233 ], [ -69.3976880537125, -27.770788905381242 ], [ -69.397720879964041, -27.77981627943262 ], [ -69.407870680340139, -27.779786703945945 ], [ -69.407837016421567, -27.770759341143233 ] ] ] } },
{ "type": "Feature", "properties": { "cve": "2880007", "nombre": "PAZ DOS 1-30", "solicitante": "Astudillo Araya Luis Darío y otros", "region": "REGIÓN DE ATACAMA", "provincia": "Provincia de Copiapó", "comuna": "Caldera", "superficie_ha": 300.0, "datum_original": "PSAD56", "huso": 19, "epsg_origen": 24879, "tipo_publicacion": "manifestacion", "fuente_pdf": "http://www.diariooficial.interior.gob.cl/publicaciones/2026/10/05/44566/07/2880007.pdf", "archivo": "gm_manifestacion_2880007.pdf", "fecha": "05-10-2026", "edicion": "44566" }, "geometry": { "type": "Polygon", "coordinates": [ [ [ -70.449211171460504, -26.927914304540018 ], [ -70.439141682420669, -26.928017341906273 ], [ -70.439485578453457, -26.955094798247313 ], [ -70.449557471643203, -26.954991640772953 ], [ -70.449211171460504, -26.927914304540018 ] ] ] } },
{ "type": "Feature", "properties": { "cve": "2880008", "nombre": "PAZ TRES 1-30", "solicitante": "Astudillo Araya Luis Darío y otros", "region": "REGIÓN DE ATACAMA", "provincia": "Provincia de Copiapó", "comuna": "Caldera", "superficie_ha": 300.0, "datum_original": "PSAD56", "huso": 19, "epsg_origen": 24879, "tipo_publicacion": "manifestacion", "fuente_pdf": "http://www.diariooficial.interior.gob.cl/publicaciones/2026/10/05/44566/07/2880008.pdf", "archivo": "gm_manifestacion_2880008.pdf", "fecha": "05-10-2026", "edicion": "44566" }, "geometry": { "type": "Polygon", "coordinates": [ [ [ -70.439141682420669, -26.928017341906273 ], [ -70.429072139617844, -26.928119661353094 ], [ -70.429413631445357, -26.955197236965571 ], [ -70.439485578453457, -26.955094798247313 ], [ -70.439141682420669, -26.928017341906273 ] ] ] } },
{ "type": "Feature", "properties": { "cve": "2880009", "nombre": "PAZ UNO 1-30", "solicitante": "Astudillo Araya Luis Darío y otros", "region": "REGIÓN DE ATACAMA", "provincia": "Provincia de Copiapó", "comuna": "Caldera", "superficie_ha": 300.0, "datum_original": "PSAD56", "huso": 19, "epsg_origen": 24879, "tipo_publicacion": "manifestacion", "fuente_pdf": "http://www.diariooficial.interior.gob.cl/publicaciones/2026/10/05/44566/07/2880009.pdf", "archivo": "gm_manifestacion_2880009.pdf", "fecha": "05-10-2026", "edicion": "44566" }, "geometry": { "type": "Polygon", "coordinates": [ [ [ -70.45928060636156, -26.927810549268891 ], [ -70.449211171460504, -26.927914304540018 ], [ -70.449557471643203, -26.954991640772953 ], [ -70.459629310638462, -26.954887764557085 ], [ -70.45928060636156, -26.927810549268891 ] ] ] } },
{ "type": "Feature", "properties": { "cve": "2880250", "nombre": "BELEROFONTE, 1 AL 60", "solicitante": "Cruzat Segú Jaime Andrés", "region": "REGIÓN DE ATACAMA", "provincia": "Provincia de Chañaral", "comuna": "Diego De Almagro", "superficie_ha": 600.0, "datum_original": "PSAD56", "huso": 19, "epsg_origen": 24879, "tipo_publicacion": "manifestacion", "fuente_pdf": "http://www.diariooficial.interior.gob.cl/publicaciones/2026/10/05/44566/07/2880250.pdf", "archivo": "gm_manifestacion_2880250.pdf", "fecha": "05-10-2026", "edicion": "44566" }, "geometry": { "type": "Polygon", "coordinates": [ [ [ -69.191784895245164, -26.055778348817221 ], [ -69.171791024019683, -26.055803514044175 ], [ -69.171830544984275, -26.082892768646786 ], [ -69.191829015785814, -26.082867573385176 ], [ -69.191784895245164, -26.055778348817221 ] ] ] } },
{ "type": "Feature", "properties": { "cve": "2880475", "nombre": "CHAÑARAL I", "solicitante": "Incomec SpA", "region": "REGIÓN DE ATACAMA", "provincia": "Provincia de Chañaral", "comuna": "Chañaral", "superficie_ha": 2.0, "datum_original": "PSAD56", "huso": 19, "epsg_origen": 24879, "tipo_publicacion": "manifestacion", "fuente_pdf": "http://www.diariooficial.interior.gob.cl/publicaciones/2026/10/05/44566/07/2880475.pdf", "archivo": "gm_manifestacion_2880475.pdf", "fecha": "05-10-2026", "edicion": "44566" }, "geometry": { "type": "Polygon", "coordinates": [ [ [ -70.220341867035145, -26.526990896260916 ], [ -70.218334831033346, -26.52700805675704 ], [ -70.218344361776417, -26.527910772853737 ], [ -70.220351413469302, -26.527893611683854 ], [ -70.220341867035145, -26.526990896260916 ] ] ] } },
{ "type": "Feature", "properties": { "cve": "2879508", "nombre": "TOMY 1 AL 4", "solicitante": "Barraza Cortés Luis Humberto", "region": "REGIÓN DE ATACAMA", "provincia": "Provincia de Chañaral", "comuna": null, "superficie_ha": 12.0, "datum_original": "PSAD56", "huso": 19, "epsg_origen": 24879, "tipo_publicacion": "manifestacion", "fuente_pdf": "http://www.diariooficial.interior.gob.cl/publicaciones/2026/10/05/44566/07/2879508.pdf", "archivo": "gm_manifestacion_2879508.pdf", "fecha": "05-10-2026", "edicion": "44566" }, "geometry": { "type": "Polygon", "coordinates": [ [ [ -70.034171222398669, -26.694762221257349 ], [ -70.031156078937144, -26.694784148968026 ], [ -70.03118858442501, -26.698395159404175 ], [ -70.034203822892707, -26.698373228264764 ], [ -70.034171222398669, -26.694762221257349 ] ] ] } },
{ "type": "Feature", "properties": { "cve": "2879399", "nombre": "DESPRECIADA DOS 1 AL 3", "solicitante": "Cuello Daza José Isaac", "region": "REGIÓN DE COQUIMBO", "provincia": "Provincia de Elqui", "comuna": null, "superficie_ha": 9.0, "datum_original": "WGS84", "huso": 19, "epsg_origen": 32719, "tipo_publicacion": "manifestacion", "fuente_pdf": "http://www.diariooficial.interior.gob.cl/publicaciones/2026/10/05/44566/07/2879399.pdf", "archivo": "gm_manifestacion_2879399.pdf", "fecha": "05-10-2026", "edicion": "44566" }, "geometry": { "type": "Polygon", "coordinates": [ [ [ -71.083764820736661, -30.196096932389242 ], [ -71.080650245237507, -30.196146406537604 ], [ -71.080707161121722, -30.1988519166988 ], [ -71.083821821669446, -30.198802437203486 ], [ -71.083764820736661, -30.196096932389242 ] ] ] } },
{ "type": "Feature", "properties": { "cve": "2879846", "nombre": "El Barreta 1 al 12", "solicitante": "Yáñez Yáñez Santiago Abdon", "region": "REGIÓN DE COQUIMBO", "provincia": "Provincia de Elqui", "comuna": "Andacollo", "superficie_ha": 72.0, "datum_original": "PSAD56", "huso": 19, "epsg_origen": 24879, "tipo_publicacion": "manifestacion", "fuente_pdf": "http://www.diariooficial.interior.gob.cl/publicaciones/2026/10/05/44566/07/2879846.pdf", "archivo": "gm_manifestacion_2879846.pdf", "fecha": "05-10-2026", "edicion": "44566" }, "geometry": { "type": "Polygon", "coordinates": [ [ [ -71.085088167469891, -30.168336152724503 ], [ -71.078860776948886, -30.168434996450877 ], [ -71.079088011700009, -30.179257058672228 ], [ -71.085316081719796, -30.179158172186412 ], [ -71.085088167469891, -30.168336152724503 ] ] ] } },
{ "type": "Feature", "properties": { "cve": "2879227", "nombre": "AUGUSTO 1/3", "solicitante": "Valle Rivadeneira José Alberto", "region": "REGIÓN DE COQUIMBO", "provincia": "Provincia de Choapa", "comuna": null, "superficie_ha": 3.0, "datum_original": "WGS84", "huso": 19, "epsg_origen": 32719, "tipo_publicacion": "manifestacion", "fuente_pdf": "http://www.diariooficial.interior.gob.cl/publicaciones/2026/10/05/44566/07/2879227.pdf", "archivo": "gm_manifestacion_2879227.pdf", "fecha": "05-10-2026", "edicion": "44566" }, "geometry": { "type": "Polygon", "coordinates": [ [ [ -71.092701203852798, -31.571340055990383 ], [ -71.09164808069977, -31.571357301234784 ], [ -71.091708497450014, -31.574062217373072 ], [ -71.092761650968129, -31.574044970313203 ], [ -71.092701203852798, -31.571340055990383 ] ] ] } },
{ "type": "Feature", "properties": { "cve": "2879161", "nombre": "LA PEPA DE ORO 1 AL 10", "solicitante": "W Minerals SpA", "region": "REGIÓN DE COQUIMBO", "provincia": "Provincia de Choapa", "comuna": null, "superficie_ha": 100.0, "datum_original": "WGS84", "huso": 19, "epsg_origen": 32719, "tipo_publicacion": "manifestacion", "fuente_pdf": "http://www.diariooficial.interior.gob.cl/publicaciones/2026/10/05/44566/07/2879161.pdf", "archivo": "gm_manifestacion_2879161.pdf", "fecha": "05-10-2026", "edicion": "44566" }, "geometry": { "type": "Polygon", "coordinates": [ [ [ -71.196526706664372, -31.753383448441248 ], [ -71.185975595345255, -31.753564991810652 ], [ -71.186187596958973, -31.762580560124164 ], [ -71.196739729550956, -31.762398953256181 ], [ -71.196526706664372, -31.753383448441248 ] ] ] } },
{ "type": "Feature", "properties": { "cve": "2879504", "nombre": "ESPERANZA 1 AL 4", "solicitante": "Arancibia Cortés Jacobo Alberto y otro", "region": "REGIÓN DE COQUIMBO", "provincia": "Provincia de Limarí", "comuna": null, "superficie_ha": 20.0, "datum_original": "PSAD56", "huso": 19, "epsg_origen": 24879, "tipo_publicacion": "manifestacion", "fuente_pdf": "http://www.diariooficial.interior.gob.cl/publicaciones/2026/10/05/44566/07/2879504.pdf", "archivo": "gm_manifestacion_2879504.pdf", "fecha": "05-10-2026", "edicion": "44566" }, "geometry": { "type": "Polygon", "coordinates": [ [ [ -71.085905024509174, -30.76856318366373 ], [ -71.080683618610763, -30.768647078907986 ], [ -71.080761252724045, -30.772254096416027 ], [ -71.085982853098713, -30.772170189217654 ], [ -71.085905024509174, -30.76856318366373 ] ] ] } },
{ "type": "Feature", "properties": { "cve": "2879384", "nombre": "BRIGITTE DEL 1 AL 5", "solicitante": "Contreras Bugueño Juan Ricardo", "region": "REGIÓN DE VALPARAÍSO", "provincia": "Provincia de Petorca", "comuna": "Papudo", "superficie_ha": 30.0, "datum_original": "PSAD56", "huso": 19, "epsg_origen": 24879, "tipo_publicacion": "manifestacion", "fuente_pdf": "http://www.diariooficial.interior.gob.cl/publicaciones/2026/10/05/44566/07/2879384.pdf", "archivo": "gm_manifestacion_2879384.pdf", "fecha": "05-10-2026", "edicion": "44566" }, "geometry": { "type": "Polygon", "coordinates": [ [ [ -71.403341849078089, -32.517220302116741 ], [ -71.392704034243934, -32.517423181412703 ], [ -71.392775715274141, -32.520127120739872 ], [ -71.403413848051443, -32.519924220436707 ], [ -71.403341849078089, -32.517220302116741 ] ] ] } },
{ "type": "Feature", "properties": { "cve": "2879385", "nombre": "GUAYA DEL 1-7", "solicitante": "Rojas Cortés Wilson Belmar", "region": "REGIÓN DE VALPARAÍSO", "provincia": "Provincia de Petorca", "comuna": "Cabildo", "superficie_ha": 63.0, "datum_original": "PSAD56", "huso": 19, "epsg_origen": 24879, "tipo_publicacion": "manifestacion", "fuente_pdf": "http://www.diariooficial.interior.gob.cl/publicaciones/2026/10/05/44566/07/2879385.pdf", "archivo": "gm_manifestacion_2879385.pdf", "fecha": "05-10-2026", "edicion": "44566" }, "geometry": { "type": "Polygon", "coordinates": [ [ [ -70.921890671115122, -32.535962479418487 ], [ -70.9123116141959, -32.536108541801546 ], [ -70.912445411273481, -32.542419708036718 ], [ -70.922025137399132, -32.542273610362464 ], [ -70.921890671115122, -32.535962479418487 ] ] ] } },
{ "type": "Feature", "properties": { "cve": "2879402", "nombre": "CHILENISIMA 1 AL 9", "solicitante": "Arancibia Cadiz Francisco Jesus", "region": "REGIÓN DE VALPARAÍSO", "provincia": "Provincia de San Felipe de Aconcagua", "comuna": "Putaendo", "superficie_ha": 9.0, "datum_original": "PSAD56", "huso": 19, "epsg_origen": 24879, "tipo_publicacion": "manifestacion", "fuente_pdf": "http://www.diariooficial.interior.gob.cl/publicaciones/2026/10/05/44566/07/2879402.pdf", "archivo": "gm_manifestacion_2879402.pdf", "fecha": "05-10-2026", "edicion": "44566" }, "geometry": { "type": "Polygon", "coordinates": [ [ [ -70.762121501046579, -32.559949206395174 ], [ -70.758927353559926, -32.559993947773698 ], [ -70.758980141082432, -32.562698956640588 ], [ -70.76217438430848, -32.56265421063069 ], [ -70.762121501046579, -32.559949206395174 ] ] ] } },
{ "type": "Feature", "properties": { "cve": "2879037", "nombre": "LA ROCA 1, 1 AL 24", "solicitante": "Valdenegro Herrada Carolina Johana", "region": "REGIÓN METROPOLITANA DE SANTIAGO", "provincia": "Provincia de Melipilla", "comuna": null, "superficie_ha": 72.0, "datum_original": "PSAD56", "huso": 19, "epsg_origen": 24879, "tipo_publicacion": "manifestacion", "fuente_pdf": "http://www.diariooficial.interior.gob.cl/publicaciones/2026/10/05/44566/07/2879037.pdf", "archivo": "gm_manifestacion_2879037.pdf", "fecha": "05-10-2026", "edicion": "44566" }, "geometry": { "type": "Polygon", "coordinates": [ [ [ -71.423709392181223, -33.891976870782905 ], [ -71.417226268412449, -33.892104297721247 ], [ -71.417531541999878, -33.902917443981451 ], [ -71.424015482575882, -33.902789965380023 ], [ -71.423709392181223, -33.891976870782905 ] ] ] } },
{ "type": "Feature", "properties": { "cve": "2879390", "nombre": "ANTONINA 1 AL 40", "solicitante": "Kurapov Sergey", "region": "REGIÓN DEL BIOBÍO", "provincia": "Provincia de Arauco", "comuna": null, "superficie_ha": 200.0, "datum_original": "PSAD56", "huso": 18, "epsg_origen": 24878, "tipo_publicacion": "manifestacion", "fuente_pdf": "http://www.diariooficial.interior.gob.cl/publicaciones/2026/10/05/44566/07/2879390.pdf", "archivo": "gm_manifestacion_2879390.pdf", "fecha": "05-10-2026", "edicion": "44566" }, "geometry": { "type": "Polygon", "coordinates": [ [ [ -73.051131985318818, -37.519650277139576 ], [ -73.039822166205909, -37.519463064284551 ], [ -73.039350514310897, -37.537479700406259 ], [ -73.050663050544571, -37.537667034397295 ], [ -73.051131985318818, -37.519650277139576 ] ] ] } },
{ "type": "Feature", "properties": { "cve": "2879552", "nombre": "VISVIRI E014 1/300", "solicitante": "Minera Andes del Sur", "region": "REGIÓN DE ARICA Y PARINACOTA", "provincia": "Provincia de Arica", "comuna": null, "superficie_ha": 300.0, "datum_original": "PSAD56", "huso": 19, "epsg_origen": 24879, "tipo_publicacion": "mensura", "fuente_pdf": "http://www.diariooficial.interior.gob.cl/publicaciones/2026/10/05/44566/07/2879552.pdf", "archivo": "gm_mensura_2879552.pdf", "fecha": "05-10-2026", "edicion": "44566" }, "geometry": { "type": "Polygon", "coordinates": [ [ [ -69.728753414161218, -17.891785317904702 ], [ -69.700434711248761, -17.891889194152505 ], [ -69.700470169595278, -17.900927096750515 ], [ -69.72879030579189, -17.900823164574565 ], [ -69.728753414161218, -17.891785317904702 ] ] ] } },
{ "type": "Feature", "properties": { "cve": "2880171", "nombre": "AMANECER SEGUNDA 1 AL 20", "solicitante": "SLM Amanecer Segunda I de la Comuna de Taltal", "region": "REGIÓN DE ANTOFAGASTA", "provincia": "Provincia de Antofagasta", "comuna": null, "superficie_ha": 100.0, "datum_original": "PSAD56", "huso": 19, "epsg_origen": 24879, "tipo_publicacion": "mensura", "fuente_pdf": "http://www.diariooficial.interior.gob.cl/publicaciones/2026/10/05/44566/07/2880171.pdf", "archivo": "gm_mensura_2880171.pdf", "fecha": "05-10-2026", "edicion": "44566" }, "geometry": { "type": "Polygon", "coordinates": [ [ [ -70.160702511477538, -24.945125215856908 ], [ -70.150799168887033, -24.945202031146181 ], [ -70.150883080140233, -24.954231271571153 ], [ -70.160787144445734, -24.954154424745546 ], [ -70.160702511477538, -24.945125215856908 ] ] ] } },
{ "type": "Feature", "properties": { "cve": "2879494", "nombre": "INTI DOS 1 AL 1", "solicitante": "SLM Inti Dos Primera de la Comuna de Taltal", "region": "REGIÓN DE ANTOFAGASTA", "provincia": "Provincia de Antofagasta", "comuna": null, "superficie_ha": 1.0, "datum_original": "PSAD56", "huso": 19, "epsg_origen": 24879, "tipo_publicacion": "mensura", "fuente_pdf": "http://www.diariooficial.interior.gob.cl/publicaciones/2026/10/05/44566/07/2879494.pdf", "archivo": "gm_mensura_2879494.pdf", "fecha": "05-10-2026", "edicion": "44566" }, "geometry": { "type": "Polygon", "coordinates": [ [ [ -70.474215744863798, -25.393372900561353 ], [ -70.473221911097312, -25.393382858848103 ], [ -70.473232870673016, -25.394285611416539 ], [ -70.47422671182629, -25.394275652726364 ], [ -70.474215744863798, -25.393372900561353 ] ] ] } },
{ "type": "Feature", "properties": { "cve": "2879556", "nombre": "ROSARIO I 6, 1 AL 11", "solicitante": "Mantos Copper S.A.", "region": "REGIÓN DE ANTOFAGASTA", "provincia": "Provincia de Antofagasta", "comuna": null, "superficie_ha": 27.0, "datum_original": "PSAD56", "huso": 19, "epsg_origen": 24879, "tipo_publicacion": "mensura", "fuente_pdf": "http://www.diariooficial.interior.gob.cl/publicaciones/2026/10/05/44566/07/2879556.pdf", "archivo": "gm_mensura_2879556.pdf", "fecha": "05-10-2026", "edicion": "44566" }, "geometry": { "type": "Polygon", "coordinates": [ [ [ -70.012971460989121, -23.428987412707922 ], [ -70.011013969468365, -23.42900009753485 ], [ -70.01102083630326, -23.42990324490264 ], [ -70.011999588880258, -23.429896905282131 ], [ -70.012006462703482, -23.430800052269717 ], [ -70.012985221582284, -23.430793706243922 ], [ -70.012992102394492, -23.431696852851054 ], [ -70.014949632411543, -23.431684141855271 ], [ -70.014956526859308, -23.432587287807923 ], [ -70.015935297997189, -23.432580922837165 ], [ -70.015942199435585, -23.433484068408525 ], [ -70.017899753969047, -23.433471319519732 ], [ -70.017906669045246, -23.434374464434988 ], [ -70.018885452440458, -23.434368080516162 ], [ -70.018892374508965, -23.435271225049323 ], [ -70.020849953555242, -23.435258438261286 ], [ -70.02085688926384, -23.436161582136734 ], [ -70.021835684914564, -23.436155179266748 ], [ -70.02184957066649, -23.4379614661445 ], [ -70.028701223558244, -23.437916470434473 ], [ -70.028694233974633, -23.437013328985987 ], [ -70.022821429568467, -23.437051913479579 ], [ -70.022807531215634, -23.435245626938979 ], [ -70.021828742558839, -23.43525203566691 ], [ -70.02182180054993, -23.43434889195979 ], [ -70.019864235489848, -23.434361690464016 ], [ -70.019857307120674, -23.433458546098645 ], [ -70.018878530717743, -23.433464935875719 ], [ -70.018871609340835, -23.432561791127988 ], [ -70.016914068790285, -23.432574551733577 ], [ -70.016907161050838, -23.43167140632924 ], [ -70.01592839690359, -23.431677777158537 ], [ -70.015921496154746, -23.430774631372639 ], [ -70.013963980117325, -23.430787354085801 ], [ -70.013957093003654, -23.429884207644907 ], [ -70.012978341113822, -23.429890559529539 ], [ -70.012971460989121, -23.428987412707922 ] ] ] } },
{ "type": "Feature", "properties": { "cve": "2880151", "nombre": "BASIN B III 11, 1 AL 30", "solicitante": "Compañía Minera Kairos Chile SpA", "region": "REGIÓN DE ANTOFAGASTA", "provincia": "Provincia de El Loa", "comuna": null, "superficie_ha": 300.0, "datum_original": "PSAD56", "huso": 19, "epsg_origen": 24879, "tipo_publicacion": "mensura", "fuente_pdf": "http://www.diariooficial.interior.gob.cl/publicaciones/2026/10/05/44566/07/2880151.pdf", "archivo": "gm_mensura_2880151.pdf", "fecha": "05-10-2026", "edicion": "44566" }, "geometry": { "type": "Polygon", "coordinates": [ [ [ -67.220877372439091, -23.02481391316341 ], [ -67.191613105955525, -23.024482176765819 ], [ -67.191492633936548, -23.033511006471141 ], [ -67.220758847433856, -23.033842887612618 ], [ -67.220877372439091, -23.02481391316341 ] ] ] } },
{ "type": "Feature", "properties": { "cve": "2880152", "nombre": "BASIN B III 14, 1 AL 20", "solicitante": "Compañía Minera Kairos Chile SpA", "region": "REGIÓN DE ANTOFAGASTA", "provincia": "Provincia de El Loa", "comuna": null, "superficie_ha": 200.0, "datum_original": "PSAD56", "huso": 19, "epsg_origen": 24879, "tipo_publicacion": "mensura", "fuente_pdf": "http://www.diariooficial.interior.gob.cl/publicaciones/2026/10/05/44566/07/2880152.pdf", "archivo": "gm_mensura_2880152.pdf", "fecha": "05-10-2026", "edicion": "44566" }, "geometry": { "type": "Polygon", "coordinates": [ [ [ -67.206125672922951, -23.033677623071114 ], [ -67.186614984581695, -23.033455167155861 ], [ -67.186494127189306, -23.042483961517551 ], [ -67.206006114157887, -23.042706514465241 ], [ -67.206125672922951, -23.033677623071114 ] ] ] } },
{ "type": "Feature", "properties": { "cve": "2880441", "nombre": "LOS HELADOS III 33, 1 AL 30", "solicitante": "Compañía Minera Kairos Chile SpA", "region": "REGIÓN DE ANTOFAGASTA", "provincia": "Provincia de El Loa", "comuna": null, "superficie_ha": 300.0, "datum_original": "PSAD56", "huso": 19, "epsg_origen": 24879, "tipo_publicacion": "mensura", "fuente_pdf": "http://www.diariooficial.interior.gob.cl/publicaciones/2026/10/05/44566/07/2880441.pdf", "archivo": "gm_mensura_2880441.pdf", "fecha": "05-10-2026", "edicion": "44566" }, "geometry": { "type": "Polygon", "coordinates": [ [ [ -67.146108777887022, -23.141345482625532 ], [ -67.116820511404157, -23.14099827300716 ], [ -67.116694349824414, -23.150026586807204 ], [ -67.145984575681581, -23.150373947317515 ], [ -67.146108777887022, -23.141345482625532 ] ] ] } },
{ "type": "Feature", "properties": { "cve": "2880143", "nombre": "LOS HELADOS III 49, 1 AL 30", "solicitante": "Compañía Minera Kairos Chile SpA", "region": "REGIÓN DE ANTOFAGASTA", "provincia": "Provincia de El Loa", "comuna": null, "superficie_ha": 300.0, "datum_original": "PSAD56", "huso": 19, "epsg_origen": 24879, "tipo_publicacion": "mensura", "fuente_pdf": "http://www.diariooficial.interior.gob.cl/publicaciones/2026/10/05/44566/07/2880143.pdf", "archivo": "gm_mensura_2880143.pdf", "fecha": "05-10-2026", "edicion": "44566" }, "geometry": { "type": "Polygon", "coordinates": [ [ [ -67.245615025899269, -22.997998885047508 ], [ -67.235862006783137, -22.997890550575978 ], [ -67.235509707804141, -23.024977754108228 ], [ -67.245264672158896, -23.025086230535862 ], [ -67.245615025899269, -22.997998885047508 ] ] ] } },
{ "type": "Feature", "properties": { "cve": "2880144", "nombre": "LOS HELADOS III 50, 1 AL 30", "solicitante": "Compañía Minera Kairos Chile SpA", "region": "REGIÓN DE ANTOFAGASTA", "provincia": "Provincia de El Loa", "comuna": null, "superficie_ha": 300.0, "datum_original": "PSAD56", "huso": 19, "epsg_origen": 24879, "tipo_publicacion": "mensura", "fuente_pdf": "http://www.diariooficial.interior.gob.cl/publicaciones/2026/10/05/44566/07/2880144.pdf", "archivo": "gm_mensura_2880144.pdf", "fecha": "05-10-2026", "edicion": "44566" }, "geometry": { "type": "Polygon", "coordinates": [ [ [ -67.235862006783137, -22.997890550575978 ], [ -67.226109046848975, -22.997781616192711 ], [ -67.225754802684008, -23.024868676982997 ], [ -67.235509707804141, -23.024977754108228 ], [ -67.235862006783137, -22.997890550575978 ] ] ] } },
{ "type": "Feature", "properties": { "cve": "2880442", "nombre": "LOS HELADOS III 51, 1 AL 30", "solicitante": "Compañía Minera Kairos Chile SpA", "region": "REGIÓN DE ANTOFAGASTA", "provincia": "Provincia de El Loa", "comuna": null, "superficie_ha": 300.0, "datum_original": "PSAD56", "huso": 19, "epsg_origen": 24879, "tipo_publicacion": "mensura", "fuente_pdf": "http://www.diariooficial.interior.gob.cl/publicaciones/2026/10/05/44566/07/2880442.pdf", "archivo": "gm_mensura_2880442.pdf", "fecha": "05-10-2026", "edicion": "44566" }, "geometry": { "type": "Polygon", "coordinates": [ [ [ -67.226109046848975, -22.997781616192711 ], [ -67.216356146423379, -22.997672081912508 ], [ -67.215999957125376, -23.024758999174981 ], [ -67.225754802684008, -23.024868676982997 ], [ -67.226109046848975, -22.997781616192711 ] ] ] } },
{ "type": "Feature", "properties": { "cve": "2880145", "nombre": "LOS HELADOS III 52, 1 AL 30", "solicitante": "Compañía Minera Kairos Chile SpA", "region": "REGIÓN DE ANTOFAGASTA", "provincia": "Provincia de El Loa", "comuna": null, "superficie_ha": 300.0, "datum_original": "PSAD56", "huso": 19, "epsg_origen": 24879, "tipo_publicacion": "mensura", "fuente_pdf": "http://www.diariooficial.interior.gob.cl/publicaciones/2026/10/05/44566/07/2880145.pdf", "archivo": "gm_mensura_2880145.pdf", "fecha": "05-10-2026", "edicion": "44566" }, "geometry": { "type": "Polygon", "coordinates": [ [ [ -67.216356146423379, -22.997672081912508 ], [ -67.206603305832957, -22.99756194775026 ], [ -67.206245171455151, -23.024648720699091 ], [ -67.215999957125376, -23.024758999174981 ], [ -67.216356146423379, -22.997672081912508 ] ] ] } },
{ "type": "Feature", "properties": { "cve": "2880146", "nombre": "LOS HELADOS III 54, 1 AL 30", "solicitante": "Compañía Minera Kairos Chile SpA", "region": "REGIÓN DE ANTOFAGASTA", "provincia": "Provincia de El Loa", "comuna": null, "superficie_ha": 300.0, "datum_original": "PSAD56", "huso": 19, "epsg_origen": 24879, "tipo_publicacion": "mensura", "fuente_pdf": "http://www.diariooficial.interior.gob.cl/publicaciones/2026/10/05/44566/07/2880146.pdf", "archivo": "gm_mensura_2880146.pdf", "fecha": "05-10-2026", "edicion": "44566" }, "geometry": { "type": "Polygon", "coordinates": [ [ [ -67.191613105955525, -23.024482176765819 ], [ -67.162349385821727, -23.024145034696598 ], [ -67.16222696695101, -23.033173717300141 ], [ -67.191492633936548, -23.033511006471141 ], [ -67.191613105955525, -23.024482176765819 ] ] ] } },
{ "type": "Feature", "properties": { "cve": "2880444", "nombre": "LOS HELADOS III 55, 1 AL 30", "solicitante": "Compañía Minera Kairos Chile SpA", "region": "REGIÓN DE ANTOFAGASTA", "provincia": "Provincia de El Loa", "comuna": null, "superficie_ha": 300.0, "datum_original": "PSAD56", "huso": 19, "epsg_origen": 24879, "tipo_publicacion": "mensura", "fuente_pdf": "http://www.diariooficial.interior.gob.cl/publicaciones/2026/10/05/44566/07/2880444.pdf", "archivo": "gm_mensura_2880444.pdf", "fecha": "05-10-2026", "edicion": "44566" }, "geometry": { "type": "Polygon", "coordinates": [ [ [ -67.186614984581695, -23.033455167155861 ], [ -67.157349409539663, -23.033116976686539 ], [ -67.157226604342085, -23.042145623534445 ], [ -67.186494127189306, -23.042483961517551 ], [ -67.186614984581695, -23.033455167155861 ] ] ] } },
{ "type": "Feature", "properties": { "cve": "2880147", "nombre": "LOS HELADOS III 56, 1 AL 30", "solicitante": "Compañía Minera Kairos Chile SpA", "region": "REGIÓN DE ANTOFAGASTA", "provincia": "Provincia de El Loa", "comuna": null, "superficie_ha": 300.0, "datum_original": "PSAD56", "huso": 19, "epsg_origen": 24879, "tipo_publicacion": "mensura", "fuente_pdf": "http://www.diariooficial.interior.gob.cl/publicaciones/2026/10/05/44566/07/2880147.pdf", "archivo": "gm_mensura_2880147.pdf", "fecha": "05-10-2026", "edicion": "44566" }, "geometry": { "type": "Polygon", "coordinates": [ [ [ -67.186494127189306, -23.042483961517551 ], [ -67.157226604342085, -23.042145623534445 ], [ -67.157103737258609, -23.051174259369429 ], [ -67.186373208892064, -23.051512744885375 ], [ -67.186494127189306, -23.042483961517551 ] ] ] } },
{ "type": "Feature", "properties": { "cve": "2880148", "nombre": "LOS HELADOS III 57, 1 AL 30", "solicitante": "Compañía Minera Kairos Chile Limitada", "region": "REGIÓN DE ANTOFAGASTA", "provincia": "Provincia de El Loa", "comuna": null, "superficie_ha": 300.0, "datum_original": "PSAD56", "huso": 19, "epsg_origen": 24879, "tipo_publicacion": "mensura", "fuente_pdf": "http://www.diariooficial.interior.gob.cl/publicaciones/2026/10/05/44566/07/2880148.pdf", "archivo": "gm_mensura_2880148.pdf", "fecha": "05-10-2026", "edicion": "44566" }, "geometry": { "type": "Polygon", "coordinates": [ [ [ -67.186373208892064, -23.051512744885375 ], [ -67.157103737258609, -23.051174259369429 ], [ -67.156980808270859, -23.06020288418804 ], [ -67.186252229671922, -23.060541517255892 ], [ -67.186373208892064, -23.051512744885375 ] ] ] } },
{ "type": "Feature", "properties": { "cve": "2880446", "nombre": "LOS HELADOS III 58, 1 AL 30", "solicitante": "Compañía Minera Kairos Chile SpA", "region": "REGIÓN DE ANTOFAGASTA", "provincia": "Provincia de El Loa", "comuna": null, "superficie_ha": 300.0, "datum_original": "PSAD56", "huso": 19, "epsg_origen": 24879, "tipo_publicacion": "mensura", "fuente_pdf": "http://www.diariooficial.interior.gob.cl/publicaciones/2026/10/05/44566/07/2880446.pdf", "archivo": "gm_mensura_2880446.pdf", "fecha": "05-10-2026", "edicion": "44566" }, "geometry": { "type": "Polygon", "coordinates": [ [ [ -67.137591065146864, -23.050945595519835 ], [ -67.108322526986825, -23.050598089797894 ], [ -67.108196348755371, -23.059626463455512 ], [ -67.137466836405835, -23.059974120660179 ], [ -67.137591065146864, -23.050945595519835 ] ] ] } },
{ "type": "Feature", "properties": { "cve": "2880149", "nombre": "LOS HELADOS III 59, 1 AL 30", "solicitante": "Compañia Minera Kairos Chile SpA", "region": "REGIÓN DE ANTOFAGASTA", "provincia": "Provincia de El Loa", "comuna": null, "superficie_ha": 300.0, "datum_original": "PSAD56", "huso": 19, "epsg_origen": 24879, "tipo_publicacion": "mensura", "fuente_pdf": "http://www.diariooficial.interior.gob.cl/publicaciones/2026/10/05/44566/07/2880149.pdf", "archivo": "gm_mensura_2880149.pdf", "fecha": "05-10-2026", "edicion": "44566" }, "geometry": { "type": "Polygon", "coordinates": [ [ [ -67.147223791213321, -23.060088803228719 ], [ -67.117953114849712, -23.059742950757855 ], [ -67.117827523198343, -23.068771364126007 ], [ -67.147100150089869, -23.06911736731297 ], [ -67.147223791213321, -23.060088803228719 ] ] ] } },
{ "type": "Feature", "properties": { "cve": "2880150", "nombre": "LOS HELADOS III 60, 1 AL 30", "solicitante": "Compañía Minera Kairos Chile SpA", "region": "REGIÓN DE ANTOFAGASTA", "provincia": "Provincia de El Loa", "comuna": null, "superficie_ha": 300.0, "datum_original": "PSAD56", "huso": 19, "epsg_origen": 24879, "tipo_publicacion": "mensura", "fuente_pdf": "http://www.diariooficial.interior.gob.cl/publicaciones/2026/10/05/44566/07/2880150.pdf", "archivo": "gm_mensura_2880150.pdf", "fecha": "05-10-2026", "edicion": "44566" }, "geometry": { "type": "Polygon", "coordinates": [ [ [ -67.117953114849712, -23.059742950757855 ], [ -67.088683007569813, -23.059391684227684 ], [ -67.088555465559608, -23.068419944521164 ], [ -67.117827523198343, -23.068771364126007 ], [ -67.117953114849712, -23.059742950757855 ] ] ] } },
{ "type": "Feature", "properties": { "cve": "2880157", "nombre": "CAROLINA 7A 1/30", "solicitante": "Jofré Soto Constanza Francisca", "region": "REGIÓN DE ANTOFAGASTA", "provincia": "Provincia de Tocopilla", "comuna": null, "superficie_ha": 300.0, "datum_original": "PSAD56", "huso": 19, "epsg_origen": 24879, "tipo_publicacion": "mensura", "fuente_pdf": "http://www.diariooficial.interior.gob.cl/publicaciones/2026/10/05/44566/07/2880157.pdf", "archivo": "gm_mensura_2880157.pdf", "fecha": "05-10-2026", "edicion": "44566" }, "geometry": { "type": "Polygon", "coordinates": [ [ [ -69.195563287990325, -22.013865516295301 ], [ -69.185874490459938, -22.013876786759738 ], [ -69.185909857076723, -22.040980096082134 ], [ -69.195600498081163, -22.040968810320905 ], [ -69.195563287990325, -22.013865516295301 ] ] ] } },
{ "type": "Feature", "properties": { "cve": "2880155", "nombre": "SOFIA 27A 1/30", "solicitante": "Jofré Soto Constanza Francisca", "region": "REGIÓN DE ANTOFAGASTA", "provincia": "Provincia de Tocopilla", "comuna": null, "superficie_ha": 300.0, "datum_original": "PSAD56", "huso": 19, "epsg_origen": 24879, "tipo_publicacion": "mensura", "fuente_pdf": "http://www.diariooficial.interior.gob.cl/publicaciones/2026/10/05/44566/07/2880155.pdf", "archivo": "gm_mensura_2880155.pdf", "fecha": "05-10-2026", "edicion": "44566" }, "geometry": { "type": "Polygon", "coordinates": [ [ [ -69.166486328477518, -22.004863144081629 ], [ -69.15679812749741, -22.004872692575944 ], [ -69.156827948249585, -22.031976073276169 ], [ -69.16651799176627, -22.03196651181792 ], [ -69.166486328477518, -22.004863144081629 ] ] ] } },
{ "type": "Feature", "properties": { "cve": "2880156", "nombre": "SOFIA 28A 1/30", "solicitante": "Jofré Soto Constanza Francisca", "region": "REGIÓN DE ANTOFAGASTA", "provincia": "Provincia de Tocopilla", "comuna": null, "superficie_ha": 300.0, "datum_original": "PSAD56", "huso": 19, "epsg_origen": 24879, "tipo_publicacion": "mensura", "fuente_pdf": "http://www.diariooficial.interior.gob.cl/publicaciones/2026/10/05/44566/07/2880156.pdf", "archivo": "gm_mensura_2880156.pdf", "fecha": "05-10-2026", "edicion": "44566" }, "geometry": { "type": "Polygon", "coordinates": [ [ [ -69.166454714254684, -21.977759685948904 ], [ -69.156768352955908, -21.97776922148406 ], [ -69.15679812749741, -22.004872692575944 ], [ -69.166486328477518, -22.004863144081629 ], [ -69.166454714254684, -21.977759685948904 ] ] ] } },
{ "type": "Feature", "properties": { "cve": "2880153", "nombre": "SOFIA 2A 1/30", "solicitante": "Jofré Soto Constanza Francisca", "region": "REGIÓN DE ANTOFAGASTA", "provincia": "Provincia de Tocopilla", "comuna": null, "superficie_ha": 300.0, "datum_original": "PSAD56", "huso": 19, "epsg_origen": 24879, "tipo_publicacion": "mensura", "fuente_pdf": "http://www.diariooficial.interior.gob.cl/publicaciones/2026/10/05/44566/07/2880153.pdf", "archivo": "gm_mensura_2880153.pdf", "fecha": "05-10-2026", "edicion": "44566" }, "geometry": { "type": "Polygon", "coordinates": [ [ [ -69.185815667835328, -21.96870440363007 ], [ -69.156758438370971, -21.968734711048178 ], [ -69.156768352955908, -21.97776922148406 ], [ -69.185827420194656, -21.977738900333456 ], [ -69.185815667835328, -21.96870440363007 ] ] ] } },
{ "type": "Feature", "properties": { "cve": "2880154", "nombre": "SOFIA 7A 1/30", "solicitante": "Jofré Soto Constanza Francisca", "region": "REGIÓN DE ANTOFAGASTA", "provincia": "Provincia de Tocopilla", "comuna": null, "superficie_ha": 300.0, "datum_original": "PSAD56", "huso": 19, "epsg_origen": 24879, "tipo_publicacion": "mensura", "fuente_pdf": "http://www.diariooficial.interior.gob.cl/publicaciones/2026/10/05/44566/07/2880154.pdf", "archivo": "gm_mensura_2880154.pdf", "fecha": "05-10-2026", "edicion": "44566" }, "geometry": { "type": "Polygon", "coordinates": [ [ [ -69.214886432706081, -21.97770343556909 ], [ -69.205200101811371, -21.977715828667332 ], [ -69.205239074710406, -22.004819227196332 ], [ -69.214927245260498, -22.004806817255417 ], [ -69.214886432706081, -21.97770343556909 ] ] ] } },
{ "type": "Feature", "properties": { "cve": "2879257", "nombre": "BOYEN 1 AL 11", "solicitante": "Dinamarca Aguirre Erasmo Hernán", "region": "REGIÓN DE COQUIMBO", "provincia": "Provincia de Elqui", "comuna": null, "superficie_ha": 33.0, "datum_original": "PSAD56", "huso": 19, "epsg_origen": 24879, "tipo_publicacion": "mensura", "fuente_pdf": "http://www.diariooficial.interior.gob.cl/publicaciones/2026/10/05/44566/07/2879257.pdf", "archivo": "gm_mensura_2879257.pdf", "fecha": "05-10-2026", "edicion": "44566" }, "geometry": { "type": "Polygon", "coordinates": [ [ [ -71.084202280219344, -30.076782680381584 ], [ -71.084410341798034, -30.086703010644058 ], [ -71.087521466578679, -30.086653615000682 ], [ -71.084202280219344, -30.076782680381584 ] ] ] } },
{ "type": "Feature", "properties": { "cve": "2880041", "nombre": "PANDORA 1 AL 10", "solicitante": "Dinamarca Aguirre Erasmo Hernán", "region": "REGIÓN DE COQUIMBO", "provincia": "Provincia de Elqui", "comuna": null, "superficie_ha": 50.0, "datum_original": "PSAD56", "huso": 19, "epsg_origen": 24879, "tipo_publicacion": "mensura", "fuente_pdf": "http://www.diariooficial.interior.gob.cl/publicaciones/2026/10/05/44566/07/2880041.pdf", "archivo": "gm_mensura_2880041.pdf", "fecha": "05-10-2026", "edicion": "44566" }, "geometry": { "type": "Polygon", "coordinates": [ [ [ -71.124376137498501, -30.035994142097998 ], [ -71.119193687316027, -30.03607775404166 ], [ -71.119385689464792, -30.045096090150199 ], [ -71.124568608325092, -30.045012447984714 ], [ -71.124376137498501, -30.035994142097998 ] ] ] } },
{ "type": "Feature", "properties": { "cve": "2879186", "nombre": "ALEJANDRA 1, 1 AL 48", "solicitante": "El Espino SpA", "region": "REGIÓN DE COQUIMBO", "provincia": "Provincia de Choapa", "comuna": null, "superficie_ha": 48.0, "datum_original": "PSAD56", "huso": 19, "epsg_origen": 24879, "tipo_publicacion": "mensura", "fuente_pdf": "http://www.diariooficial.interior.gob.cl/publicaciones/2026/10/05/44566/07/2879186.pdf", "archivo": "gm_mensura_2879186.pdf", "fecha": "05-10-2026", "edicion": "44566" }, "geometry": { "type": "Polygon", "coordinates": [ [ [ -71.611403435969464, -31.365839401044152 ], [ -71.598798215671096, -31.366095522237433 ], [ -71.598897481252436, -31.369700865840173 ], [ -71.611503181697856, -31.369444708573816 ], [ -71.611403435969464, -31.365839401044152 ] ] ] } },
{ "type": "Feature", "properties": { "cve": "2879187", "nombre": "ALEJANDRA 2, 1 AL 40", "solicitante": "El Espino SpA", "region": "REGIÓN DE COQUIMBO", "provincia": "Provincia de Choapa", "comuna": null, "superficie_ha": 40.0, "datum_original": "PSAD56", "huso": 19, "epsg_origen": 24879, "tipo_publicacion": "mensura", "fuente_pdf": "http://www.diariooficial.interior.gob.cl/publicaciones/2026/10/05/44566/07/2879187.pdf", "archivo": "gm_mensura_2879187.pdf", "fecha": "05-10-2026", "edicion": "44566" }, "geometry": { "type": "Polygon", "coordinates": [ [ [ -71.598798215671096, -31.366095522237433 ], [ -71.588293742851363, -31.366308011942369 ], [ -71.588392608290818, -31.369913385473133 ], [ -71.598897481252436, -31.369700865840173 ], [ -71.598798215671096, -31.366095522237433 ] ] ] } },
{ "type": "Feature", "properties": { "cve": "2880260", "nombre": "CORDILLERA UNO, DEL 1 AL 8", "solicitante": "Díaz Díaz Nelson Cristián", "region": "REGIÓN DE COQUIMBO", "provincia": "Provincia de Limarí", "comuna": null, "superficie_ha": 10.0, "datum_original": "PSAD56", "huso": 19, "epsg_origen": 24879, "tipo_publicacion": "mensura", "fuente_pdf": "http://www.diariooficial.interior.gob.cl/publicaciones/2026/10/05/44566/07/2880260.pdf", "archivo": "gm_mensura_2880260.pdf", "fecha": "05-10-2026", "edicion": "44566" }, "geometry": { "type": "Polygon", "coordinates": [ [ [ -70.515280253904564, -30.655248733333021 ], [ -70.506933138695103, -30.655345786194403 ], [ -70.507073107350465, -30.66436632360044 ], [ -70.51542099714483, -30.664269236077999 ], [ -70.515280253904564, -30.655248733333021 ] ] ] } },
{ "type": "Feature", "properties": { "cve": "2880303", "nombre": "COYA 1", "solicitante": "Pizarro Núñez José Luis Alberto", "region": "REGIÓN DE TARAPACÁ", "provincia": "Provincia del Tamarugal", "comuna": null, "superficie_ha": 300.0, "datum_original": "PSAD56", "huso": 19, "epsg_origen": 24879, "tipo_publicacion": "pedimento", "fuente_pdf": "http://www.diariooficial.interior.gob.cl/publicaciones/2026/10/05/44566/07/2880303.pdf", "archivo": "gm_pedimento_2880303.pdf", "fecha": "05-10-2026", "edicion": "44566" }, "geometry": { "type": "Polygon", "coordinates": [ [ [ -68.94407547847679, -20.911690349304688 ], [ -68.915226657720666, -20.911678471813673 ], [ -68.915221578841553, -20.92071415707867 ], [ -68.944072127964603, -20.920726040171839 ], [ -68.94407547847679, -20.911690349304688 ] ] ] } },
{ "type": "Feature", "properties": { "cve": "2880304", "nombre": "COYA 2", "solicitante": "Pizarro Núñez José Luis Alberto", "region": "REGIÓN DE TARAPACÁ", "provincia": "Provincia del Tamarugal", "comuna": null, "superficie_ha": 200.0, "datum_original": "PSAD56", "huso": 19, "epsg_origen": 24879, "tipo_publicacion": "pedimento", "fuente_pdf": "http://www.diariooficial.interior.gob.cl/publicaciones/2026/10/05/44566/07/2880304.pdf", "archivo": "gm_pedimento_2880304.pdf", "fecha": "05-10-2026", "edicion": "44566" }, "geometry": { "type": "Polygon", "coordinates": [ [ [ -68.944072127964603, -20.920726040171839 ], [ -68.934455276063076, -20.92072262059116 ], [ -68.934447416518367, -20.938793970163786 ], [ -68.944065421586288, -20.938797392969281 ], [ -68.944072127964603, -20.920726040171839 ] ] ] } },
{ "type": "Feature", "properties": { "cve": "2880367", "nombre": "DELTA 1", "solicitante": "Fritz Ortiz José Dagoberto", "region": "REGIÓN DE TARAPACÁ", "provincia": "Provincia del Tamarugal", "comuna": null, "superficie_ha": 300.0, "datum_original": "PSAD56", "huso": 19, "epsg_origen": 24879, "tipo_publicacion": "pedimento", "fuente_pdf": "http://www.diariooficial.interior.gob.cl/publicaciones/2026/10/05/44566/07/2880367.pdf", "archivo": "gm_pedimento_2880367.pdf", "fecha": "05-10-2026", "edicion": "44566" }, "geometry": { "type": "Polygon", "coordinates": [ [ [ -69.222016729419053, -20.270000102980184 ], [ -69.212440650629603, -20.270011970155974 ], [ -69.212477577186007, -20.297120868833652 ], [ -69.222055320462388, -20.297108984424813 ], [ -69.222016729419053, -20.270000102980184 ] ] ] } },
{ "type": "Feature", "properties": { "cve": "2880368", "nombre": "DELTA 2", "solicitante": "Fritz Ortiz José Dagoberto", "region": "REGIÓN DE TARAPACÁ", "provincia": "Provincia del Tamarugal", "comuna": null, "superficie_ha": 300.0, "datum_original": "PSAD56", "huso": 19, "epsg_origen": 24879, "tipo_publicacion": "pedimento", "fuente_pdf": "http://www.diariooficial.interior.gob.cl/publicaciones/2026/10/05/44566/07/2880368.pdf", "archivo": "gm_pedimento_2880368.pdf", "fecha": "05-10-2026", "edicion": "44566" }, "geometry": { "type": "Polygon", "coordinates": [ [ [ -69.212440650629603, -20.270011970155974 ], [ -69.20286456516331, -20.270023314200849 ], [ -69.202899827227498, -20.297132229351899 ], [ -69.212477577186007, -20.297120868833652 ], [ -69.212440650629603, -20.270011970155974 ] ] ] } },
{ "type": "Feature", "properties": { "cve": "2880369", "nombre": "ROSA 1", "solicitante": "Fritz Ortiz José Dagoberto", "region": "REGIÓN DE TARAPACÁ", "provincia": "Provincia del Tamarugal", "comuna": null, "superficie_ha": 300.0, "datum_original": "PSAD56", "huso": 19, "epsg_origen": 24879, "tipo_publicacion": "pedimento", "fuente_pdf": "http://www.diariooficial.interior.gob.cl/publicaciones/2026/10/05/44566/07/2880369.pdf", "archivo": "gm_pedimento_2880369.pdf", "fecha": "05-10-2026", "edicion": "44566" }, "geometry": { "type": "Polygon", "coordinates": [ [ [ -69.307027255241437, -19.664420394406765 ], [ -69.27840862364495, -19.664466995136497 ], [ -69.278424223995543, -19.673503881566916 ], [ -69.307044459150077, -19.673457257700854 ], [ -69.307027255241437, -19.664420394406765 ] ] ] } },
{ "type": "Feature", "properties": { "cve": "2879516", "nombre": "DENISE 1", "solicitante": "Araya Millán Claudio Raphael", "region": "REGIÓN DE ANTOFAGASTA", "provincia": "Provincia de Antofagasta", "comuna": null, "superficie_ha": 100.0, "datum_original": "PSAD56", "huso": 19, "epsg_origen": 24879, "tipo_publicacion": "pedimento", "fuente_pdf": "http://www.diariooficial.interior.gob.cl/publicaciones/2026/10/05/44566/07/2879516.pdf", "archivo": "gm_pedimento_2879516.pdf", "fecha": "05-10-2026", "edicion": "44566" }, "geometry": { "type": "Polygon", "coordinates": [ [ [ -70.375833419616256, -25.347800239663719 ], [ -70.365898360659301, -25.347892719306152 ], [ -70.365999787939458, -25.356920716969672 ], [ -70.375935584077112, -25.356828199809282 ], [ -70.375833419616256, -25.347800239663719 ] ] ] } },
{ "type": "Feature", "properties": { "cve": "2880198", "nombre": "ESTACION 1", "solicitante": "TCI Chile SpA", "region": "REGIÓN DE ANTOFAGASTA", "provincia": "Provincia de Antofagasta", "comuna": null, "superficie_ha": 100.0, "datum_original": "WGS84", "huso": 19, "epsg_origen": 32719, "tipo_publicacion": "pedimento", "fuente_pdf": "http://www.diariooficial.interior.gob.cl/publicaciones/2026/10/05/44566/07/2880198.pdf", "archivo": "gm_pedimento_2880198.pdf", "fecha": "05-10-2026", "edicion": "44566" }, "geometry": { "type": "Polygon", "coordinates": [ [ [ -69.824618400874627, -23.806069427072647 ], [ -69.814802292530786, -23.806121586035541 ], [ -69.814858656862611, -23.81515317891277 ], [ -69.824675444053923, -23.815100997766358 ], [ -69.824618400874627, -23.806069427072647 ] ] ] } },
{ "type": "Feature", "properties": { "cve": "2880199", "nombre": "ESTACION 2", "solicitante": "TCI Chile SpA", "region": "REGIÓN DE ANTOFAGASTA", "provincia": "Provincia de Antofagasta", "comuna": null, "superficie_ha": 200.0, "datum_original": "WGS84", "huso": 19, "epsg_origen": 32719, "tipo_publicacion": "pedimento", "fuente_pdf": "http://www.diariooficial.interior.gob.cl/publicaciones/2026/10/05/44566/07/2880199.pdf", "archivo": "gm_pedimento_2880199.pdf", "fecha": "05-10-2026", "edicion": "44566" }, "geometry": { "type": "Polygon", "coordinates": [ [ [ -69.824789615238046, -23.833164107044126 ], [ -69.814971469342453, -23.833216332566487 ], [ -69.815084393634251, -23.851279443398614 ], [ -69.824903899580619, -23.851227173488361 ], [ -69.824789615238046, -23.833164107044126 ] ] ] } },
{ "type": "Feature", "properties": { "cve": "2880200", "nombre": "ESTACIÓN 4", "solicitante": "TCI Chile SpA", "region": "REGIÓN DE ANTOFAGASTA", "provincia": "Provincia de Antofagasta", "comuna": null, "superficie_ha": 100.0, "datum_original": "WGS84", "huso": 19, "epsg_origen": 32719, "tipo_publicacion": "pedimento", "fuente_pdf": "http://www.diariooficial.interior.gob.cl/publicaciones/2026/10/05/44566/07/2880200.pdf", "archivo": "gm_pedimento_2880200.pdf", "fecha": "05-10-2026", "edicion": "44566" }, "geometry": { "type": "Polygon", "coordinates": [ [ [ -69.834723377220044, -23.851174277794311 ], [ -69.824903899580619, -23.851227173488361 ], [ -69.824961084208013, -23.860258690640169 ], [ -69.834781242369345, -23.860205772481955 ], [ -69.834723377220044, -23.851174277794311 ] ] ] } },
{ "type": "Feature", "properties": { "cve": "2880201", "nombre": "ESTACIÓN 5", "solicitante": "TCI Chile SpA", "region": "REGIÓN DE ANTOFAGASTA", "provincia": "Provincia de Antofagasta", "comuna": null, "superficie_ha": 100.0, "datum_original": "WGS84", "huso": 19, "epsg_origen": 32719, "tipo_publicacion": "pedimento", "fuente_pdf": "http://www.diariooficial.interior.gob.cl/publicaciones/2026/10/05/44566/07/2880201.pdf", "archivo": "gm_pedimento_2880201.pdf", "fecha": "05-10-2026", "edicion": "44566" }, "geometry": { "type": "Polygon", "coordinates": [ [ [ -69.844192160523178, -23.796931699552136 ], [ -69.834376787536669, -23.796985084707405 ], [ -69.83443448095484, -23.80601664365415 ], [ -69.844250532435083, -23.805963235787289 ], [ -69.844192160523178, -23.796931699552136 ] ] ] } },
{ "type": "Feature", "properties": { "cve": "2880202", "nombre": "ESTACIÓN 6", "solicitante": "TCI Chile SpA", "region": "REGIÓN DE ANTOFAGASTA", "provincia": "Provincia de Antofagasta", "comuna": null, "superficie_ha": 200.0, "datum_original": "WGS84", "huso": 19, "epsg_origen": 32719, "tipo_publicacion": "pedimento", "fuente_pdf": "http://www.diariooficial.interior.gob.cl/publicaciones/2026/10/05/44566/07/2880202.pdf", "archivo": "gm_pedimento_2880202.pdf", "fecha": "05-10-2026", "edicion": "44566" }, "geometry": { "type": "Polygon", "coordinates": [ [ [ -69.863822819377802, -23.79682305672242 ], [ -69.844192160523178, -23.796931699552136 ], [ -69.844250532435083, -23.805963235787289 ], [ -69.863882548250558, -23.805854546737816 ], [ -69.863822819377802, -23.79682305672242 ] ] ] } },
{ "type": "Feature", "properties": { "cve": "2880203", "nombre": "ESTACIÓN 8", "solicitante": "TCI Chile SpA", "region": "REGIÓN DE ANTOFAGASTA", "provincia": "Provincia de Antofagasta", "comuna": null, "superficie_ha": 600.0, "datum_original": "WGS84", "huso": 19, "epsg_origen": 32719, "tipo_publicacion": "pedimento", "fuente_pdf": "http://www.diariooficial.interior.gob.cl/publicaciones/2026/10/05/44566/07/2880203.pdf", "archivo": "gm_pedimento_2880203.pdf", "fecha": "05-10-2026", "edicion": "44566" }, "geometry": { "type": "Polygon", "coordinates": [ [ [ -69.854243881840702, -23.833003678991638 ], [ -69.824789615238046, -23.833164107044126 ], [ -69.824903899580619, -23.851227173488361 ], [ -69.85436224623075, -23.851066609083933 ], [ -69.854243881840702, -23.833003678991638 ] ] ] } },
{ "type": "Feature", "properties": { "cve": "2880159", "nombre": "ABRITA 1", "solicitante": "FQM Exploration -Chile- S.A.", "region": "REGIÓN DE ANTOFAGASTA", "provincia": "Provincia de El Loa", "comuna": "Calama", "superficie_ha": 300.0, "datum_original": "PSAD56", "huso": 19, "epsg_origen": 24879, "tipo_publicacion": "pedimento", "fuente_pdf": "http://www.diariooficial.interior.gob.cl/publicaciones/2026/10/05/44566/07/2880159.pdf", "archivo": "gm_pedimento_2880159.pdf", "fecha": "05-10-2026", "edicion": "44566" }, "geometry": { "type": "Polygon", "coordinates": [ [ [ -68.691568529985432, -22.095001275468231 ], [ -68.662485865528339, -22.094943818048051 ], [ -68.662464383141526, -22.103978064530043 ], [ -68.691548898601908, -22.104035547864875 ], [ -68.691568529985432, -22.095001275468231 ] ] ] } },
{ "type": "Feature", "properties": { "cve": "2880168", "nombre": "ABRITA 10", "solicitante": "FQM Exploration -Chile- S.A.", "region": "REGIÓN DE ANTOFAGASTA", "provincia": "Provincia de El Loa", "comuna": "Calama", "superficie_ha": 100.0, "datum_original": "PSAD56", "huso": 19, "epsg_origen": 24879, "tipo_publicacion": "pedimento", "fuente_pdf": "http://www.diariooficial.interior.gob.cl/publicaciones/2026/10/05/44566/07/2880168.pdf", "archivo": "gm_pedimento_2880168.pdf", "fecha": "05-10-2026", "edicion": "44566" }, "geometry": { "type": "Polygon", "coordinates": [ [ [ -68.662356804949084, -22.149149145461365 ], [ -68.652658898448408, -22.149128788331481 ], [ -68.652636730630505, -22.158162965035856 ], [ -68.662335256036698, -22.158183331329276 ], [ -68.662356804949084, -22.149149145461365 ] ] ] } },
{ "type": "Feature", "properties": { "cve": "2880160", "nombre": "ABRITA 2", "solicitante": "FQM Exploration -Chile- S.A.", "region": "REGIÓN DE ANTOFAGASTA", "provincia": "Provincia de El Loa", "comuna": "Calama", "superficie_ha": 300.0, "datum_original": "PSAD56", "huso": 19, "epsg_origen": 24879, "tipo_publicacion": "pedimento", "fuente_pdf": "http://www.diariooficial.interior.gob.cl/publicaciones/2026/10/05/44566/07/2880160.pdf", "archivo": "gm_pedimento_2880160.pdf", "fecha": "05-10-2026", "edicion": "44566" }, "geometry": { "type": "Polygon", "coordinates": [ [ [ -68.691548898601908, -22.104035547864875 ], [ -68.662464383141526, -22.103978064530043 ], [ -68.662442889675063, -22.113012300917767 ], [ -68.691529257093364, -22.113069810170444 ], [ -68.691548898601908, -22.104035547864875 ] ] ] } },
{ "type": "Feature", "properties": { "cve": "2880161", "nombre": "ABRITA 3", "solicitante": "FQM Exploration -Chile- S.A.", "region": "REGIÓN DE ANTOFAGASTA", "provincia": "Provincia de El Loa", "comuna": "Calama", "superficie_ha": 300.0, "datum_original": "PSAD56", "huso": 19, "epsg_origen": 24879, "tipo_publicacion": "pedimento", "fuente_pdf": "http://www.diariooficial.interior.gob.cl/publicaciones/2026/10/05/44566/07/2880161.pdf", "archivo": "gm_pedimento_2880161.pdf", "fecha": "05-10-2026", "edicion": "44566" }, "geometry": { "type": "Polygon", "coordinates": [ [ [ -68.691529257093364, -22.113069810170444 ], [ -68.662442889675063, -22.113012300917767 ], [ -68.662421385125754, -22.122046527207992 ], [ -68.691509605456886, -22.12210406238173 ], [ -68.691529257093364, -22.113069810170444 ] ] ] } },
{ "type": "Feature", "properties": { "cve": "2880162", "nombre": "ABRITA 4", "solicitante": "FQM Exploration -Chile- S.A.", "region": "REGIÓN DE ANTOFAGASTA", "provincia": "Provincia de El Loa", "comuna": "Calama", "superficie_ha": 300.0, "datum_original": "PSAD56", "huso": 19, "epsg_origen": 24879, "tipo_publicacion": "pedimento", "fuente_pdf": "http://www.diariooficial.interior.gob.cl/publicaciones/2026/10/05/44566/07/2880162.pdf", "archivo": "gm_pedimento_2880162.pdf", "fecha": "05-10-2026", "edicion": "44566" }, "geometry": { "type": "Polygon", "coordinates": [ [ [ -68.691509605456886, -22.12210406238173 ], [ -68.662421385125754, -22.122046527207992 ], [ -68.662399869490429, -22.131080743397494 ], [ -68.691489943689632, -22.131138304495476 ], [ -68.691509605456886, -22.12210406238173 ] ] ] } },
{ "type": "Feature", "properties": { "cve": "2880163", "nombre": "ABRITA 5", "solicitante": "FQM Exploration -Chile- S.A.", "region": "REGIÓN DE ANTOFAGASTA", "provincia": "Provincia de El Loa", "comuna": "Calama", "superficie_ha": 300.0, "datum_original": "PSAD56", "huso": 19, "epsg_origen": 24879, "tipo_publicacion": "pedimento", "fuente_pdf": "http://www.diariooficial.interior.gob.cl/publicaciones/2026/10/05/44566/07/2880163.pdf", "archivo": "gm_pedimento_2880163.pdf", "fecha": "05-10-2026", "edicion": "44566" }, "geometry": { "type": "Polygon", "coordinates": [ [ [ -68.691489943689632, -22.131138304495476 ], [ -68.662399869490429, -22.131080743397494 ], [ -68.662378342765933, -22.140114949483028 ], [ -68.691470271788646, -22.140172536508452 ], [ -68.691489943689632, -22.131138304495476 ] ] ] } },
{ "type": "Feature", "properties": { "cve": "2880164", "nombre": "ABRITA 6", "solicitante": "FQM Exploration -Chile- S.A.", "region": "REGIÓN DE ANTOFAGASTA", "provincia": "Provincia de El Loa", "comuna": "Calama", "superficie_ha": 300.0, "datum_original": "PSAD56", "huso": 19, "epsg_origen": 24879, "tipo_publicacion": "pedimento", "fuente_pdf": "http://www.diariooficial.interior.gob.cl/publicaciones/2026/10/05/44566/07/2880164.pdf", "archivo": "gm_pedimento_2880164.pdf", "fecha": "05-10-2026", "edicion": "44566" }, "geometry": { "type": "Polygon", "coordinates": [ [ [ -68.691470271788646, -22.140172536508452 ], [ -68.662378342765933, -22.140114949483028 ], [ -68.662356804949084, -22.149149145461365 ], [ -68.691450589751085, -22.149206758417449 ], [ -68.691470271788646, -22.140172536508452 ] ] ] } },
{ "type": "Feature", "properties": { "cve": "2880165", "nombre": "ABRITA 7", "solicitante": "FQM Exploration -Chile- S.A.", "region": "REGIÓN DE ANTOFAGASTA", "provincia": "Provincia de El Loa", "comuna": "Calama", "superficie_ha": 300.0, "datum_original": "PSAD56", "huso": 19, "epsg_origen": 24879, "tipo_publicacion": "pedimento", "fuente_pdf": "http://www.diariooficial.interior.gob.cl/publicaciones/2026/10/05/44566/07/2880165.pdf", "archivo": "gm_pedimento_2880165.pdf", "fecha": "05-10-2026", "edicion": "44566" }, "geometry": { "type": "Polygon", "coordinates": [ [ [ -68.691450589751085, -22.149206758417449 ], [ -68.662356804949084, -22.149149145461365 ], [ -68.662335256036698, -22.158183331329276 ], [ -68.691430897573966, -22.158240970219222 ], [ -68.691450589751085, -22.149206758417449 ] ] ] } },
{ "type": "Feature", "properties": { "cve": "2880166", "nombre": "ABRITA 8", "solicitante": "FQM Exploration -Chile- S.A.", "region": "REGIÓN DE ANTOFAGASTA", "provincia": "Provincia de El Loa", "comuna": "Calama", "superficie_ha": 300.0, "datum_original": "PSAD56", "huso": 19, "epsg_origen": 24879, "tipo_publicacion": "pedimento", "fuente_pdf": "http://www.diariooficial.interior.gob.cl/publicaciones/2026/10/05/44566/07/2880166.pdf", "archivo": "gm_pedimento_2880166.pdf", "fecha": "05-10-2026", "edicion": "44566" }, "geometry": { "type": "Polygon", "coordinates": [ [ [ -68.662485865528339, -22.094943818048051 ], [ -68.652791665771986, -22.094923515875632 ], [ -68.652725333430013, -22.12202619756194 ], [ -68.662421385125754, -22.122046527207992 ], [ -68.662485865528339, -22.094943818048051 ] ] ] } },
{ "type": "Feature", "properties": { "cve": "2880167", "nombre": "ABRITA 9", "solicitante": "FQM Exploration -Chile- S.A.", "region": "REGIÓN DE ANTOFAGASTA", "provincia": "Provincia de El Loa", "comuna": "Calama", "superficie_ha": 300.0, "datum_original": "PSAD56", "huso": 19, "epsg_origen": 24879, "tipo_publicacion": "pedimento", "fuente_pdf": "http://www.diariooficial.interior.gob.cl/publicaciones/2026/10/05/44566/07/2880167.pdf", "archivo": "gm_pedimento_2880167.pdf", "fecha": "05-10-2026", "edicion": "44566" }, "geometry": { "type": "Polygon", "coordinates": [ [ [ -68.662421385125754, -22.122046527207992 ], [ -68.652725333430013, -22.12202619756194 ], [ -68.652658898448408, -22.149128788331481 ], [ -68.662356804949084, -22.149149145461365 ], [ -68.662421385125754, -22.122046527207992 ] ] ] } },
{ "type": "Feature", "properties": { "cve": "2880173", "nombre": "BOMBONERA VI", "solicitante": "Daniel Pringles Cristian", "region": "REGIÓN DE ANTOFAGASTA", "provincia": "Provincia de Tocopilla", "comuna": "Tocopilla", "superficie_ha": 200.0, "datum_original": "PSAD56", "huso": 19, "epsg_origen": 24879, "tipo_publicacion": "pedimento", "fuente_pdf": "http://www.diariooficial.interior.gob.cl/publicaciones/2026/10/05/44566/07/2880173.pdf", "archivo": "gm_pedimento_2880173.pdf", "fecha": "05-10-2026", "edicion": "44566" }, "geometry": { "type": "Polygon", "coordinates": [ [ [ -70.256208096659535, -22.587257622078244 ], [ -70.246481959288943, -22.587333385642548 ], [ -70.246644586363217, -22.605396779051901 ], [ -70.256371991881423, -22.605320948345582 ], [ -70.256208096659535, -22.587257622078244 ] ] ] } },
{ "type": "Feature", "properties": { "cve": "2880174", "nombre": "BOMBONERA VII", "solicitante": "Daniel Pringles Cristian", "region": "REGIÓN DE ANTOFAGASTA", "provincia": "Provincia de Tocopilla", "comuna": "Tocopilla", "superficie_ha": 600.0, "datum_original": "PSAD56", "huso": 19, "epsg_origen": 24879, "tipo_publicacion": "pedimento", "fuente_pdf": "http://www.diariooficial.interior.gob.cl/publicaciones/2026/10/05/44566/07/2880174.pdf", "archivo": "gm_pedimento_2880174.pdf", "fecha": "05-10-2026", "edicion": "44566" }, "geometry": { "type": "Polygon", "coordinates": [ [ [ -70.280742505063145, -22.558160629203641 ], [ -70.261294454692646, -22.55831435111001 ], [ -70.261541004400655, -22.585409370025236 ], [ -70.28099285383631, -22.585255443555411 ], [ -70.280742505063145, -22.558160629203641 ] ] ] } },
{ "type": "Feature", "properties": { "cve": "2879863", "nombre": "BRISTOL 1", "solicitante": "Sáez Sáez Ana Carolina", "region": "REGIÓN DE ATACAMA", "provincia": "Provincia de Copiapó", "comuna": null, "superficie_ha": 200.0, "datum_original": "PSAD56", "huso": 19, "epsg_origen": 24879, "tipo_publicacion": "pedimento", "fuente_pdf": "http://www.diariooficial.interior.gob.cl/publicaciones/2026/10/05/44566/07/2879863.pdf", "archivo": "gm_pedimento_2879863.pdf", "fecha": "05-10-2026", "edicion": "44566" }, "geometry": { "type": "Polygon", "coordinates": [ [ [ -70.593402999483416, -27.108027709319668 ], [ -70.583318118445618, -27.108141729225792 ], [ -70.58357225019158, -27.12619170979923 ], [ -70.593658748246767, -27.126077601708168 ], [ -70.593402999483416, -27.108027709319668 ] ] ] } },
{ "type": "Feature", "properties": { "cve": "2879864", "nombre": "BRISTOL 2", "solicitante": "Sáez Sáez Ana Carolina", "region": "REGIÓN DE ATACAMA", "provincia": "Provincia de Copiapó", "comuna": null, "superficie_ha": 200.0, "datum_original": "PSAD56", "huso": 19, "epsg_origen": 24879, "tipo_publicacion": "pedimento", "fuente_pdf": "http://www.diariooficial.interior.gob.cl/publicaciones/2026/10/05/44566/07/2879864.pdf", "archivo": "gm_pedimento_2879864.pdf", "fecha": "05-10-2026", "edicion": "44566" }, "geometry": { "type": "Polygon", "coordinates": [ [ [ -70.583318118445618, -27.108141729225792 ], [ -70.573233177951479, -27.108255025808848 ], [ -70.573485692639039, -27.126305094007961 ], [ -70.58357225019158, -27.12619170979923 ], [ -70.583318118445618, -27.108141729225792 ] ] ] } },
{ "type": "Feature", "properties": { "cve": "2879865", "nombre": "BRISTOL 3", "solicitante": "Sáez Sáez Ana Carolina", "region": "REGIÓN DE ATACAMA", "provincia": "Provincia de Copiapó", "comuna": null, "superficie_ha": 200.0, "datum_original": "PSAD56", "huso": 19, "epsg_origen": 24879, "tipo_publicacion": "pedimento", "fuente_pdf": "http://www.diariooficial.interior.gob.cl/publicaciones/2026/10/05/44566/07/2879865.pdf", "archivo": "gm_pedimento_2879865.pdf", "fecha": "05-10-2026", "edicion": "44566" }, "geometry": { "type": "Polygon", "coordinates": [ [ [ -70.573233177951479, -27.108255025808848 ], [ -70.563148178379166, -27.108367599052745 ], [ -70.563399075967524, -27.126417754318254 ], [ -70.573485692639039, -27.126305094007961 ], [ -70.573233177951479, -27.108255025808848 ] ] ] } },
{ "type": "Feature", "properties": { "cve": "2879866", "nombre": "BRISTOL 4", "solicitante": "Sáez Sáez Ana Carolina", "region": "REGIÓN DE ATACAMA", "provincia": "Provincia de Copiapó", "comuna": null, "superficie_ha": 200.0, "datum_original": "PSAD56", "huso": 19, "epsg_origen": 24879, "tipo_publicacion": "pedimento", "fuente_pdf": "http://www.diariooficial.interior.gob.cl/publicaciones/2026/10/05/44566/07/2879866.pdf", "archivo": "gm_pedimento_2879866.pdf", "fecha": "05-10-2026", "edicion": "44566" }, "geometry": { "type": "Polygon", "coordinates": [ [ [ -70.563148178379166, -27.108367599052745 ], [ -70.553063120106785, -27.108479448941523 ], [ -70.553312400555441, -27.126529690714161 ], [ -70.563399075967524, -27.126417754318254 ], [ -70.563148178379166, -27.108367599052745 ] ] ] } },
{ "type": "Feature", "properties": { "cve": "2879867", "nombre": "BRISTOL 5", "solicitante": "Sáez Sáez Ana Carolina", "region": "REGIÓN DE ATACAMA", "provincia": "Provincia de Copiapó", "comuna": null, "superficie_ha": 200.0, "datum_original": "PSAD56", "huso": 19, "epsg_origen": 24879, "tipo_publicacion": "pedimento", "fuente_pdf": "http://www.diariooficial.interior.gob.cl/publicaciones/2026/10/05/44566/07/2879867.pdf", "archivo": "gm_pedimento_2879867.pdf", "fecha": "05-10-2026", "edicion": "44566" }, "geometry": { "type": "Polygon", "coordinates": [ [ [ -70.553063120106785, -27.108479448941523 ], [ -70.542978003512516, -27.108590575459338 ], [ -70.543225666781211, -27.126640903179766 ], [ -70.553312400555441, -27.126529690714161 ], [ -70.553063120106785, -27.108479448941523 ] ] ] } },
{ "type": "Feature", "properties": { "cve": "2879868", "nombre": "LINCOLN 1", "solicitante": "Sáez Sáez Ana Carolina", "region": "REGIÓN DE ATACAMA", "provincia": "Provincia de Copiapó", "comuna": null, "superficie_ha": 200.0, "datum_original": "PSAD56", "huso": 19, "epsg_origen": 24879, "tipo_publicacion": "pedimento", "fuente_pdf": "http://www.diariooficial.interior.gob.cl/publicaciones/2026/10/05/44566/07/2879868.pdf", "archivo": "gm_pedimento_2879868.pdf", "fecha": "05-10-2026", "edicion": "44566" }, "geometry": { "type": "Polygon", "coordinates": [ [ [ -70.629885585824454, -27.085043372380369 ], [ -70.619802943966221, -27.085159919534711 ], [ -70.620062673468226, -27.103209636853332 ], [ -70.63014693030172, -27.103092999508114 ], [ -70.629885585824454, -27.085043372380369 ] ] ] } },
{ "type": "Feature", "properties": { "cve": "2879869", "nombre": "LINCOLN 2", "solicitante": "Sáez Sáez Ana Carolina", "region": "REGIÓN DE ATACAMA", "provincia": "Provincia de Copiapó", "comuna": null, "superficie_ha": 200.0, "datum_original": "PSAD56", "huso": 19, "epsg_origen": 24879, "tipo_publicacion": "pedimento", "fuente_pdf": "http://www.diariooficial.interior.gob.cl/publicaciones/2026/10/05/44566/07/2879869.pdf", "archivo": "gm_pedimento_2879869.pdf", "fecha": "05-10-2026", "edicion": "44566" }, "geometry": { "type": "Polygon", "coordinates": [ [ [ -70.619802943966221, -27.085159919534711 ], [ -70.609720241323956, -27.085275744124271 ], [ -70.609978355808835, -27.103325551074771 ], [ -70.620062673468226, -27.103209636853332 ], [ -70.619802943966221, -27.085159919534711 ] ] ] } },
{ "type": "Feature", "properties": { "cve": "2879870", "nombre": "LINCOLN 3", "solicitante": "Sáez Sáez Ana Carolina", "region": "REGIÓN DE ATACAMA", "provincia": "Provincia de Copiapó", "comuna": null, "superficie_ha": 200.0, "datum_original": "PSAD56", "huso": 19, "epsg_origen": 24879, "tipo_publicacion": "pedimento", "fuente_pdf": "http://www.diariooficial.interior.gob.cl/publicaciones/2026/10/05/44566/07/2879870.pdf", "archivo": "gm_pedimento_2879870.pdf", "fecha": "05-10-2026", "edicion": "44566" }, "geometry": { "type": "Polygon", "coordinates": [ [ [ -70.609720241323956, -27.085275744124271 ], [ -70.599637478275497, -27.085390846132594 ], [ -70.599893977701555, -27.103440742156 ], [ -70.609978355808835, -27.103325551074771 ], [ -70.609720241323956, -27.085275744124271 ] ] ] } },
{ "type": "Feature", "properties": { "cve": "2879871", "nombre": "LINCOLN 4", "solicitante": "Sáez Sáez Ana Carolina", "region": "REGIÓN DE ATACAMA", "provincia": "Provincia de Copiapó", "comuna": null, "superficie_ha": 200.0, "datum_original": "PSAD56", "huso": 19, "epsg_origen": 24879, "tipo_publicacion": "pedimento", "fuente_pdf": "http://www.diariooficial.interior.gob.cl/publicaciones/2026/10/05/44566/07/2879871.pdf", "archivo": "gm_pedimento_2879871.pdf", "fecha": "05-10-2026", "edicion": "44566" }, "geometry": { "type": "Polygon", "coordinates": [ [ [ -70.599637478275497, -27.085390846132594 ], [ -70.58955465519854, -27.08550522554339 ], [ -70.589809539524424, -27.10355521008066 ], [ -70.599893977701555, -27.103440742156 ], [ -70.599637478275497, -27.085390846132594 ] ] ] } },
{ "type": "Feature", "properties": { "cve": "2879872", "nombre": "MANCHESTER 1", "solicitante": "Sáez Sáez Ana Carolina", "region": "REGIÓN DE ATACAMA", "provincia": "Provincia de Copiapó", "comuna": null, "superficie_ha": 200.0, "datum_original": "PSAD56", "huso": 19, "epsg_origen": 24879, "tipo_publicacion": "pedimento", "fuente_pdf": "http://www.diariooficial.interior.gob.cl/publicaciones/2026/10/05/44566/07/2879872.pdf", "archivo": "gm_pedimento_2879872.pdf", "fecha": "05-10-2026", "edicion": "44566" }, "geometry": { "type": "Polygon", "coordinates": [ [ [ -70.547718634103873, -27.049865796335634 ], [ -70.537638736839853, -27.049976319003619 ], [ -70.537884921887112, -27.068026843866349 ], [ -70.547966431436649, -27.067916235589106 ], [ -70.547718634103873, -27.049865796335634 ] ] ] } },
{ "type": "Feature", "properties": { "cve": "2879360", "nombre": "MANCHESTER 10", "solicitante": "Sáez Sáez Ana Carolina", "region": "REGIÓN DE ATACAMA", "provincia": "Provincia de Copiapó", "comuna": null, "superficie_ha": 200.0, "datum_original": "PSAD56", "huso": 19, "epsg_origen": 24879, "tipo_publicacion": "pedimento", "fuente_pdf": "http://www.diariooficial.interior.gob.cl/publicaciones/2026/10/05/44566/07/2879360.pdf", "archivo": "gm_pedimento_2879360.pdf", "fecha": "05-10-2026", "edicion": "44566" }, "geometry": { "type": "Polygon", "coordinates": [ [ [ -70.577705578923641, -27.031479671079211 ], [ -70.567627467512168, -27.031592271126126 ], [ -70.567878254189651, -27.04964258633083 ], [ -70.577957976256783, -27.049529899025671 ], [ -70.577705578923641, -27.031479671079211 ] ] ] } },
{ "type": "Feature", "properties": { "cve": "2879361", "nombre": "MANCHESTER 11", "solicitante": "Sáez Sáez Ana Carolina", "region": "REGIÓN DE ATACAMA", "provincia": "Provincia de Copiapó", "comuna": null, "superficie_ha": 200.0, "datum_original": "PSAD56", "huso": 19, "epsg_origen": 24879, "tipo_publicacion": "pedimento", "fuente_pdf": "http://www.diariooficial.interior.gob.cl/publicaciones/2026/10/05/44566/07/2879361.pdf", "archivo": "gm_pedimento_2879361.pdf", "fecha": "05-10-2026", "edicion": "44566" }, "geometry": { "type": "Polygon", "coordinates": [ [ [ -70.577453418043021, -27.013429394283001 ], [ -70.567376915779093, -27.013541907098805 ], [ -70.567627467512168, -27.031592271126126 ], [ -70.577705578923641, -27.031479671079211 ], [ -70.577453418043021, -27.013429394283001 ] ] ] } },
{ "type": "Feature", "properties": { "cve": "2879362", "nombre": "MANCHESTER 12", "solicitante": "Sáez Sáez Ana Carolina", "region": "REGIÓN DE ATACAMA", "provincia": "Provincia de Copiapó", "comuna": null, "superficie_ha": 200.0, "datum_original": "PSAD56", "huso": 19, "epsg_origen": 24879, "tipo_publicacion": "pedimento", "fuente_pdf": "http://www.diariooficial.interior.gob.cl/publicaciones/2026/10/05/44566/07/2879362.pdf", "archivo": "gm_pedimento_2879362.pdf", "fecha": "05-10-2026", "edicion": "44566" }, "geometry": { "type": "Polygon", "coordinates": [ [ [ -70.588037639170352, -27.049416490206582 ], [ -70.577957976256783, -27.049529899025671 ], [ -70.578210610205218, -27.067580078098953 ], [ -70.588291885242896, -27.067466581435735 ], [ -70.588037639170352, -27.049416490206582 ] ] ] } },
{ "type": "Feature", "properties": { "cve": "2879363", "nombre": "MANCHESTER 13", "solicitante": "Sáez Sáez Ana Carolina", "region": "REGIÓN DE ATACAMA", "provincia": "Provincia de Copiapó", "comuna": null, "superficie_ha": 200.0, "datum_original": "PSAD56", "huso": 19, "epsg_origen": 24879, "tipo_publicacion": "pedimento", "fuente_pdf": "http://www.diariooficial.interior.gob.cl/publicaciones/2026/10/05/44566/07/2879363.pdf", "archivo": "gm_pedimento_2879363.pdf", "fecha": "05-10-2026", "edicion": "44566" }, "geometry": { "type": "Polygon", "coordinates": [ [ [ -70.587783631222223, -27.031366350076919 ], [ -70.577705578923641, -27.031479671079211 ], [ -70.577957976256783, -27.049529899025671 ], [ -70.588037639170352, -27.049416490206582 ], [ -70.587783631222223, -27.031366350076919 ] ] ] } },
{ "type": "Feature", "properties": { "cve": "2879364", "nombre": "MANCHESTER 14", "solicitante": "Sáez Sáez Ana Carolina", "region": "REGIÓN DE ATACAMA", "provincia": "Provincia de Copiapó", "comuna": null, "superficie_ha": 200.0, "datum_original": "PSAD56", "huso": 19, "epsg_origen": 24879, "tipo_publicacion": "pedimento", "fuente_pdf": "http://www.diariooficial.interior.gob.cl/publicaciones/2026/10/05/44566/07/2879364.pdf", "archivo": "gm_pedimento_2879364.pdf", "fecha": "05-10-2026", "edicion": "44566" }, "geometry": { "type": "Polygon", "coordinates": [ [ [ -70.587529861234714, -27.013316161070144 ], [ -70.577453418043021, -27.013429394283001 ], [ -70.577705578923641, -27.031479671079211 ], [ -70.587783631222223, -27.031366350076919 ], [ -70.587529861234714, -27.013316161070144 ] ] ] } },
{ "type": "Feature", "properties": { "cve": "2879365", "nombre": "MANCHESTER 15", "solicitante": "Sáez Sáez Ana Carolina", "region": "REGIÓN DE ATACAMA", "provincia": "Provincia de Copiapó", "comuna": null, "superficie_ha": 200.0, "datum_original": "PSAD56", "huso": 19, "epsg_origen": 24879, "tipo_publicacion": "pedimento", "fuente_pdf": "http://www.diariooficial.interior.gob.cl/publicaciones/2026/10/05/44566/07/2879365.pdf", "archivo": "gm_pedimento_2879365.pdf", "fecha": "05-10-2026", "edicion": "44566" }, "geometry": { "type": "Polygon", "coordinates": [ [ [ -70.598117242553073, -27.049302359889644 ], [ -70.588037639170352, -27.049416490206582 ], [ -70.588291885242896, -27.067466581435735 ], [ -70.598373100708699, -27.06735236271598 ], [ -70.598117242553073, -27.049302359889644 ] ] ] } },
{ "type": "Feature", "properties": { "cve": "2879366", "nombre": "MANCHESTER 16", "solicitante": "Sáez Sáez Ana Carolina", "region": "REGIÓN DE ATACAMA", "provincia": "Provincia de Copiapó", "comuna": null, "superficie_ha": 200.0, "datum_original": "PSAD56", "huso": 19, "epsg_origen": 24879, "tipo_publicacion": "pedimento", "fuente_pdf": "http://www.diariooficial.interior.gob.cl/publicaciones/2026/10/05/44566/07/2879366.pdf", "archivo": "gm_pedimento_2879366.pdf", "fecha": "05-10-2026", "edicion": "44566" }, "geometry": { "type": "Polygon", "coordinates": [ [ [ -70.597861624030912, -27.031252308135276 ], [ -70.587783631222223, -27.031366350076919 ], [ -70.588037639170352, -27.049416490206582 ], [ -70.598117242553073, -27.049302359889644 ], [ -70.597861624030912, -27.031252308135276 ] ] ] } },
{ "type": "Feature", "properties": { "cve": "2879367", "nombre": "MANCHESTER 17", "solicitante": "Sáez Sáez Ana Carolina", "region": "REGIÓN DE ATACAMA", "provincia": "Provincia de Copiapó", "comuna": null, "superficie_ha": 100.0, "datum_original": "PSAD56", "huso": 19, "epsg_origen": 24879, "tipo_publicacion": "pedimento", "fuente_pdf": "http://www.diariooficial.interior.gob.cl/publicaciones/2026/10/05/44566/07/2879367.pdf", "archivo": "gm_pedimento_2879367.pdf", "fecha": "05-10-2026", "edicion": "44566" }, "geometry": { "type": "Polygon", "coordinates": [ [ [ -70.597733904580878, -27.02222726391739 ], [ -70.587656716493626, -27.022341261681703 ], [ -70.587783631222223, -27.031366350076919 ], [ -70.597861624030912, -27.031252308135276 ], [ -70.597733904580878, -27.02222726391739 ] ] ] } },
{ "type": "Feature", "properties": { "cve": "2879368", "nombre": "MANCHESTER 18", "solicitante": "Sáez Sáez Ana Carolina", "region": "REGIÓN DE ATACAMA", "provincia": "Provincia de Copiapó", "comuna": null, "superficie_ha": 200.0, "datum_original": "PSAD56", "huso": 19, "epsg_origen": 24879, "tipo_publicacion": "pedimento", "fuente_pdf": "http://www.diariooficial.interior.gob.cl/publicaciones/2026/10/05/44566/07/2879368.pdf", "archivo": "gm_pedimento_2879368.pdf", "fecha": "05-10-2026", "edicion": "44566" }, "geometry": { "type": "Polygon", "coordinates": [ [ [ -70.60819678602769, -27.049187508091059 ], [ -70.598117242553073, -27.049302359889644 ], [ -70.598373100708699, -27.06735236271598 ], [ -70.608454256225144, -27.067237421955902 ], [ -70.60819678602769, -27.049187508091059 ] ] ] } },
{ "type": "Feature", "properties": { "cve": "2879369", "nombre": "MANCHESTER 19", "solicitante": "Sáez Sáez Ana Carolina", "region": "REGIÓN DE ATACAMA", "provincia": "Provincia de Copiapó", "comuna": null, "superficie_ha": 200.0, "datum_original": "PSAD56", "huso": 19, "epsg_origen": 24879, "tipo_publicacion": "pedimento", "fuente_pdf": "http://www.diariooficial.interior.gob.cl/publicaciones/2026/10/05/44566/07/2879369.pdf", "archivo": "gm_pedimento_2879369.pdf", "fecha": "05-10-2026", "edicion": "44566" }, "geometry": { "type": "Polygon", "coordinates": [ [ [ -70.60793955697271, -27.031137545270465 ], [ -70.597861624030912, -27.031252308135276 ], [ -70.598117242553073, -27.049302359889644 ], [ -70.60819678602769, -27.049187508091059 ], [ -70.60793955697271, -27.031137545270465 ] ] ] } },
{ "type": "Feature", "properties": { "cve": "2879873", "nombre": "MANCHESTER 2", "solicitante": "Sáez Sáez Ana Carolina", "region": "REGIÓN DE ATACAMA", "provincia": "Provincia de Copiapó", "comuna": null, "superficie_ha": 200.0, "datum_original": "PSAD56", "huso": 19, "epsg_origen": 24879, "tipo_publicacion": "pedimento", "fuente_pdf": "http://www.diariooficial.interior.gob.cl/publicaciones/2026/10/05/44566/07/2879873.pdf", "archivo": "gm_pedimento_2879873.pdf", "fecha": "05-10-2026", "edicion": "44566" }, "geometry": { "type": "Polygon", "coordinates": [ [ [ -70.547223735541621, -27.013764771475632 ], [ -70.537147058321665, -27.013875123005068 ], [ -70.537392782370915, -27.031925745375439 ], [ -70.547471068858755, -27.031815308290042 ], [ -70.547223735541621, -27.013764771475632 ] ] ] } },
{ "type": "Feature", "properties": { "cve": "2879370", "nombre": "MANCHESTER 20", "solicitante": "Sáez Sáez Ana Carolina", "region": "REGIÓN DE ATACAMA", "provincia": "Provincia de Copiapó", "comuna": null, "superficie_ha": 200.0, "datum_original": "PSAD56", "huso": 19, "epsg_origen": 24879, "tipo_publicacion": "pedimento", "fuente_pdf": "http://www.diariooficial.interior.gob.cl/publicaciones/2026/10/05/44566/07/2879370.pdf", "archivo": "gm_pedimento_2879370.pdf", "fecha": "05-10-2026", "edicion": "44566" }, "geometry": { "type": "Polygon", "coordinates": [ [ [ -70.537392782370915, -27.031925745375439 ], [ -70.527314438278395, -27.03203546144222 ], [ -70.527558781931518, -27.050086120094409 ], [ -70.537638736839853, -27.049976319003619 ], [ -70.537392782370915, -27.031925745375439 ] ] ] } },
{ "type": "Feature", "properties": { "cve": "2879874", "nombre": "MANCHESTER 3", "solicitante": "Sáez Sáez Ana Carolina", "region": "REGIÓN DE ATACAMA", "provincia": "Provincia de Copiapó", "comuna": null, "superficie_ha": 200.0, "datum_original": "PSAD56", "huso": 19, "epsg_origen": 24879, "tipo_publicacion": "pedimento", "fuente_pdf": "http://www.diariooficial.interior.gob.cl/publicaciones/2026/10/05/44566/07/2879874.pdf", "archivo": "gm_pedimento_2879874.pdf", "fecha": "05-10-2026", "edicion": "44566" }, "geometry": { "type": "Polygon", "coordinates": [ [ [ -70.557798473346239, -27.049754552106116 ], [ -70.547718634103873, -27.049865796335634 ], [ -70.547966431436649, -27.067916235589106 ], [ -70.558047882924555, -27.067804905191586 ], [ -70.557798473346239, -27.049754552106116 ] ] ] } },
{ "type": "Feature", "properties": { "cve": "2879355", "nombre": "MANCHESTER 4", "solicitante": "Sáez Sáez Ana Carolina", "region": "REGIÓN DE ATACAMA", "provincia": "Provincia de Copiapó", "comuna": null, "superficie_ha": 200.0, "datum_original": "PSAD56", "huso": 19, "epsg_origen": 24879, "tipo_publicacion": "pedimento", "fuente_pdf": "http://www.diariooficial.interior.gob.cl/publicaciones/2026/10/05/44566/07/2879355.pdf", "archivo": "gm_pedimento_2879355.pdf", "fecha": "05-10-2026", "edicion": "44566" }, "geometry": { "type": "Polygon", "coordinates": [ [ [ -70.557549297364858, -27.031704150201691 ], [ -70.547471068858755, -27.031815308290042 ], [ -70.547718634103873, -27.049865796335634 ], [ -70.557798473346239, -27.049754552106116 ], [ -70.557549297364858, -27.031704150201691 ] ] ] } },
{ "type": "Feature", "properties": { "cve": "2879356", "nombre": "MANCHESTER 5", "solicitante": "Sáez Sáez Ana Carolina", "region": "REGIÓN DE ATACAMA", "provincia": "Provincia de Copiapó", "comuna": null, "superficie_ha": 200.0, "datum_original": "PSAD56", "huso": 19, "epsg_origen": 24879, "tipo_publicacion": "pedimento", "fuente_pdf": "http://www.diariooficial.interior.gob.cl/publicaciones/2026/10/05/44566/07/2879356.pdf", "archivo": "gm_pedimento_2879356.pdf", "fecha": "05-10-2026", "edicion": "44566" }, "geometry": { "type": "Polygon", "coordinates": [ [ [ -70.557300354819702, -27.013653699501628 ], [ -70.547223735541621, -27.013764771475632 ], [ -70.547471068858755, -27.031815308290042 ], [ -70.557549297364858, -27.031704150201691 ], [ -70.557300354819702, -27.013653699501628 ] ] ] } },
{ "type": "Feature", "properties": { "cve": "2879357", "nombre": "MANCHESTER 6", "solicitante": "Sáez Sáez Ana Carolina", "region": "REGIÓN DE ATACAMA", "provincia": "Provincia de Copiapó", "comuna": null, "superficie_ha": 200.0, "datum_original": "PSAD56", "huso": 19, "epsg_origen": 24879, "tipo_publicacion": "pedimento", "fuente_pdf": "http://www.diariooficial.interior.gob.cl/publicaciones/2026/10/05/44566/07/2879357.pdf", "archivo": "gm_pedimento_2879357.pdf", "fecha": "05-10-2026", "edicion": "44566" }, "geometry": { "type": "Polygon", "coordinates": [ [ [ -70.567878254189651, -27.04964258633083 ], [ -70.557798473346239, -27.049754552106116 ], [ -70.558047882924555, -27.067804905191586 ], [ -70.568129275973263, -27.067692852689575 ], [ -70.567878254189651, -27.04964258633083 ] ] ] } },
{ "type": "Feature", "properties": { "cve": "2879358", "nombre": "MANCHESTER 7", "solicitante": "Sáez Sáez Ana Carolina", "region": "REGIÓN DE ATACAMA", "provincia": "Provincia de Copiapó", "comuna": null, "superficie_ha": 200.0, "datum_original": "PSAD56", "huso": 19, "epsg_origen": 24879, "tipo_publicacion": "pedimento", "fuente_pdf": "http://www.diariooficial.interior.gob.cl/publicaciones/2026/10/05/44566/07/2879358.pdf", "archivo": "gm_pedimento_2879358.pdf", "fecha": "05-10-2026", "edicion": "44566" }, "geometry": { "type": "Polygon", "coordinates": [ [ [ -70.567627467512168, -27.031592271126126 ], [ -70.557549297364858, -27.031704150201691 ], [ -70.557798473346239, -27.049754552106116 ], [ -70.567878254189651, -27.04964258633083 ], [ -70.567627467512168, -27.031592271126126 ] ] ] } },
{ "type": "Feature", "properties": { "cve": "2879359", "nombre": "MANCHESTER 8", "solicitante": "Sáez Sáez Ana Carolina", "region": "REGIÓN DE ATACAMA", "provincia": "Provincia de Copiapó", "comuna": null, "superficie_ha": 200.0, "datum_original": "PSAD56", "huso": 19, "epsg_origen": 24879, "tipo_publicacion": "pedimento", "fuente_pdf": "http://www.diariooficial.interior.gob.cl/publicaciones/2026/10/05/44566/07/2879359.pdf", "archivo": "gm_pedimento_2879359.pdf", "fecha": "05-10-2026", "edicion": "44566" }, "geometry": { "type": "Polygon", "coordinates": [ [ [ -70.567376915779093, -27.013541907098805 ], [ -70.557300354819702, -27.013653699501628 ], [ -70.557549297364858, -27.031704150201691 ], [ -70.567627467512168, -27.031592271126126 ], [ -70.567376915779093, -27.013541907098805 ] ] ] } },
{ "type": "Feature", "properties": { "cve": "2879875", "nombre": "MANCHESTER 9", "solicitante": "Sáez Sáez Ana Carolina", "region": "REGIÓN DE ATACAMA", "provincia": "Provincia de Copiapó", "comuna": null, "superficie_ha": 200.0, "datum_original": "PSAD56", "huso": 19, "epsg_origen": 24879, "tipo_publicacion": "pedimento", "fuente_pdf": "http://www.diariooficial.interior.gob.cl/publicaciones/2026/10/05/44566/07/2879875.pdf", "archivo": "gm_pedimento_2879875.pdf", "fecha": "05-10-2026", "edicion": "44566" }, "geometry": { "type": "Polygon", "coordinates": [ [ [ -70.577957976256783, -27.049529899025671 ], [ -70.567878254189651, -27.04964258633083 ], [ -70.568129275973263, -27.067692852689575 ], [ -70.578210610205218, -27.067580078098953 ], [ -70.577957976256783, -27.049529899025671 ] ] ] } },
{ "type": "Feature", "properties": { "cve": "2879371", "nombre": "MANCHESTER A", "solicitante": "Sáez Sáez Ana Carolina", "region": "REGIÓN DE ATACAMA", "provincia": "Provincia de Copiapó", "comuna": null, "superficie_ha": 200.0, "datum_original": "PSAD56", "huso": 19, "epsg_origen": 24879, "tipo_publicacion": "pedimento", "fuente_pdf": "http://www.diariooficial.interior.gob.cl/publicaciones/2026/10/05/44566/07/2879371.pdf", "archivo": "gm_pedimento_2879371.pdf", "fecha": "05-10-2026", "edicion": "44566" }, "geometry": { "type": "Polygon", "coordinates": [ [ [ -70.547471068858755, -27.031815308290042 ], [ -70.537392782370915, -27.031925745375439 ], [ -70.537638736839853, -27.049976319003619 ], [ -70.547718634103873, -27.049865796335634 ], [ -70.547471068858755, -27.031815308290042 ] ] ] } },
{ "type": "Feature", "properties": { "cve": "2880186", "nombre": "ANIMAS 16", "solicitante": "Compañía Recursos Andina Limitada", "region": "REGIÓN DE ATACAMA", "provincia": "Provincia de Chañaral", "comuna": "CHAÑARAL", "superficie_ha": 300.0, "datum_original": "PSAD56", "huso": 19, "epsg_origen": 24879, "tipo_publicacion": "pedimento", "fuente_pdf": "http://www.diariooficial.interior.gob.cl/publicaciones/2026/10/05/44566/07/2880186.pdf", "archivo": "gm_pedimento_2880186.pdf", "fecha": "05-10-2026", "edicion": "44566" }, "geometry": { "type": "Polygon", "coordinates": [ [ [ -70.505885647367691, -26.413495450248323 ], [ -70.495861476987315, -26.413600642249147 ], [ -70.49621102097683, -26.44067938578079 ], [ -70.506237531594309, -26.440574069490452 ], [ -70.505885647367691, -26.413495450248323 ] ] ] } },
{ "type": "Feature", "properties": { "cve": "2880187", "nombre": "ANIMAS 17", "solicitante": "Compañía Recursos Andina Limitada", "region": "REGIÓN DE ATACAMA", "provincia": "Provincia de Chañaral", "comuna": "CHAÑARAL", "superficie_ha": 300.0, "datum_original": "PSAD56", "huso": 19, "epsg_origen": 24879, "tipo_publicacion": "pedimento", "fuente_pdf": "http://www.diariooficial.interior.gob.cl/publicaciones/2026/10/05/44566/07/2880187.pdf", "archivo": "gm_pedimento_2880187.pdf", "fecha": "05-10-2026", "edicion": "44566" }, "geometry": { "type": "Polygon", "coordinates": [ [ [ -70.495861476987315, -26.413600642249147 ], [ -70.485837251552141, -26.413705132222738 ], [ -70.486184455248861, -26.440783999214645 ], [ -70.49621102097683, -26.44067938578079 ], [ -70.495861476987315, -26.413600642249147 ] ] ] } },
{ "type": "Feature", "properties": { "cve": "2880188", "nombre": "ANIMAS 18", "solicitante": "Compañía Recursos Andina Limitada", "region": "REGIÓN DE ATACAMA", "provincia": "Provincia de Chañaral", "comuna": "CHAÑARAL", "superficie_ha": 200.0, "datum_original": "PSAD56", "huso": 19, "epsg_origen": 24879, "tipo_publicacion": "pedimento", "fuente_pdf": "http://www.diariooficial.interior.gob.cl/publicaciones/2026/10/05/44566/07/2880188.pdf", "archivo": "gm_pedimento_2880188.pdf", "fecha": "05-10-2026", "edicion": "44566" }, "geometry": { "type": "Polygon", "coordinates": [ [ [ -70.485837251552141, -26.413705132222738 ], [ -70.475812971430599, -26.413808920154398 ], [ -70.476042825981054, -26.43186159185823 ], [ -70.486068665965973, -26.431757722178784 ], [ -70.485837251552141, -26.413705132222738 ] ] ] } },
{ "type": "Feature", "properties": { "cve": "2880189", "nombre": "ANIMAS 19", "solicitante": "Compañía Recursos Andina Limitada", "region": "REGIÓN DE ATACAMA", "provincia": "Provincia de Chañaral", "comuna": "CHAÑARAL", "superficie_ha": 300.0, "datum_original": "PSAD56", "huso": 19, "epsg_origen": 24879, "tipo_publicacion": "pedimento", "fuente_pdf": "http://www.diariooficial.interior.gob.cl/publicaciones/2026/10/05/44566/07/2880189.pdf", "archivo": "gm_pedimento_2880189.pdf", "fecha": "05-10-2026", "edicion": "44566" }, "geometry": { "type": "Polygon", "coordinates": [ [ [ -70.506237531594309, -26.440574069490452 ], [ -70.49621102097683, -26.44067938578079 ], [ -70.496561060962861, -26.467758021567793 ], [ -70.506589915136701, -26.467652580931386 ], [ -70.506237531594309, -26.440574069490452 ] ] ] } },
{ "type": "Feature", "properties": { "cve": "2880190", "nombre": "ANIMAS 20", "solicitante": "Compañía Recursos Andina Limitada", "region": "REGIÓN DE ATACAMA", "provincia": "Provincia de Chañaral", "comuna": "CHAÑARAL", "superficie_ha": 300.0, "datum_original": "PSAD56", "huso": 19, "epsg_origen": 24879, "tipo_publicacion": "pedimento", "fuente_pdf": "http://www.diariooficial.interior.gob.cl/publicaciones/2026/10/05/44566/07/2880190.pdf", "archivo": "gm_pedimento_2880190.pdf", "fecha": "05-10-2026", "edicion": "44566" }, "geometry": { "type": "Polygon", "coordinates": [ [ [ -70.49621102097683, -26.44067938578079 ], [ -70.486184455248861, -26.440783999214645 ], [ -70.486532151622782, -26.467862758518059 ], [ -70.496561060962861, -26.467758021567793 ], [ -70.49621102097683, -26.44067938578079 ] ] ] } },
{ "type": "Feature", "properties": { "cve": "2880191", "nombre": "ANIMAS 21", "solicitante": "Compañía Recursos Andina Limitada", "region": "REGIÓN DE ATACAMA", "provincia": "Provincia de Chañaral", "comuna": "CHAÑARAL", "superficie_ha": 300.0, "datum_original": "PSAD56", "huso": 19, "epsg_origen": 24879, "tipo_publicacion": "pedimento", "fuente_pdf": "http://www.diariooficial.interior.gob.cl/publicaciones/2026/10/05/44566/07/2880191.pdf", "archivo": "gm_pedimento_2880191.pdf", "fecha": "05-10-2026", "edicion": "44566" }, "geometry": { "type": "Polygon", "coordinates": [ [ [ -70.506589915136701, -26.467652580931386 ], [ -70.496561060962861, -26.467758021567793 ], [ -70.496911597447351, -26.494836549530103 ], [ -70.506942798500148, -26.494730984491014 ], [ -70.506589915136701, -26.467652580931386 ] ] ] } },
{ "type": "Feature", "properties": { "cve": "2880192", "nombre": "ANIMAS 22", "solicitante": "Compañía Recursos Andina Limitada", "region": "REGIÓN DE ATACAMA", "provincia": "Provincia de Chañaral", "comuna": "CHAÑARAL", "superficie_ha": 300.0, "datum_original": "PSAD56", "huso": 19, "epsg_origen": 24879, "tipo_publicacion": "pedimento", "fuente_pdf": "http://www.diariooficial.interior.gob.cl/publicaciones/2026/10/05/44566/07/2880192.pdf", "archivo": "gm_pedimento_2880192.pdf", "fecha": "05-10-2026", "edicion": "44566" }, "geometry": { "type": "Polygon", "coordinates": [ [ [ -70.496561060962861, -26.467758021567793 ], [ -70.486532151622782, -26.467862758518059 ], [ -70.486880341172451, -26.494941410053066 ], [ -70.496911597447351, -26.494836549530103 ], [ -70.496561060962861, -26.467758021567793 ] ] ] } },
{ "type": "Feature", "properties": { "cve": "2880193", "nombre": "ANIMAS 23", "solicitante": "Compañía Recursos Andina Limitada", "region": "REGIÓN DE ATACAMA", "provincia": "Provincia de Chañaral", "comuna": "CHAÑARAL", "superficie_ha": 200.0, "datum_original": "PSAD56", "huso": 19, "epsg_origen": 24879, "tipo_publicacion": "pedimento", "fuente_pdf": "http://www.diariooficial.interior.gob.cl/publicaciones/2026/10/05/44566/07/2880193.pdf", "archivo": "gm_pedimento_2880193.pdf", "fecha": "05-10-2026", "edicion": "44566" }, "geometry": { "type": "Polygon", "coordinates": [ [ [ -70.506942798500148, -26.494730984491014 ], [ -70.496911597447351, -26.494836549530103 ], [ -70.497145564517822, -26.512888841562919 ], [ -70.507178332004131, -26.512783193557187 ], [ -70.506942798500148, -26.494730984491014 ] ] ] } },
{ "type": "Feature", "properties": { "cve": "2880194", "nombre": "ANIMAS 24", "solicitante": "Compañía Recursos Andina Limitada", "region": "REGIÓN DE ATACAMA", "provincia": "Provincia de Chañaral", "comuna": "CHAÑARAL", "superficie_ha": 200.0, "datum_original": "PSAD56", "huso": 19, "epsg_origen": 24879, "tipo_publicacion": "pedimento", "fuente_pdf": "http://www.diariooficial.interior.gob.cl/publicaciones/2026/10/05/44566/07/2880194.pdf", "archivo": "gm_pedimento_2880194.pdf", "fecha": "05-10-2026", "edicion": "44566" }, "geometry": { "type": "Polygon", "coordinates": [ [ [ -70.496911597447351, -26.494836549530103 ], [ -70.486880341172451, -26.494941410053066 ], [ -70.487112741772108, -26.512993784498963 ], [ -70.497145564517822, -26.512888841562919 ], [ -70.496911597447351, -26.494836549530103 ] ] ] } },
{ "type": "Feature", "properties": { "cve": "2879422", "nombre": "LORE 1", "solicitante": "Minera Joy SpA", "region": "REGIÓN DE COQUIMBO", "provincia": "Provincia de Elqui", "comuna": "VICUÑA", "superficie_ha": 300.0, "datum_original": "PSAD56", "huso": 19, "epsg_origen": 24879, "tipo_publicacion": "pedimento", "fuente_pdf": "http://www.diariooficial.interior.gob.cl/publicaciones/2026/10/05/44566/07/2879422.pdf", "archivo": "gm_pedimento_2879422.pdf", "fecha": "05-10-2026", "edicion": "44566" }, "geometry": { "type": "Polygon", "coordinates": [ [ [ -70.591976470734437, -29.914489447602531 ], [ -70.560909959406615, -29.914860857513773 ], [ -70.561050705959772, -29.923882195340479 ], [ -70.592120015684898, -29.923510650805042 ], [ -70.591976470734437, -29.914489447602531 ] ] ] } },
{ "type": "Feature", "properties": { "cve": "2879423", "nombre": "LORE 2", "solicitante": "Minera Joy SpA", "region": "REGIÓN DE COQUIMBO", "provincia": "Provincia de Elqui", "comuna": "VICUÑA", "superficie_ha": 300.0, "datum_original": "PSAD56", "huso": 19, "epsg_origen": 24879, "tipo_publicacion": "pedimento", "fuente_pdf": "http://www.diariooficial.interior.gob.cl/publicaciones/2026/10/05/44566/07/2879423.pdf", "archivo": "gm_pedimento_2879423.pdf", "fecha": "05-10-2026", "edicion": "44566" }, "geometry": { "type": "Polygon", "coordinates": [ [ [ -70.592120015684898, -29.923510650805042 ], [ -70.561050705959772, -29.923882195340479 ], [ -70.561191516413601, -29.932903520116877 ], [ -70.592263625805757, -29.932531840933521 ], [ -70.592120015684898, -29.923510650805042 ] ] ] } },
{ "type": "Feature", "properties": { "cve": "2879424", "nombre": "LORE 3", "solicitante": "Minera Joy SpA", "region": "REGIÓN DE COQUIMBO", "provincia": "Provincia de Elqui", "comuna": "VICUÑA", "superficie_ha": 300.0, "datum_original": "PSAD56", "huso": 19, "epsg_origen": 24879, "tipo_publicacion": "pedimento", "fuente_pdf": "http://www.diariooficial.interior.gob.cl/publicaciones/2026/10/05/44566/07/2879424.pdf", "archivo": "gm_pedimento_2879424.pdf", "fecha": "05-10-2026", "edicion": "44566" }, "geometry": { "type": "Polygon", "coordinates": [ [ [ -70.592263625805757, -29.932531840933521 ], [ -70.561191516413601, -29.932903520116877 ], [ -70.561332390792217, -29.941924831840378 ], [ -70.592407301121654, -29.941553017985399 ], [ -70.592263625805757, -29.932531840933521 ] ] ] } },
{ "type": "Feature", "properties": { "cve": "2879425", "nombre": "LORE 4", "solicitante": "Minera Joy SpA", "region": "REGIÓN DE COQUIMBO", "provincia": "Provincia de Elqui", "comuna": "VICUÑA", "superficie_ha": 300.0, "datum_original": "PSAD56", "huso": 19, "epsg_origen": 24879, "tipo_publicacion": "pedimento", "fuente_pdf": "http://www.diariooficial.interior.gob.cl/publicaciones/2026/10/05/44566/07/2879425.pdf", "archivo": "gm_pedimento_2879425.pdf", "fecha": "05-10-2026", "edicion": "44566" }, "geometry": { "type": "Polygon", "coordinates": [ [ [ -70.560909959406615, -29.914860857513773 ], [ -70.550554327314046, -29.91498303561465 ], [ -70.550973958886829, -29.942047142822247 ], [ -70.561332390792217, -29.941924831840378 ], [ -70.560909959406615, -29.914860857513773 ] ] ] } },
{ "type": "Feature", "properties": { "cve": "2879426", "nombre": "LORE 5", "solicitante": "Minera Joy SpA", "region": "REGIÓN DE COQUIMBO", "provincia": "Provincia de Elqui", "comuna": "VICUÑA", "superficie_ha": 200.0, "datum_original": "PSAD56", "huso": 19, "epsg_origen": 24879, "tipo_publicacion": "pedimento", "fuente_pdf": "http://www.diariooficial.interior.gob.cl/publicaciones/2026/10/05/44566/07/2879426.pdf", "archivo": "gm_pedimento_2879426.pdf", "fecha": "05-10-2026", "edicion": "44566" }, "geometry": { "type": "Polygon", "coordinates": [ [ [ -70.550694141019591, -29.924004417727215 ], [ -70.540337512602292, -29.924125827188085 ], [ -70.540615463456291, -29.942168640289172 ], [ -70.550973958886829, -29.942047142822247 ], [ -70.550694141019591, -29.924004417727215 ] ] ] } },
{ "type": "Feature", "properties": { "cve": "2879427", "nombre": "LORE 6", "solicitante": "Minera Joy SpA", "region": "REGIÓN DE COQUIMBO", "provincia": "Provincia de Elqui", "comuna": "VICUÑA", "superficie_ha": 200.0, "datum_original": "PSAD56", "huso": 19, "epsg_origen": 24879, "tipo_publicacion": "pedimento", "fuente_pdf": "http://www.diariooficial.interior.gob.cl/publicaciones/2026/10/05/44566/07/2879427.pdf", "archivo": "gm_pedimento_2879427.pdf", "fecha": "05-10-2026", "edicion": "44566" }, "geometry": { "type": "Polygon", "coordinates": [ [ [ -70.597730603633806, -29.950511478499877 ], [ -70.57701225807314, -29.950761071718169 ], [ -70.577154662140998, -29.959782290300112 ], [ -70.59787487663877, -29.959532606679801 ], [ -70.597730603633806, -29.950511478499877 ] ] ] } },
{ "type": "Feature", "properties": { "cve": "2879428", "nombre": "LORE 7", "solicitante": "Minera Joy SpA", "region": "REGIÓN DE COQUIMBO", "provincia": "Provincia de Elqui", "comuna": "VICUÑA", "superficie_ha": 300.0, "datum_original": "PSAD56", "huso": 19, "epsg_origen": 24879, "tipo_publicacion": "pedimento", "fuente_pdf": "http://www.diariooficial.interior.gob.cl/publicaciones/2026/10/05/44566/07/2879428.pdf", "archivo": "gm_pedimento_2879428.pdf", "fecha": "05-10-2026", "edicion": "44566" }, "geometry": { "type": "Polygon", "coordinates": [ [ [ -70.576869918614051, -29.941739840066404 ], [ -70.545794719085734, -29.942107993246196 ], [ -70.545934256227454, -29.951129358267693 ], [ -70.57701225807314, -29.950761071718169 ], [ -70.576869918614051, -29.941739840066404 ] ] ] } },
{ "type": "Feature", "properties": { "cve": "2879429", "nombre": "LORE 8", "solicitante": "Minera Joy SpA", "region": "REGIÓN DE COQUIMBO", "provincia": "Provincia de Elqui", "comuna": "VICUÑA", "superficie_ha": 300.0, "datum_original": "PSAD56", "huso": 19, "epsg_origen": 24879, "tipo_publicacion": "pedimento", "fuente_pdf": "http://www.diariooficial.interior.gob.cl/publicaciones/2026/10/05/44566/07/2879429.pdf", "archivo": "gm_pedimento_2879429.pdf", "fecha": "05-10-2026", "edicion": "44566" }, "geometry": { "type": "Polygon", "coordinates": [ [ [ -70.57701225807314, -29.950761071718169 ], [ -70.545934256227454, -29.951129358267693 ], [ -70.546073856706698, -29.960150710242882 ], [ -70.577154662140998, -29.959782290300112 ], [ -70.57701225807314, -29.950761071718169 ] ] ] } },
{ "type": "Feature", "properties": { "cve": "2880053", "nombre": "LORENZA 107", "solicitante": "Flagship San Lorenzo SpA", "region": "REGIÓN DE COQUIMBO", "provincia": "Provincia de Elqui", "comuna": "La Higuera", "superficie_ha": 200.0, "datum_original": "PSAD56", "huso": 19, "epsg_origen": 24879, "tipo_publicacion": "pedimento", "fuente_pdf": "http://www.diariooficial.interior.gob.cl/publicaciones/2026/10/05/44566/07/2880053.pdf", "archivo": "gm_pedimento_2880053.pdf", "fecha": "05-10-2026", "edicion": "44566" }, "geometry": { "type": "Polygon", "coordinates": [ [ [ -71.064371055047829, -29.465861175048239 ], [ -71.043757301833494, -29.466179392770989 ], [ -71.04393825111633, -29.475198945111124 ], [ -71.064553826277532, -29.474880610982563 ], [ -71.064371055047829, -29.465861175048239 ] ] ] } },
{ "type": "Feature", "properties": { "cve": "2880054", "nombre": "LORENZA 108", "solicitante": "Flagship San Lorenzo SpA", "region": "REGIÓN DE COQUIMBO", "provincia": "Provincia de Elqui", "comuna": "La Higuera", "superficie_ha": 200.0, "datum_original": "PSAD56", "huso": 19, "epsg_origen": 24879, "tipo_publicacion": "pedimento", "fuente_pdf": "http://www.diariooficial.interior.gob.cl/publicaciones/2026/10/05/44566/07/2880054.pdf", "archivo": "gm_pedimento_2880054.pdf", "fecha": "05-10-2026", "edicion": "44566" }, "geometry": { "type": "Polygon", "coordinates": [ [ [ -71.064188367072774, -29.456841725754796 ], [ -71.043576434976202, -29.457159827091857 ], [ -71.043757301833494, -29.466179392770989 ], [ -71.064371055047829, -29.465861175048239 ], [ -71.064188367072774, -29.456841725754796 ] ] ] } },
{ "type": "Feature", "properties": { "cve": "2880055", "nombre": "LORENZA 109", "solicitante": "Flagship San Lorenzo SpA", "region": "REGIÓN DE COQUIMBO", "provincia": "Provincia de Elqui", "comuna": "La Higuera", "superficie_ha": 100.0, "datum_original": "PSAD56", "huso": 19, "epsg_origen": 24879, "tipo_publicacion": "pedimento", "fuente_pdf": "http://www.diariooficial.interior.gob.cl/publicaciones/2026/10/05/44566/07/2880055.pdf", "archivo": "gm_pedimento_2880055.pdf", "fecha": "05-10-2026", "edicion": "44566" }, "geometry": { "type": "Polygon", "coordinates": [ [ [ -71.022874681082016, -29.452964895020774 ], [ -71.012568882866248, -29.453121127579923 ], [ -71.012746977237569, -29.462140872305461 ], [ -71.023053685911989, -29.461984582578424 ], [ -71.022874681082016, -29.452964895020774 ] ] ] } },
{ "type": "Feature", "properties": { "cve": "2880056", "nombre": "LORENZA 110", "solicitante": "Flagship San Lorenzo SpA", "region": "REGIÓN DE COQUIMBO", "provincia": "Provincia de Elqui", "comuna": "La Higuera", "superficie_ha": 200.0, "datum_original": "PSAD56", "huso": 19, "epsg_origen": 24879, "tipo_publicacion": "pedimento", "fuente_pdf": "http://www.diariooficial.interior.gob.cl/publicaciones/2026/10/05/44566/07/2880056.pdf", "archivo": "gm_pedimento_2880056.pdf", "fecha": "05-10-2026", "edicion": "44566" }, "geometry": { "type": "Polygon", "coordinates": [ [ [ -71.139743790465815, -29.61804380100509 ], [ -71.129422007740246, -29.618209916682634 ], [ -71.129801491718609, -29.636247605469926 ], [ -71.140125110473221, -29.636081368648526 ], [ -71.139743790465815, -29.61804380100509 ] ] ] } },
{ "type": "Feature", "properties": { "cve": "2880057", "nombre": "LORENZA 111", "solicitante": "Flagship San Lorenzo SpA", "region": "REGIÓN DE COQUIMBO", "provincia": "Provincia de Elqui", "comuna": "La Higuera", "superficie_ha": 200.0, "datum_original": "PSAD56", "huso": 19, "epsg_origen": 24879, "tipo_publicacion": "pedimento", "fuente_pdf": "http://www.diariooficial.interior.gob.cl/publicaciones/2026/10/05/44566/07/2880057.pdf", "archivo": "gm_pedimento_2880057.pdf", "fecha": "05-10-2026", "edicion": "44566" }, "geometry": { "type": "Polygon", "coordinates": [ [ [ -71.129422007740246, -29.618209916682634 ], [ -71.119100138727632, -29.618375230305645 ], [ -71.119477786612308, -29.636413039652279 ], [ -71.129801491718609, -29.636247605469926 ], [ -71.129422007740246, -29.618209916682634 ] ] ] } },
{ "type": "Feature", "properties": { "cve": "2880058", "nombre": "LORENZA 112", "solicitante": "Flagship San Lorenzo SpA", "region": "REGIÓN DE COQUIMBO", "provincia": "Provincia de Elqui", "comuna": "La Higuera", "superficie_ha": 200.0, "datum_original": "PSAD56", "huso": 19, "epsg_origen": 24879, "tipo_publicacion": "pedimento", "fuente_pdf": "http://www.diariooficial.interior.gob.cl/publicaciones/2026/10/05/44566/07/2880058.pdf", "archivo": "gm_pedimento_2880058.pdf", "fecha": "05-10-2026", "edicion": "44566" }, "geometry": { "type": "Polygon", "coordinates": [ [ [ -71.119100138727632, -29.618375230305645 ], [ -71.108778183845004, -29.618539741849972 ], [ -71.109153995571717, -29.636577671171409 ], [ -71.119477786612308, -29.636413039652279 ], [ -71.119100138727632, -29.618375230305645 ] ] ] } },
{ "type": "Feature", "properties": { "cve": "2879862", "nombre": "PYRITA 1", "solicitante": "Izquierdo Frutos Felipe", "region": "REGIÓN DE COQUIMBO", "provincia": "Provincia de Elqui", "comuna": "La Higuera", "superficie_ha": 200.0, "datum_original": "PSAD56", "huso": 19, "epsg_origen": 24879, "tipo_publicacion": "pedimento", "fuente_pdf": "http://www.diariooficial.interior.gob.cl/publicaciones/2026/10/05/44566/07/2879862.pdf", "archivo": "gm_pedimento_2879862.pdf", "fecha": "05-10-2026", "edicion": "44566" }, "geometry": { "type": "Polygon", "coordinates": [ [ [ -70.926942426078355, -29.449876989858826 ], [ -70.916636344503516, -29.450025783026287 ], [ -70.916975595868507, -29.468066307880477 ], [ -70.927283498910882, -29.467917405798691 ], [ -70.926942426078355, -29.449876989858826 ] ] ] } },
{ "type": "Feature", "properties": { "cve": "2879034", "nombre": "VALKIRIA 2", "solicitante": "Veth Raffo Daniela", "region": "REGIÓN DEL MAULE", "provincia": "Provincia de Talca", "comuna": null, "superficie_ha": 300.0, "datum_original": "PSAD56", "huso": 19, "epsg_origen": 24879, "tipo_publicacion": "pedimento", "fuente_pdf": "http://www.diariooficial.interior.gob.cl/publicaciones/2026/10/05/44566/07/2879034.pdf", "archivo": "gm_pedimento_2879034.pdf", "fecha": "05-10-2026", "edicion": "44566" }, "geometry": { "type": "Polygon", "coordinates": [ [ [ -70.774550155732513, -35.881606567057013 ], [ -70.741329529171267, -35.882092854586404 ], [ -70.741526874230161, -35.891104708243518 ], [ -70.774751260916588, -35.89061826060685 ], [ -70.774550155732513, -35.881606567057013 ] ] ] } },
{ "type": "Feature", "properties": { "cve": "2879035", "nombre": "VALKIRIA 5", "solicitante": "Veth Raffo Daniela", "region": "REGIÓN DEL MAULE", "provincia": "Provincia de Talca", "comuna": null, "superficie_ha": 300.0, "datum_original": "PSAD56", "huso": 19, "epsg_origen": 24879, "tipo_publicacion": "pedimento", "fuente_pdf": "http://www.diariooficial.interior.gob.cl/publicaciones/2026/10/05/44566/07/2879035.pdf", "archivo": "gm_pedimento_2879035.pdf", "fecha": "05-10-2026", "edicion": "44566" }, "geometry": { "type": "Polygon", "coordinates": [ [ [ -70.775153739249234, -35.908641603830461 ], [ -70.741921827307024, -35.909128371788725 ], [ -70.742119435403879, -35.918140181672996 ], [ -70.775355112478195, -35.91765325350039 ], [ -70.775153739249234, -35.908641603830461 ] ] ] } },
{ "type": "Feature", "properties": { "cve": "2879036", "nombre": "VALKIRIA 6", "solicitante": "Veth Raffo Daniela", "region": "REGIÓN DEL MAULE", "provincia": "Provincia de Talca", "comuna": null, "superficie_ha": 300.0, "datum_original": "PSAD56", "huso": 19, "epsg_origen": 24879, "tipo_publicacion": "pedimento", "fuente_pdf": "http://www.diariooficial.interior.gob.cl/publicaciones/2026/10/05/44566/07/2879036.pdf", "archivo": "gm_pedimento_2879036.pdf", "fecha": "05-10-2026", "edicion": "44566" }, "geometry": { "type": "Polygon", "coordinates": [ [ [ -70.775355112478195, -35.91765325350039 ], [ -70.742119435403879, -35.918140181672996 ], [ -70.742317131258986, -35.927151976962541 ], [ -70.775556575135894, -35.926664888539861 ], [ -70.775355112478195, -35.91765325350039 ] ] ] } }
]
}
