{
"type": "FeatureCollection",
"name": "boletin_mineria_20260810",
"crs": { "type": "name", "properties": { "name": "urn:ogc:def:crs:OGC:1.3:CRS84" } },
"features": [
{ "type": "Feature", "properties": { "cve": "2850926", "nombre": "TRAYECTO J-A 1 AL 20", "solicitante": "Compañía Minera Doña Inés de Collahuasi SCM", "region": "REGIÓN DE TARAPACÁ", "provincia": "Provincia de Iquique", "comuna": null, "superficie_ha": 200.0, "datum_original": "WGS84", "huso": 19, "epsg_origen": 32719, "tipo_publicacion": "manifestacion", "fuente_pdf": "http://www.diariooficial.interior.gob.cl/publicaciones/2026/08/10/44521/07/2850926.pdf", "archivo": "gm_manifestacion_2850926.pdf", "fecha": "10-08-2026", "edicion": "44521" }, "geometry": { "type": "Polygon", "coordinates": [ [ [ -70.181804178198121, -20.791292367100937 ], [ -70.162590857933836, -20.791423597657271 ], [ -70.162660079742437, -20.800457592093434 ], [ -70.181874543343014, -20.800326299365789 ], [ -70.181804178198121, -20.791292367100937 ] ] ] } },
{ "type": "Feature", "properties": { "cve": "2850038", "nombre": "RELTADO 2, 1 AL 30", "solicitante": "Compañía Minera Teck Quebrada Blanca S.A.", "region": "REGIÓN DE TARAPACÁ", "provincia": "Provincia del Tamarugal", "comuna": "POZO ALMONTE", "superficie_ha": 300.0, "datum_original": "PSAD56", "huso": 19, "epsg_origen": 24879, "tipo_publicacion": "manifestacion", "fuente_pdf": "http://www.diariooficial.interior.gob.cl/publicaciones/2026/08/10/44521/07/2850038.pdf", "archivo": "gm_manifestacion_2850038.pdf", "fecha": "10-08-2026", "edicion": "44521" }, "geometry": { "type": "Polygon", "coordinates": [ [ [ -69.165423710186928, -21.069742203209774 ], [ -69.136544598896435, -21.06976787854471 ], [ -69.136552847170464, -21.078803378743917 ], [ -69.165433702948889, -21.078777691373737 ], [ -69.165423710186928, -21.069742203209774 ] ] ] } },
{ "type": "Feature", "properties": { "cve": "2850388", "nombre": "ATIKA B 1, 1 AL 100", "solicitante": "Antofagasta Minerals S.A.", "region": "REGIÓN DE ANTOFAGASTA", "provincia": "Provincia de Antofagasta", "comuna": null, "superficie_ha": 100.0, "datum_original": "PSAD56", "huso": 19, "epsg_origen": 24879, "tipo_publicacion": "manifestacion", "fuente_pdf": "http://www.diariooficial.interior.gob.cl/publicaciones/2026/08/10/44521/07/2850388.pdf", "archivo": "gm_manifestacion_2850388.pdf", "fecha": "10-08-2026", "edicion": "44521" }, "geometry": { "type": "Polygon", "coordinates": [ [ [ -70.038974533962403, -23.374625209953994 ], [ -70.029191136960065, -23.3746898769555 ], [ -70.0292608740709, -23.383721357826246 ], [ -70.039044933698534, -23.383656662929926 ], [ -70.038974533962403, -23.374625209953994 ] ] ] } },
{ "type": "Feature", "properties": { "cve": "2850389", "nombre": "ATIKA B 3, 1 AL 20", "solicitante": "Antofagasta Minerals S.A.", "region": "REGIÓN DE ANTOFAGASTA", "provincia": "Provincia de Antofagasta", "comuna": null, "superficie_ha": 200.0, "datum_original": "PSAD56", "huso": 19, "epsg_origen": 24879, "tipo_publicacion": "manifestacion", "fuente_pdf": "http://www.diariooficial.interior.gob.cl/publicaciones/2026/08/10/44521/07/2850389.pdf", "archivo": "gm_manifestacion_2850389.pdf", "fecha": "10-08-2026", "edicion": "44521" }, "geometry": { "type": "Polygon", "coordinates": [ [ [ -70.088038446520144, -23.392355309895134 ], [ -70.068469323710005, -23.392490264239878 ], [ -70.068541783693277, -23.401521610487119 ], [ -70.088112232982837, -23.401386597963487 ], [ -70.088038446520144, -23.392355309895134 ] ] ] } },
{ "type": "Feature", "properties": { "cve": "2850390", "nombre": "ATIKA B 4, 1 AL 20", "solicitante": "Antofagasta Minerals S.A.", "region": "REGIÓN DE ANTOFAGASTA", "provincia": "Provincia de Antofagasta", "comuna": null, "superficie_ha": 200.0, "datum_original": "PSAD56", "huso": 19, "epsg_origen": 24879, "tipo_publicacion": "manifestacion", "fuente_pdf": "http://www.diariooficial.interior.gob.cl/publicaciones/2026/08/10/44521/07/2850390.pdf", "archivo": "gm_manifestacion_2850390.pdf", "fecha": "10-08-2026", "edicion": "44521" }, "geometry": { "type": "Polygon", "coordinates": [ [ [ -70.088075335140047, -23.396870955272018 ], [ -70.068505549173082, -23.397005938705242 ], [ -70.068578027271968, -23.406037279585099 ], [ -70.088149140049907, -23.405902237969162 ], [ -70.088075335140047, -23.396870955272018 ] ] ] } },
{ "type": "Feature", "properties": { "cve": "2850780", "nombre": "CARINA B 1, 1 AL 30", "solicitante": "Minera Centinela", "region": "REGIÓN DE ANTOFAGASTA", "provincia": "Provincia de Antofagasta", "comuna": null, "superficie_ha": 300.0, "datum_original": "PSAD56", "huso": 19, "epsg_origen": 24879, "tipo_publicacion": "manifestacion", "fuente_pdf": "http://www.diariooficial.interior.gob.cl/publicaciones/2026/08/10/44521/07/2850780.pdf", "archivo": "gm_manifestacion_2850780.pdf", "fecha": "10-08-2026", "edicion": "44521" }, "geometry": { "type": "Polygon", "coordinates": [ [ [ -69.148537605038911, -23.337356414654728 ], [ -69.138755371971953, -23.337365384670495 ], [ -69.138783542980264, -23.364464239046054 ], [ -69.148567762081896, -23.364455257404572 ], [ -69.148537605038911, -23.337356414654728 ] ] ] } },
{ "type": "Feature", "properties": { "cve": "2850888", "nombre": "CRISTINA 1 AL 80", "solicitante": "Delgado Camayo Vanessa", "region": "REGIÓN DE ANTOFAGASTA", "provincia": "Provincia de Antofagasta", "comuna": null, "superficie_ha": 800.0, "datum_original": "PSAD56", "huso": 19, "epsg_origen": 24879, "tipo_publicacion": "manifestacion", "fuente_pdf": "http://www.diariooficial.interior.gob.cl/publicaciones/2026/08/10/44521/07/2850888.pdf", "archivo": "gm_manifestacion_2850888.pdf", "fecha": "10-08-2026", "edicion": "44521" }, "geometry": { "type": "Polygon", "coordinates": [ [ [ -70.313528644515657, -23.037492325847854 ], [ -70.274496660630504, -23.037811606187827 ], [ -70.274666637225124, -23.055873774820345 ], [ -70.313703823118686, -23.05555421590179 ], [ -70.313528644515657, -23.037492325847854 ] ] ] } },
{ "type": "Feature", "properties": { "cve": "2850843", "nombre": "DAYAN 16 1 AL 20", "solicitante": "Compañía Minera Norteárido Minerals SCM", "region": "REGIÓN DE ANTOFAGASTA", "provincia": "Provincia de Antofagasta", "comuna": null, "superficie_ha": 200.0, "datum_original": "PSAD56", "huso": 19, "epsg_origen": 24879, "tipo_publicacion": "manifestacion", "fuente_pdf": "http://www.diariooficial.interior.gob.cl/publicaciones/2026/08/10/44521/07/2850843.pdf", "archivo": "gm_manifestacion_2850843.pdf", "fecha": "10-08-2026", "edicion": "44521" }, "geometry": { "type": "Polygon", "coordinates": [ [ [ -70.062834740719609, -23.907327974021065 ], [ -70.053011750512368, -23.907395547540865 ], [ -70.0531581433127, -23.925457110256115 ], [ -70.062982498517229, -23.925389479439438 ], [ -70.062834740719609, -23.907327974021065 ] ] ] } },
{ "type": "Feature", "properties": { "cve": "2850822", "nombre": "ESMERALDA DEL 1 AL 20", "solicitante": "Toledo Córdova José Iván", "region": "REGIÓN DE ANTOFAGASTA", "provincia": "Provincia de Antofagasta", "comuna": null, "superficie_ha": 200.0, "datum_original": "PSAD56", "huso": 19, "epsg_origen": 24879, "tipo_publicacion": "manifestacion", "fuente_pdf": "http://www.diariooficial.interior.gob.cl/publicaciones/2026/08/10/44521/07/2850822.pdf", "archivo": "gm_manifestacion_2850822.pdf", "fecha": "10-08-2026", "edicion": "44521" }, "geometry": { "type": "Polygon", "coordinates": [ [ [ -70.244837056548462, -23.72985826116604 ], [ -70.225218978824557, -23.730014930281257 ], [ -70.225303413011929, -23.739045384273695 ], [ -70.244922841842865, -23.738888648365194 ], [ -70.244837056548462, -23.72985826116604 ] ] ] } },
{ "type": "Feature", "properties": { "cve": "2850409", "nombre": "LOLO DEL 1 AL 24", "solicitante": "Geomensura, Geomática, Medio Ambiente y Servicios de Ingeniería SpA", "region": "REGIÓN DE ANTOFAGASTA", "provincia": "Provincia de Antofagasta", "comuna": "Antofagasta", "superficie_ha": 24.0, "datum_original": "WGS84", "huso": 19, "epsg_origen": 32719, "tipo_publicacion": "manifestacion", "fuente_pdf": "http://www.diariooficial.interior.gob.cl/publicaciones/2026/08/10/44521/07/2850409.pdf", "archivo": "gm_manifestacion_2850409.pdf", "fecha": "10-08-2026", "edicion": "44521" }, "geometry": { "type": "Polygon", "coordinates": [ [ [ -70.28225462887012, -23.777657575438788 ], [ -70.278329620400044, -23.77769012383051 ], [ -70.278382598799411, -23.783108296162329 ], [ -70.282307769826929, -23.783075739458631 ], [ -70.28225462887012, -23.777657575438788 ] ] ] } },
{ "type": "Feature", "properties": { "cve": "2850889", "nombre": "VANESSA 1 AL 200", "solicitante": "Delgado Camayo Vanessa", "region": "REGIÓN DE ANTOFAGASTA", "provincia": "Provincia de Antofagasta", "comuna": null, "superficie_ha": 100.0, "datum_original": "PSAD56", "huso": 19, "epsg_origen": 24879, "tipo_publicacion": "manifestacion", "fuente_pdf": "http://www.diariooficial.interior.gob.cl/publicaciones/2026/08/10/44521/07/2850889.pdf", "archivo": "gm_manifestacion_2850889.pdf", "fecha": "10-08-2026", "edicion": "44521" }, "geometry": { "type": "Polygon", "coordinates": [ [ [ -70.295834823840664, -23.024090652634133 ], [ -70.286077789162221, -23.024170240156149 ], [ -70.286163471370642, -23.0332013045251 ], [ -70.295921155649111, -23.033121682268455 ], [ -70.295834823840664, -23.024090652634133 ] ] ] } },
{ "type": "Feature", "properties": { "cve": "2850418", "nombre": "ANTUMAPU 1, 1 AL 60", "solicitante": "Minera Josefina SpA", "region": "REGIÓN DE ANTOFAGASTA", "provincia": "Provincia de El Loa", "comuna": "Ollague", "superficie_ha": 300.0, "datum_original": "PSAD56", "huso": 19, "epsg_origen": 24879, "tipo_publicacion": "manifestacion", "fuente_pdf": "http://www.diariooficial.interior.gob.cl/publicaciones/2026/08/10/44521/07/2850418.pdf", "archivo": "gm_manifestacion_2850418.pdf", "fecha": "10-08-2026", "edicion": "44521" }, "geometry": { "type": "Polygon", "coordinates": [ [ [ -68.200678323209772, -21.81509311192497 ], [ -68.191003864153387, -21.81504599900029 ], [ -68.190851473365925, -21.842147396986853 ], [ -68.200527754326501, -21.842194574317958 ], [ -68.200678323209772, -21.81509311192497 ] ] ] } },
{ "type": "Feature", "properties": { "cve": "2850427", "nombre": "ANTUMAPU 10, 1 AL 60", "solicitante": "Minera Josefina SpA", "region": "REGIÓN DE ANTOFAGASTA", "provincia": "Provincia de El Loa", "comuna": "Ollague", "superficie_ha": 300.0, "datum_original": "PSAD56", "huso": 19, "epsg_origen": 24879, "tipo_publicacion": "manifestacion", "fuente_pdf": "http://www.diariooficial.interior.gob.cl/publicaciones/2026/08/10/44521/07/2850427.pdf", "archivo": "gm_manifestacion_2850427.pdf", "fecha": "10-08-2026", "edicion": "44521" }, "geometry": { "type": "Polygon", "coordinates": [ [ [ -68.190851473365925, -21.842147396986853 ], [ -68.181175218793641, -21.842099652223773 ], [ -68.181020765793036, -21.869200894181773 ], [ -68.190698845086175, -21.86924870414968 ], [ -68.190851473365925, -21.842147396986853 ] ] ] } },
{ "type": "Feature", "properties": { "cve": "2850428", "nombre": "ANTUMAPU 11, 1 AL 60", "solicitante": "Minera Josefina SpA", "region": "REGIÓN DE ANTOFAGASTA", "provincia": "Provincia de El Loa", "comuna": "Ollague", "superficie_ha": 300.0, "datum_original": "PSAD56", "huso": 19, "epsg_origen": 24879, "tipo_publicacion": "manifestacion", "fuente_pdf": "http://www.diariooficial.interior.gob.cl/publicaciones/2026/08/10/44521/07/2850428.pdf", "archivo": "gm_manifestacion_2850428.pdf", "fecha": "10-08-2026", "edicion": "44521" }, "geometry": { "type": "Polygon", "coordinates": [ [ [ -68.181175218793641, -21.842099652223773 ], [ -68.171498990925045, -21.842051340035145 ], [ -68.171342713226252, -21.869152516013422 ], [ -68.181020765793036, -21.869200894181773 ], [ -68.181175218793641, -21.842099652223773 ] ] ] } },
{ "type": "Feature", "properties": { "cve": "2850429", "nombre": "ANTUMAPU 12, 1 AL 60/ Minera Josefina SpA", "solicitante": null, "region": "REGIÓN DE ANTOFAGASTA", "provincia": "Provincia de El Loa", "comuna": "Ollague", "superficie_ha": 300.0, "datum_original": "PSAD56", "huso": 19, "epsg_origen": 24879, "tipo_publicacion": "manifestacion", "fuente_pdf": "http://www.diariooficial.interior.gob.cl/publicaciones/2026/08/10/44521/07/2850429.pdf", "archivo": "gm_manifestacion_2850429.pdf", "fecha": "10-08-2026", "edicion": "44521" }, "geometry": { "type": "Polygon", "coordinates": [ [ [ -68.171498990925045, -21.842051340035145 ], [ -68.161822790075632, -21.842002460427469 ], [ -68.161664687701574, -21.869103569651152 ], [ -68.171342713226252, -21.869152516013422 ], [ -68.171498990925045, -21.842051340035145 ] ] ] } },
{ "type": "Feature", "properties": { "cve": "2850430", "nombre": "ANTUMAPU 13, 1 AL 300", "solicitante": "Minera Josefina SpA", "region": "REGIÓN DE ANTOFAGASTA", "provincia": "Provincia de El Loa", "comuna": "Ollague", "superficie_ha": 300.0, "datum_original": "PSAD56", "huso": 19, "epsg_origen": 24879, "tipo_publicacion": "manifestacion", "fuente_pdf": "http://www.diariooficial.interior.gob.cl/publicaciones/2026/08/10/44521/07/2850430.pdf", "archivo": "gm_manifestacion_2850430.pdf", "fecha": "10-08-2026", "edicion": "44521" }, "geometry": { "type": "Polygon", "coordinates": [ [ [ -68.161822790075632, -21.842002460427469 ], [ -68.152146616560799, -21.841953013407331 ], [ -68.151986689534695, -21.869054055101547 ], [ -68.161664687701574, -21.869103569651152 ], [ -68.161822790075632, -21.842002460427469 ] ] ] } },
{ "type": "Feature", "properties": { "cve": "2850431", "nombre": "ANTUMAPU 14, 1 AL 300", "solicitante": "Minera Josefina SpA", "region": "REGIÓN DE ANTOFAGASTA", "provincia": "Provincia de El Loa", "comuna": "Ollague", "superficie_ha": 300.0, "datum_original": "PSAD56", "huso": 19, "epsg_origen": 24879, "tipo_publicacion": "manifestacion", "fuente_pdf": "http://www.diariooficial.interior.gob.cl/publicaciones/2026/08/10/44521/07/2850431.pdf", "archivo": "gm_manifestacion_2850431.pdf", "fecha": "10-08-2026", "edicion": "44521" }, "geometry": { "type": "Polygon", "coordinates": [ [ [ -68.152146616560799, -21.841953013407331 ], [ -68.142470470696026, -21.841902998981389 ], [ -68.142308719041296, -21.869003972371281 ], [ -68.151986689534695, -21.869054055101547 ], [ -68.152146616560799, -21.841953013407331 ] ] ] } },
{ "type": "Feature", "properties": { "cve": "2850432", "nombre": "ANTUMAPU 15, 1 AL 300", "solicitante": "Minera Josefina SpA", "region": "REGIÓN DE ANTOFAGASTA", "provincia": "Provincia de El Loa", "comuna": "Ollague", "superficie_ha": 300.0, "datum_original": "PSAD56", "huso": 19, "epsg_origen": 24879, "tipo_publicacion": "manifestacion", "fuente_pdf": "http://www.diariooficial.interior.gob.cl/publicaciones/2026/08/10/44521/07/2850432.pdf", "archivo": "gm_manifestacion_2850432.pdf", "fecha": "10-08-2026", "edicion": "44521" }, "geometry": { "type": "Polygon", "coordinates": [ [ [ -68.142470470696026, -21.841902998981389 ], [ -68.132794352796665, -21.841852417156364 ], [ -68.13263077653707, -21.868953321467099 ], [ -68.142308719041296, -21.869003972371281 ], [ -68.142470470696026, -21.841902998981389 ] ] ] } },
{ "type": "Feature", "properties": { "cve": "2850433", "nombre": "ANTUMAPU 16, 1 AL 300", "solicitante": "Minera Josefina SpA", "region": "REGIÓN DE ANTOFAGASTA", "provincia": "Provincia de El Loa", "comuna": "Ollague", "superficie_ha": 300.0, "datum_original": "PSAD56", "huso": 19, "epsg_origen": 24879, "tipo_publicacion": "manifestacion", "fuente_pdf": "http://www.diariooficial.interior.gob.cl/publicaciones/2026/08/10/44521/07/2850433.pdf", "archivo": "gm_manifestacion_2850433.pdf", "fecha": "10-08-2026", "edicion": "44521" }, "geometry": { "type": "Polygon", "coordinates": [ [ [ -68.132794352796665, -21.841852417156364 ], [ -68.123118263178185, -21.841801267939083 ], [ -68.12295286233774, -21.868902102395822 ], [ -68.13263077653707, -21.868953321467099 ], [ -68.132794352796665, -21.841852417156364 ] ] ] } },
{ "type": "Feature", "properties": { "cve": "2850434", "nombre": "ANTUMAPU 17, 1 AL 300", "solicitante": "Minera Josefina SpA", "region": "REGIÓN DE ANTOFAGASTA", "provincia": "Provincia de El Loa", "comuna": "Ollague", "superficie_ha": 300.0, "datum_original": "PSAD56", "huso": 19, "epsg_origen": 24879, "tipo_publicacion": "manifestacion", "fuente_pdf": "http://www.diariooficial.interior.gob.cl/publicaciones/2026/08/10/44521/07/2850434.pdf", "archivo": "gm_manifestacion_2850434.pdf", "fecha": "10-08-2026", "edicion": "44521" }, "geometry": { "type": "Polygon", "coordinates": [ [ [ -68.123118263178185, -21.841801267939083 ], [ -68.113442202156008, -21.841749551336431 ], [ -68.113274976758944, -21.868850315164337 ], [ -68.12295286233774, -21.868902102395822 ], [ -68.123118263178185, -21.841801267939083 ] ] ] } },
{ "type": "Feature", "properties": { "cve": "2850435", "nombre": "ANTUMAPU 18, 1 AL 60", "solicitante": "Minera Josefina SpA", "region": "REGIÓN DE ANTOFAGASTA", "provincia": "Provincia de El Loa", "comuna": "Ollague", "superficie_ha": 300.0, "datum_original": "PSAD56", "huso": 19, "epsg_origen": 24879, "tipo_publicacion": "manifestacion", "fuente_pdf": "http://www.diariooficial.interior.gob.cl/publicaciones/2026/08/10/44521/07/2850435.pdf", "archivo": "gm_manifestacion_2850435.pdf", "fecha": "10-08-2026", "edicion": "44521" }, "geometry": { "type": "Polygon", "coordinates": [ [ [ -68.200376950790002, -21.869295945910721 ], [ -68.190698845086175, -21.86924870414968 ], [ -68.190545979112585, -21.896349920399256 ], [ -68.200225912401123, -21.896397226613775 ], [ -68.200376950790002, -21.869295945910721 ] ] ] } },
{ "type": "Feature", "properties": { "cve": "2850436", "nombre": "ANTUMAPU 19, 1 AL 300", "solicitante": "Minera Josefina SpA", "region": "REGIÓN DE ANTOFAGASTA", "provincia": "Provincia de El Loa", "comuna": "Ollague", "superficie_ha": 300.0, "datum_original": "PSAD56", "huso": 19, "epsg_origen": 24879, "tipo_publicacion": "manifestacion", "fuente_pdf": "http://www.diariooficial.interior.gob.cl/publicaciones/2026/08/10/44521/07/2850436.pdf", "archivo": "gm_manifestacion_2850436.pdf", "fecha": "10-08-2026", "edicion": "44521" }, "geometry": { "type": "Polygon", "coordinates": [ [ [ -68.190698845086175, -21.86924870414968 ], [ -68.181020765793036, -21.869200894181773 ], [ -68.180866072257174, -21.896302045202667 ], [ -68.190545979112585, -21.896349920399256 ], [ -68.190698845086175, -21.86924870414968 ] ] ] } },
{ "type": "Feature", "properties": { "cve": "2850419", "nombre": "ANTUMAPU 2, 1 AL 300", "solicitante": "Minera Josefina SpA", "region": "REGIÓN DE ANTOFAGASTA", "provincia": "Provincia de El Loa", "comuna": null, "superficie_ha": 300.0, "datum_original": "PSAD56", "huso": 19, "epsg_origen": 24879, "tipo_publicacion": "manifestacion", "fuente_pdf": "http://www.diariooficial.interior.gob.cl/publicaciones/2026/08/10/44521/07/2850419.pdf", "archivo": "gm_manifestacion_2850419.pdf", "fecha": "10-08-2026", "edicion": "44521" }, "geometry": { "type": "Polygon", "coordinates": [ [ [ -68.191003864153387, -21.81504599900029 ], [ -68.181329431462927, -21.814998319418251 ], [ -68.181175218793641, -21.842099652223773 ], [ -68.190851473365925, -21.842147396986853 ], [ -68.191003864153387, -21.81504599900029 ] ] ] } },
{ "type": "Feature", "properties": { "cve": "2850437", "nombre": "ANTUMAPU 20, 1 AL 60", "solicitante": "Minera Josefina SpA", "region": "REGIÓN DE ANTOFAGASTA", "provincia": "Provincia de El Loa", "comuna": "Ollague", "superficie_ha": 300.0, "datum_original": "PSAD56", "huso": 19, "epsg_origen": 24879, "tipo_publicacion": "manifestacion", "fuente_pdf": "http://www.diariooficial.interior.gob.cl/publicaciones/2026/08/10/44521/07/2850437.pdf", "archivo": "gm_manifestacion_2850437.pdf", "fecha": "10-08-2026", "edicion": "44521" }, "geometry": { "type": "Polygon", "coordinates": [ [ [ -68.181020765793036, -21.869200894181773 ], [ -68.171342713226252, -21.869152516013422 ], [ -68.171186192150842, -21.896253601030484 ], [ -68.180866072257174, -21.896302045202667 ], [ -68.181020765793036, -21.869200894181773 ] ] ] } },
{ "type": "Feature", "properties": { "cve": "2850438", "nombre": "ANTUMAPU 21, 1 AL 60", "solicitante": "Minera Josefina SpA", "region": "REGIÓN DE ANTOFAGASTA", "provincia": "Provincia de El Loa", "comuna": "Ollague", "superficie_ha": 300.0, "datum_original": "PSAD56", "huso": 19, "epsg_origen": 24879, "tipo_publicacion": "manifestacion", "fuente_pdf": "http://www.diariooficial.interior.gob.cl/publicaciones/2026/08/10/44521/07/2850438.pdf", "archivo": "gm_manifestacion_2850438.pdf", "fecha": "10-08-2026", "edicion": "44521" }, "geometry": { "type": "Polygon", "coordinates": [ [ [ -68.171342713226252, -21.869152516013422 ], [ -68.161664687701574, -21.869103569651152 ], [ -68.161506339109565, -21.896204587889205 ], [ -68.171186192150842, -21.896253601030484 ], [ -68.171342713226252, -21.869152516013422 ] ] ] } },
{ "type": "Feature", "properties": { "cve": "2850439", "nombre": "ANTUMAPU 22, 1 AL 60", "solicitante": "Minera Josefina SpA", "region": "REGIÓN DE ANTOFAGASTA", "provincia": "Provincia de El Loa", "comuna": "Ollague", "superficie_ha": 300.0, "datum_original": "PSAD56", "huso": 19, "epsg_origen": 24879, "tipo_publicacion": "manifestacion", "fuente_pdf": "http://www.diariooficial.interior.gob.cl/publicaciones/2026/08/10/44521/07/2850439.pdf", "archivo": "gm_manifestacion_2850439.pdf", "fecha": "10-08-2026", "edicion": "44521" }, "geometry": { "type": "Polygon", "coordinates": [ [ [ -68.161664687701574, -21.869103569651152 ], [ -68.151986689534695, -21.869054055101547 ], [ -68.151826513449322, -21.896155005785445 ], [ -68.161506339109565, -21.896204587889205 ], [ -68.161664687701574, -21.869103569651152 ] ] ] } },
{ "type": "Feature", "properties": { "cve": "2850440", "nombre": "ANTUMAPU 23, 1 AL 300", "solicitante": "Minera Josefina SpA", "region": "REGIÓN DE ANTOFAGASTA", "provincia": "Provincia de El Loa", "comuna": "Ollague", "superficie_ha": 300.0, "datum_original": "PSAD56", "huso": 19, "epsg_origen": 24879, "tipo_publicacion": "manifestacion", "fuente_pdf": "http://www.diariooficial.interior.gob.cl/publicaciones/2026/08/10/44521/07/2850440.pdf", "archivo": "gm_manifestacion_2850440.pdf", "fecha": "10-08-2026", "edicion": "44521" }, "geometry": { "type": "Polygon", "coordinates": [ [ [ -68.151986689534695, -21.869054055101547 ], [ -68.142308719041296, -21.869003972371281 ], [ -68.142146715486078, -21.896104854725895 ], [ -68.151826513449322, -21.896155005785445 ], [ -68.151986689534695, -21.869054055101547 ] ] ] } },
{ "type": "Feature", "properties": { "cve": "2850441", "nombre": "ANTUMAPU 24, 1 AL 60", "solicitante": "Minera Josefina SpA", "region": "REGIÓN DE ANTOFAGASTA", "provincia": "Provincia de El Loa", "comuna": "Ollague", "superficie_ha": 300.0, "datum_original": "PSAD56", "huso": 19, "epsg_origen": 24879, "tipo_publicacion": "manifestacion", "fuente_pdf": "http://www.diariooficial.interior.gob.cl/publicaciones/2026/08/10/44521/07/2850441.pdf", "archivo": "gm_manifestacion_2850441.pdf", "fecha": "10-08-2026", "edicion": "44521" }, "geometry": { "type": "Polygon", "coordinates": [ [ [ -68.142308719041296, -21.869003972371281 ], [ -68.13263077653707, -21.868953321467099 ], [ -68.132466945535796, -21.896054134717289 ], [ -68.142146715486078, -21.896104854725895 ], [ -68.142308719041296, -21.869003972371281 ] ] ] } },
{ "type": "Feature", "properties": { "cve": "2850442", "nombre": "ANTUMAPU 25, 1 AL 300", "solicitante": "Minera Josefina SpA", "region": "REGIÓN DE ANTOFAGASTA", "provincia": "Provincia de El Loa", "comuna": "Ollague", "superficie_ha": 300.0, "datum_original": "PSAD56", "huso": 19, "epsg_origen": 24879, "tipo_publicacion": "manifestacion", "fuente_pdf": "http://www.diariooficial.interior.gob.cl/publicaciones/2026/08/10/44521/07/2850442.pdf", "archivo": "gm_manifestacion_2850442.pdf", "fecha": "10-08-2026", "edicion": "44521" }, "geometry": { "type": "Polygon", "coordinates": [ [ [ -68.13263077653707, -21.868953321467099 ], [ -68.12295286233774, -21.868902102395822 ], [ -68.122787203914427, -21.896002845766478 ], [ -68.132466945535796, -21.896054134717289 ], [ -68.13263077653707, -21.868953321467099 ] ] ] } },
{ "type": "Feature", "properties": { "cve": "2850443", "nombre": "ANTUMAPU 26, 1 AL 300", "solicitante": "Minera Josefina SpA", "region": "REGIÓN DE ANTOFAGASTA", "provincia": "Provincia de El Loa", "comuna": "Ollague", "superficie_ha": 300.0, "datum_original": "PSAD56", "huso": 19, "epsg_origen": 24879, "tipo_publicacion": "manifestacion", "fuente_pdf": "http://www.diariooficial.interior.gob.cl/publicaciones/2026/08/10/44521/07/2850443.pdf", "archivo": "gm_manifestacion_2850443.pdf", "fecha": "10-08-2026", "edicion": "44521" }, "geometry": { "type": "Polygon", "coordinates": [ [ [ -68.12295286233774, -21.868902102395822 ], [ -68.113274976758944, -21.868850315164337 ], [ -68.113107490937935, -21.895950987880347 ], [ -68.122787203914427, -21.896002845766478 ], [ -68.12295286233774, -21.868902102395822 ] ] ] } },
{ "type": "Feature", "properties": { "cve": "2850420", "nombre": "ANTUMAPU 3, 1 AL 60", "solicitante": "Minera Josefina SpA", "region": "REGIÓN DE ANTOFAGASTA", "provincia": "Provincia de El Loa", "comuna": "Ollague", "superficie_ha": 300.0, "datum_original": "PSAD56", "huso": 19, "epsg_origen": 24879, "tipo_publicacion": "manifestacion", "fuente_pdf": "http://www.diariooficial.interior.gob.cl/publicaciones/2026/08/10/44521/07/2850420.pdf", "archivo": "gm_manifestacion_2850420.pdf", "fecha": "10-08-2026", "edicion": "44521" }, "geometry": { "type": "Polygon", "coordinates": [ [ [ -68.181329431462927, -21.814998319418251 ], [ -68.17165502545356, -21.814950073185262 ], [ -68.171498990925045, -21.842051340035145 ], [ -68.181175218793641, -21.842099652223773 ], [ -68.181329431462927, -21.814998319418251 ] ] ] } },
{ "type": "Feature", "properties": { "cve": "2850421", "nombre": "ANTUMAPU 4, 1 AL 300", "solicitante": "Minera Josefina SpA", "region": "REGIÓN DE ANTOFAGASTA", "provincia": "Provincia de El Loa", "comuna": "Ollague", "superficie_ha": 300.0, "datum_original": "PSAD56", "huso": 19, "epsg_origen": 24879, "tipo_publicacion": "manifestacion", "fuente_pdf": "http://www.diariooficial.interior.gob.cl/publicaciones/2026/08/10/44521/07/2850421.pdf", "archivo": "gm_manifestacion_2850421.pdf", "fecha": "10-08-2026", "edicion": "44521" }, "geometry": { "type": "Polygon", "coordinates": [ [ [ -68.17165502545356, -21.814950073185262 ], [ -68.161980646440469, -21.814901260307831 ], [ -68.161822790075632, -21.842002460427469 ], [ -68.171498990925045, -21.842051340035145 ], [ -68.17165502545356, -21.814950073185262 ] ] ] } },
{ "type": "Feature", "properties": { "cve": "2850422", "nombre": "ANTUMAPU 5, 1 AL 60", "solicitante": "Minera Josefina SpA", "region": "REGIÓN DE ANTOFAGASTA", "provincia": "Provincia de El Loa", "comuna": "Ollague", "superficie_ha": 300.0, "datum_original": "PSAD56", "huso": 19, "epsg_origen": 24879, "tipo_publicacion": "manifestacion", "fuente_pdf": "http://www.diariooficial.interior.gob.cl/publicaciones/2026/08/10/44521/07/2850422.pdf", "archivo": "gm_manifestacion_2850422.pdf", "fecha": "10-08-2026", "edicion": "44521" }, "geometry": { "type": "Polygon", "coordinates": [ [ [ -68.161980646440469, -21.814901260307831 ], [ -68.152306294738821, -21.814851880792503 ], [ -68.152146616560799, -21.841953013407331 ], [ -68.161822790075632, -21.842002460427469 ], [ -68.161980646440469, -21.814901260307831 ] ] ] } },
{ "type": "Feature", "properties": { "cve": "2850423", "nombre": "ANTUMAPU 6, 1 AL 300", "solicitante": "Minera Josefina SpA", "region": "REGIÓN DE ANTOFAGASTA", "provincia": "Provincia de El Loa", "comuna": null, "superficie_ha": 300.0, "datum_original": "PSAD56", "huso": 19, "epsg_origen": 24879, "tipo_publicacion": "manifestacion", "fuente_pdf": "http://www.diariooficial.interior.gob.cl/publicaciones/2026/08/10/44521/07/2850423.pdf", "archivo": "gm_manifestacion_2850423.pdf", "fecha": "10-08-2026", "edicion": "44521" }, "geometry": { "type": "Polygon", "coordinates": [ [ [ -68.152306294738821, -21.814851880792503 ], [ -68.142631970663814, -21.814801934645953 ], [ -68.142470470696026, -21.841902998981389 ], [ -68.152146616560799, -21.841953013407331 ], [ -68.152306294738821, -21.814851880792503 ] ] ] } },
{ "type": "Feature", "properties": { "cve": "2850424", "nombre": "ANTUMAPU 7, 1 AL 300", "solicitante": "Minera Josefina SpA", "region": "REGIÓN DE ANTOFAGASTA", "provincia": "Provincia de El Loa", "comuna": "Ollague", "superficie_ha": 300.0, "datum_original": "PSAD56", "huso": 19, "epsg_origen": 24879, "tipo_publicacion": "manifestacion", "fuente_pdf": "http://www.diariooficial.interior.gob.cl/publicaciones/2026/08/10/44521/07/2850424.pdf", "archivo": "gm_manifestacion_2850424.pdf", "fecha": "10-08-2026", "edicion": "44521" }, "geometry": { "type": "Polygon", "coordinates": [ [ [ -68.142631970663814, -21.814801934645953 ], [ -68.13295767453053, -21.814751421874895 ], [ -68.132794352796665, -21.841852417156364 ], [ -68.142470470696026, -21.841902998981389 ], [ -68.142631970663814, -21.814801934645953 ] ] ] } },
{ "type": "Feature", "properties": { "cve": "2850425", "nombre": "ANTUMAPU 8, 1 AL 100", "solicitante": "Minera Josefina SpA", "region": "REGIÓN DE ANTOFAGASTA", "provincia": "Provincia de El Loa", "comuna": "Ollague", "superficie_ha": 100.0, "datum_original": "PSAD56", "huso": 19, "epsg_origen": 24879, "tipo_publicacion": "manifestacion", "fuente_pdf": "http://www.diariooficial.interior.gob.cl/publicaciones/2026/08/10/44521/07/2850425.pdf", "archivo": "gm_manifestacion_2850425.pdf", "fecha": "10-08-2026", "edicion": "44521" }, "geometry": { "type": "Polygon", "coordinates": [ [ [ -68.132903262219898, -21.823785097071035 ], [ -68.123228387411444, -21.823733994408915 ], [ -68.123173339588817, -21.83276763622769 ], [ -68.132848821644615, -21.832818762165974 ], [ -68.132903262219898, -21.823785097071035 ] ] ] } },
{ "type": "Feature", "properties": { "cve": "2850426", "nombre": "ANTUMAPU 9, 1 AL 300", "solicitante": "Minera Josefina SpA", "region": "REGIÓN DE ANTOFAGASTA", "provincia": "Provincia de El Loa", "comuna": "Ollague", "superficie_ha": 300.0, "datum_original": "PSAD56", "huso": 19, "epsg_origen": 24879, "tipo_publicacion": "manifestacion", "fuente_pdf": "http://www.diariooficial.interior.gob.cl/publicaciones/2026/08/10/44521/07/2850426.pdf", "archivo": "gm_manifestacion_2850426.pdf", "fecha": "10-08-2026", "edicion": "44521" }, "geometry": { "type": "Polygon", "coordinates": [ [ [ -68.200527754326501, -21.842194574317958 ], [ -68.190851473365925, -21.842147396986853 ], [ -68.190698845086175, -21.86924870414968 ], [ -68.200376950790002, -21.869295945910721 ], [ -68.200527754326501, -21.842194574317958 ] ] ] } },
{ "type": "Feature", "properties": { "cve": "2850840", "nombre": "SANTA CARMEN 1 AL 3", "solicitante": "Díaz Ojeda Doralisa del Carmen", "region": "REGIÓN DE ANTOFAGASTA", "provincia": "Provincia de Tocopilla", "comuna": "María Elena", "superficie_ha": 12.0, "datum_original": "PSAD56", "huso": 19, "epsg_origen": 24879, "tipo_publicacion": "manifestacion", "fuente_pdf": "http://www.diariooficial.interior.gob.cl/publicaciones/2026/08/10/44521/07/2850840.pdf", "archivo": "gm_manifestacion_2850840.pdf", "fecha": "10-08-2026", "edicion": "44521" }, "geometry": { "type": "Polygon", "coordinates": [ [ [ -69.490058620250764, -22.282014588130835 ], [ -69.486175875164491, -22.282026259116652 ], [ -69.486185243802112, -22.284736420548818 ], [ -69.490068063701841, -22.284724747994563 ], [ -69.490058620250764, -22.282014588130835 ] ] ] } },
{ "type": "Feature", "properties": { "cve": "2850643", "nombre": "AQUINO 1, 1 AL 60", "solicitante": "SLM Aquino 1 del Cerro Plaza", "region": "REGIÓN DE ATACAMA", "provincia": "Provincia de Copiapó", "comuna": null, "superficie_ha": 300.0, "datum_original": "PSAD56", "huso": 19, "epsg_origen": 24879, "tipo_publicacion": "manifestacion", "fuente_pdf": "http://www.diariooficial.interior.gob.cl/publicaciones/2026/08/10/44521/07/2850643.pdf", "archivo": "gm_manifestacion_2850643.pdf", "fecha": "10-08-2026", "edicion": "44521" }, "geometry": { "type": "Polygon", "coordinates": [ [ [ -69.530457310592581, -27.941861329415055 ], [ -69.520292580175408, -27.941900111218192 ], [ -69.520422412386836, -27.968981053823615 ], [ -69.530589678992385, -27.968942227929471 ], [ -69.530457310592581, -27.941861329415055 ] ] ] } },
{ "type": "Feature", "properties": { "cve": "2850644", "nombre": "AQUINO 2, 1 AL 60", "solicitante": "SLM Aquino 2 del Cerro Plaza", "region": "REGIÓN DE ATACAMA", "provincia": "Provincia de Copiapó", "comuna": null, "superficie_ha": 300.0, "datum_original": "PSAD56", "huso": 19, "epsg_origen": 24879, "tipo_publicacion": "manifestacion", "fuente_pdf": "http://www.diariooficial.interior.gob.cl/publicaciones/2026/08/10/44521/07/2850644.pdf", "archivo": "gm_manifestacion_2850644.pdf", "fecha": "10-08-2026", "edicion": "44521" }, "geometry": { "type": "Polygon", "coordinates": [ [ [ -69.520292580175408, -27.941900111218192 ], [ -69.510127829721327, -27.941938142755156 ], [ -69.51025512572302, -27.969019128598649 ], [ -69.520422412386836, -27.968981053823615 ], [ -69.520292580175408, -27.941900111218192 ] ] ] } },
{ "type": "Feature", "properties": { "cve": "2850645", "nombre": "AQUINO 4, 1 AL 60", "solicitante": "SLM Aquino 4 del Cerro Plaza", "region": "REGIÓN DE ATACAMA", "provincia": "Provincia de Copiapó", "comuna": null, "superficie_ha": 300.0, "datum_original": "PSAD56", "huso": 19, "epsg_origen": 24879, "tipo_publicacion": "manifestacion", "fuente_pdf": "http://www.diariooficial.interior.gob.cl/publicaciones/2026/08/10/44521/07/2850645.pdf", "archivo": "gm_manifestacion_2850645.pdf", "fecha": "10-08-2026", "edicion": "44521" }, "geometry": { "type": "Polygon", "coordinates": [ [ [ -69.499963059621706, -27.941975424020495 ], [ -69.48979827026794, -27.94201195500888 ], [ -69.489920493787793, -27.969093024769613 ], [ -69.500087819392732, -27.969056452249095 ], [ -69.499963059621706, -27.941975424020495 ] ] ] } },
{ "type": "Feature", "properties": { "cve": "2850646", "nombre": "AQUINO 6, 1 AL 40", "solicitante": "SLM Aquino 6 del Cerro Plaza", "region": "REGIÓN DE ATACAMA", "provincia": "Provincia de Copiapó", "comuna": null, "superficie_ha": 200.0, "datum_original": "PSAD56", "huso": 19, "epsg_origen": 24879, "tipo_publicacion": "manifestacion", "fuente_pdf": "http://www.diariooficial.interior.gob.cl/publicaciones/2026/08/10/44521/07/2850646.pdf", "archivo": "gm_manifestacion_2850646.pdf", "fecha": "10-08-2026", "edicion": "44521" }, "geometry": { "type": "Polygon", "coordinates": [ [ [ -69.530545535751799, -27.959915273760949 ], [ -69.510212674065059, -27.959992145315706 ], [ -69.51025512572302, -27.969019128598649 ], [ -69.530589678992385, -27.968942227929471 ], [ -69.530545535751799, -27.959915273760949 ] ] ] } },
{ "type": "Feature", "properties": { "cve": "2850647", "nombre": "AQUINO 7, 1 AL 60", "solicitante": "SLM Aquino 7 del Cerro Plaza", "region": "REGIÓN DE ATACAMA", "provincia": "Provincia de Copiapó", "comuna": null, "superficie_ha": 300.0, "datum_original": "PSAD56", "huso": 19, "epsg_origen": 24879, "tipo_publicacion": "manifestacion", "fuente_pdf": "http://www.diariooficial.interior.gob.cl/publicaciones/2026/08/10/44521/07/2850647.pdf", "archivo": "gm_manifestacion_2850647.pdf", "fecha": "10-08-2026", "edicion": "44521" }, "geometry": { "type": "Polygon", "coordinates": [ [ [ -69.510212674065059, -27.959992145315706 ], [ -69.479713235068019, -27.960101821333151 ], [ -69.479753149300038, -27.96912884615497 ], [ -69.51025512572302, -27.969019128598649 ], [ -69.510212674065059, -27.959992145315706 ] ] ] } },
{ "type": "Feature", "properties": { "cve": "2849947", "nombre": "CORAL 1-10", "solicitante": "Jano Bamardi Pablo Andrés y otro", "region": "REGIÓN DE ATACAMA", "provincia": "Provincia de Copiapó", "comuna": null, "superficie_ha": 100.0, "datum_original": "PSAD56", "huso": 19, "epsg_origen": 24879, "tipo_publicacion": "manifestacion", "fuente_pdf": "http://www.diariooficial.interior.gob.cl/publicaciones/2026/08/10/44521/07/2849947.pdf", "archivo": "gm_manifestacion_2849947.pdf", "fecha": "10-08-2026", "edicion": "44521" }, "geometry": { "type": "Polygon", "coordinates": [ [ [ -70.406529751050044, -27.380589054739559 ], [ -70.3964194076556, -27.380690591840079 ], [ -70.396532767025818, -27.389716003063942 ], [ -70.406643930506547, -27.38961442696748 ], [ -70.406529751050044, -27.380589054739559 ] ] ] } },
{ "type": "Feature", "properties": { "cve": "2849997", "nombre": "ISABEL 1 AL 5", "solicitante": "Ávalos Puga Manuel Antonio", "region": "REGIÓN DE ATACAMA", "provincia": "Provincia de Copiapó", "comuna": null, "superficie_ha": 25.0, "datum_original": "PSAD56", "huso": 19, "epsg_origen": 24879, "tipo_publicacion": "manifestacion", "fuente_pdf": "http://www.diariooficial.interior.gob.cl/publicaciones/2026/08/10/44521/07/2849997.pdf", "archivo": "gm_manifestacion_2849997.pdf", "fecha": "10-08-2026", "edicion": "44521" }, "geometry": { "type": "Polygon", "coordinates": [ [ [ -70.504662431272124, -27.421718167520947 ], [ -70.499605615473286, -27.421772656718648 ], [ -70.499666582185398, -27.426285130771149 ], [ -70.504723603381152, -27.426230631121623 ], [ -70.504662431272124, -27.421718167520947 ] ] ] } },
{ "type": "Feature", "properties": { "cve": "2850764", "nombre": "MOOSE 5, 1 AL 60", "solicitante": "Gold Hart Chile SpA", "region": "REGIÓN DE ATACAMA", "provincia": "Provincia de Copiapó", "comuna": "Tierra Amarilla", "superficie_ha": 300.0, "datum_original": "PSAD56", "huso": 19, "epsg_origen": 24879, "tipo_publicacion": "manifestacion", "fuente_pdf": "http://www.diariooficial.interior.gob.cl/publicaciones/2026/08/10/44521/07/2850764.pdf", "archivo": "gm_manifestacion_2850764.pdf", "fecha": "10-08-2026", "edicion": "44521" }, "geometry": { "type": "Polygon", "coordinates": [ [ [ -69.184663703981229, -27.834430233263543 ], [ -69.174508623427627, -27.834443443326261 ], [ -69.174551973446839, -27.861525807010086 ], [ -69.184709576609322, -27.861512581889357 ], [ -69.184663703981229, -27.834430233263543 ] ] ] } },
{ "type": "Feature", "properties": { "cve": "2850287", "nombre": "LORENZA 1 AL 15", "solicitante": "Cerda Contreras Wilfredo y otro", "region": "REGIÓN DE ATACAMA", "provincia": "Provincia de Chañaral", "comuna": null, "superficie_ha": 90.0, "datum_original": "WGS84", "huso": 19, "epsg_origen": 32719, "tipo_publicacion": "manifestacion", "fuente_pdf": "http://www.diariooficial.interior.gob.cl/publicaciones/2026/08/10/44521/07/2850287.pdf", "archivo": "gm_manifestacion_2850287.pdf", "fecha": "10-08-2026", "edicion": "44521" }, "geometry": { "type": "Polygon", "coordinates": [ [ [ -69.617091091431462, -26.862137376627736 ], [ -69.611051326217193, -26.862163610220865 ], [ -69.611124116815972, -26.875705981445989 ], [ -69.617164601397718, -26.875679732535549 ], [ -69.617091091431462, -26.862137376627736 ] ] ] } },
{ "type": "Feature", "properties": { "cve": "2849975", "nombre": "PERPAS 1 al 25", "solicitante": "Servicios a la Minería Perpas SpA", "region": "REGIÓN DE ATACAMA", "provincia": "Provincia de Chañaral", "comuna": null, "superficie_ha": 25.0, "datum_original": "PSAD56", "huso": 19, "epsg_origen": 24879, "tipo_publicacion": "manifestacion", "fuente_pdf": "http://www.diariooficial.interior.gob.cl/publicaciones/2026/08/10/44521/07/2849975.pdf", "archivo": "gm_manifestacion_2849975.pdf", "fecha": "10-08-2026", "edicion": "44521" }, "geometry": { "type": "Polygon", "coordinates": [ [ [ -70.498263284995701, -26.343341402865583 ], [ -70.493254215032692, -26.343393690861944 ], [ -70.493312158014092, -26.347906872258712 ], [ -70.498321422167891, -26.347854573947998 ], [ -70.498263284995701, -26.343341402865583 ] ] ] } },
{ "type": "Feature", "properties": { "cve": "2850032", "nombre": "RINCÓN 1, 1 AL 60", "solicitante": "Austral Exploraciones SpA", "region": "REGIÓN DE ATACAMA", "provincia": "Provincia de Chañaral", "comuna": "Diego de Almagro", "superficie_ha": 300.0, "datum_original": "PSAD56", "huso": 19, "epsg_origen": 24879, "tipo_publicacion": "manifestacion", "fuente_pdf": "http://www.diariooficial.interior.gob.cl/publicaciones/2026/08/10/44521/07/2850032.pdf", "archivo": "gm_manifestacion_2850032.pdf", "fecha": "10-08-2026", "edicion": "44521" }, "geometry": { "type": "Polygon", "coordinates": [ [ [ -68.861505711879261, -26.376389742581967 ], [ -68.8314325763981, -26.376357499413164 ], [ -68.831419472592458, -26.385386857898244 ], [ -68.861494945827289, -26.385419113781143 ], [ -68.861505711879261, -26.376389742581967 ] ] ] } },
{ "type": "Feature", "properties": { "cve": "2850033", "nombre": "RINCÓN 2, 1 AL 60", "solicitante": "Austral Exploraciones SpA", "region": "REGIÓN DE ATACAMA", "provincia": "Provincia de Chañaral", "comuna": "Diego de Almagro", "superficie_ha": 300.0, "datum_original": "PSAD56", "huso": 19, "epsg_origen": 24879, "tipo_publicacion": "manifestacion", "fuente_pdf": "http://www.diariooficial.interior.gob.cl/publicaciones/2026/08/10/44521/07/2850033.pdf", "archivo": "gm_manifestacion_2850033.pdf", "fecha": "10-08-2026", "edicion": "44521" }, "geometry": { "type": "Polygon", "coordinates": [ [ [ -68.8314325763981, -26.376357499413164 ], [ -68.801359496721531, -26.376318940618312 ], [ -68.801344055180934, -26.385348283898949 ], [ -68.831419472592458, -26.385386857898244 ], [ -68.8314325763981, -26.376357499413164 ] ] ] } },
{ "type": "Feature", "properties": { "cve": "2850034", "nombre": "RINCÓN 3, 1 AL 60", "solicitante": "Austral Exploraciones SpA", "region": "REGIÓN DE ATACAMA", "provincia": "Provincia de Chañaral", "comuna": "Diego de Almagro", "superficie_ha": 300.0, "datum_original": "PSAD56", "huso": 19, "epsg_origen": 24879, "tipo_publicacion": "manifestacion", "fuente_pdf": "http://www.diariooficial.interior.gob.cl/publicaciones/2026/08/10/44521/07/2850034.pdf", "archivo": "gm_manifestacion_2850034.pdf", "fecha": "10-08-2026", "edicion": "44521" }, "geometry": { "type": "Polygon", "coordinates": [ [ [ -68.861494945827289, -26.385419113781143 ], [ -68.831419472592458, -26.385386857898244 ], [ -68.831406362584417, -26.394416204892121 ], [ -68.861484174679489, -26.394448473491032 ], [ -68.861494945827289, -26.385419113781143 ] ] ] } },
{ "type": "Feature", "properties": { "cve": "2850035", "nombre": "RINCÓN 4, 1 AL 60", "solicitante": "Austral Exploraciones SpA", "region": "REGIÓN DE ATACAMA", "provincia": "Provincia de Chañaral", "comuna": "Diego de Almagro", "superficie_ha": 300.0, "datum_original": "PSAD56", "huso": 19, "epsg_origen": 24879, "tipo_publicacion": "manifestacion", "fuente_pdf": "http://www.diariooficial.interior.gob.cl/publicaciones/2026/08/10/44521/07/2850035.pdf", "archivo": "gm_manifestacion_2850035.pdf", "fecha": "10-08-2026", "edicion": "44521" }, "geometry": { "type": "Polygon", "coordinates": [ [ [ -68.831419472592458, -26.385386857898244 ], [ -68.801344055180934, -26.385348283898949 ], [ -68.801328606331481, -26.394377615686079 ], [ -68.831406362584417, -26.394416204892121 ], [ -68.831419472592458, -26.385386857898244 ] ] ] } },
{ "type": "Feature", "properties": { "cve": "2850012", "nombre": "MARGARETS", "solicitante": "Miranda González Eladio Belmor", "region": "REGIÓN DE ATACAMA", "provincia": "Provincia de Huasco", "comuna": null, "superficie_ha": 6.0, "datum_original": "WGS84", "huso": 19, "epsg_origen": 32719, "tipo_publicacion": "manifestacion", "fuente_pdf": "http://www.diariooficial.interior.gob.cl/publicaciones/2026/08/10/44521/07/2850012.pdf", "archivo": "gm_manifestacion_2850012.pdf", "fecha": "10-08-2026", "edicion": "44521" }, "geometry": { "type": "Polygon", "coordinates": [ [ [ -71.103708557000104, -29.012992364684766 ], [ -71.101656298528624, -29.013024488474564 ], [ -71.101711093281921, -29.01573044467478 ], [ -71.103763405164074, -29.015698317325207 ], [ -71.103708557000104, -29.012992364684766 ] ] ] } },
{ "type": "Feature", "properties": { "cve": "2850749", "nombre": "TABITA 1 AL 7", "solicitante": "Cortés Monárdez Manuel Arturo y otros", "region": "REGIÓN DE ATACAMA", "provincia": "Provincia de Huasco", "comuna": null, "superficie_ha": 35.0, "datum_original": "WGS84", "huso": 19, "epsg_origen": 32719, "tipo_publicacion": "manifestacion", "fuente_pdf": "http://www.diariooficial.interior.gob.cl/publicaciones/2026/08/10/44521/07/2850749.pdf", "archivo": "gm_manifestacion_2850749.pdf", "fecha": "10-08-2026", "edicion": "44521" }, "geometry": { "type": "Polygon", "coordinates": [ [ [ -70.531530908115613, -28.424208655638076 ], [ -70.526427293894116, -28.424265979095207 ], [ -70.526517937667748, -28.430582441033131 ], [ -70.531621854668657, -28.430525102549797 ], [ -70.531530908115613, -28.424208655638076 ] ] ] } },
{ "type": "Feature", "properties": { "cve": "2849613", "nombre": "CONQUISTA VI 1 AL 16", "solicitante": "Hernández Villalobos Andrea Marta", "region": "REGIÓN DE COQUIMBO", "provincia": "Provincia de Choapa", "comuna": "Canela", "superficie_ha": 80.0, "datum_original": "PSAD56", "huso": 19, "epsg_origen": 24879, "tipo_publicacion": "manifestacion", "fuente_pdf": "http://www.diariooficial.interior.gob.cl/publicaciones/2026/08/10/44521/07/2849613.pdf", "archivo": "gm_manifestacion_2849613.pdf", "fecha": "10-08-2026", "edicion": "44521" }, "geometry": { "type": "Polygon", "coordinates": [ [ [ -71.324237584181787, -31.420791912338235 ], [ -71.318981231236222, -31.420887171612428 ], [ -71.319336423231661, -31.435311443721147 ], [ -71.324593579512864, -31.435216130816659 ], [ -71.324237584181787, -31.420791912338235 ] ] ] } },
{ "type": "Feature", "properties": { "cve": "2850225", "nombre": "CONQUISTA VII 1 AL 17", "solicitante": "Ruz Hernández Benjamín Sathya", "region": "REGIÓN DE COQUIMBO", "provincia": "Provincia de Choapa", "comuna": "Canela", "superficie_ha": 85.0, "datum_original": "PSAD56", "huso": 19, "epsg_origen": 24879, "tipo_publicacion": "manifestacion", "fuente_pdf": "http://www.diariooficial.interior.gob.cl/publicaciones/2026/08/10/44521/07/2850225.pdf", "archivo": "gm_manifestacion_2850225.pdf", "fecha": "10-08-2026", "edicion": "44521" }, "geometry": { "type": "Polygon", "coordinates": [ [ [ -71.315428663172355, -31.404716838132426 ], [ -71.31017317350107, -31.404811692822246 ], [ -71.310548904021985, -31.420137615057882 ], [ -71.315805246594863, -31.420042703610296 ], [ -71.315428663172355, -31.404716838132426 ] ] ] } },
{ "type": "Feature", "properties": { "cve": "2849683", "nombre": "LA GUAYACAN 1 AL 4", "solicitante": "Pizarro Rivera Nibaldo Antonio", "region": "REGIÓN DE COQUIMBO", "provincia": "Provincia de Choapa", "comuna": null, "superficie_ha": 8.0, "datum_original": "WGS84", "huso": 19, "epsg_origen": 32719, "tipo_publicacion": "manifestacion", "fuente_pdf": "http://www.diariooficial.interior.gob.cl/publicaciones/2026/08/10/44521/07/2849683.pdf", "archivo": "gm_manifestacion_2849683.pdf", "fecha": "10-08-2026", "edicion": "44521" }, "geometry": { "type": "Polygon", "coordinates": [ [ [ -71.428715915777616, -31.182331930970829 ], [ -71.426618816278392, -31.182371508525428 ], [ -71.426710853123893, -31.185977447159527 ], [ -71.428808031971357, -31.185937864011141 ], [ -71.428715915777616, -31.182331930970829 ] ] ] } },
{ "type": "Feature", "properties": { "cve": "2850797", "nombre": "LA GUAYACAN 1 AL 180", "solicitante": "Raac SpA", "region": "REGIÓN DE COQUIMBO", "provincia": "Provincia de Limarí", "comuna": null, "superficie_ha": 180.0, "datum_original": "PSAD56", "huso": 19, "epsg_origen": 24879, "tipo_publicacion": "manifestacion", "fuente_pdf": "http://www.diariooficial.interior.gob.cl/publicaciones/2026/08/10/44521/07/2850797.pdf", "archivo": "gm_manifestacion_2850797.pdf", "fecha": "10-08-2026", "edicion": "44521" }, "geometry": { "type": "Polygon", "coordinates": [ [ [ -71.299022109754006, -31.088429050288671 ], [ -71.283307842021301, -31.088708414748453 ], [ -71.283566715084575, -31.099527457456972 ], [ -71.299282760629623, -31.099247974310998 ], [ -71.299022109754006, -31.088429050288671 ] ] ] } },
{ "type": "Feature", "properties": { "cve": "2850232", "nombre": "MONTE HOREB 2, 1 AL 100", "solicitante": "Guimenez Astudillo Eliseo Elías", "region": "REGIÓN DE COQUIMBO", "provincia": "Provincia de Limarí", "comuna": null, "superficie_ha": 100.0, "datum_original": "PSAD56", "huso": 19, "epsg_origen": 24879, "tipo_publicacion": "manifestacion", "fuente_pdf": "http://www.diariooficial.interior.gob.cl/publicaciones/2026/08/10/44521/07/2850232.pdf", "archivo": "gm_manifestacion_2850232.pdf", "fecha": "10-08-2026", "edicion": "44521" }, "geometry": { "type": "Polygon", "coordinates": [ [ [ -71.108453229436151, -31.199081229680413 ], [ -71.097963560305416, -31.199252745353945 ], [ -71.09816264038129, -31.208269579486331 ], [ -71.108653303104703, -31.208098003208864 ], [ -71.108453229436151, -31.199081229680413 ] ] ] } },
{ "type": "Feature", "properties": { "cve": "2850794", "nombre": "NUEVO HORIZONTE 1 AL 7", "solicitante": "Anjel Guerrero Aldo Valentín", "region": "REGIÓN DE COQUIMBO", "provincia": "Provincia de Limarí", "comuna": "Rio Hurtado", "superficie_ha": 70.0, "datum_original": "WGS84", "huso": 19, "epsg_origen": 32719, "tipo_publicacion": "manifestacion", "fuente_pdf": "http://www.diariooficial.interior.gob.cl/publicaciones/2026/08/10/44521/07/2850794.pdf", "archivo": "gm_manifestacion_2850794.pdf", "fecha": "10-08-2026", "edicion": "44521" }, "geometry": { "type": "Polygon", "coordinates": [ [ [ -71.028132539782646, -30.445508424939401 ], [ -71.020846497848382, -30.445621500346228 ], [ -71.021032644062458, -30.454639857112756 ], [ -71.028319356016112, -30.454526741168923 ], [ -71.028132539782646, -30.445508424939401 ] ] ] } },
{ "type": "Feature", "properties": { "cve": "2850720", "nombre": "TINAJAS II 1 AL 8", "solicitante": "South Group SpA", "region": "REGIÓN DE COQUIMBO", "provincia": "Provincia de Limarí", "comuna": "Combarbalá", "superficie_ha": 40.0, "datum_original": "PSAD56", "huso": 19, "epsg_origen": 24879, "tipo_publicacion": "manifestacion", "fuente_pdf": "http://www.diariooficial.interior.gob.cl/publicaciones/2026/08/10/44521/07/2850720.pdf", "archivo": "gm_manifestacion_2850720.pdf", "fecha": "10-08-2026", "edicion": "44521" }, "geometry": { "type": "Polygon", "coordinates": [ [ [ -70.916091675703967, -31.132857419732385 ], [ -70.911898240499823, -31.132919737606223 ], [ -70.91207919815119, -31.141937694288661 ], [ -70.91627302966485, -31.141875354365411 ], [ -70.916091675703967, -31.132857419732385 ] ] ] } },
{ "type": "Feature", "properties": { "cve": "2850721", "nombre": "TINAJAS III 1 AL 14", "solicitante": "South Group SpA", "region": "REGIÓN DE COQUIMBO", "provincia": "Provincia de Limarí", "comuna": "Combarbalá", "superficie_ha": 70.0, "datum_original": "PSAD56", "huso": 19, "epsg_origen": 24879, "tipo_publicacion": "manifestacion", "fuente_pdf": "http://www.diariooficial.interior.gob.cl/publicaciones/2026/08/10/44521/07/2850721.pdf", "archivo": "gm_manifestacion_2850721.pdf", "fecha": "10-08-2026", "edicion": "44521" }, "geometry": { "type": "Polygon", "coordinates": [ [ [ -70.926602553043608, -31.134053711192777 ], [ -70.916118873598307, -31.13421011079976 ], [ -70.916245821370438, -31.140522665042923 ], [ -70.926730194341701, -31.140366226701783 ], [ -70.926602553043608, -31.134053711192777 ] ] ] } },
{ "type": "Feature", "properties": { "cve": "2850722", "nombre": "TINAJAS IV 1 AL 7", "solicitante": "South Group SpA", "region": "REGIÓN DE COQUIMBO", "provincia": "Provincia de Limarí", "comuna": "Combarbalá", "superficie_ha": 70.0, "datum_original": "PSAD56", "huso": 19, "epsg_origen": 24879, "tipo_publicacion": "manifestacion", "fuente_pdf": "http://www.diariooficial.interior.gob.cl/publicaciones/2026/08/10/44521/07/2850722.pdf", "archivo": "gm_manifestacion_2850722.pdf", "fecha": "10-08-2026", "edicion": "44521" }, "geometry": { "type": "Polygon", "coordinates": [ [ [ -70.934996578871832, -31.134279673552122 ], [ -70.924512926360606, -31.134436757204213 ], [ -70.924640431191861, -31.140749280103094 ], [ -70.935124777223166, -31.140592157547776 ], [ -70.934996578871832, -31.134279673552122 ] ] ] } },
{ "type": "Feature", "properties": { "cve": "2850725", "nombre": "TINAJAS IX 1 AL 20", "solicitante": "South Group SpA", "region": "REGIÓN DE COQUIMBO", "provincia": "Provincia de Limarí", "comuna": "Combarbalá", "superficie_ha": 100.0, "datum_original": "PSAD56", "huso": 19, "epsg_origen": 24879, "tipo_publicacion": "manifestacion", "fuente_pdf": "http://www.diariooficial.interior.gob.cl/publicaciones/2026/08/10/44521/07/2850725.pdf", "archivo": "gm_manifestacion_2850725.pdf", "fecha": "10-08-2026", "edicion": "44521" }, "geometry": { "type": "Polygon", "coordinates": [ [ [ -70.943679028292465, -31.122936356742759 ], [ -70.933196676680964, -31.123094095496619 ], [ -70.933379578634145, -31.132111953106847 ], [ -70.943862920474729, -31.131954158532078 ], [ -70.943679028292465, -31.122936356742759 ] ] ] } },
{ "type": "Feature", "properties": { "cve": "2850723", "nombre": "TINAJAS VII 1 AL 20", "solicitante": "South Group SpA", "region": "REGIÓN DE COQUIMBO", "provincia": "Provincia de Limarí", "comuna": "Combarbalá", "superficie_ha": 100.0, "datum_original": "PSAD56", "huso": 19, "epsg_origen": 24879, "tipo_publicacion": "manifestacion", "fuente_pdf": "http://www.diariooficial.interior.gob.cl/publicaciones/2026/08/10/44521/07/2850723.pdf", "archivo": "gm_manifestacion_2850723.pdf", "fecha": "10-08-2026", "edicion": "44521" }, "geometry": { "type": "Polygon", "coordinates": [ [ [ -70.94387138150519, -31.132368977084543 ], [ -70.933387994103384, -31.132526774227312 ], [ -70.933570982128316, -31.141544617506398 ], [ -70.944055360224738, -31.141386764531934 ], [ -70.94387138150519, -31.132368977084543 ] ] ] } },
{ "type": "Feature", "properties": { "cve": "2850724", "nombre": "TINAJAS VIII 1 AL 12", "solicitante": "South Group SpA", "region": "REGIÓN DE COQUIMBO", "provincia": "Provincia de Limarí", "comuna": "Combarbalá", "superficie_ha": 60.0, "datum_original": "PSAD56", "huso": 19, "epsg_origen": 24879, "tipo_publicacion": "manifestacion", "fuente_pdf": "http://www.diariooficial.interior.gob.cl/publicaciones/2026/08/10/44521/07/2850724.pdf", "archivo": "gm_manifestacion_2850724.pdf", "fecha": "10-08-2026", "edicion": "44521" }, "geometry": { "type": "Polygon", "coordinates": [ [ [ -70.960636095154769, -31.13169991455344 ], [ -70.954346179584633, -31.131795511712671 ], [ -70.95453114513947, -31.14081324365824 ], [ -70.960821655078931, -31.140717612674809 ], [ -70.960636095154769, -31.13169991455344 ] ] ] } },
{ "type": "Feature", "properties": { "cve": "2850726", "nombre": "TINAJAS X 1 AL 10", "solicitante": "South Group SpA", "region": "REGIÓN DE COQUIMBO", "provincia": "Provincia de Limarí", "comuna": "Combarbalá", "superficie_ha": 50.0, "datum_original": "PSAD56", "huso": 19, "epsg_origen": 24879, "tipo_publicacion": "manifestacion", "fuente_pdf": "http://www.diariooficial.interior.gob.cl/publicaciones/2026/08/10/44521/07/2850726.pdf", "archivo": "gm_manifestacion_2850726.pdf", "fecha": "10-08-2026", "edicion": "44521" }, "geometry": { "type": "Polygon", "coordinates": [ [ [ -70.928139181529417, -31.115664734957072 ], [ -70.922898367436062, -31.115743062420076 ], [ -70.923080242737896, -31.124760985166752 ], [ -70.928321551780314, -31.124682629981077 ], [ -70.928139181529417, -31.115664734957072 ] ] ] } },
{ "type": "Feature", "properties": { "cve": "2850727", "nombre": "TINAJAS XI 1 AL 5", "solicitante": "South Group SpA", "region": "REGIÓN DE COQUIMBO", "provincia": "Provincia de Limarí", "comuna": "Combarbalá", "superficie_ha": 5.0, "datum_original": "PSAD56", "huso": 19, "epsg_origen": 24879, "tipo_publicacion": "manifestacion", "fuente_pdf": "http://www.diariooficial.interior.gob.cl/publicaciones/2026/08/10/44521/07/2850727.pdf", "archivo": "gm_manifestacion_2850727.pdf", "fecha": "10-08-2026", "edicion": "44521" }, "geometry": { "type": "Polygon", "coordinates": [ [ [ -70.920311054037811, -31.117946608570314 ], [ -70.915070090480668, -31.118024622830095 ], [ -70.915088201956891, -31.118926419541847 ], [ -70.920329215005495, -31.11884840252122 ], [ -70.920311054037811, -31.117946608570314 ] ] ] } },
{ "type": "Feature", "properties": { "cve": "2850728", "nombre": "TINAJAS XII 1 AL 6", "solicitante": "South Group SpA", "region": "REGIÓN DE COQUIMBO", "provincia": "Provincia de Limarí", "comuna": "Combarbalá", "superficie_ha": 6.0, "datum_original": "PSAD56", "huso": 19, "epsg_origen": 24879, "tipo_publicacion": "manifestacion", "fuente_pdf": "http://www.diariooficial.interior.gob.cl/publicaciones/2026/08/10/44521/07/2850728.pdf", "archivo": "gm_manifestacion_2850728.pdf", "fecha": "10-08-2026", "edicion": "44521" }, "geometry": { "type": "Polygon", "coordinates": [ [ [ -70.926337552233747, -31.12094169324839 ], [ -70.920048218286084, -31.121035586978689 ], [ -70.920066378978959, -31.121937380632957 ], [ -70.926355772324484, -31.121843483580065 ], [ -70.926337552233747, -31.12094169324839 ] ] ] } },
{ "type": "Feature", "properties": { "cve": "2850729", "nombre": "TINAJAS XIII 1 AL 8", "solicitante": "South Group SpA", "region": "REGIÓN DE COQUIMBO", "provincia": "Provincia de Limarí", "comuna": "Combarbalá", "superficie_ha": 40.0, "datum_original": "PSAD56", "huso": 19, "epsg_origen": 24879, "tipo_publicacion": "manifestacion", "fuente_pdf": "http://www.diariooficial.interior.gob.cl/publicaciones/2026/08/10/44521/07/2850729.pdf", "archivo": "gm_manifestacion_2850729.pdf", "fecha": "10-08-2026", "edicion": "44521" }, "geometry": { "type": "Polygon", "coordinates": [ [ [ -70.954215034688787, -31.124887760731024 ], [ -70.943732534192279, -31.125046365411905 ], [ -70.943806089277174, -31.128653486467208 ], [ -70.954288985840549, -31.128494859337611 ], [ -70.954215034688787, -31.124887760731024 ] ] ] } },
{ "type": "Feature", "properties": { "cve": "2850730", "nombre": "TINAJAS XIV 1 AL 20", "solicitante": "South Group SpA", "region": "REGIÓN DE COQUIMBO", "provincia": "Provincia de Limarí", "comuna": "Combarbalá", "superficie_ha": 100.0, "datum_original": "PSAD56", "huso": 19, "epsg_origen": 24879, "tipo_publicacion": "manifestacion", "fuente_pdf": "http://www.diariooficial.interior.gob.cl/publicaciones/2026/08/10/44521/07/2850730.pdf", "archivo": "gm_manifestacion_2850730.pdf", "fecha": "10-08-2026", "edicion": "44521" }, "geometry": { "type": "Polygon", "coordinates": [ [ [ -70.954075170419102, -31.118575491878456 ], [ -70.943593362785478, -31.118734056426256 ], [ -70.943777216426213, -31.127751864604068 ], [ -70.954260014049154, -31.127593243938911 ], [ -70.954075170419102, -31.118575491878456 ] ] ] } },
{ "type": "Feature", "properties": { "cve": "2850731", "nombre": "TINAJAS XV 1 AL 10", "solicitante": "South Group SpA", "region": "REGIÓN DE COQUIMBO", "provincia": "Provincia de Limarí", "comuna": "Combarbalá", "superficie_ha": 50.0, "datum_original": "PSAD56", "huso": 19, "epsg_origen": 24879, "tipo_publicacion": "manifestacion", "fuente_pdf": "http://www.diariooficial.interior.gob.cl/publicaciones/2026/08/10/44521/07/2850731.pdf", "archivo": "gm_manifestacion_2850731.pdf", "fecha": "10-08-2026", "edicion": "44521" }, "geometry": { "type": "Polygon", "coordinates": [ [ [ -70.928756904149438, -31.142049800939329 ], [ -70.923514641536158, -31.142128212943799 ], [ -70.923696764287669, -31.151146095186743 ], [ -70.928939522501096, -31.151067655443363 ], [ -70.928756904149438, -31.142049800939329 ] ] ] } },
{ "type": "Feature", "properties": { "cve": "2850733", "nombre": "TINAJAS XVI 1 AL 8", "solicitante": "South Group SpA", "region": "REGIÓN DE COQUIMBO", "provincia": "Provincia de Limarí", "comuna": "Combarbalá", "superficie_ha": 8.0, "datum_original": "PSAD56", "huso": 19, "epsg_origen": 24879, "tipo_publicacion": "manifestacion", "fuente_pdf": "http://www.diariooficial.interior.gob.cl/publicaciones/2026/08/10/44521/07/2850733.pdf", "archivo": "gm_manifestacion_2850733.pdf", "fecha": "10-08-2026", "edicion": "44521" }, "geometry": { "type": "Polygon", "coordinates": [ [ [ -70.93603611211006, -31.13899083738163 ], [ -70.933939285840324, -31.139022343481692 ], [ -70.934012510765243, -31.142629477594742 ], [ -70.936109416306465, -31.14259796703649 ], [ -70.93603611211006, -31.13899083738163 ] ] ] } },
{ "type": "Feature", "properties": { "cve": "2850734", "nombre": "TINAJAS XVII 1 AL 7", "solicitante": "South Group SpA", "region": "REGIÓN DE COQUIMBO", "provincia": "Provincia de Limarí", "comuna": "Combarbalá", "superficie_ha": 42.0, "datum_original": "PSAD56", "huso": 19, "epsg_origen": 24879, "tipo_publicacion": "manifestacion", "fuente_pdf": "http://www.diariooficial.interior.gob.cl/publicaciones/2026/08/10/44521/07/2850734.pdf", "archivo": "gm_manifestacion_2850734.pdf", "fecha": "10-08-2026", "edicion": "44521" }, "geometry": { "type": "Polygon", "coordinates": [ [ [ -70.960478434827522, -31.124034860356691 ], [ -70.95418902426141, -31.124130428770275 ], [ -70.954318441926148, -31.130442850737289 ], [ -70.960608268363885, -31.130347258651149 ], [ -70.960478434827522, -31.124034860356691 ] ] ] } },
{ "type": "Feature", "properties": { "cve": "2850245", "nombre": "BENJAMIN 1 AL 6", "solicitante": "Carvajal Figueroa Fernando Antonio", "region": "REGIÓN DE ATACAMA", "provincia": "Provincia de Copiapó", "comuna": null, "superficie_ha": 24.0, "datum_original": "PSAD56", "huso": 19, "epsg_origen": 24879, "tipo_publicacion": "mensura", "fuente_pdf": "http://www.diariooficial.interior.gob.cl/publicaciones/2026/08/10/44521/07/2850245.pdf", "archivo": "gm_mensura_2850245.pdf", "fecha": "10-08-2026", "edicion": "44521" }, "geometry": { "type": "Polygon", "coordinates": [ [ [ -69.939329513514949, -27.676094928412009 ], [ -69.935273877230273, -27.676122361942205 ], [ -69.935320006043156, -27.681538268898564 ], [ -69.939375842285074, -27.681510829091994 ], [ -69.939329513514949, -27.676094928412009 ] ] ] } },
{ "type": "Feature", "properties": { "cve": "2849929", "nombre": "CARMELITA 1 AL 6", "solicitante": "Pérez Vargas Miguel Ángel", "region": "REGIÓN DE ATACAMA", "provincia": "Provincia de Copiapó", "comuna": null, "superficie_ha": 30.0, "datum_original": "PSAD56", "huso": 19, "epsg_origen": 24879, "tipo_publicacion": "mensura", "fuente_pdf": "http://www.diariooficial.interior.gob.cl/publicaciones/2026/08/10/44521/07/2849929.pdf", "archivo": "gm_mensura_2849929.pdf", "fecha": "10-08-2026", "edicion": "44521" }, "geometry": { "type": "Polygon", "coordinates": [ [ [ -70.392228393548592, -27.368997928710499 ], [ -70.382119041821994, -27.369098390814489 ], [ -70.382152679286165, -27.371806036454412 ], [ -70.39226227685711, -27.371705562772714 ], [ -70.392228393548592, -27.368997928710499 ] ] ] } },
{ "type": "Feature", "properties": { "cve": "2850335", "nombre": "CHURE 1/14", "solicitante": "Ghiglino Gangas Ángelo", "region": "REGIÓN DE ATACAMA", "provincia": "Provincia de Copiapó", "comuna": null, "superficie_ha": 84.0, "datum_original": "PSAD56", "huso": 19, "epsg_origen": 24879, "tipo_publicacion": "mensura", "fuente_pdf": "http://www.diariooficial.interior.gob.cl/publicaciones/2026/08/10/44521/07/2850335.pdf", "archivo": "gm_mensura_2850335.pdf", "fecha": "10-08-2026", "edicion": "44521" }, "geometry": { "type": "Polygon", "coordinates": [ [ [ -70.601720414238088, -27.593302388198428 ], [ -70.595643093899781, -27.593372376546018 ], [ -70.595826100043141, -27.606006407377158 ], [ -70.601904116671193, -27.605936381598774 ], [ -70.601720414238088, -27.593302388198428 ] ] ] } },
{ "type": "Feature", "properties": { "cve": "2849670", "nombre": "DOÑA CARMELA 1 AL 20", "solicitante": "Figueroa Anes Judith Maryoly", "region": "REGIÓN DE ATACAMA", "provincia": "Provincia de Copiapó", "comuna": null, "superficie_ha": 200.0, "datum_original": "PSAD56", "huso": 19, "epsg_origen": 24879, "tipo_publicacion": "mensura", "fuente_pdf": "http://www.diariooficial.interior.gob.cl/publicaciones/2026/08/10/44521/07/2849670.pdf", "archivo": "gm_mensura_2849670.pdf", "fecha": "10-08-2026", "edicion": "44521" }, "geometry": { "type": "Polygon", "coordinates": [ [ [ -70.0851329602649, -27.500810514740596 ], [ -70.075010421108558, -27.500889084780983 ], [ -70.075185901219996, -27.518941774767942 ], [ -70.085310091949609, -27.518863144545318 ], [ -70.0851329602649, -27.500810514740596 ] ] ] } },
{ "type": "Feature", "properties": { "cve": "2849671", "nombre": "EL AMANECER 1 AL 20", "solicitante": "Figueroa Anes Judith Maryoly", "region": "REGIÓN DE ATACAMA", "provincia": "Provincia de Copiapó", "comuna": null, "superficie_ha": 200.0, "datum_original": "PSAD56", "huso": 19, "epsg_origen": 24879, "tipo_publicacion": "mensura", "fuente_pdf": "http://www.diariooficial.interior.gob.cl/publicaciones/2026/08/10/44521/07/2849671.pdf", "archivo": "gm_mensura_2849671.pdf", "fecha": "10-08-2026", "edicion": "44521" }, "geometry": { "type": "Polygon", "coordinates": [ [ [ -70.095076841434391, -27.482678591272489 ], [ -70.084955993519657, -27.482757836654429 ], [ -70.0851329602649, -27.500810514740596 ], [ -70.095255458186585, -27.500731208631997 ], [ -70.095076841434391, -27.482678591272489 ] ] ] } },
{ "type": "Feature", "properties": { "cve": "2850473", "nombre": "EL ARENAL 1 1 AL 5", "solicitante": "Sociedad Filoper SpA", "region": "REGIÓN DE ATACAMA", "provincia": "Provincia de Copiapó", "comuna": null, "superficie_ha": 6.0, "datum_original": "PSAD56", "huso": 19, "epsg_origen": 24879, "tipo_publicacion": "mensura", "fuente_pdf": "http://www.diariooficial.interior.gob.cl/publicaciones/2026/08/10/44521/07/2850473.pdf", "archivo": "gm_mensura_2850473.pdf", "fecha": "10-08-2026", "edicion": "44521" }, "geometry": { "type": "Polygon", "coordinates": [ [ [ -70.720657139506812, -27.129489049080881 ], [ -70.715614069089824, -27.129550760514778 ], [ -70.715696726028625, -27.134965381629538 ], [ -70.720740039124962, -27.134903655887374 ], [ -70.720657139506812, -27.129489049080881 ] ] ] } },
{ "type": "Feature", "properties": { "cve": "2850659", "nombre": "JOSEPHA 1 AL 9", "solicitante": "Villanueva Segovia Manuel Fernando", "region": "REGIÓN DE ATACAMA", "provincia": "Provincia de Copiapó", "comuna": null, "superficie_ha": 54.0, "datum_original": "PSAD56", "huso": 19, "epsg_origen": 24879, "tipo_publicacion": "mensura", "fuente_pdf": "http://www.diariooficial.interior.gob.cl/publicaciones/2026/08/10/44521/07/2850659.pdf", "archivo": "gm_mensura_2850659.pdf", "fecha": "10-08-2026", "edicion": "44521" }, "geometry": { "type": "Polygon", "coordinates": [ [ [ -69.858793023351694, -27.359757684295442 ], [ -69.852726811689806, -27.359794860527938 ], [ -69.852789059340736, -27.367919275319586 ], [ -69.858855713693856, -27.36788208622805 ], [ -69.858793023351694, -27.359757684295442 ] ] ] } },
{ "type": "Feature", "properties": { "cve": "2850381", "nombre": "SAN NICOLAS 1 AL 18", "solicitante": "Pérez Vargas Miguel Ángel", "region": "REGIÓN DE ATACAMA", "provincia": "Provincia de Copiapó", "comuna": null, "superficie_ha": 18.0, "datum_original": "PSAD56", "huso": 19, "epsg_origen": 24879, "tipo_publicacion": "mensura", "fuente_pdf": "http://www.diariooficial.interior.gob.cl/publicaciones/2026/08/10/44521/07/2850381.pdf", "archivo": "gm_mensura_2850381.pdf", "fecha": "10-08-2026", "edicion": "44521" }, "geometry": { "type": "Polygon", "coordinates": [ [ [ -70.152097127443241, -28.045024819401419 ], [ -70.149045293211842, -28.045050383770903 ], [ -70.14910285337794, -28.050465629619485 ], [ -70.152154840405316, -28.050440059453557 ], [ -70.152097127443241, -28.045024819401419 ] ] ] } },
{ "type": "Feature", "properties": { "cve": "2849928", "nombre": "SANTA ROSA 1 AL 5", "solicitante": "Pérez Vargas Miguel Ángel", "region": "REGIÓN DE ATACAMA", "provincia": "Provincia de Copiapó", "comuna": null, "superficie_ha": 25.0, "datum_original": "PSAD56", "huso": 19, "epsg_origen": 24879, "tipo_publicacion": "mensura", "fuente_pdf": "http://www.diariooficial.interior.gob.cl/publicaciones/2026/08/10/44521/07/2849928.pdf", "archivo": "gm_mensura_2849928.pdf", "fecha": "10-08-2026", "edicion": "44521" }, "geometry": { "type": "Polygon", "coordinates": [ [ [ -70.387117467435502, -27.364535515678561 ], [ -70.382062989843092, -27.364585645643039 ], [ -70.382119041821994, -27.369098390814489 ], [ -70.387173724247646, -27.369048251220097 ], [ -70.387117467435502, -27.364535515678561 ] ] ] } },
{ "type": "Feature", "properties": { "cve": "2850500", "nombre": "SOLDADO DEL AMOR 1 AL 156", "solicitante": "Compañía Minera del Pacífico S.A.", "region": "REGIÓN DE ATACAMA", "provincia": "Provincia de Copiapó", "comuna": null, "superficie_ha": 156.0, "datum_original": "WGS84", "huso": 19, "epsg_origen": 32719, "tipo_publicacion": "mensura", "fuente_pdf": "http://www.diariooficial.interior.gob.cl/publicaciones/2026/08/10/44521/07/2850500.pdf", "archivo": "gm_mensura_2850500.pdf", "fecha": "10-08-2026", "edicion": "44521" }, "geometry": { "type": "Polygon", "coordinates": [ [ [ -70.32929816261354, -27.080071059370024 ], [ -70.317197891153626, -27.080184956747132 ], [ -70.317335148046894, -27.09191887236803 ], [ -70.329436679498798, -27.091804917691228 ], [ -70.32929816261354, -27.080071059370024 ] ] ] } },
{ "type": "Feature", "properties": { "cve": "2850501", "nombre": "SOLDADO DEL AMOR 2", "solicitante": "Compañía Minera del Pacífico S.A.", "region": "REGIÓN DE ATACAMA", "provincia": "Provincia de Copiapó", "comuna": null, "superficie_ha": 1.0, "datum_original": "WGS84", "huso": 19, "epsg_origen": 32719, "tipo_publicacion": "mensura", "fuente_pdf": "http://www.diariooficial.interior.gob.cl/publicaciones/2026/08/10/44521/07/2850501.pdf", "archivo": "gm_mensura_2850501.pdf", "fecha": "10-08-2026", "edicion": "44521" }, "geometry": { "type": "Polygon", "coordinates": [ [ [ -70.326432572646041, -27.093638713380301 ], [ -70.325424096773403, -27.093648228419706 ], [ -70.325434724089092, -27.094550833301518 ], [ -70.326443208041965, -27.094541317894056 ], [ -70.326432572646041, -27.093638713380301 ] ] ] } },
{ "type": "Feature", "properties": { "cve": "2849927", "nombre": "ZULEMA 1 AL 4", "solicitante": "Pérez Vargas Miguel Ángel", "region": "REGIÓN DE ATACAMA", "provincia": "Provincia de Copiapó", "comuna": null, "superficie_ha": 16.0, "datum_original": "PSAD56", "huso": 19, "epsg_origen": 24879, "tipo_publicacion": "mensura", "fuente_pdf": "http://www.diariooficial.interior.gob.cl/publicaciones/2026/08/10/44521/07/2849927.pdf", "archivo": "gm_mensura_2849927.pdf", "fecha": "10-08-2026", "edicion": "44521" }, "geometry": { "type": "Polygon", "coordinates": [ [ [ -70.564321965625766, -27.527839526651718 ], [ -70.560272750177589, -27.527885024593228 ], [ -70.560323724910049, -27.531494846106806 ], [ -70.564373072516346, -27.531449341202197 ], [ -70.564321965625766, -27.527839526651718 ] ] ] } },
{ "type": "Feature", "properties": { "cve": "2850474", "nombre": "ZULEMA 1 AL 9", "solicitante": "Pedemonte Alfaro Rina Emily", "region": "REGIÓN DE ATACAMA", "provincia": "Provincia de Copiapó", "comuna": null, "superficie_ha": 5.0, "datum_original": "PSAD56", "huso": 19, "epsg_origen": 24879, "tipo_publicacion": "mensura", "fuente_pdf": "http://www.diariooficial.interior.gob.cl/publicaciones/2026/08/10/44521/07/2850474.pdf", "archivo": "gm_mensura_2850474.pdf", "fecha": "10-08-2026", "edicion": "44521" }, "geometry": { "type": "Polygon", "coordinates": [ [ [ -69.899666698229268, -27.350472828080715 ], [ -69.890568234486068, -27.350531138733583 ], [ -69.890604333380665, -27.355044664193308 ], [ -69.8997031658065, -27.354986342333145 ], [ -69.899666698229268, -27.350472828080715 ] ] ] } },
{ "type": "Feature", "properties": { "cve": "2850210", "nombre": "ARCO DE ORO NUEVA I 1 AL 15", "solicitante": "Inversiones YM Dos Limitada", "region": "REGIÓN DE ATACAMA", "provincia": "Provincia de Chañaral", "comuna": null, "superficie_ha": 15.0, "datum_original": "PSAD56", "huso": 19, "epsg_origen": 24879, "tipo_publicacion": "mensura", "fuente_pdf": "http://www.diariooficial.interior.gob.cl/publicaciones/2026/08/10/44521/07/2850210.pdf", "archivo": "gm_mensura_2850210.pdf", "fecha": "10-08-2026", "edicion": "44521" }, "geometry": { "type": "Polygon", "coordinates": [ [ [ -69.786803366207764, -26.385129807756023 ], [ -69.783796098575039, -26.385146304522657 ], [ -69.78382657050372, -26.389660574976119 ], [ -69.786833955021748, -26.389644074958195 ], [ -69.786803366207764, -26.385129807756023 ] ] ] } },
{ "type": "Feature", "properties": { "cve": "2850211", "nombre": "ARCO DE ORO NUEVA II 1 AL 9", "solicitante": "Inversiones YM Dos Limitada", "region": "REGIÓN DE ATACAMA", "provincia": "Provincia de Chañaral", "comuna": null, "superficie_ha": 9.0, "datum_original": "PSAD56", "huso": 19, "epsg_origen": 24879, "tipo_publicacion": "mensura", "fuente_pdf": "http://www.diariooficial.interior.gob.cl/publicaciones/2026/08/10/44521/07/2850211.pdf", "archivo": "gm_mensura_2850211.pdf", "fecha": "10-08-2026", "edicion": "44521" }, "geometry": { "type": "Polygon", "coordinates": [ [ [ -69.782805847776402, -26.38695749837148 ], [ -69.779798529934851, -26.386973912218281 ], [ -69.779816720444032, -26.389682476731387 ], [ -69.782824108420456, -26.389666060943728 ], [ -69.782805847776402, -26.38695749837148 ] ] ] } },
{ "type": "Feature", "properties": { "cve": "2850574", "nombre": "ISABELA 1 AL 5", "solicitante": "Villegas González Eduardo Omar", "region": "REGIÓN DE ATACAMA", "provincia": "Provincia de Chañaral", "comuna": null, "superficie_ha": 25.0, "datum_original": "PSAD56", "huso": 19, "epsg_origen": 24879, "tipo_publicacion": "mensura", "fuente_pdf": "http://www.diariooficial.interior.gob.cl/publicaciones/2026/08/10/44521/07/2850574.pdf", "archivo": "gm_mensura_2850574.pdf", "fecha": "10-08-2026", "edicion": "44521" }, "geometry": { "type": "Polygon", "coordinates": [ [ [ -70.476112176595137, -26.591916954467706 ], [ -70.471092284304873, -26.591968917188748 ], [ -70.471149990991407, -26.596481985616123 ], [ -70.476170080023508, -26.596430012712716 ], [ -70.476112176595137, -26.591916954467706 ] ] ] } },
{ "type": "Feature", "properties": { "cve": "2850341", "nombre": "MATEO XII 1/12", "solicitante": "Lock Olguín Ricardo", "region": "REGIÓN DE ATACAMA", "provincia": "Provincia de Chañaral", "comuna": null, "superficie_ha": 48.0, "datum_original": "PSAD56", "huso": 19, "epsg_origen": 24879, "tipo_publicacion": "mensura", "fuente_pdf": "http://www.diariooficial.interior.gob.cl/publicaciones/2026/08/10/44521/07/2850341.pdf", "archivo": "gm_mensura_2850341.pdf", "fecha": "10-08-2026", "edicion": "44521" }, "geometry": { "type": "Polygon", "coordinates": [ [ [ -70.416124505776494, -25.957020342112582 ], [ -70.408136136668546, -25.957098252305371 ], [ -70.408200599569639, -25.962514499643163 ], [ -70.416189334079135, -25.962436570811423 ], [ -70.416124505776494, -25.957020342112582 ] ] ] } },
{ "type": "Feature", "properties": { "cve": "2850804", "nombre": "MTS 1, 1 AL 20", "solicitante": "Panaust Atacama SpA", "region": "REGIÓN DE ATACAMA", "provincia": "Provincia de Chañaral", "comuna": null, "superficie_ha": 100.0, "datum_original": "WGS84", "huso": 19, "epsg_origen": 32719, "tipo_publicacion": "mensura", "fuente_pdf": "http://www.diariooficial.interior.gob.cl/publicaciones/2026/08/10/44521/07/2850804.pdf", "archivo": "gm_mensura_2850804.pdf", "fecha": "10-08-2026", "edicion": "44521" }, "geometry": { "type": "Polygon", "coordinates": [ [ [ -69.915879227777737, -26.839617429431172 ], [ -69.905815639534509, -26.839682231380884 ], [ -69.905887495532397, -26.848709892960986 ], [ -69.915951881823361, -26.848645065774797 ], [ -69.915879227777737, -26.839617429431172 ] ] ] } },
{ "type": "Feature", "properties": { "cve": "2850805", "nombre": "MTS 2, 1 AL 20", "solicitante": "Panaust Atacama SpA", "region": "REGIÓN DE ATACAMA", "provincia": "Provincia de Chañaral", "comuna": null, "superficie_ha": 100.0, "datum_original": "WGS84", "huso": 19, "epsg_origen": 32719, "tipo_publicacion": "mensura", "fuente_pdf": "http://www.diariooficial.interior.gob.cl/publicaciones/2026/08/10/44521/07/2850805.pdf", "archivo": "gm_mensura_2850805.pdf", "fecha": "10-08-2026", "edicion": "44521" }, "geometry": { "type": "Polygon", "coordinates": [ [ [ -69.905750998004592, -26.831557325953312 ], [ -69.895688093930588, -26.831621389672787 ], [ -69.895759121818898, -26.840649086739308 ], [ -69.905822823614741, -26.840584998065541 ], [ -69.905750998004592, -26.831557325953312 ] ] ] } },
{ "type": "Feature", "properties": { "cve": "2850219", "nombre": "ORION 1 AL 17", "solicitante": "Matogroso Mineral SpA", "region": "REGIÓN DE ATACAMA", "provincia": "Provincia de Chañaral", "comuna": null, "superficie_ha": 35.0, "datum_original": "PSAD56", "huso": 19, "epsg_origen": 24879, "tipo_publicacion": "mensura", "fuente_pdf": "http://www.diariooficial.interior.gob.cl/publicaciones/2026/08/10/44521/07/2850219.pdf", "archivo": "gm_mensura_2850219.pdf", "fecha": "10-08-2026", "edicion": "44521" }, "geometry": { "type": "Polygon", "coordinates": [ [ [ -70.414678709006424, -26.333357670917202 ], [ -70.412675179980681, -26.333377431661376 ], [ -70.412773816417925, -26.341501458533639 ], [ -70.411771981237678, -26.341511331916422 ], [ -70.41178293566891, -26.342414001364034 ], [ -70.412784778616455, -26.342404127591696 ], [ -70.412861528537391, -26.348722807668921 ], [ -70.414865321637549, -26.348703033666261 ], [ -70.414678709006424, -26.333357670917202 ] ] ] } },
{ "type": "Feature", "properties": { "cve": "2850846", "nombre": "SALADO 1", "solicitante": "Invexmin Chile SpA", "region": "REGIÓN DE ATACAMA", "provincia": "Provincia de Chañaral", "comuna": null, "superficie_ha": 1.0, "datum_original": "PSAD56", "huso": 19, "epsg_origen": 24879, "tipo_publicacion": "mensura", "fuente_pdf": "http://www.diariooficial.interior.gob.cl/publicaciones/2026/08/10/44521/07/2850846.pdf", "archivo": "gm_mensura_2850846.pdf", "fecha": "10-08-2026", "edicion": "44521" }, "geometry": { "type": "Polygon", "coordinates": [ [ [ -70.395273148203756, -26.379363950238151 ], [ -70.394270979176696, -26.379373714256193 ], [ -70.394281815805215, -26.380276385675984 ], [ -70.395283992615234, -26.380266621273083 ], [ -70.395273148203756, -26.379363950238151 ] ] ] } },
{ "type": "Feature", "properties": { "cve": "2849909", "nombre": "FRAN 1, 1 al 18", "solicitante": "Compañía Minera Nevada SpA", "region": "REGIÓN DE ATACAMA", "provincia": "Provincia de Huasco", "comuna": null, "superficie_ha": 18.0, "datum_original": "PSAD56", "huso": 19, "epsg_origen": 24879, "tipo_publicacion": "mensura", "fuente_pdf": "http://www.diariooficial.interior.gob.cl/publicaciones/2026/08/10/44521/07/2849909.pdf", "archivo": "gm_mensura_2849909.pdf", "fecha": "10-08-2026", "edicion": "44521" }, "geometry": { "type": "Polygon", "coordinates": [ [ [ -70.018244682907294, -29.339242544795788 ], [ -70.012065209079893, -29.33928954899347 ], [ -70.012091952110367, -29.341996773042101 ], [ -70.018271589156967, -29.341949763669803 ], [ -70.018244682907294, -29.339242544795788 ] ] ] } },
{ "type": "Feature", "properties": { "cve": "2849911", "nombre": "FRAN 14, 1 al 4", "solicitante": "Compañía Minera Nevada SpA", "region": "REGIÓN DE ATACAMA", "provincia": "Provincia de Huasco", "comuna": null, "superficie_ha": 4.0, "datum_original": "PSAD56", "huso": 19, "epsg_origen": 24879, "tipo_publicacion": "mensura", "fuente_pdf": "http://www.diariooficial.interior.gob.cl/publicaciones/2026/08/10/44521/07/2849911.pdf", "archivo": "gm_mensura_2849911.pdf", "fecha": "10-08-2026", "edicion": "44521" }, "geometry": { "type": "Polygon", "coordinates": [ [ [ -69.969475986855898, -29.424194818949079 ], [ -69.96741442199189, -29.424209805377046 ], [ -69.967431522905983, -29.426014622748514 ], [ -69.969493124198223, -29.425999635222649 ], [ -69.969475986855898, -29.424194818949079 ] ] ] } },
{ "type": "Feature", "properties": { "cve": "2849910", "nombre": "FRAN 2, 1 al 21", "solicitante": "Compañía Minera Nevada SpA", "region": "REGIÓN DE ATACAMA", "provincia": "Provincia de Huasco", "comuna": null, "superficie_ha": 21.0, "datum_original": "PSAD56", "huso": 19, "epsg_origen": 24879, "tipo_publicacion": "mensura", "fuente_pdf": "http://www.diariooficial.interior.gob.cl/publicaciones/2026/08/10/44521/07/2849910.pdf", "archivo": "gm_mensura_2849910.pdf", "fecha": "10-08-2026", "edicion": "44521" }, "geometry": { "type": "Polygon", "coordinates": [ [ [ -70.017557175369816, -29.342614019405556 ], [ -70.014467337964945, -29.342637543792407 ], [ -70.014529900718273, -29.348954390250178 ], [ -70.017619928595082, -29.348930859820797 ], [ -70.017557175369816, -29.342614019405556 ] ] ] } },
{ "type": "Feature", "properties": { "cve": "2849912", "nombre": "KEKA 1, 1 al 55", "solicitante": "Compañía Minera Nevada SpA", "region": "REGIÓN DE ATACAMA", "provincia": "Provincia de Huasco", "comuna": null, "superficie_ha": 55.0, "datum_original": "PSAD56", "huso": 19, "epsg_origen": 24879, "tipo_publicacion": "mensura", "fuente_pdf": "http://www.diariooficial.interior.gob.cl/publicaciones/2026/08/10/44521/07/2849912.pdf", "archivo": "gm_mensura_2849912.pdf", "fecha": "10-08-2026", "edicion": "44521" }, "geometry": { "type": "Polygon", "coordinates": [ [ [ -69.949274963220532, -29.198718208213965 ], [ -69.944132333193807, -29.198754578643257 ], [ -69.944223302303087, -29.208681473524464 ], [ -69.949366427651995, -29.20864508836782 ], [ -69.949274963220532, -29.198718208213965 ] ] ] } },
{ "type": "Feature", "properties": { "cve": "2849916", "nombre": "KEKA 15, 1 al 10", "solicitante": "Compañía Minera Nevada SpA", "region": "REGIÓN DE ATACAMA", "provincia": "Provincia de Huasco", "comuna": null, "superficie_ha": 10.0, "datum_original": "PSAD56", "huso": 19, "epsg_origen": 24879, "tipo_publicacion": "mensura", "fuente_pdf": "http://www.diariooficial.interior.gob.cl/publicaciones/2026/08/10/44521/07/2849916.pdf", "archivo": "gm_mensura_2849916.pdf", "fecha": "10-08-2026", "edicion": "44521" }, "geometry": { "type": "Polygon", "coordinates": [ [ [ -69.964322676243015, -29.267832142798483 ], [ -69.959176614079965, -29.267869170561553 ], [ -69.959193461557589, -29.269674034954743 ], [ -69.964339614074717, -29.269637004469896 ], [ -69.964322676243015, -29.267832142798483 ] ] ] } },
{ "type": "Feature", "properties": { "cve": "2849913", "nombre": "KEKA 2, 1 al 45", "solicitante": "Compañía Minera Nevada SpA", "region": "REGIÓN DE ATACAMA", "provincia": "Provincia de Huasco", "comuna": null, "superficie_ha": 45.0, "datum_original": "PSAD56", "huso": 19, "epsg_origen": 24879, "tipo_publicacion": "mensura", "fuente_pdf": "http://www.diariooficial.interior.gob.cl/publicaciones/2026/08/10/44521/07/2849913.pdf", "archivo": "gm_mensura_2849913.pdf", "fecha": "10-08-2026", "edicion": "44521" }, "geometry": { "type": "Polygon", "coordinates": [ [ [ -69.953480921092662, -29.208615837977799 ], [ -69.948337803340678, -29.208652381206363 ], [ -69.94841259099006, -29.216774365235086 ], [ -69.953556114188316, -29.216737809902455 ], [ -69.953480921092662, -29.208615837977799 ] ] ] } },
{ "type": "Feature", "properties": { "cve": "2849914", "nombre": "KEKA 5, 1 al 21", "solicitante": "Compañía Minera Nevada SpA", "region": "REGIÓN DE ATACAMA", "provincia": "Provincia de Huasco", "comuna": null, "superficie_ha": 21.0, "datum_original": "PSAD56", "huso": 19, "epsg_origen": 24879, "tipo_publicacion": "mensura", "fuente_pdf": "http://www.diariooficial.interior.gob.cl/publicaciones/2026/08/10/44521/07/2849914.pdf", "archivo": "gm_mensura_2849914.pdf", "fecha": "10-08-2026", "edicion": "44521" }, "geometry": { "type": "Polygon", "coordinates": [ [ [ -69.938967485859209, -29.243735492787756 ], [ -69.935880550502233, -29.243757131386889 ], [ -69.935938034527865, -29.250074220195749 ], [ -69.939025159424006, -29.25005257602642 ], [ -69.938967485859209, -29.243735492787756 ] ] ] } },
{ "type": "Feature", "properties": { "cve": "2849915", "nombre": "KEKA 8, 1 al 36", "solicitante": "Compañía Minera Nevada SpA", "region": "REGIÓN DE ATACAMA", "provincia": "Provincia de Huasco", "comuna": null, "superficie_ha": 36.0, "datum_original": "PSAD56", "huso": 19, "epsg_origen": 24879, "tipo_publicacion": "mensura", "fuente_pdf": "http://www.diariooficial.interior.gob.cl/publicaciones/2026/08/10/44521/07/2849915.pdf", "archivo": "gm_mensura_2849915.pdf", "fecha": "10-08-2026", "edicion": "44521" }, "geometry": { "type": "Polygon", "coordinates": [ [ [ -69.970509017960339, -29.268960606046413 ], [ -69.964333685657635, -29.269005302941824 ], [ -69.964384506811356, -29.274419885478622 ], [ -69.970560164434886, -29.274375178726615 ], [ -69.970509017960339, -29.268960606046413 ] ] ] } },
{ "type": "Feature", "properties": { "cve": "2850360", "nombre": "OLVIDADA1/5", "solicitante": "Espinoza Páez Ellys", "region": "REGIÓN DE ATACAMA", "provincia": "Provincia de Huasco", "comuna": null, "superficie_ha": 25.0, "datum_original": "PSAD56", "huso": 19, "epsg_origen": 24879, "tipo_publicacion": "mensura", "fuente_pdf": "http://www.diariooficial.interior.gob.cl/publicaciones/2026/08/10/44521/07/2850360.pdf", "archivo": "gm_mensura_2850360.pdf", "fecha": "10-08-2026", "edicion": "44521" }, "geometry": { "type": "Polygon", "coordinates": [ [ [ -70.10728189571384, -28.431978738870392 ], [ -70.102177040317912, -28.432020164204079 ], [ -70.102223800514949, -28.436532684711111 ], [ -70.107328872378304, -28.436491251620918 ], [ -70.10728189571384, -28.431978738870392 ] ] ] } },
{ "type": "Feature", "properties": { "cve": "2849919", "nombre": "TRINI 10, 1 al 15", "solicitante": "Nieto Valdés Gonzalo", "region": "REGIÓN DE ATACAMA", "provincia": "Provincia de Huasco", "comuna": null, "superficie_ha": 15.0, "datum_original": "PSAD56", "huso": 19, "epsg_origen": 24879, "tipo_publicacion": "mensura", "fuente_pdf": "http://www.diariooficial.interior.gob.cl/publicaciones/2026/08/10/44521/07/2849919.pdf", "archivo": "gm_mensura_2849919.pdf", "fecha": "10-08-2026", "edicion": "44521" }, "geometry": { "type": "Polygon", "coordinates": [ [ [ -70.018985427376052, -29.330870944636306 ], [ -70.015895945381857, -29.330894493544371 ], [ -70.015940672501841, -29.335406533360665 ], [ -70.019030290460208, -29.335382980130987 ], [ -70.018985427376052, -29.330870944636306 ] ] ] } },
{ "type": "Feature", "properties": { "cve": "2849920", "nombre": "TRINI 12, 1", "solicitante": "Nieto Valdés Gonzalo", "region": "REGIÓN DE ATACAMA", "provincia": "Provincia de Huasco", "comuna": null, "superficie_ha": 1.0, "datum_original": "PSAD56", "huso": 19, "epsg_origen": 24879, "tipo_publicacion": "mensura", "fuente_pdf": "http://www.diariooficial.interior.gob.cl/publicaciones/2026/08/10/44521/07/2849920.pdf", "archivo": "gm_mensura_2849920.pdf", "fecha": "10-08-2026", "edicion": "44521" }, "geometry": { "type": "Polygon", "coordinates": [ [ [ -70.015129825414334, -29.336730317517365 ], [ -70.014099938382145, -29.336738146770362 ], [ -70.014108869308103, -29.337640554691099 ], [ -70.015138765406434, -29.337632725150783 ], [ -70.015129825414334, -29.336730317517365 ] ] ] } },
{ "type": "Feature", "properties": { "cve": "2849921", "nombre": "TRINI 13, 1 al 12", "solicitante": "Compañía Minera Nevada SpA", "region": "REGIÓN DE ATACAMA", "provincia": "Provincia de Huasco", "comuna": null, "superficie_ha": 12.0, "datum_original": "PSAD56", "huso": 19, "epsg_origen": 24879, "tipo_publicacion": "mensura", "fuente_pdf": "http://www.diariooficial.interior.gob.cl/publicaciones/2026/08/10/44521/07/2849921.pdf", "archivo": "gm_mensura_2849921.pdf", "fecha": "10-08-2026", "edicion": "44521" }, "geometry": { "type": "Polygon", "coordinates": [ [ [ -70.000140430818462, -29.299426649449387 ], [ -69.996022359401351, -29.299457420676521 ], [ -69.996048635783964, -29.302164674348465 ], [ -70.000166815797186, -29.302133899730837 ], [ -70.000140430818462, -29.299426649449387 ] ] ] } },
{ "type": "Feature", "properties": { "cve": "2849917", "nombre": "TRINI 3, 1 al 2", "solicitante": "Compañía Minera Nevada SpA", "region": "REGIÓN DE ATACAMA", "provincia": "Provincia de Huasco", "comuna": null, "superficie_ha": 2.0, "datum_original": "PSAD56", "huso": 19, "epsg_origen": 24879, "tipo_publicacion": "mensura", "fuente_pdf": "http://www.diariooficial.interior.gob.cl/publicaciones/2026/08/10/44521/07/2849917.pdf", "archivo": "gm_mensura_2849917.pdf", "fecha": "10-08-2026", "edicion": "44521" }, "geometry": { "type": "Polygon", "coordinates": [ [ [ -69.998749168880707, -29.304581210643772 ], [ -69.996690029678533, -29.304596593131084 ], [ -69.996698795783331, -29.305499010263311 ], [ -69.998757953088756, -29.305483627211107 ], [ -69.998749168880707, -29.304581210643772 ] ] ] } },
{ "type": "Feature", "properties": { "cve": "2849918", "nombre": "TRINI 4, 1 AL 8", "solicitante": "Compañía Minera Nevada SpA", "region": "REGIÓN DE ATACAMA", "provincia": "Provincia de Huasco", "comuna": null, "superficie_ha": 8.0, "datum_original": "PSAD56", "huso": 19, "epsg_origen": 24879, "tipo_publicacion": "mensura", "fuente_pdf": "http://www.diariooficial.interior.gob.cl/publicaciones/2026/08/10/44521/07/2849918.pdf", "archivo": "gm_mensura_2849918.pdf", "fecha": "10-08-2026", "edicion": "44521" }, "geometry": { "type": "Polygon", "coordinates": [ [ [ -70.005888044988865, -29.30808341028068 ], [ -70.001769633406568, -29.308114366978856 ], [ -70.001787257893895, -29.309919197357686 ], [ -70.005905741903149, -29.309888238386019 ], [ -70.005888044988865, -29.30808341028068 ] ] ] } },
{ "type": "Feature", "properties": { "cve": "2849622", "nombre": "LA FORTUNA VII 20, 1 AL 30", "solicitante": "Compañía Minera Kairos Chile SpA", "region": "REGIÓN DE COQUIMBO", "provincia": "Provincia de Elqui", "comuna": null, "superficie_ha": 300.0, "datum_original": "PSAD56", "huso": 19, "epsg_origen": 24879, "tipo_publicacion": "mensura", "fuente_pdf": "http://www.diariooficial.interior.gob.cl/publicaciones/2026/08/10/44521/07/2849622.pdf", "archivo": "gm_mensura_2849622.pdf", "fecha": "10-08-2026", "edicion": "44521" }, "geometry": { "type": "Polygon", "coordinates": [ [ [ -70.39291777453262, -29.375320243728758 ], [ -70.362013573038595, -29.375639487094336 ], [ -70.362133732397112, -29.384662366801823 ], [ -70.39304065819185, -29.384343006386523 ], [ -70.39291777453262, -29.375320243728758 ] ] ] } },
{ "type": "Feature", "properties": { "cve": "2849623", "nombre": "LA FORTUNA VII 22, 1 AL 30", "solicitante": "Compañía Minera Kairos Chile SpA", "region": "REGIÓN DE COQUIMBO", "provincia": "Provincia de Elqui", "comuna": null, "superficie_ha": 300.0, "datum_original": "PSAD56", "huso": 19, "epsg_origen": 24879, "tipo_publicacion": "mensura", "fuente_pdf": "http://www.diariooficial.interior.gob.cl/publicaciones/2026/08/10/44521/07/2849623.pdf", "archivo": "gm_mensura_2849623.pdf", "fecha": "10-08-2026", "edicion": "44521" }, "geometry": { "type": "Polygon", "coordinates": [ [ [ -70.39304065819185, -29.384343006386523 ], [ -70.362133732397112, -29.384662366801823 ], [ -70.362253946576146, -29.393685233746425 ], [ -70.393163597913968, -29.393365756261211 ], [ -70.39304065819185, -29.384343006386523 ] ] ] } },
{ "type": "Feature", "properties": { "cve": "2849934", "nombre": "PAN DE ORO II 1 AL 20", "solicitante": "Fajardo Muñoz Vladimir Honorindo", "region": "REGIÓN DE COQUIMBO", "provincia": "Provincia de Elqui", "comuna": null, "superficie_ha": 5.0, "datum_original": "PSAD56", "huso": 19, "epsg_origen": 24879, "tipo_publicacion": "mensura", "fuente_pdf": "http://www.diariooficial.interior.gob.cl/publicaciones/2026/08/10/44521/07/2849934.pdf", "archivo": "gm_mensura_2849934.pdf", "fecha": "10-08-2026", "edicion": "44521" }, "geometry": { "type": "Polygon", "coordinates": [ [ [ -71.160726591947594, -30.018261418236794 ], [ -71.150363760411295, -30.018431211360696 ], [ -71.15055844703592, -30.027449388265264 ], [ -71.16092221501215, -30.027279533748167 ], [ -71.160726591947594, -30.018261418236794 ] ] ] } },
{ "type": "Feature", "properties": { "cve": "2849668", "nombre": "AGUSTINA 1 AL 10", "solicitante": "Aguilera Araya Daniel del Tránsito", "region": "REGIÓN DE COQUIMBO", "provincia": "Provincia de Choapa", "comuna": null, "superficie_ha": 40.0, "datum_original": "PSAD56", "huso": 19, "epsg_origen": 24879, "tipo_publicacion": "mensura", "fuente_pdf": "http://www.diariooficial.interior.gob.cl/publicaciones/2026/08/10/44521/07/2849668.pdf", "archivo": "gm_mensura_2849668.pdf", "fecha": "10-08-2026", "edicion": "44521" }, "geometry": { "type": "Polygon", "coordinates": [ [ [ -71.06014933600099, -31.723187421866189 ], [ -71.054875059561425, -31.723272573964199 ], [ -71.055034280518981, -31.730485644757287 ], [ -71.060308964929348, -31.730400468817109 ], [ -71.06014933600099, -31.723187421866189 ] ] ] } },
{ "type": "Feature", "properties": { "cve": "2849676", "nombre": "EL TESORO 1 AL 15", "solicitante": "Silva Vega Daniel Anselmo", "region": "REGIÓN DE COQUIMBO", "provincia": "Provincia de Choapa", "comuna": null, "superficie_ha": 30.0, "datum_original": "PSAD56", "huso": 19, "epsg_origen": 24879, "tipo_publicacion": "mensura", "fuente_pdf": "http://www.diariooficial.interior.gob.cl/publicaciones/2026/08/10/44521/07/2849676.pdf", "archivo": "gm_mensura_2849676.pdf", "fecha": "10-08-2026", "edicion": "44521" }, "geometry": { "type": "Polygon", "coordinates": [ [ [ -71.146601625842763, -31.678693185203819 ], [ -71.140275862500332, -31.67879950017981 ], [ -71.140358629039795, -31.682405864471143 ], [ -71.143521636974484, -31.682352738703553 ], [ -71.143563086859842, -31.684155916284237 ], [ -71.146726147483051, -31.684102708455089 ], [ -71.146601625842763, -31.678693185203819 ] ] ] } },
{ "type": "Feature", "properties": { "cve": "2849624", "nombre": "JUAN PABLO 1/10", "solicitante": "Rojas González Juan Carlos", "region": "REGIÓN DE COQUIMBO", "provincia": "Provincia de Choapa", "comuna": null, "superficie_ha": 18.0, "datum_original": "PSAD56", "huso": 19, "epsg_origen": 24879, "tipo_publicacion": "mensura", "fuente_pdf": "http://www.diariooficial.interior.gob.cl/publicaciones/2026/08/10/44521/07/2849624.pdf", "archivo": "gm_mensura_2849624.pdf", "fecha": "10-08-2026", "edicion": "44521" }, "geometry": { "type": "Polygon", "coordinates": [ [ [ -71.020442687610739, -31.600027507935867 ], [ -71.015175233238594, -31.600110728559663 ], [ -71.01521407741518, -31.60191407673646 ], [ -71.01942812375097, -31.601847512925165 ], [ -71.019583859750668, -31.609060881390089 ], [ -71.020637450264132, -31.609044214063896 ], [ -71.020442687610739, -31.600027507935867 ] ] ] } },
{ "type": "Feature", "properties": { "cve": "2849636", "nombre": "LA ESCORPION A, 1 AL 14", "solicitante": "Minera Llahuin SCM", "region": "REGIÓN DE COQUIMBO", "provincia": "Provincia de Choapa", "comuna": null, "superficie_ha": 14.0, "datum_original": "PSAD56", "huso": 19, "epsg_origen": 24879, "tipo_publicacion": "mensura", "fuente_pdf": "http://www.diariooficial.interior.gob.cl/publicaciones/2026/08/10/44521/07/2849636.pdf", "archivo": "gm_mensura_2849636.pdf", "fecha": "10-08-2026", "edicion": "44521" }, "geometry": { "type": "Polygon", "coordinates": [ [ [ -71.319519825768879, -31.314450150047744 ], [ -71.315822440380089, -31.313614982212759 ], [ -71.315866578912619, -31.315418052641032 ], [ -71.323217269883898, -31.315285207997754 ], [ -71.319519825768879, -31.314450150047744 ] ] ] } },
{ "type": "Feature", "properties": { "cve": "2849637", "nombre": "LA ESCORPION B, 1 AL 84", "solicitante": "Minera Llahuin SCM", "region": "REGIÓN DE COQUIMBO", "provincia": "Provincia de Choapa", "comuna": null, "superficie_ha": 84.0, "datum_original": "PSAD56", "huso": 19, "epsg_origen": 24879, "tipo_publicacion": "mensura", "fuente_pdf": "http://www.diariooficial.interior.gob.cl/publicaciones/2026/08/10/44521/07/2849637.pdf", "archivo": "gm_mensura_2849637.pdf", "fecha": "10-08-2026", "edicion": "44521" }, "geometry": { "type": "Polygon", "coordinates": [ [ [ -71.315822440380089, -31.313614982212759 ], [ -71.303221382584482, -31.313841722143124 ], [ -71.303375045923161, -31.320152522116569 ], [ -71.315976942592684, -31.31992572623243 ], [ -71.315822440380089, -31.313614982212759 ] ] ] } },
{ "type": "Feature", "properties": { "cve": "2849638", "nombre": "LA ESCORPION C, 1 AL 10", "solicitante": "Minera Llahuin SCM", "region": "REGIÓN DE COQUIMBO", "provincia": "Provincia de Choapa", "comuna": null, "superficie_ha": 10.0, "datum_original": "PSAD56", "huso": 19, "epsg_origen": 24879, "tipo_publicacion": "mensura", "fuente_pdf": "http://www.diariooficial.interior.gob.cl/publicaciones/2026/08/10/44521/07/2849638.pdf", "archivo": "gm_mensura_2849638.pdf", "fecha": "10-08-2026", "edicion": "44521" }, "geometry": { "type": "Polygon", "coordinates": [ [ [ -71.30582464176716, -31.312893044744211 ], [ -71.308427845844818, -31.311944316927899 ], [ -71.303177487646821, -31.312038635162729 ], [ -71.303221382584482, -31.313841722143124 ], [ -71.30847184062965, -31.313747397258251 ], [ -71.30582464176716, -31.312893044744211 ] ] ] } },
{ "type": "Feature", "properties": { "cve": "2849639", "nombre": "LA ESCORPION D, 1 AL 5", "solicitante": "Minera Llahuin SCM", "region": "REGIÓN DE COQUIMBO", "provincia": "Provincia de Choapa", "comuna": null, "superficie_ha": 5.0, "datum_original": "PSAD56", "huso": 19, "epsg_origen": 24879, "tipo_publicacion": "mensura", "fuente_pdf": "http://www.diariooficial.interior.gob.cl/publicaciones/2026/08/10/44521/07/2849639.pdf", "archivo": "gm_mensura_2849639.pdf", "fecha": "10-08-2026", "edicion": "44521" }, "geometry": { "type": "Polygon", "coordinates": [ [ [ -71.323908433972633, -31.322037174435962 ], [ -71.324378127765982, -31.31977384271044 ], [ -71.323327983097442, -31.3197928581742 ], [ -71.323438721177226, -31.324300504806295 ], [ -71.324488915789544, -31.324281485991197 ], [ -71.323908433972633, -31.322037174435962 ] ] ] } },
{ "type": "Feature", "properties": { "cve": "2849640", "nombre": "LA ESCORPION E, 1 AL 10", "solicitante": "Minera Llahuin SCM", "region": "REGIÓN DE COQUIMBO", "provincia": "Provincia de Choapa", "comuna": null, "superficie_ha": 10.0, "datum_original": "PSAD56", "huso": 19, "epsg_origen": 24879, "tipo_publicacion": "mensura", "fuente_pdf": "http://www.diariooficial.interior.gob.cl/publicaciones/2026/08/10/44521/07/2849640.pdf", "archivo": "gm_mensura_2849640.pdf", "fecha": "10-08-2026", "edicion": "44521" }, "geometry": { "type": "Polygon", "coordinates": [ [ [ -71.314981956143413, -31.322198510207681 ], [ -71.315976942592684, -31.31992572623243 ], [ -71.313876636375298, -31.319963611330618 ], [ -71.313986924952317, -31.324471288056884 ], [ -71.316087331060572, -31.324433396281652 ], [ -71.314981956143413, -31.322198510207681 ] ] ] } },
{ "type": "Feature", "properties": { "cve": "2849641", "nombre": "LA ESCORPION F, 1 AL 50", "solicitante": "Minera Llahuin SCM", "region": "REGIÓN DE COQUIMBO", "provincia": "Provincia de Choapa", "comuna": null, "superficie_ha": 50.0, "datum_original": "PSAD56", "huso": 19, "epsg_origen": 24879, "tipo_publicacion": "mensura", "fuente_pdf": "http://www.diariooficial.interior.gob.cl/publicaciones/2026/08/10/44521/07/2849641.pdf", "archivo": "gm_mensura_2849641.pdf", "fecha": "10-08-2026", "edicion": "44521" }, "geometry": { "type": "Polygon", "coordinates": [ [ [ -71.324488915789544, -31.324281485991197 ], [ -71.313986924952317, -31.324471288056884 ], [ -71.314097238299624, -31.328978961241244 ], [ -71.324599728695404, -31.328789125726971 ], [ -71.324488915789544, -31.324281485991197 ] ] ] } },
{ "type": "Feature", "properties": { "cve": "2849586", "nombre": "LA TITA DEL 1-14", "solicitante": "Bustamante", "region": "REGIÓN DE COQUIMBO", "provincia": "Provincia de Choapa", "comuna": null, "superficie_ha": null, "datum_original": "PSAD56", "huso": 19, "epsg_origen": 24879, "tipo_publicacion": "mensura", "fuente_pdf": "http://www.diariooficial.interior.gob.cl/publicaciones/2026/08/10/44521/07/2849586.pdf", "archivo": "gm_mensura_2849586.pdf", "fecha": "10-08-2026", "edicion": "44521" }, "geometry": { "type": "Polygon", "coordinates": [ [ [ -71.188431068956987, -32.15463461755197 ], [ -71.173595124202535, -32.154890403020708 ], [ -71.173744974962375, -32.161200923626311 ], [ -71.188581940544452, -32.160945075967369 ], [ -71.188431068956987, -32.15463461755197 ] ] ] } },
{ "type": "Feature", "properties": { "cve": "2849680", "nombre": "LOS MOLLES 1 AL 25", "solicitante": "Orrego Álvarez Ángelo", "region": "REGIÓN DE COQUIMBO", "provincia": "Provincia de Choapa", "comuna": null, "superficie_ha": 96.0, "datum_original": "PSAD56", "huso": 19, "epsg_origen": 24879, "tipo_publicacion": "mensura", "fuente_pdf": "http://www.diariooficial.interior.gob.cl/publicaciones/2026/08/10/44521/07/2849680.pdf", "archivo": "gm_mensura_2849680.pdf", "fecha": "10-08-2026", "edicion": "44521" }, "geometry": { "type": "Polygon", "coordinates": [ [ [ -71.424854580374628, -31.181726590419558 ], [ -71.422757496257589, -31.181766099847895 ], [ -71.422711563573756, -31.179963131311446 ], [ -71.414323344502478, -31.180120816689936 ], [ -71.414552255794803, -31.189135709393188 ], [ -71.425038511097696, -31.188938447692337 ], [ -71.424854580374628, -31.181726590419558 ] ] ] } },
{ "type": "Feature", "properties": { "cve": "2849573", "nombre": "DON SANTINO 1 AL 10", "solicitante": "Iturra Carvajal Agustín Eduardo", "region": "REGIÓN DE COQUIMBO", "provincia": "Provincia de Limarí", "comuna": null, "superficie_ha": null, "datum_original": "PSAD56", "huso": 19, "epsg_origen": 24879, "tipo_publicacion": "mensura", "fuente_pdf": "http://www.diariooficial.interior.gob.cl/publicaciones/2026/08/10/44521/07/2849573.pdf", "archivo": "gm_mensura_2849573.pdf", "fecha": "10-08-2026", "edicion": "44521" }, "geometry": { "type": "Polygon", "coordinates": [ [ [ -71.232771828591268, -31.141638162084405 ], [ -71.231723584996232, -31.141656335424699 ], [ -71.231702461506046, -31.140754722970595 ], [ -71.230654226862796, -31.140772887148202 ], [ -71.230633114223693, -31.139871273911503 ], [ -71.228536661891994, -31.13990757542274 ], [ -71.22851557000395, -31.139005960761967 ], [ -71.226419133680153, -31.139042226911471 ], [ -71.226398062541506, -31.138140610827907 ], [ -71.222205218129119, -31.13821303833074 ], [ -71.222394536007045, -31.146327601094438 ], [ -71.232877509806286, -31.146146219038055 ], [ -71.232771828591268, -31.141638162084405 ] ] ] } },
{ "type": "Feature", "properties": { "cve": "2850395", "nombre": "ESPERANZA 2, 1 A LA  6", "solicitante": "Alvin Ka Ho", "region": "REGIÓN DE COQUIMBO", "provincia": "Provincia de Limarí", "comuna": null, "superficie_ha": null, "datum_original": "PSAD56", "huso": 19, "epsg_origen": 24879, "tipo_publicacion": "mensura", "fuente_pdf": "http://www.diariooficial.interior.gob.cl/publicaciones/2026/08/10/44521/07/2850395.pdf", "archivo": "gm_mensura_2850395.pdf", "fecha": "10-08-2026", "edicion": "44521" }, "geometry": { "type": "Polygon", "coordinates": [ [ [ -71.031597031770573, -31.164633823346858 ], [ -71.017964719918211, -31.164848270883947 ], [ -71.018060325625925, -31.169356941002285 ], [ -71.030644598470616, -31.169159005635187 ], [ -71.030567636026191, -31.165552097805474 ], [ -71.03161628013747, -31.165535550064458 ], [ -71.031597031770573, -31.164633823346858 ] ] ] } },
{ "type": "Feature", "properties": { "cve": "2850396", "nombre": "ESPERANZA 3, 1 A LA 13", "solicitante": "Alvin Ka Ho", "region": "REGIÓN DE COQUIMBO", "provincia": "Provincia de Limarí", "comuna": null, "superficie_ha": null, "datum_original": "PSAD56", "huso": 19, "epsg_origen": 24879, "tipo_publicacion": "mensura", "fuente_pdf": "http://www.diariooficial.interior.gob.cl/publicaciones/2026/08/10/44521/07/2850396.pdf", "archivo": "gm_mensura_2850396.pdf", "fecha": "10-08-2026", "edicion": "44521" }, "geometry": { "type": "Polygon", "coordinates": [ [ [ -71.031789554393484, -31.173651084308442 ], [ -71.018155952831066, -31.173865607671548 ], [ -71.018251601537884, -31.178374270891393 ], [ -71.031885848172621, -31.17815970961005 ], [ -71.031789554393484, -31.173651084308442 ] ] ] } },
{ "type": "Feature", "properties": { "cve": "2850398", "nombre": "ESPERANZA 5, 1 A LA 13", "solicitante": "Alvin Ka Ho", "region": "REGIÓN DE COQUIMBO", "provincia": "Provincia de Limarí", "comuna": null, "superficie_ha": null, "datum_original": "PSAD56", "huso": 19, "epsg_origen": 24879, "tipo_publicacion": "mensura", "fuente_pdf": "http://www.diariooficial.interior.gob.cl/publicaciones/2026/08/10/44521/07/2850398.pdf", "archivo": "gm_mensura_2850398.pdf", "fecha": "10-08-2026", "edicion": "44521" }, "geometry": { "type": "Polygon", "coordinates": [ [ [ -71.031597031770573, -31.164633823346858 ], [ -71.017964719918211, -31.164848270883947 ], [ -71.018060325625925, -31.169356941002285 ], [ -71.030644598470616, -31.169159005635187 ], [ -71.030567636026191, -31.165552097805474 ], [ -71.03161628013747, -31.165535550064458 ], [ -71.031597031770573, -31.164633823346858 ] ] ] } },
{ "type": "Feature", "properties": { "cve": "2849594", "nombre": "LA LALITA 1 AL 15", "solicitante": "Araya Tapia Nilson Aroldo", "region": "REGIÓN DE COQUIMBO", "provincia": "Provincia de Limarí", "comuna": null, "superficie_ha": 15.0, "datum_original": "PSAD56", "huso": 19, "epsg_origen": 24879, "tipo_publicacion": "mensura", "fuente_pdf": "http://www.diariooficial.interior.gob.cl/publicaciones/2026/08/10/44521/07/2849594.pdf", "archivo": "gm_mensura_2849594.pdf", "fecha": "10-08-2026", "edicion": "44521" }, "geometry": { "type": "Polygon", "coordinates": [ [ [ -71.031008988397716, -31.045438767061832 ], [ -71.027867008546693, -31.045488198786465 ], [ -71.027962632360556, -31.04999692545174 ], [ -71.031104760123114, -31.04994748496874 ], [ -71.031008988397716, -31.045438767061832 ] ] ] } },
{ "type": "Feature", "properties": { "cve": "2849650", "nombre": "MONTE HOREB 1 AL 100", "solicitante": "Guimenez Astudillo Eliseo Elías", "region": "REGIÓN DE COQUIMBO", "provincia": "Provincia de Limarí", "comuna": null, "superficie_ha": 100.0, "datum_original": "PSAD56", "huso": 19, "epsg_origen": 24879, "tipo_publicacion": "mensura", "fuente_pdf": "http://www.diariooficial.interior.gob.cl/publicaciones/2026/08/10/44521/07/2849650.pdf", "archivo": "gm_mensura_2849650.pdf", "fecha": "10-08-2026", "edicion": "44521" }, "geometry": { "type": "Polygon", "coordinates": [ [ [ -71.11486435079253, -31.206137890602971 ], [ -71.104373946342633, -31.20630996363899 ], [ -71.10457368988483, -31.21532675065308 ], [ -71.115065088260678, -31.215154616824407 ], [ -71.11486435079253, -31.206137890602971 ] ] ] } },
{ "type": "Feature", "properties": { "cve": "2850612", "nombre": "Cerro Blanco 1 del 1-22", "solicitante": "Cerro Blanco SpA", "region": "REGIÓN DE VALPARAÍSO", "provincia": "Provincia de Petorca", "comuna": null, "superficie_ha": null, "datum_original": "PSAD56", "huso": 19, "epsg_origen": 24879, "tipo_publicacion": "mensura", "fuente_pdf": "http://www.diariooficial.interior.gob.cl/publicaciones/2026/08/10/44521/07/2850612.pdf", "archivo": "gm_mensura_2850612.pdf", "fecha": "10-08-2026", "edicion": "44521" }, "geometry": { "type": "Polygon", "coordinates": [ [ [ -71.082307369773972, -32.243007320312167 ], [ -71.073820925889478, -32.243146926650752 ], [ -71.073841417975515, -32.244048475752429 ], [ -71.072780597899097, -32.244065887116406 ], [ -71.072821563890159, -32.245868986103268 ], [ -71.0717607219689, -32.245886389777894 ], [ -71.07178119587256, -32.246787939662795 ], [ -71.070720342570738, -32.246805335043589 ], [ -71.070904554684077, -32.254919283075182 ], [ -71.071965502195269, -32.254901882264626 ], [ -71.072006469226096, -32.256704979065226 ], [ -71.07306743676223, -32.256687568147136 ], [ -71.073087932122021, -32.257589115731626 ], [ -71.074148909212965, -32.257571695308776 ], [ -71.074189923624232, -32.259374788845463 ], [ -71.082677874857723, -32.259235095340998 ], [ -71.082307369773972, -32.243007320312167 ] ] ] } },
{ "type": "Feature", "properties": { "cve": "2850613", "nombre": "Cerro Blanco 2 del 1-5", "solicitante": "Cerro Blanco SpA", "region": "REGIÓN DE VALPARAÍSO", "provincia": "Provincia de Petorca", "comuna": null, "superficie_ha": null, "datum_original": "PSAD56", "huso": 19, "epsg_origen": 24879, "tipo_publicacion": "mensura", "fuente_pdf": "http://www.diariooficial.interior.gob.cl/publicaciones/2026/08/10/44521/07/2850613.pdf", "archivo": "gm_mensura_2850613.pdf", "fecha": "10-08-2026", "edicion": "44521" }, "geometry": { "type": "Polygon", "coordinates": [ [ [ -71.014950969958079, -32.268405826027809 ], [ -71.0107063950813, -32.268473485986817 ], [ -71.010766062143546, -32.271178228543405 ], [ -71.010235473564535, -32.271186676897678 ], [ -71.010275245570938, -32.27298983848393 ], [ -71.015581226154467, -32.272905248874459 ], [ -71.015541349345682, -32.271102093152685 ], [ -71.015010762769165, -32.271110561547374 ], [ -71.014950969958079, -32.268405826027809 ] ] ] } },
{ "type": "Feature", "properties": { "cve": "2850637", "nombre": "Santa María del 1-3", "solicitante": "Empresa Georgia Minería SpA", "region": "REGIÓN DE VALPARAÍSO", "provincia": "Provincia de Petorca", "comuna": null, "superficie_ha": null, "datum_original": "PSAD56", "huso": 19, "epsg_origen": 24879, "tipo_publicacion": "mensura", "fuente_pdf": "http://www.diariooficial.interior.gob.cl/publicaciones/2026/08/10/44521/07/2850637.pdf", "archivo": "gm_mensura_2850637.pdf", "fecha": "10-08-2026", "edicion": "44521" }, "geometry": { "type": "Polygon", "coordinates": [ [ [ -70.816781526659256, -32.125341538301306 ], [ -70.822079547004094, -32.125265387725335 ], [ -70.811536947104216, -32.128122586529884 ], [ -70.806238730696208, -32.128198301975004 ], [ -70.816781526659256, -32.125341538301306 ] ] ] } },
{ "type": "Feature", "properties": { "cve": "2849531", "nombre": "LA ERMITA 1 AL 20", "solicitante": "Anglo American Sur S.A.", "region": "REGIÓN METROPOLITANA DE SANTIAGO", "provincia": "Provincia de Santiago", "comuna": null, "superficie_ha": 200.0, "datum_original": "WGS84", "huso": 19, "epsg_origen": 32719, "tipo_publicacion": "mensura", "fuente_pdf": "http://www.diariooficial.interior.gob.cl/publicaciones/2026/08/10/44521/07/2849531.pdf", "archivo": "gm_mensura_2849531.pdf", "fecha": "10-08-2026", "edicion": "44521" }, "geometry": { "type": "Polygon", "coordinates": [ [ [ -70.389813991082022, -33.363966230043005 ], [ -70.400487724308434, -33.35933687533668 ], [ -70.378996827987606, -33.359577463812911 ], [ -70.379139102214296, -33.368594692616348 ], [ -70.400632214046297, -33.368354022158407 ], [ -70.389813991082022, -33.363966230043005 ] ] ] } },
{ "type": "Feature", "properties": { "cve": "2850037", "nombre": "LOICA", "solicitante": "Compañía Minera Teck Quebrada Blanca S.A.", "region": "REGIÓN DE TARAPACÁ", "provincia": "Provincia del Tamarugal", "comuna": "PICA", "superficie_ha": 100.0, "datum_original": "PSAD56", "huso": 19, "epsg_origen": 24879, "tipo_publicacion": "pedimento", "fuente_pdf": "http://www.diariooficial.interior.gob.cl/publicaciones/2026/08/10/44521/07/2850037.pdf", "archivo": "gm_pedimento_2850037.pdf", "fecha": "10-08-2026", "edicion": "44521" }, "geometry": { "type": "Polygon", "coordinates": [ [ [ -68.539754715208147, -21.055646130604501 ], [ -68.530129538061118, -21.055619786229595 ], [ -68.530101175673281, -21.06465502201139 ], [ -68.539726933766104, -21.064681378741611 ], [ -68.539754715208147, -21.055646130604501 ] ] ] } },
{ "type": "Feature", "properties": { "cve": "2850013", "nombre": "PAUCATA X1", "solicitante": "Invexmin Chile SpA", "region": "REGIÓN DE TARAPACÁ", "provincia": "Provincia del Tamarugal", "comuna": "Camiña", "superficie_ha": 300.0, "datum_original": "PSAD56", "huso": 19, "epsg_origen": 24879, "tipo_publicacion": "pedimento", "fuente_pdf": "http://www.diariooficial.interior.gob.cl/publicaciones/2026/08/10/44521/07/2850013.pdf", "archivo": "gm_pedimento_2850013.pdf", "fecha": "10-08-2026", "edicion": "44521" }, "geometry": { "type": "Polygon", "coordinates": [ [ [ -69.391380417186227, -19.325368862709752 ], [ -69.362821556287273, -19.325427903925821 ], [ -69.362841507993764, -19.334465057015411 ], [ -69.391401939262082, -19.334405986051571 ], [ -69.391380417186227, -19.325368862709752 ] ] ] } },
{ "type": "Feature", "properties": { "cve": "2850014", "nombre": "PAUCATA X2", "solicitante": "Invexmin Chile SpA", "region": "REGIÓN DE TARAPACÁ", "provincia": "Provincia del Tamarugal", "comuna": "Camiña", "superficie_ha": 300.0, "datum_original": "PSAD56", "huso": 19, "epsg_origen": 24879, "tipo_publicacion": "pedimento", "fuente_pdf": "http://www.diariooficial.interior.gob.cl/publicaciones/2026/08/10/44521/07/2850014.pdf", "archivo": "gm_pedimento_2850014.pdf", "fecha": "10-08-2026", "edicion": "44521" }, "geometry": { "type": "Polygon", "coordinates": [ [ [ -69.391401939262082, -19.334405986051571 ], [ -69.362841507993764, -19.334465057015411 ], [ -69.362861470868822, -19.343502201044863 ], [ -69.391423473385544, -19.343443100330095 ], [ -69.391401939262082, -19.334405986051571 ] ] ] } },
{ "type": "Feature", "properties": { "cve": "2850048", "nombre": "RUCHO UNO", "solicitante": "Choque Mamani Rubén Cristián", "region": "REGIÓN DE TARAPACÁ", "provincia": "Provincia del Tamarugal", "comuna": null, "superficie_ha": 100.0, "datum_original": "WGS84", "huso": 19, "epsg_origen": 32719, "tipo_publicacion": "pedimento", "fuente_pdf": "http://www.diariooficial.interior.gob.cl/publicaciones/2026/08/10/44521/07/2850048.pdf", "archivo": "gm_pedimento_2850048.pdf", "fecha": "10-08-2026", "edicion": "44521" }, "geometry": { "type": "Polygon", "coordinates": [ [ [ -69.531764728429408, -20.243350262380226 ], [ -69.522190583426678, -20.243379019641488 ], [ -69.522220784605921, -20.252415076936938 ], [ -69.531795483271566, -20.252386305744007 ], [ -69.531764728429408, -20.243350262380226 ] ] ] } },
{ "type": "Feature", "properties": { "cve": "2850848", "nombre": "ALPACA 1", "solicitante": "FQM Exploration (Chile) S.A.", "region": "REGIÓN DE ANTOFAGASTA", "provincia": "Provincia de Antofagasta", "comuna": "Taltal", "superficie_ha": 300.0, "datum_original": "PSAD56", "huso": 19, "epsg_origen": 24879, "tipo_publicacion": "pedimento", "fuente_pdf": "http://www.diariooficial.interior.gob.cl/publicaciones/2026/08/10/44521/07/2850848.pdf", "archivo": "gm_pedimento_2850848.pdf", "fecha": "10-08-2026", "edicion": "44521" }, "geometry": { "type": "Polygon", "coordinates": [ [ [ -69.447644088553119, -24.96703533574334 ], [ -69.41792357985311, -24.967121704483944 ], [ -69.417954085235991, -24.97615250671176 ], [ -69.447676763146319, -24.976066102529558 ], [ -69.447644088553119, -24.96703533574334 ] ] ] } },
{ "type": "Feature", "properties": { "cve": "2850857", "nombre": "ALPACA 10", "solicitante": "FQM Exploration (Chile) S.A.", "region": "REGIÓN DE ANTOFAGASTA", "provincia": "Provincia de Antofagasta", "comuna": "Taltal", "superficie_ha": 300.0, "datum_original": "PSAD56", "huso": 19, "epsg_origen": 24879, "tipo_publicacion": "pedimento", "fuente_pdf": "http://www.diariooficial.interior.gob.cl/publicaciones/2026/08/10/44521/07/2850857.pdf", "archivo": "gm_pedimento_2850857.pdf", "fecha": "10-08-2026", "edicion": "44521" }, "geometry": { "type": "Polygon", "coordinates": [ [ [ -69.417954085235991, -24.97615250671176 ], [ -69.388231274293318, -24.976232977611691 ], [ -69.388259624153847, -24.985263801770742 ], [ -69.417984605400463, -24.985183297858235 ], [ -69.417954085235991, -24.97615250671176 ] ] ] } },
{ "type": "Feature", "properties": { "cve": "2850858", "nombre": "ALPACA 11", "solicitante": "FQM Exploration (Chile) S.A.", "region": "REGIÓN DE ANTOFAGASTA", "provincia": "Provincia de Antofagasta", "comuna": "Taltal", "superficie_ha": 300.0, "datum_original": "PSAD56", "huso": 19, "epsg_origen": 24879, "tipo_publicacion": "pedimento", "fuente_pdf": "http://www.diariooficial.interior.gob.cl/publicaciones/2026/08/10/44521/07/2850858.pdf", "archivo": "gm_pedimento_2850858.pdf", "fecha": "10-08-2026", "edicion": "44521" }, "geometry": { "type": "Polygon", "coordinates": [ [ [ -69.417984605400463, -24.985183297858235 ], [ -69.388259624153847, -24.985263801770742 ], [ -69.388287987749266, -24.994294614850251 ], [ -69.418015140351315, -24.994214077920464 ], [ -69.417984605400463, -24.985183297858235 ] ] ] } },
{ "type": "Feature", "properties": { "cve": "2850859", "nombre": "ALPACA 12", "solicitante": "FQM Exploration (Chile) S.A.", "region": "REGIÓN DE ANTOFAGASTA", "provincia": "Provincia de Antofagasta", "comuna": "Taltal", "superficie_ha": 300.0, "datum_original": "PSAD56", "huso": 19, "epsg_origen": 24879, "tipo_publicacion": "pedimento", "fuente_pdf": "http://www.diariooficial.interior.gob.cl/publicaciones/2026/08/10/44521/07/2850859.pdf", "archivo": "gm_pedimento_2850859.pdf", "fecha": "10-08-2026", "edicion": "44521" }, "geometry": { "type": "Polygon", "coordinates": [ [ [ -69.418015140351315, -24.994214077920464 ], [ -69.388287987749266, -24.994294614850251 ], [ -69.38831636508398, -25.003325416847279 ], [ -69.418045690093237, -25.003244846895548 ], [ -69.418015140351315, -24.994214077920464 ] ] ] } },
{ "type": "Feature", "properties": { "cve": "2850860", "nombre": "ALPACA 13", "solicitante": "FQM Exploration (Chile) S.A.", "region": "REGIÓN DE ANTOFAGASTA", "provincia": "Provincia de Antofagasta", "comuna": "Taltal", "superficie_ha": 300.0, "datum_original": "PSAD56", "huso": 19, "epsg_origen": 24879, "tipo_publicacion": "pedimento", "fuente_pdf": "http://www.diariooficial.interior.gob.cl/publicaciones/2026/08/10/44521/07/2850860.pdf", "archivo": "gm_pedimento_2850860.pdf", "fecha": "10-08-2026", "edicion": "44521" }, "geometry": { "type": "Polygon", "coordinates": [ [ [ -69.418045690093237, -25.003244846895548 ], [ -69.38831636508398, -25.003325416847279 ], [ -69.388344756162425, -25.012356207758959 ], [ -69.418076254630961, -25.012275604780587 ], [ -69.418045690093237, -25.003244846895548 ] ] ] } },
{ "type": "Feature", "properties": { "cve": "2850861", "nombre": "ALPACA 14", "solicitante": "FQM Exploration (Chile) S.A.", "region": "REGIÓN DE ANTOFAGASTA", "provincia": "Provincia de Antofagasta", "comuna": "Taltal", "superficie_ha": 300.0, "datum_original": "PSAD56", "huso": 19, "epsg_origen": 24879, "tipo_publicacion": "pedimento", "fuente_pdf": "http://www.diariooficial.interior.gob.cl/publicaciones/2026/08/10/44521/07/2850861.pdf", "archivo": "gm_pedimento_2850861.pdf", "fecha": "10-08-2026", "edicion": "44521" }, "geometry": { "type": "Polygon", "coordinates": [ [ [ -69.388146307077363, -24.9491404386862 ], [ -69.358429877287463, -24.949214884493966 ], [ -69.358456018778412, -24.95824577243976 ], [ -69.388174615759482, -24.958171296066521 ], [ -69.388146307077363, -24.9491404386862 ] ] ] } },
{ "type": "Feature", "properties": { "cve": "2850862", "nombre": "ALPACA 15", "solicitante": "FQM Exploration (Chile) S.A.", "region": "REGIÓN DE ANTOFAGASTA", "provincia": "Provincia de Antofagasta", "comuna": "Taltal", "superficie_ha": 300.0, "datum_original": "PSAD56", "huso": 19, "epsg_origen": 24879, "tipo_publicacion": "pedimento", "fuente_pdf": "http://www.diariooficial.interior.gob.cl/publicaciones/2026/08/10/44521/07/2850862.pdf", "archivo": "gm_pedimento_2850862.pdf", "fecha": "10-08-2026", "edicion": "44521" }, "geometry": { "type": "Polygon", "coordinates": [ [ [ -69.388174615759482, -24.958171296066521 ], [ -69.358456018778412, -24.95824577243976 ], [ -69.358482172940668, -24.967276649319043 ], [ -69.388202938163346, -24.967202142375978 ], [ -69.388174615759482, -24.958171296066521 ] ] ] } },
{ "type": "Feature", "properties": { "cve": "2850863", "nombre": "ALPACA 16", "solicitante": "FQM Exploration (Chile) S.A.", "region": "REGIÓN DE ANTOFAGASTA", "provincia": "Provincia de Antofagasta", "comuna": "Taltal", "superficie_ha": 300.0, "datum_original": "PSAD56", "huso": 19, "epsg_origen": 24879, "tipo_publicacion": "pedimento", "fuente_pdf": "http://www.diariooficial.interior.gob.cl/publicaciones/2026/08/10/44521/07/2850863.pdf", "archivo": "gm_pedimento_2850863.pdf", "fecha": "10-08-2026", "edicion": "44521" }, "geometry": { "type": "Polygon", "coordinates": [ [ [ -69.388202938163346, -24.967202142375978 ], [ -69.358482172940668, -24.967276649319043 ], [ -69.358508339778268, -24.976307515128902 ], [ -69.388231274293318, -24.976232977611691 ], [ -69.388202938163346, -24.967202142375978 ] ] ] } },
{ "type": "Feature", "properties": { "cve": "2850864", "nombre": "ALPACA 17", "solicitante": "FQM Exploration (Chile) S.A.", "region": "REGIÓN DE ANTOFAGASTA", "provincia": "Provincia de Antofagasta", "comuna": "Taltal", "superficie_ha": 300.0, "datum_original": "PSAD56", "huso": 19, "epsg_origen": 24879, "tipo_publicacion": "pedimento", "fuente_pdf": "http://www.diariooficial.interior.gob.cl/publicaciones/2026/08/10/44521/07/2850864.pdf", "archivo": "gm_pedimento_2850864.pdf", "fecha": "10-08-2026", "edicion": "44521" }, "geometry": { "type": "Polygon", "coordinates": [ [ [ -69.388231274293318, -24.976232977611691 ], [ -69.358508339778268, -24.976307515128902 ], [ -69.358534519295233, -24.985338369866451 ], [ -69.388259624153847, -24.985263801770742 ], [ -69.388231274293318, -24.976232977611691 ] ] ] } },
{ "type": "Feature", "properties": { "cve": "2850865", "nombre": "ALPACA 18", "solicitante": "FQM Exploration (Chile) S.A.", "region": "REGIÓN DE ANTOFAGASTA", "provincia": "Provincia de Antofagasta", "comuna": "Taltal", "superficie_ha": 300.0, "datum_original": "PSAD56", "huso": 19, "epsg_origen": 24879, "tipo_publicacion": "pedimento", "fuente_pdf": "http://www.diariooficial.interior.gob.cl/publicaciones/2026/08/10/44521/07/2850865.pdf", "archivo": "gm_pedimento_2850865.pdf", "fecha": "10-08-2026", "edicion": "44521" }, "geometry": { "type": "Polygon", "coordinates": [ [ [ -69.358456018778412, -24.95824577243976 ], [ -69.32873730775799, -24.958314320204465 ], [ -69.32876129364216, -24.967345225220118 ], [ -69.358482172940668, -24.967276649319043 ], [ -69.358456018778412, -24.95824577243976 ] ] ] } },
{ "type": "Feature", "properties": { "cve": "2850866", "nombre": "ALPACA 19", "solicitante": "FQM Exploration (Chile) S.A.", "region": "REGIÓN DE ANTOFAGASTA", "provincia": "Provincia de Antofagasta", "comuna": "Taltal", "superficie_ha": 300.0, "datum_original": "PSAD56", "huso": 19, "epsg_origen": 24879, "tipo_publicacion": "pedimento", "fuente_pdf": "http://www.diariooficial.interior.gob.cl/publicaciones/2026/08/10/44521/07/2850866.pdf", "archivo": "gm_pedimento_2850866.pdf", "fecha": "10-08-2026", "edicion": "44521" }, "geometry": { "type": "Polygon", "coordinates": [ [ [ -69.358482172940668, -24.967276649319043 ], [ -69.32876129364216, -24.967345225220118 ], [ -69.328785291150851, -24.976376119170336 ], [ -69.358508339778268, -24.976307515128902 ], [ -69.358482172940668, -24.967276649319043 ] ] ] } },
{ "type": "Feature", "properties": { "cve": "2850849", "nombre": "ALPACA 2", "solicitante": "FQM Exploration (Chile) S.A.", "region": "REGIÓN DE ANTOFAGASTA", "provincia": "Provincia de Antofagasta", "comuna": "Taltal", "superficie_ha": 300.0, "datum_original": "PSAD56", "huso": 19, "epsg_origen": 24879, "tipo_publicacion": "pedimento", "fuente_pdf": "http://www.diariooficial.interior.gob.cl/publicaciones/2026/08/10/44521/07/2850849.pdf", "archivo": "gm_pedimento_2850849.pdf", "fecha": "10-08-2026", "edicion": "44521" }, "geometry": { "type": "Polygon", "coordinates": [ [ [ -69.447676763146319, -24.976066102529558 ], [ -69.417954085235991, -24.97615250671176 ], [ -69.417984605400463, -24.985183297858235 ], [ -69.44770945357223, -24.985096858229415 ], [ -69.447676763146319, -24.976066102529558 ] ] ] } },
{ "type": "Feature", "properties": { "cve": "2850867", "nombre": "ALPACA 20", "solicitante": "FQM Exploration (Chile) S.A.", "region": "REGIÓN DE ANTOFAGASTA", "provincia": "Provincia de Antofagasta", "comuna": "Taltal", "superficie_ha": 300.0, "datum_original": "PSAD56", "huso": 19, "epsg_origen": 24879, "tipo_publicacion": "pedimento", "fuente_pdf": "http://www.diariooficial.interior.gob.cl/publicaciones/2026/08/10/44521/07/2850867.pdf", "archivo": "gm_pedimento_2850867.pdf", "fecha": "10-08-2026", "edicion": "44521" }, "geometry": { "type": "Polygon", "coordinates": [ [ [ -69.358508339778268, -24.976307515128902 ], [ -69.328785291150851, -24.976376119170336 ], [ -69.328809300287787, -24.985407002052249 ], [ -69.358534519295233, -24.985338369866451 ], [ -69.358508339778268, -24.976307515128902 ] ] ] } },
{ "type": "Feature", "properties": { "cve": "2850868", "nombre": "ALPACA 21", "solicitante": "FQM Exploration (Chile) S.A.", "region": "REGIÓN DE ANTOFAGASTA", "provincia": "Provincia de Antofagasta", "comuna": "Taltal", "superficie_ha": 300.0, "datum_original": "PSAD56", "huso": 19, "epsg_origen": 24879, "tipo_publicacion": "pedimento", "fuente_pdf": "http://www.diariooficial.interior.gob.cl/publicaciones/2026/08/10/44521/07/2850868.pdf", "archivo": "gm_pedimento_2850868.pdf", "fecha": "10-08-2026", "edicion": "44521" }, "geometry": { "type": "Polygon", "coordinates": [ [ [ -69.328474229190064, -24.858973635544267 ], [ -69.298779195752275, -24.859035972123184 ], [ -69.298800897236859, -24.868067024329811 ], [ -69.328498087449134, -24.868004662087987 ], [ -69.328474229190064, -24.858973635544267 ] ] ] } },
{ "type": "Feature", "properties": { "cve": "2850869", "nombre": "ALPACA 22", "solicitante": "FQM Exploration (Chile) S.A.", "region": "REGIÓN DE ANTOFAGASTA", "provincia": "Provincia de Antofagasta", "comuna": "Taltal", "superficie_ha": 300.0, "datum_original": "PSAD56", "huso": 19, "epsg_origen": 24879, "tipo_publicacion": "pedimento", "fuente_pdf": "http://www.diariooficial.interior.gob.cl/publicaciones/2026/08/10/44521/07/2850869.pdf", "archivo": "gm_pedimento_2850869.pdf", "fecha": "10-08-2026", "edicion": "44521" }, "geometry": { "type": "Polygon", "coordinates": [ [ [ -69.328498087449134, -24.868004662087987 ], [ -69.298800897236859, -24.868067024329811 ], [ -69.298822609258067, -24.877098065506601 ], [ -69.328521957291997, -24.877035677598236 ], [ -69.328498087449134, -24.868004662087987 ] ] ] } },
{ "type": "Feature", "properties": { "cve": "2850870", "nombre": "ALPACA 23", "solicitante": "FQM Exploration (Chile) S.A.", "region": "REGIÓN DE ANTOFAGASTA", "provincia": "Provincia de Antofagasta", "comuna": "Taltal", "superficie_ha": 300.0, "datum_original": "PSAD56", "huso": 19, "epsg_origen": 24879, "tipo_publicacion": "pedimento", "fuente_pdf": "http://www.diariooficial.interior.gob.cl/publicaciones/2026/08/10/44521/07/2850870.pdf", "archivo": "gm_pedimento_2850870.pdf", "fecha": "10-08-2026", "edicion": "44521" }, "geometry": { "type": "Polygon", "coordinates": [ [ [ -69.328521957291997, -24.877035677598236 ], [ -69.298822609258067, -24.877098065506601 ], [ -69.298844331819296, -24.886129095650634 ], [ -69.328545838722334, -24.886066682072098 ], [ -69.328521957291997, -24.877035677598236 ] ] ] } },
{ "type": "Feature", "properties": { "cve": "2850871", "nombre": "ALPACA 24", "solicitante": "FQM Exploration (Chile) S.A.", "region": "REGIÓN DE ANTOFAGASTA", "provincia": "Provincia de Antofagasta", "comuna": "Taltal", "superficie_ha": 300.0, "datum_original": "PSAD56", "huso": 19, "epsg_origen": 24879, "tipo_publicacion": "pedimento", "fuente_pdf": "http://www.diariooficial.interior.gob.cl/publicaciones/2026/08/10/44521/07/2850871.pdf", "archivo": "gm_pedimento_2850871.pdf", "fecha": "10-08-2026", "edicion": "44521" }, "geometry": { "type": "Polygon", "coordinates": [ [ [ -69.328545838722334, -24.886066682072098 ], [ -69.298844331819296, -24.886129095650634 ], [ -69.298866064923857, -24.895160114759005 ], [ -69.328569731743826, -24.895097675506669 ], [ -69.328545838722334, -24.886066682072098 ] ] ] } },
{ "type": "Feature", "properties": { "cve": "2850872", "nombre": "ALPACA 25", "solicitante": "FQM Exploration (Chile) S.A.", "region": "REGIÓN DE ANTOFAGASTA", "provincia": "Provincia de Antofagasta", "comuna": "Taltal", "superficie_ha": 300.0, "datum_original": "PSAD56", "huso": 19, "epsg_origen": 24879, "tipo_publicacion": "pedimento", "fuente_pdf": "http://www.diariooficial.interior.gob.cl/publicaciones/2026/08/10/44521/07/2850872.pdf", "archivo": "gm_pedimento_2850872.pdf", "fecha": "10-08-2026", "edicion": "44521" }, "geometry": { "type": "Polygon", "coordinates": [ [ [ -69.328569731743826, -24.895097675506669 ], [ -69.298866064923857, -24.895160114759005 ], [ -69.298887808575145, -24.904191122828813 ], [ -69.32859363636021, -24.904128657899054 ], [ -69.328569731743826, -24.895097675506669 ] ] ] } },
{ "type": "Feature", "properties": { "cve": "2850873", "nombre": "ALPACA 26", "solicitante": "FQM Exploration (Chile) S.A.", "region": "REGIÓN DE ANTOFAGASTA", "provincia": "Provincia de Antofagasta", "comuna": "Taltal", "superficie_ha": 300.0, "datum_original": "PSAD56", "huso": 19, "epsg_origen": 24879, "tipo_publicacion": "pedimento", "fuente_pdf": "http://www.diariooficial.interior.gob.cl/publicaciones/2026/08/10/44521/07/2850873.pdf", "archivo": "gm_pedimento_2850873.pdf", "fecha": "10-08-2026", "edicion": "44521" }, "geometry": { "type": "Polygon", "coordinates": [ [ [ -69.32859363636021, -24.904128657899054 ], [ -69.298887808575145, -24.904191122828813 ], [ -69.298909562776515, -24.913222119857142 ], [ -69.328617552575139, -24.913159629246341 ], [ -69.32859363636021, -24.904128657899054 ] ] ] } },
{ "type": "Feature", "properties": { "cve": "2850874", "nombre": "ALPACA 27", "solicitante": "FQM Exploration (Chile) S.A.", "region": "REGIÓN DE ANTOFAGASTA", "provincia": "Provincia de Antofagasta", "comuna": "Taltal", "superficie_ha": 300.0, "datum_original": "PSAD56", "huso": 19, "epsg_origen": 24879, "tipo_publicacion": "pedimento", "fuente_pdf": "http://www.diariooficial.interior.gob.cl/publicaciones/2026/08/10/44521/07/2850874.pdf", "archivo": "gm_pedimento_2850874.pdf", "fecha": "10-08-2026", "edicion": "44521" }, "geometry": { "type": "Polygon", "coordinates": [ [ [ -69.328617552575139, -24.913159629246341 ], [ -69.298909562776515, -24.913222119857142 ], [ -69.298931327531349, -24.92225310584109 ], [ -69.328641480392349, -24.922190589545604 ], [ -69.328617552575139, -24.913159629246341 ] ] ] } },
{ "type": "Feature", "properties": { "cve": "2850875", "nombre": "ALPACA 28", "solicitante": "FQM Exploration (Chile) S.A.", "region": "REGIÓN DE ANTOFAGASTA", "provincia": "Provincia de Antofagasta", "comuna": "Taltal", "superficie_ha": 300.0, "datum_original": "PSAD56", "huso": 19, "epsg_origen": 24879, "tipo_publicacion": "pedimento", "fuente_pdf": "http://www.diariooficial.interior.gob.cl/publicaciones/2026/08/10/44521/07/2850875.pdf", "archivo": "gm_pedimento_2850875.pdf", "fecha": "10-08-2026", "edicion": "44521" }, "geometry": { "type": "Polygon", "coordinates": [ [ [ -69.328641480392349, -24.922190589545604 ], [ -69.298931327531349, -24.92225310584109 ], [ -69.298953102842972, -24.931284080777761 ], [ -69.328665419815536, -24.931221538793956 ], [ -69.328641480392349, -24.922190589545604 ] ] ] } },
{ "type": "Feature", "properties": { "cve": "2850876", "nombre": "ALPACA 29", "solicitante": "FQM Exploration (Chile) S.A.", "region": "REGIÓN DE ANTOFAGASTA", "provincia": "Provincia de Antofagasta", "comuna": "Taltal", "superficie_ha": 300.0, "datum_original": "PSAD56", "huso": 19, "epsg_origen": 24879, "tipo_publicacion": "pedimento", "fuente_pdf": "http://www.diariooficial.interior.gob.cl/publicaciones/2026/08/10/44521/07/2850876.pdf", "archivo": "gm_pedimento_2850876.pdf", "fecha": "10-08-2026", "edicion": "44521" }, "geometry": { "type": "Polygon", "coordinates": [ [ [ -69.328665419815536, -24.931221538793956 ], [ -69.298953102842972, -24.931284080777761 ], [ -69.298974888714795, -24.940315044664263 ], [ -69.328689370848394, -24.940252476988491 ], [ -69.328665419815536, -24.931221538793956 ] ] ] } },
{ "type": "Feature", "properties": { "cve": "2850850", "nombre": "ALPACA 3", "solicitante": "FQM Exploration (Chile) S.A.", "region": "REGIÓN DE ANTOFAGASTA", "provincia": "Provincia de Antofagasta", "comuna": "Taltal", "superficie_ha": 300.0, "datum_original": "PSAD56", "huso": 19, "epsg_origen": 24879, "tipo_publicacion": "pedimento", "fuente_pdf": "http://www.diariooficial.interior.gob.cl/publicaciones/2026/08/10/44521/07/2850850.pdf", "archivo": "gm_pedimento_2850850.pdf", "fecha": "10-08-2026", "edicion": "44521" }, "geometry": { "type": "Polygon", "coordinates": [ [ [ -69.44770945357223, -24.985096858229415 ], [ -69.417984605400463, -24.985183297858235 ], [ -69.418015140351315, -24.994214077920464 ], [ -69.447742159835897, -24.994127602840003 ], [ -69.44770945357223, -24.985096858229415 ] ] ] } },
{ "type": "Feature", "properties": { "cve": "2850877", "nombre": "ALPACA 30", "solicitante": "FQM Exploration (Chile) S.A.", "region": "REGIÓN DE ANTOFAGASTA", "provincia": "Provincia de Antofagasta", "comuna": "Taltal", "superficie_ha": 300.0, "datum_original": "PSAD56", "huso": 19, "epsg_origen": 24879, "tipo_publicacion": "pedimento", "fuente_pdf": "http://www.diariooficial.interior.gob.cl/publicaciones/2026/08/10/44521/07/2850877.pdf", "archivo": "gm_pedimento_2850877.pdf", "fecha": "10-08-2026", "edicion": "44521" }, "geometry": { "type": "Polygon", "coordinates": [ [ [ -69.328689370848394, -24.940252476988491 ], [ -69.298974888714795, -24.940315044664263 ], [ -69.298996685150186, -24.949345997497659 ], [ -69.328713333494647, -24.94928340412628 ], [ -69.328689370848394, -24.940252476988491 ] ] ] } },
{ "type": "Feature", "properties": { "cve": "2850878", "nombre": "ALPACA 31", "solicitante": "FQM Exploration (Chile) S.A.", "region": "REGIÓN DE ANTOFAGASTA", "provincia": "Provincia de Antofagasta", "comuna": "Taltal", "superficie_ha": 300.0, "datum_original": "PSAD56", "huso": 19, "epsg_origen": 24879, "tipo_publicacion": "pedimento", "fuente_pdf": "http://www.diariooficial.interior.gob.cl/publicaciones/2026/08/10/44521/07/2850878.pdf", "archivo": "gm_pedimento_2850878.pdf", "fecha": "10-08-2026", "edicion": "44521" }, "geometry": { "type": "Polygon", "coordinates": [ [ [ -69.328713333494647, -24.94928340412628 ], [ -69.298996685150186, -24.949345997497659 ], [ -69.299018492152499, -24.95837693927507 ], [ -69.32873730775799, -24.958314320204465 ], [ -69.328713333494647, -24.94928340412628 ] ] ] } },
{ "type": "Feature", "properties": { "cve": "2850879", "nombre": "ALPACA 32", "solicitante": "FQM Exploration (Chile) S.A.", "region": "REGIÓN DE ANTOFAGASTA", "provincia": "Provincia de Antofagasta", "comuna": "Taltal", "superficie_ha": 300.0, "datum_original": "PSAD56", "huso": 19, "epsg_origen": 24879, "tipo_publicacion": "pedimento", "fuente_pdf": "http://www.diariooficial.interior.gob.cl/publicaciones/2026/08/10/44521/07/2850879.pdf", "archivo": "gm_pedimento_2850879.pdf", "fecha": "10-08-2026", "edicion": "44521" }, "geometry": { "type": "Polygon", "coordinates": [ [ [ -69.32873730775799, -24.958314320204465 ], [ -69.299018492152499, -24.95837693927507 ], [ -69.299040309725143, -24.967407869993618 ], [ -69.32876129364216, -24.967345225220118 ], [ -69.32873730775799, -24.958314320204465 ] ] ] } },
{ "type": "Feature", "properties": { "cve": "2850880", "nombre": "ALPACA 33", "solicitante": "FQM Exploration (Chile) S.A.", "region": "REGIÓN DE ANTOFAGASTA", "provincia": "Provincia de Antofagasta", "comuna": "Taltal", "superficie_ha": 300.0, "datum_original": "PSAD56", "huso": 19, "epsg_origen": 24879, "tipo_publicacion": "pedimento", "fuente_pdf": "http://www.diariooficial.interior.gob.cl/publicaciones/2026/08/10/44521/07/2850880.pdf", "archivo": "gm_pedimento_2850880.pdf", "fecha": "10-08-2026", "edicion": "44521" }, "geometry": { "type": "Polygon", "coordinates": [ [ [ -69.32876129364216, -24.967345225220118 ], [ -69.299040309725143, -24.967407869993618 ], [ -69.299062137871488, -24.976438789650359 ], [ -69.328785291150851, -24.976376119170336 ], [ -69.32876129364216, -24.967345225220118 ] ] ] } },
{ "type": "Feature", "properties": { "cve": "2850881", "nombre": "ALPACA 34", "solicitante": "FQM Exploration (Chile) S.A.", "region": "REGIÓN DE ANTOFAGASTA", "provincia": "Provincia de Antofagasta", "comuna": "Taltal", "superficie_ha": 300.0, "datum_original": "PSAD56", "huso": 19, "epsg_origen": 24879, "tipo_publicacion": "pedimento", "fuente_pdf": "http://www.diariooficial.interior.gob.cl/publicaciones/2026/08/10/44521/07/2850881.pdf", "archivo": "gm_pedimento_2850881.pdf", "fecha": "10-08-2026", "edicion": "44521" }, "geometry": { "type": "Polygon", "coordinates": [ [ [ -69.328785291150851, -24.976376119170336 ], [ -69.299062137871488, -24.976438789650359 ], [ -69.299083976594872, -24.985469698242429 ], [ -69.328809300287787, -24.985407002052249 ], [ -69.328785291150851, -24.976376119170336 ] ] ] } },
{ "type": "Feature", "properties": { "cve": "2850882", "nombre": "ALPACA 35", "solicitante": "FQM Exploration (Chile) S.A.", "region": "REGIÓN DE ANTOFAGASTA", "provincia": "Provincia de Antofagasta", "comuna": "Taltal", "superficie_ha": 300.0, "datum_original": "PSAD56", "huso": 19, "epsg_origen": 24879, "tipo_publicacion": "pedimento", "fuente_pdf": "http://www.diariooficial.interior.gob.cl/publicaciones/2026/08/10/44521/07/2850882.pdf", "archivo": "gm_pedimento_2850882.pdf", "fecha": "10-08-2026", "edicion": "44521" }, "geometry": { "type": "Polygon", "coordinates": [ [ [ -69.298974888714795, -24.940315044664263 ], [ -69.26926031151136, -24.940371688433803 ], [ -69.269279941705506, -24.949402664529956 ], [ -69.298996685150186, -24.949345997497659 ], [ -69.298974888714795, -24.940315044664263 ] ] ] } },
{ "type": "Feature", "properties": { "cve": "2850883", "nombre": "ALPACA 36", "solicitante": "FQM Exploration (Chile) S.A.", "region": "REGIÓN DE ANTOFAGASTA", "provincia": "Provincia de Antofagasta", "comuna": "Taltal", "superficie_ha": 300.0, "datum_original": "PSAD56", "huso": 19, "epsg_origen": 24879, "tipo_publicacion": "pedimento", "fuente_pdf": "http://www.diariooficial.interior.gob.cl/publicaciones/2026/08/10/44521/07/2850883.pdf", "archivo": "gm_pedimento_2850883.pdf", "fecha": "10-08-2026", "edicion": "44521" }, "geometry": { "type": "Polygon", "coordinates": [ [ [ -69.298996685150186, -24.949345997497659 ], [ -69.269279941705506, -24.949402664529956 ], [ -69.269299581416391, -24.958433629573431 ], [ -69.299018492152499, -24.95837693927507 ], [ -69.298996685150186, -24.949345997497659 ] ] ] } },
{ "type": "Feature", "properties": { "cve": "2850884", "nombre": "ALPACA 37", "solicitante": "FQM Exploration (Chile) S.A.", "region": "REGIÓN DE ANTOFAGASTA", "provincia": "Provincia de Antofagasta", "comuna": "Taltal", "superficie_ha": 300.0, "datum_original": "PSAD56", "huso": 19, "epsg_origen": 24879, "tipo_publicacion": "pedimento", "fuente_pdf": "http://www.diariooficial.interior.gob.cl/publicaciones/2026/08/10/44521/07/2850884.pdf", "archivo": "gm_pedimento_2850884.pdf", "fecha": "10-08-2026", "edicion": "44521" }, "geometry": { "type": "Polygon", "coordinates": [ [ [ -69.299018492152499, -24.95837693927507 ], [ -69.269299581416391, -24.958433629573431 ], [ -69.269319230647085, -24.967464583561313 ], [ -69.299040309725143, -24.967407869993618 ], [ -69.299018492152499, -24.95837693927507 ] ] ] } },
{ "type": "Feature", "properties": { "cve": "2850885", "nombre": "ALPACA 38", "solicitante": "FQM Exploration (Chile) S.A.", "region": "REGIÓN DE ANTOFAGASTA", "provincia": "Provincia de Antofagasta", "comuna": "Taltal", "superficie_ha": 300.0, "datum_original": "PSAD56", "huso": 19, "epsg_origen": 24879, "tipo_publicacion": "pedimento", "fuente_pdf": "http://www.diariooficial.interior.gob.cl/publicaciones/2026/08/10/44521/07/2850885.pdf", "archivo": "gm_pedimento_2850885.pdf", "fecha": "10-08-2026", "edicion": "44521" }, "geometry": { "type": "Polygon", "coordinates": [ [ [ -69.299040309725143, -24.967407869993618 ], [ -69.269319230647085, -24.967464583561313 ], [ -69.269338889400615, -24.976495526490723 ], [ -69.299062137871488, -24.976438789650359 ], [ -69.299040309725143, -24.967407869993618 ] ] ] } },
{ "type": "Feature", "properties": { "cve": "2850851", "nombre": "ALPACA 4", "solicitante": "FQM Exploration (Chile) S.A.", "region": "REGIÓN DE ANTOFAGASTA", "provincia": "Provincia de Antofagasta", "comuna": "Taltal", "superficie_ha": 300.0, "datum_original": "PSAD56", "huso": 19, "epsg_origen": 24879, "tipo_publicacion": "pedimento", "fuente_pdf": "http://www.diariooficial.interior.gob.cl/publicaciones/2026/08/10/44521/07/2850851.pdf", "archivo": "gm_pedimento_2850851.pdf", "fecha": "10-08-2026", "edicion": "44521" }, "geometry": { "type": "Polygon", "coordinates": [ [ [ -69.447742159835897, -24.994127602840003 ], [ -69.418015140351315, -24.994214077920464 ], [ -69.418045690093237, -25.003244846895548 ], [ -69.447774881942379, -25.0031583363584 ], [ -69.447742159835897, -24.994127602840003 ] ] ] } },
{ "type": "Feature", "properties": { "cve": "2850852", "nombre": "ALPACA 5", "solicitante": "FQM Exploration (Chile) S.A.", "region": "REGIÓN DE ANTOFAGASTA", "provincia": "Provincia de Antofagasta", "comuna": "Taltal", "superficie_ha": 300.0, "datum_original": "PSAD56", "huso": 19, "epsg_origen": 24879, "tipo_publicacion": "pedimento", "fuente_pdf": "http://www.diariooficial.interior.gob.cl/publicaciones/2026/08/10/44521/07/2850852.pdf", "archivo": "gm_pedimento_2850852.pdf", "fecha": "10-08-2026", "edicion": "44521" }, "geometry": { "type": "Polygon", "coordinates": [ [ [ -69.447774881942379, -25.0031583363584 ], [ -69.418045690093237, -25.003244846895548 ], [ -69.418076254630961, -25.012275604780587 ], [ -69.44780761989675, -25.012189058781711 ], [ -69.447774881942379, -25.0031583363584 ] ] ] } },
{ "type": "Feature", "properties": { "cve": "2850853", "nombre": "ALPACA 6", "solicitante": "FQM Exploration (Chile) S.A.", "region": "REGIÓN DE ANTOFAGASTA", "provincia": "Provincia de Antofagasta", "comuna": "Taltal", "superficie_ha": 300.0, "datum_original": "PSAD56", "huso": 19, "epsg_origen": 24879, "tipo_publicacion": "pedimento", "fuente_pdf": "http://www.diariooficial.interior.gob.cl/publicaciones/2026/08/10/44521/07/2850853.pdf", "archivo": "gm_pedimento_2850853.pdf", "fecha": "10-08-2026", "edicion": "44521" }, "geometry": { "type": "Polygon", "coordinates": [ [ [ -69.44780761989675, -25.012189058781711 ], [ -69.418076254630961, -25.012275604780587 ], [ -69.418106833969247, -25.021306351572658 ], [ -69.447840373704096, -25.021219770107027 ], [ -69.44780761989675, -25.012189058781711 ] ] ] } },
{ "type": "Feature", "properties": { "cve": "2850854", "nombre": "ALPACA 7", "solicitante": "FQM Exploration (Chile) S.A.", "region": "REGIÓN DE ANTOFAGASTA", "provincia": "Provincia de Antofagasta", "comuna": "Taltal", "superficie_ha": 300.0, "datum_original": "PSAD56", "huso": 19, "epsg_origen": 24879, "tipo_publicacion": "pedimento", "fuente_pdf": "http://www.diariooficial.interior.gob.cl/publicaciones/2026/08/10/44521/07/2850854.pdf", "archivo": "gm_pedimento_2850854.pdf", "fecha": "10-08-2026", "edicion": "44521" }, "geometry": { "type": "Polygon", "coordinates": [ [ [ -69.417862613413305, -24.949060066795919 ], [ -69.388146307077363, -24.9491404386862 ], [ -69.388174615759482, -24.958171296066521 ], [ -69.41789308924713, -24.958090891177697 ], [ -69.417862613413305, -24.949060066795919 ] ] ] } },
{ "type": "Feature", "properties": { "cve": "2850855", "nombre": "ALPACA 8", "solicitante": "FQM Exploration (Chile) S.A.", "region": "REGIÓN DE ANTOFAGASTA", "provincia": "Provincia de Antofagasta", "comuna": "Taltal", "superficie_ha": 300.0, "datum_original": "PSAD56", "huso": 19, "epsg_origen": 24879, "tipo_publicacion": "pedimento", "fuente_pdf": "http://www.diariooficial.interior.gob.cl/publicaciones/2026/08/10/44521/07/2850855.pdf", "archivo": "gm_pedimento_2850855.pdf", "fecha": "10-08-2026", "edicion": "44521" }, "geometry": { "type": "Polygon", "coordinates": [ [ [ -69.41789308924713, -24.958090891177697 ], [ -69.388174615759482, -24.958171296066521 ], [ -69.388202938163346, -24.967202142375978 ], [ -69.41792357985311, -24.967121704483944 ], [ -69.41789308924713, -24.958090891177697 ] ] ] } },
{ "type": "Feature", "properties": { "cve": "2850856", "nombre": "ALPACA 9", "solicitante": "FQM Exploration (Chile) S.A.", "region": "REGIÓN DE ANTOFAGASTA", "provincia": "Provincia de Antofagasta", "comuna": "Taltal", "superficie_ha": 300.0, "datum_original": "PSAD56", "huso": 19, "epsg_origen": 24879, "tipo_publicacion": "pedimento", "fuente_pdf": "http://www.diariooficial.interior.gob.cl/publicaciones/2026/08/10/44521/07/2850856.pdf", "archivo": "gm_pedimento_2850856.pdf", "fecha": "10-08-2026", "edicion": "44521" }, "geometry": { "type": "Polygon", "coordinates": [ [ [ -69.41792357985311, -24.967121704483944 ], [ -69.388202938163346, -24.967202142375978 ], [ -69.388231274293318, -24.976232977611691 ], [ -69.417954085235991, -24.97615250671176 ], [ -69.41792357985311, -24.967121704483944 ] ] ] } },
{ "type": "Feature", "properties": { "cve": "2850380", "nombre": "CICLON 14", "solicitante": "Eco Earth Elements SpA", "region": "REGIÓN DE ANTOFAGASTA", "provincia": "Provincia de Antofagasta", "comuna": "Taltal", "superficie_ha": 300.0, "datum_original": "PSAD56", "huso": 19, "epsg_origen": 24879, "tipo_publicacion": "pedimento", "fuente_pdf": "http://www.diariooficial.interior.gob.cl/publicaciones/2026/08/10/44521/07/2850380.pdf", "archivo": "gm_pedimento_2850380.pdf", "fecha": "10-08-2026", "edicion": "44521" }, "geometry": { "type": "Polygon", "coordinates": [ [ [ -69.330968083974454, -25.780081014499459 ], [ -69.320994603280965, -25.780103355749922 ], [ -69.321067550521221, -25.807193007619265 ], [ -69.331043297626636, -25.807170639499816 ], [ -69.330968083974454, -25.780081014499459 ] ] ] } },
{ "type": "Feature", "properties": { "cve": "2850813", "nombre": "ALTAZOR 102E", "solicitante": "Minera Mirasol Chile Limitada", "region": "REGIÓN DE ANTOFAGASTA", "provincia": "Provincia de El Loa", "comuna": "San Pedro de Atacama", "superficie_ha": 300.0, "datum_original": "WGS84", "huso": 19, "epsg_origen": 32719, "tipo_publicacion": "pedimento", "fuente_pdf": "http://www.diariooficial.interior.gob.cl/publicaciones/2026/08/10/44521/07/2850813.pdf", "archivo": "gm_pedimento_2850813.pdf", "fecha": "10-08-2026", "edicion": "44521" }, "geometry": { "type": "Polygon", "coordinates": [ [ [ -67.886247539666726, -24.097766726046782 ], [ -67.856735661205079, -24.097548834652017 ], [ -67.856655487364321, -24.106579195937464 ], [ -67.886169434352453, -24.1067971791364 ], [ -67.886247539666726, -24.097766726046782 ] ] ] } },
{ "type": "Feature", "properties": { "cve": "2850814", "nombre": "ALTAZOR 103E", "solicitante": "Minera Mirasol Chile Limitada", "region": "REGIÓN DE ANTOFAGASTA", "provincia": "Provincia de El Loa", "comuna": "San Pedro de Atacama", "superficie_ha": 300.0, "datum_original": "WGS84", "huso": 19, "epsg_origen": 32719, "tipo_publicacion": "pedimento", "fuente_pdf": "http://www.diariooficial.interior.gob.cl/publicaciones/2026/08/10/44521/07/2850814.pdf", "archivo": "gm_pedimento_2850814.pdf", "fecha": "10-08-2026", "edicion": "44521" }, "geometry": { "type": "Polygon", "coordinates": [ [ [ -67.856735661205079, -24.097548834652017 ], [ -67.827224138085569, -24.097325247839013 ], [ -67.827141895828319, -24.106355514920963 ], [ -67.856655487364321, -24.106579195937464 ], [ -67.856735661205079, -24.097548834652017 ] ] ] } },
{ "type": "Feature", "properties": { "cve": "2850810", "nombre": "ALTAZOR 40E", "solicitante": "Minera Mirasol Chile Limitada", "region": "REGIÓN DE ANTOFAGASTA", "provincia": "Provincia de El Loa", "comuna": "San Pedro de Atacama", "superficie_ha": 300.0, "datum_original": "WGS84", "huso": 19, "epsg_origen": 32719, "tipo_publicacion": "pedimento", "fuente_pdf": "http://www.diariooficial.interior.gob.cl/publicaciones/2026/08/10/44521/07/2850810.pdf", "archivo": "gm_pedimento_2850810.pdf", "fecha": "10-08-2026", "edicion": "44521" }, "geometry": { "type": "Polygon", "coordinates": [ [ [ -67.745489553916272, -24.105706977630305 ], [ -67.715977383549429, -24.105461837376698 ], [ -67.715887306943372, -24.114491717105118 ], [ -67.745401546305331, -24.114736960612483 ], [ -67.745489553916272, -24.105706977630305 ] ] ] } },
{ "type": "Feature", "properties": { "cve": "2850811", "nombre": "ALTAZOR 41E", "solicitante": "Minera Mirasol Chile Limitada", "region": "REGIÓN DE ANTOFAGASTA", "provincia": "Provincia de El Loa", "comuna": "San Pedro de Atacama", "superficie_ha": 300.0, "datum_original": "WGS84", "huso": 19, "epsg_origen": 32719, "tipo_publicacion": "pedimento", "fuente_pdf": "http://www.diariooficial.interior.gob.cl/publicaciones/2026/08/10/44521/07/2850811.pdf", "archivo": "gm_pedimento_2850811.pdf", "fecha": "10-08-2026", "edicion": "44521" }, "geometry": { "type": "Polygon", "coordinates": [ [ [ -67.745401546305331, -24.114736960612483 ], [ -67.715887306943372, -24.114491717105118 ], [ -67.715797185973798, -24.123521585846916 ], [ -67.74531349534962, -24.123766932622086 ], [ -67.745401546305331, -24.114736960612483 ] ] ] } },
{ "type": "Feature", "properties": { "cve": "2850812", "nombre": "ALTAZOR 50E", "solicitante": "Minera Mirasol Chile Limitada", "region": "REGIÓN DE ANTOFAGASTA", "provincia": "Provincia de El Loa", "comuna": "San Pedro de Atacama", "superficie_ha": 300.0, "datum_original": "WGS84", "huso": 19, "epsg_origen": 32719, "tipo_publicacion": "pedimento", "fuente_pdf": "http://www.diariooficial.interior.gob.cl/publicaciones/2026/08/10/44521/07/2850812.pdf", "archivo": "gm_pedimento_2850812.pdf", "fecha": "10-08-2026", "edicion": "44521" }, "geometry": { "type": "Polygon", "coordinates": [ [ [ -67.729033219012678, -24.078478924083392 ], [ -67.71919792647914, -24.078396871381813 ], [ -67.718928582775703, -24.105486607746705 ], [ -67.728765942239562, -24.105568764233553 ], [ -67.729033219012678, -24.078478924083392 ] ] ] } },
{ "type": "Feature", "properties": { "cve": "2850900", "nombre": "ANNA 1", "solicitante": "Minera Nittetsu Chile Limitada", "region": "REGIÓN DE ATACAMA", "provincia": "Provincia de Copiapó", "comuna": "Copiapó", "superficie_ha": 300.0, "datum_original": "PSAD56", "huso": 19, "epsg_origen": 24879, "tipo_publicacion": "pedimento", "fuente_pdf": "http://www.diariooficial.interior.gob.cl/publicaciones/2026/08/10/44521/07/2850900.pdf", "archivo": "gm_pedimento_2850900.pdf", "fecha": "10-08-2026", "edicion": "44521" }, "geometry": { "type": "Polygon", "coordinates": [ [ [ -70.392440287957768, -27.78691430428314 ], [ -70.361996940950888, -27.78721771942681 ], [ -70.362109432413504, -27.796242729062662 ], [ -70.392555291869968, -27.795939198551356 ], [ -70.392440287957768, -27.78691430428314 ] ] ] } },
{ "type": "Feature", "properties": { "cve": "2850901", "nombre": "ANNA 2", "solicitante": "Minera Nittetsu Chile Limitada", "region": "REGIÓN DE ATACAMA", "provincia": "Provincia de Copiapó", "comuna": "Copiapó", "superficie_ha": 300.0, "datum_original": "PSAD56", "huso": 19, "epsg_origen": 24879, "tipo_publicacion": "pedimento", "fuente_pdf": "http://www.diariooficial.interior.gob.cl/publicaciones/2026/08/10/44521/07/2850901.pdf", "archivo": "gm_pedimento_2850901.pdf", "fecha": "10-08-2026", "edicion": "44521" }, "geometry": { "type": "Polygon", "coordinates": [ [ [ -70.361772114584682, -27.769167663242403 ], [ -70.351625901222064, -27.769267236357852 ], [ -70.351960707655309, -27.796342415828818 ], [ -70.362109432413504, -27.796242729062662 ], [ -70.361772114584682, -27.769167663242403 ] ] ] } },
{ "type": "Feature", "properties": { "cve": "2850902", "nombre": "ANNA 3", "solicitante": "Minera Nittetsu Chile Limitada", "region": "REGIÓN DE ATACAMA", "provincia": "Provincia de Copiapó", "comuna": "Copiapó", "superficie_ha": 300.0, "datum_original": "PSAD56", "huso": 19, "epsg_origen": 24879, "tipo_publicacion": "pedimento", "fuente_pdf": "http://www.diariooficial.interior.gob.cl/publicaciones/2026/08/10/44521/07/2850902.pdf", "archivo": "gm_pedimento_2850902.pdf", "fecha": "10-08-2026", "edicion": "44521" }, "geometry": { "type": "Polygon", "coordinates": [ [ [ -70.351625901222064, -27.769267236357852 ], [ -70.341479636092188, -27.769366065263203 ], [ -70.341811931075057, -27.796441357535649 ], [ -70.351960707655309, -27.796342415828818 ], [ -70.351625901222064, -27.769267236357852 ] ] ] } },
{ "type": "Feature", "properties": { "cve": "2850903", "nombre": "ANNA 4", "solicitante": "Minera Nittetsu Chile Limitada", "region": "REGIÓN DE ATACAMA", "provincia": "Provincia de Copiapó", "comuna": "Copiapó", "superficie_ha": 300.0, "datum_original": "PSAD56", "huso": 19, "epsg_origen": 24879, "tipo_publicacion": "pedimento", "fuente_pdf": "http://www.diariooficial.interior.gob.cl/publicaciones/2026/08/10/44521/07/2850903.pdf", "archivo": "gm_pedimento_2850903.pdf", "fecha": "10-08-2026", "edicion": "44521" }, "geometry": { "type": "Polygon", "coordinates": [ [ [ -70.341479636092188, -27.769366065263203 ], [ -70.331333319583237, -27.76946414994433 ], [ -70.331663103061302, -27.796539554169012 ], [ -70.341811931075057, -27.796441357535649 ], [ -70.341479636092188, -27.769366065263203 ] ] ] } },
{ "type": "Feature", "properties": { "cve": "2850905", "nombre": "ANNA 5", "solicitante": "Minera Nittetsu Chile Limitada", "region": "REGIÓN DE ATACAMA", "provincia": "Provincia de Copiapó", "comuna": "Copiapó", "superficie_ha": 300.0, "datum_original": "PSAD56", "huso": 19, "epsg_origen": 24879, "tipo_publicacion": "pedimento", "fuente_pdf": "http://www.diariooficial.interior.gob.cl/publicaciones/2026/08/10/44521/07/2850905.pdf", "archivo": "gm_pedimento_2850905.pdf", "fecha": "10-08-2026", "edicion": "44521" }, "geometry": { "type": "Polygon", "coordinates": [ [ [ -70.331333319583237, -27.76946414994433 ], [ -70.321186952083366, -27.769561490387215 ], [ -70.321514224002641, -27.796637005714871 ], [ -70.331663103061302, -27.796539554169012 ], [ -70.331333319583237, -27.76946414994433 ] ] ] } },
{ "type": "Feature", "properties": { "cve": "2850906", "nombre": "ANNA 6", "solicitante": "Minera Nittetsu Chile Limitada", "region": "REGIÓN DE ATACAMA", "provincia": "Provincia de Copiapó", "comuna": "Tierra Amarilla", "superficie_ha": 300.0, "datum_original": "PSAD56", "huso": 19, "epsg_origen": 24879, "tipo_publicacion": "pedimento", "fuente_pdf": "http://www.diariooficial.interior.gob.cl/publicaciones/2026/08/10/44521/07/2850906.pdf", "archivo": "gm_pedimento_2850906.pdf", "fecha": "10-08-2026", "edicion": "44521" }, "geometry": { "type": "Polygon", "coordinates": [ [ [ -70.321295992096353, -27.778586674442323 ], [ -70.311148737178016, -27.778683307378348 ], [ -70.311473648235548, -27.805758896134268 ], [ -70.321623415931697, -27.805662152926818 ], [ -70.321295992096353, -27.778586674442323 ] ] ] } },
{ "type": "Feature", "properties": { "cve": "2850907", "nombre": "ANNA 7", "solicitante": "Minera Nittetsu Chile Limitada", "region": "REGIÓN DE ATACAMA", "provincia": "Provincia de Copiapó", "comuna": "Copiapó", "superficie_ha": 300.0, "datum_original": "PSAD56", "huso": 19, "epsg_origen": 24879, "tipo_publicacion": "pedimento", "fuente_pdf": "http://www.diariooficial.interior.gob.cl/publicaciones/2026/08/10/44521/07/2850907.pdf", "archivo": "gm_pedimento_2850907.pdf", "fecha": "10-08-2026", "edicion": "44521" }, "geometry": { "type": "Polygon", "coordinates": [ [ [ -70.382406724909387, -27.796041120409512 ], [ -70.372258104961034, -27.796142297251439 ], [ -70.372598407525274, -27.823217137745246 ], [ -70.382749542255155, -27.823115845498524 ], [ -70.382406724909387, -27.796041120409512 ] ] ] } },
{ "type": "Feature", "properties": { "cve": "2850908", "nombre": "ANNA 8", "solicitante": "Minera Nittetsu Chile Limitada", "region": "REGIÓN DE ATACAMA", "provincia": "Provincia de Copiapó", "comuna": "Copiapó", "superficie_ha": 300.0, "datum_original": "PSAD56", "huso": 19, "epsg_origen": 24879, "tipo_publicacion": "pedimento", "fuente_pdf": "http://www.diariooficial.interior.gob.cl/publicaciones/2026/08/10/44521/07/2850908.pdf", "archivo": "gm_pedimento_2850908.pdf", "fecha": "10-08-2026", "edicion": "44521" }, "geometry": { "type": "Polygon", "coordinates": [ [ [ -70.372258104961034, -27.796142297251439 ], [ -70.362109432413504, -27.796242729062662 ], [ -70.362447220140425, -27.823317684111686 ], [ -70.372598407525274, -27.823217137745246 ], [ -70.372258104961034, -27.796142297251439 ] ] ] } },
{ "type": "Feature", "properties": { "cve": "2849991", "nombre": "BALTASAR IV", "solicitante": "Ávalos Puga Manuel Antonio", "region": "REGIÓN DE ATACAMA", "provincia": "Provincia de Copiapó", "comuna": null, "superficie_ha": 300.0, "datum_original": "PSAD56", "huso": 19, "epsg_origen": 24879, "tipo_publicacion": "pedimento", "fuente_pdf": "http://www.diariooficial.interior.gob.cl/publicaciones/2026/08/10/44521/07/2849991.pdf", "archivo": "gm_pedimento_2849991.pdf", "fecha": "10-08-2026", "edicion": "44521" }, "geometry": { "type": "Polygon", "coordinates": [ [ [ -70.064367326307703, -27.446808380551939 ], [ -70.054249651504605, -27.446885301370639 ], [ -70.054507255888311, -27.473964713207696 ], [ -70.06462740179812, -27.473887703884198 ], [ -70.064367326307703, -27.446808380551939 ] ] ] } },
{ "type": "Feature", "properties": { "cve": "2849996", "nombre": "BALTASAR IX", "solicitante": "Ávalos Puga Manuel Antonio", "region": "REGIÓN DE ATACAMA", "provincia": "Provincia de Copiapó", "comuna": null, "superficie_ha": 300.0, "datum_original": "PSAD56", "huso": 19, "epsg_origen": 24879, "tipo_publicacion": "pedimento", "fuente_pdf": "http://www.diariooficial.interior.gob.cl/publicaciones/2026/08/10/44521/07/2849996.pdf", "archivo": "gm_pedimento_2849996.pdf", "fecha": "10-08-2026", "edicion": "44521" }, "geometry": { "type": "Polygon", "coordinates": [ [ [ -70.044161683869774, -27.450120768302078 ], [ -70.034043641327614, -27.450196230413567 ], [ -70.034296344588839, -27.477275804088549 ], [ -70.044416858724148, -27.477200255157253 ], [ -70.044161683869774, -27.450120768302078 ] ] ] } },
{ "type": "Feature", "properties": { "cve": "2849992", "nombre": "BALTASAR V", "solicitante": "Ávalos Puga Manuel Antonio", "region": "REGIÓN DE ATACAMA", "provincia": "Provincia de Copiapó", "comuna": null, "superficie_ha": 300.0, "datum_original": "PSAD56", "huso": 19, "epsg_origen": 24879, "tipo_publicacion": "pedimento", "fuente_pdf": "http://www.diariooficial.interior.gob.cl/publicaciones/2026/08/10/44521/07/2849992.pdf", "archivo": "gm_pedimento_2849992.pdf", "fecha": "10-08-2026", "edicion": "44521" }, "geometry": { "type": "Polygon", "coordinates": [ [ [ -70.074310133541815, -27.428677842426758 ], [ -70.064194144577954, -27.428755438102971 ], [ -70.064453977737671, -27.455834833710895 ], [ -70.074572435463978, -27.455757148713342 ], [ -70.074310133541815, -27.428677842426758 ] ] ] } },
{ "type": "Feature", "properties": { "cve": "2849993", "nombre": "BALTASAR VI", "solicitante": "Ávalos Puga Manuel Antonio", "region": "REGIÓN DE ATACAMA", "provincia": "Provincia de Copiapó", "comuna": null, "superficie_ha": 300.0, "datum_original": "PSAD56", "huso": 19, "epsg_origen": 24879, "tipo_publicacion": "pedimento", "fuente_pdf": "http://www.diariooficial.interior.gob.cl/publicaciones/2026/08/10/44521/07/2849993.pdf", "archivo": "gm_pedimento_2849993.pdf", "fecha": "10-08-2026", "edicion": "44521" }, "geometry": { "type": "Polygon", "coordinates": [ [ [ -70.044246702517071, -27.459147275960305 ], [ -70.034127836494363, -27.459222767007152 ], [ -70.034380657543963, -27.486302304570994 ], [ -70.044501996311595, -27.486226726690546 ], [ -70.044246702517071, -27.459147275960305 ] ] ] } },
{ "type": "Feature", "properties": { "cve": "2849994", "nombre": "BALTASAR VII", "solicitante": "Ávalos Puga Manuel Antonio", "region": "REGIÓN DE ATACAMA", "provincia": "Provincia de Copiapó", "comuna": null, "superficie_ha": 200.0, "datum_original": "PSAD56", "huso": 19, "epsg_origen": 24879, "tipo_publicacion": "pedimento", "fuente_pdf": "http://www.diariooficial.interior.gob.cl/publicaciones/2026/08/10/44521/07/2849994.pdf", "archivo": "gm_pedimento_2849994.pdf", "fecha": "10-08-2026", "edicion": "44521" }, "geometry": { "type": "Polygon", "coordinates": [ [ [ -70.069643882405757, -27.469335717910074 ], [ -70.059524168747188, -27.469413080033412 ], [ -70.059696889601653, -27.487465943631967 ], [ -70.069818252186252, -27.487388522204981 ], [ -70.069643882405757, -27.469335717910074 ] ] ] } },
{ "type": "Feature", "properties": { "cve": "2849995", "nombre": "BALTASAR VIII", "solicitante": "Ávalos Puga Manuel Antonio", "region": "REGIÓN DE ATACAMA", "provincia": "Provincia de Copiapó", "comuna": null, "superficie_ha": 100.0, "datum_original": "PSAD56", "huso": 19, "epsg_origen": 24879, "tipo_publicacion": "pedimento", "fuente_pdf": "http://www.diariooficial.interior.gob.cl/publicaciones/2026/08/10/44521/07/2849995.pdf", "archivo": "gm_pedimento_2849995.pdf", "fecha": "10-08-2026", "edicion": "44521" }, "geometry": { "type": "Polygon", "coordinates": [ [ [ -70.094898391042861, -27.464625925633928 ], [ -70.084779191598699, -27.464705110308515 ], [ -70.084867571963329, -27.473731479512583 ], [ -70.094987595450803, -27.473652264486741 ], [ -70.094898391042861, -27.464625925633928 ] ] ] } },
{ "type": "Feature", "properties": { "cve": "2850909", "nombre": "MARTINA 1", "solicitante": "Minera Nittetsu Chile Limitada", "region": "REGIÓN DE ATACAMA", "provincia": "Provincia de Copiapó", "comuna": "Copiapó", "superficie_ha": 200.0, "datum_original": "PSAD56", "huso": 19, "epsg_origen": 24879, "tipo_publicacion": "pedimento", "fuente_pdf": "http://www.diariooficial.interior.gob.cl/publicaciones/2026/08/10/44521/07/2850909.pdf", "archivo": "gm_pedimento_2850909.pdf", "fecha": "10-08-2026", "edicion": "44521" }, "geometry": { "type": "Polygon", "coordinates": [ [ [ -70.393015841472589, -27.832038652331661 ], [ -70.382863920767093, -27.832140729208138 ], [ -70.383092836998387, -27.850190459630713 ], [ -70.393246436910232, -27.850088305207599 ], [ -70.393015841472589, -27.832038652331661 ] ] ] } },
{ "type": "Feature", "properties": { "cve": "2850910", "nombre": "MARTINA 2", "solicitante": "Minera Nittetsu Chile Limitada", "region": "REGIÓN DE ATACAMA", "provincia": "Provincia de Copiapó", "comuna": "Copiapó", "superficie_ha": 200.0, "datum_original": "PSAD56", "huso": 19, "epsg_origen": 24879, "tipo_publicacion": "pedimento", "fuente_pdf": "http://www.diariooficial.interior.gob.cl/publicaciones/2026/08/10/44521/07/2850910.pdf", "archivo": "gm_pedimento_2850910.pdf", "fecha": "10-08-2026", "edicion": "44521" }, "geometry": { "type": "Polygon", "coordinates": [ [ [ -70.372939183986375, -27.85029186733804 ], [ -70.352631720219279, -27.850492442547399 ], [ -70.352743737302632, -27.859517403902416 ], [ -70.373052881537362, -27.859316752544771 ], [ -70.372939183986375, -27.85029186733804 ] ] ] } },
{ "type": "Feature", "properties": { "cve": "2850911", "nombre": "MARTINA 3", "solicitante": "Minera Nittetsu Chile Limitada", "region": "REGIÓN DE ATACAMA", "provincia": "Provincia de Copiapó", "comuna": "Copiapó", "superficie_ha": 200.0, "datum_original": "PSAD56", "huso": 19, "epsg_origen": 24879, "tipo_publicacion": "pedimento", "fuente_pdf": "http://www.diariooficial.interior.gob.cl/publicaciones/2026/08/10/44521/07/2850911.pdf", "archivo": "gm_pedimento_2850911.pdf", "fecha": "10-08-2026", "edicion": "44521" }, "geometry": { "type": "Polygon", "coordinates": [ [ [ -70.362923735700889, -27.861448057809 ], [ -70.352768948305183, -27.861548018509406 ], [ -70.352993161729273, -27.879597898707637 ], [ -70.363149630955192, -27.879497862121273 ], [ -70.362923735700889, -27.861448057809 ] ] ] } },
{ "type": "Feature", "properties": { "cve": "2850912", "nombre": "MARTINA 4", "solicitante": "Minera Nittetsu Chile Limitada", "region": "REGIÓN DE ATACAMA", "provincia": "Provincia de Copiapó", "comuna": "Copiapó", "superficie_ha": 300.0, "datum_original": "PSAD56", "huso": 19, "epsg_origen": 24879, "tipo_publicacion": "pedimento", "fuente_pdf": "http://www.diariooficial.interior.gob.cl/publicaciones/2026/08/10/44521/07/2850912.pdf", "archivo": "gm_pedimento_2850912.pdf", "fecha": "10-08-2026", "edicion": "44521" }, "geometry": { "type": "Polygon", "coordinates": [ [ [ -70.280680845581855, -27.949564081424842 ], [ -70.270517491899341, -27.949658260259014 ], [ -70.270834615102942, -27.97673360672389 ], [ -70.281000503890922, -27.976639320859832 ], [ -70.280680845581855, -27.949564081424842 ] ] ] } },
{ "type": "Feature", "properties": { "cve": "2850913", "nombre": "MARTINA 5", "solicitante": "Minera Nittetsu Chile Limitada", "region": "REGIÓN DE ATACAMA", "provincia": "Provincia de Copiapó", "comuna": "Copiapó", "superficie_ha": 300.0, "datum_original": "PSAD56", "huso": 19, "epsg_origen": 24879, "tipo_publicacion": "pedimento", "fuente_pdf": "http://www.diariooficial.interior.gob.cl/publicaciones/2026/08/10/44521/07/2850913.pdf", "archivo": "gm_pedimento_2850913.pdf", "fecha": "10-08-2026", "edicion": "44521" }, "geometry": { "type": "Polygon", "coordinates": [ [ [ -70.270517491899341, -27.949658260259014 ], [ -70.260354089289635, -27.949751689128412 ], [ -70.260668677335673, -27.976827141771061 ], [ -70.270834615102942, -27.97673360672389 ], [ -70.270517491899341, -27.949658260259014 ] ] ] } },
{ "type": "Feature", "properties": { "cve": "2850914", "nombre": "MARTINA 6", "solicitante": "Minera Nittetsu Chile Limitada", "region": "REGIÓN DE ATACAMA", "provincia": "Provincia de Copiapó", "comuna": "Copiapó", "superficie_ha": 300.0, "datum_original": "PSAD56", "huso": 19, "epsg_origen": 24879, "tipo_publicacion": "pedimento", "fuente_pdf": "http://www.diariooficial.interior.gob.cl/publicaciones/2026/08/10/44521/07/2850914.pdf", "archivo": "gm_pedimento_2850914.pdf", "fecha": "10-08-2026", "edicion": "44521" }, "geometry": { "type": "Polygon", "coordinates": [ [ [ -70.260354089289635, -27.949751689128412 ], [ -70.250190638143792, -27.949844368019633 ], [ -70.250502690980539, -27.976919925987918 ], [ -70.260668677335673, -27.976827141771061 ], [ -70.260354089289635, -27.949751689128412 ] ] ] } },
{ "type": "Feature", "properties": { "cve": "2850915", "nombre": "MARTINA 7", "solicitante": "Minera Nittetsu Chile Limitada", "region": "REGIÓN DE ATACAMA", "provincia": "Provincia de Copiapó", "comuna": "Copiapó", "superficie_ha": 300.0, "datum_original": "PSAD56", "huso": 19, "epsg_origen": 24879, "tipo_publicacion": "pedimento", "fuente_pdf": "http://www.diariooficial.interior.gob.cl/publicaciones/2026/08/10/44521/07/2850915.pdf", "archivo": "gm_pedimento_2850915.pdf", "fecha": "10-08-2026", "edicion": "44521" }, "geometry": { "type": "Polygon", "coordinates": [ [ [ -70.434097829839558, -27.867721508199747 ], [ -70.423942765611116, -27.867826729177796 ], [ -70.424296953072627, -27.894900687494779 ], [ -70.434454541139274, -27.894795346709806 ], [ -70.434097829839558, -27.867721508199747 ] ] ] } },
{ "type": "Feature", "properties": { "cve": "2850916", "nombre": "MARTINA 8", "solicitante": "Minera Nittetsu Chile Limitada", "region": "REGIÓN DE ATACAMA", "provincia": "Provincia de Copiapó", "comuna": "Copiapó", "superficie_ha": 300.0, "datum_original": "PSAD56", "huso": 19, "epsg_origen": 24879, "tipo_publicacion": "pedimento", "fuente_pdf": "http://www.diariooficial.interior.gob.cl/publicaciones/2026/08/10/44521/07/2850916.pdf", "archivo": "gm_pedimento_2850916.pdf", "fecha": "10-08-2026", "edicion": "44521" }, "geometry": { "type": "Polygon", "coordinates": [ [ [ -70.354091999720907, -27.967815978335398 ], [ -70.343927235922422, -27.967915635720516 ], [ -70.344262936967851, -27.994990114753087 ], [ -70.354430237949103, -27.994890344164851 ], [ -70.354091999720907, -27.967815978335398 ] ] ] } },
{ "type": "Feature", "properties": { "cve": "2850917", "nombre": "SOFIA 1", "solicitante": "Minera Nittetsu Chile Limitada", "region": "REGIÓN DE ATACAMA", "provincia": "Provincia de Copiapó", "comuna": "Copiapó", "superficie_ha": 300.0, "datum_original": "PSAD56", "huso": 19, "epsg_origen": 24879, "tipo_publicacion": "pedimento", "fuente_pdf": "http://www.diariooficial.interior.gob.cl/publicaciones/2026/08/10/44521/07/2850917.pdf", "archivo": "gm_pedimento_2850917.pdf", "fecha": "10-08-2026", "edicion": "44521" }, "geometry": { "type": "Polygon", "coordinates": [ [ [ -70.362109432413504, -27.796242729062662 ], [ -70.351960707655309, -27.796342415828818 ], [ -70.3522959804896, -27.823417484583434 ], [ -70.362447220140425, -27.823317684111686 ], [ -70.362109432413504, -27.796242729062662 ] ] ] } },
{ "type": "Feature", "properties": { "cve": "2850918", "nombre": "SOFIA 2", "solicitante": "Minera Nittetsu Chile Limitada", "region": "REGIÓN DE ATACAMA", "provincia": "Provincia de Copiapó", "comuna": "Copiapó", "superficie_ha": 300.0, "datum_original": "PSAD56", "huso": 19, "epsg_origen": 24879, "tipo_publicacion": "pedimento", "fuente_pdf": "http://www.diariooficial.interior.gob.cl/publicaciones/2026/08/10/44521/07/2850918.pdf", "archivo": "gm_pedimento_2850918.pdf", "fecha": "10-08-2026", "edicion": "44521" }, "geometry": { "type": "Polygon", "coordinates": [ [ [ -70.351960707655309, -27.796342415828818 ], [ -70.341811931075057, -27.796441357535649 ], [ -70.342144688961767, -27.823516539146226 ], [ -70.3522959804896, -27.823417484583434 ], [ -70.351960707655309, -27.796342415828818 ] ] ] } },
{ "type": "Feature", "properties": { "cve": "2850919", "nombre": "SOFIA 3", "solicitante": "Minera Nittetsu Chile Limitada", "region": "REGIÓN DE ATACAMA", "provincia": "Provincia de Copiapó", "comuna": "Copiapó", "superficie_ha": 300.0, "datum_original": "PSAD56", "huso": 19, "epsg_origen": 24879, "tipo_publicacion": "pedimento", "fuente_pdf": "http://www.diariooficial.interior.gob.cl/publicaciones/2026/08/10/44521/07/2850919.pdf", "archivo": "gm_pedimento_2850919.pdf", "fecha": "10-08-2026", "edicion": "44521" }, "geometry": { "type": "Polygon", "coordinates": [ [ [ -70.341811931075057, -27.796441357535649 ], [ -70.331663103061302, -27.796539554169012 ], [ -70.331993345945904, -27.82361484778589 ], [ -70.342144688961767, -27.823516539146226 ], [ -70.341811931075057, -27.796441357535649 ] ] ] } },
{ "type": "Feature", "properties": { "cve": "2850920", "nombre": "SOFIA 4", "solicitante": "Minera Nittetsu Chile Limitada", "region": "REGIÓN DE ATACAMA", "provincia": "Provincia de Copiapó", "comuna": "Copiapó", "superficie_ha": 300.0, "datum_original": "PSAD56", "huso": 19, "epsg_origen": 24879, "tipo_publicacion": "pedimento", "fuente_pdf": "http://www.diariooficial.interior.gob.cl/publicaciones/2026/08/10/44521/07/2850920.pdf", "archivo": "gm_pedimento_2850920.pdf", "fecha": "10-08-2026", "edicion": "44521" }, "geometry": { "type": "Polygon", "coordinates": [ [ [ -70.331663103061302, -27.796539554169012 ], [ -70.321514224002641, -27.796637005714871 ], [ -70.321841951831033, -27.823712410488366 ], [ -70.331993345945904, -27.82361484778589 ], [ -70.331663103061302, -27.796539554169012 ] ] ] } },
{ "type": "Feature", "properties": { "cve": "2850921", "nombre": "SOFIA 5", "solicitante": "Minera Nittetsu Chile Limitada", "region": "REGIÓN DE ATACAMA", "provincia": "Provincia de Copiapó", "comuna": "Copiapó", "superficie_ha": 300.0, "datum_original": "PSAD56", "huso": 19, "epsg_origen": 24879, "tipo_publicacion": "pedimento", "fuente_pdf": "http://www.diariooficial.interior.gob.cl/publicaciones/2026/08/10/44521/07/2850921.pdf", "archivo": "gm_pedimento_2850921.pdf", "fecha": "10-08-2026", "edicion": "44521" }, "geometry": { "type": "Polygon", "coordinates": [ [ [ -70.382749542255155, -27.823115845498524 ], [ -70.372598407525274, -27.823217137745246 ], [ -70.372939183986375, -27.85029186733804 ], [ -70.383092836998387, -27.850190459630713 ], [ -70.382749542255155, -27.823115845498524 ] ] ] } },
{ "type": "Feature", "properties": { "cve": "2850922", "nombre": "SOFIA 6", "solicitante": "Minera Nittetsu Chile Limitada", "region": "REGIÓN DE ATACAMA", "provincia": "Provincia de Copiapó", "comuna": "Copiapó", "superficie_ha": 300.0, "datum_original": "PSAD56", "huso": 19, "epsg_origen": 24879, "tipo_publicacion": "pedimento", "fuente_pdf": "http://www.diariooficial.interior.gob.cl/publicaciones/2026/08/10/44521/07/2850922.pdf", "archivo": "gm_pedimento_2850922.pdf", "fecha": "10-08-2026", "edicion": "44521" }, "geometry": { "type": "Polygon", "coordinates": [ [ [ -70.372598407525274, -27.823217137745246 ], [ -70.362447220140425, -27.823317684111686 ], [ -70.362785478263532, -27.850392528315069 ], [ -70.372939183986375, -27.85029186733804 ], [ -70.372598407525274, -27.823217137745246 ] ] ] } },
{ "type": "Feature", "properties": { "cve": "2850923", "nombre": "SOFIA 7", "solicitante": "Minera Nittetsu Chile Limitada", "region": "REGIÓN DE ATACAMA", "provincia": "Provincia de Copiapó", "comuna": "Copiapó", "superficie_ha": 300.0, "datum_original": "PSAD56", "huso": 19, "epsg_origen": 24879, "tipo_publicacion": "pedimento", "fuente_pdf": "http://www.diariooficial.interior.gob.cl/publicaciones/2026/08/10/44521/07/2850923.pdf", "archivo": "gm_pedimento_2850923.pdf", "fecha": "10-08-2026", "edicion": "44521" }, "geometry": { "type": "Polygon", "coordinates": [ [ [ -70.362447220140425, -27.823317684111686 ], [ -70.3522959804896, -27.823417484583434 ], [ -70.352631720219279, -27.850492442547399 ], [ -70.362785478263532, -27.850392528315069 ], [ -70.362447220140425, -27.823317684111686 ] ] ] } },
{ "type": "Feature", "properties": { "cve": "2850924", "nombre": "SOFIA 8", "solicitante": "Minera Nittetsu Chile Limitada", "region": "REGIÓN DE ATACAMA", "provincia": "Provincia de Copiapó", "comuna": "Copiapó", "superficie_ha": 300.0, "datum_original": "PSAD56", "huso": 19, "epsg_origen": 24879, "tipo_publicacion": "pedimento", "fuente_pdf": "http://www.diariooficial.interior.gob.cl/publicaciones/2026/08/10/44521/07/2850924.pdf", "archivo": "gm_pedimento_2850924.pdf", "fecha": "10-08-2026", "edicion": "44521" }, "geometry": { "type": "Polygon", "coordinates": [ [ [ -70.3522959804896, -27.823417484583434 ], [ -70.342144688961767, -27.823516539146226 ], [ -70.342477910242962, -27.850591610020732 ], [ -70.352631720219279, -27.850492442547399 ], [ -70.3522959804896, -27.823417484583434 ] ] ] } },
{ "type": "Feature", "properties": { "cve": "2850716", "nombre": "NERE", "solicitante": "Iriarte Cesari Jorge Andrés", "region": "REGIÓN DEL LIBERTADOR GENERAL BERNARDO O’HIGGINS", "provincia": "Provincia Cardenal Caro", "comuna": null, "superficie_ha": 300.0, "datum_original": "PSAD56", "huso": 19, "epsg_origen": 24879, "tipo_publicacion": "pedimento", "fuente_pdf": "http://www.diariooficial.interior.gob.cl/publicaciones/2026/08/10/44521/07/2850716.pdf", "archivo": "gm_pedimento_2850716.pdf", "fecha": "10-08-2026", "edicion": "44521" }, "geometry": { "type": "Polygon", "coordinates": [ [ [ -71.661810226048189, -34.225550930798626 ], [ -71.650964589688869, -34.225785998811773 ], [ -71.651812416673167, -34.252812447404608 ], [ -71.662661511694168, -34.252577142267128 ], [ -71.661810226048189, -34.225550930798626 ] ] ] } },
{ "type": "Feature", "properties": { "cve": "2849744", "nombre": "BUENAVENTURA 1", "solicitante": "Lewin Urzúa Matías", "region": "REGIÓN DE LOS LAGOS", "provincia": "Provincia de Osorno", "comuna": "Río Negro", "superficie_ha": 200.0, "datum_original": "PSAD56", "huso": 18, "epsg_origen": 24878, "tipo_publicacion": "pedimento", "fuente_pdf": "http://www.diariooficial.interior.gob.cl/publicaciones/2026/08/10/44521/07/2849744.pdf", "archivo": "gm_pedimento_2849744.pdf", "fecha": "10-08-2026", "edicion": "44521" }, "geometry": { "type": "Polygon", "coordinates": [ [ [ -73.325827742628633, -40.688825745163662 ], [ -73.302168392569058, -40.688480170171687 ], [ -73.301939757000127, -40.697484876461836 ], [ -73.325602289451311, -40.69783056061214 ], [ -73.325827742628633, -40.688825745163662 ] ] ] } },
{ "type": "Feature", "properties": { "cve": "2849745", "nombre": "BUENAVENTURA 2", "solicitante": "Lewin Urzúa Matías", "region": "REGIÓN DE LOS LAGOS", "provincia": "Provincia de Osorno", "comuna": "Río Negro", "superficie_ha": 300.0, "datum_original": "PSAD56", "huso": 18, "epsg_origen": 24878, "tipo_publicacion": "pedimento", "fuente_pdf": "http://www.diariooficial.interior.gob.cl/publicaciones/2026/08/10/44521/07/2849745.pdf", "archivo": "gm_pedimento_2849745.pdf", "fecha": "10-08-2026", "edicion": "44521" }, "geometry": { "type": "Polygon", "coordinates": [ [ [ -73.336842135555358, -40.697993062547219 ], [ -73.301348198962771, -40.697476172254838 ], [ -73.301119380428091, -40.706480860543827 ], [ -73.33661809283474, -40.706997914100896 ], [ -73.336842135555358, -40.697993062547219 ] ] ] } },
{ "type": "Feature", "properties": { "cve": "2849746", "nombre": "BUENAVENTURA 3", "solicitante": "Lewin Urzúa Matías", "region": "REGIÓN DE LOS LAGOS", "provincia": "Provincia de Osorno", "comuna": "Río Negro", "superficie_ha": 300.0, "datum_original": "PSAD56", "huso": 18, "epsg_origen": 24878, "tipo_publicacion": "pedimento", "fuente_pdf": "http://www.diariooficial.interior.gob.cl/publicaciones/2026/08/10/44521/07/2849746.pdf", "archivo": "gm_pedimento_2849746.pdf", "fecha": "10-08-2026", "edicion": "44521" }, "geometry": { "type": "Polygon", "coordinates": [ [ [ -73.348451200538364, -40.707167840881098 ], [ -73.312952182060513, -40.706654423901973 ], [ -73.312724852668794, -40.715659151755716 ], [ -73.348228649274688, -40.716172730895195 ], [ -73.348451200538364, -40.707167840881098 ] ] ] } },
{ "type": "Feature", "properties": { "cve": "2849747", "nombre": "BUENAVENTURA 4", "solicitante": "Lewin Urzúa Matías", "region": "REGIÓN DE LOS LAGOS", "provincia": "Provincia de Osorno", "comuna": "Río Negro", "superficie_ha": 300.0, "datum_original": "PSAD56", "huso": 18, "epsg_origen": 24878, "tipo_publicacion": "pedimento", "fuente_pdf": "http://www.diariooficial.interior.gob.cl/publicaciones/2026/08/10/44521/07/2849747.pdf", "archivo": "gm_pedimento_2849747.pdf", "fecha": "10-08-2026", "edicion": "44521" }, "geometry": { "type": "Polygon", "coordinates": [ [ [ -73.351779079071122, -40.716223488567934 ], [ -73.316275191017752, -40.715711000763882 ], [ -73.316048236838327, -40.724715729752447 ], [ -73.351556905225024, -40.725228379415583 ], [ -73.351779079071122, -40.716223488567934 ] ] ] } }
]
}
