{
"type": "FeatureCollection",
"name": "boletin_mineria_20260831",
"crs": { "type": "name", "properties": { "name": "urn:ogc:def:crs:OGC:1.3:CRS84" } },
"features": [
{ "type": "Feature", "properties": { "cve": "2861261", "nombre": "AMISTOSA B 17, 1 AL 30", "solicitante": "Antofagasta Minerals S.A.", "region": "REGIÓN DE TARAPACÁ", "provincia": "Provincia del Tamarugal", "comuna": null, "superficie_ha": 300.0, "datum_original": "PSAD56", "huso": 19, "epsg_origen": 24879, "tipo_publicacion": "manifestacion", "fuente_pdf": "http://www.diariooficial.interior.gob.cl/publicaciones/2026/08/31/44538/07/2861261.pdf", "archivo": "gm_manifestacion_2861261.pdf", "fecha": "31-08-2026", "edicion": "44538" }, "geometry": { "type": "Polygon", "coordinates": [ [ [ -69.373751402385935, -19.641701900565995 ], [ -69.345136987992774, -19.641759060637316 ], [ -69.34515630319315, -19.650795912524 ], [ -69.373772318872199, -19.65073872404632 ], [ -69.373751402385935, -19.641701900565995 ] ] ] } },
{ "type": "Feature", "properties": { "cve": "2861178", "nombre": "KEIKO 1 AL 30", "solicitante": "Álvarez Leiva Cristian Eduardo", "region": "REGIÓN DE TARAPACÁ", "provincia": "Provincia del Tamarugal", "comuna": "Huara", "superficie_ha": 300.0, "datum_original": "PSAD56", "huso": 19, "epsg_origen": 24879, "tipo_publicacion": "manifestacion", "fuente_pdf": "http://www.diariooficial.interior.gob.cl/publicaciones/2026/08/31/44538/07/2861178.pdf", "archivo": "gm_manifestacion_2861178.pdf", "fecha": "31-08-2026", "edicion": "44538" }, "geometry": { "type": "Polygon", "coordinates": [ [ [ -70.112107779071692, -19.242980832691739 ], [ -70.083567831136747, -19.243152004598414 ], [ -70.083627140214148, -19.252187797208432 ], [ -70.112168649508192, -19.252016538757402 ], [ -70.112107779071692, -19.242980832691739 ] ] ] } },
{ "type": "Feature", "properties": { "cve": "2862337", "nombre": "RUTY SIETE A LA DIECISÉIS", "solicitante": "Derpich Leme Ruth Elizabeth", "region": "REGIÓN DE TARAPACÁ", "provincia": "Provincia del Tamarugal", "comuna": "Pozo Almonte", "superficie_ha": 70.0, "datum_original": "PSAD56", "huso": 19, "epsg_origen": 24879, "tipo_publicacion": "manifestacion", "fuente_pdf": "http://www.diariooficial.interior.gob.cl/publicaciones/2026/08/31/44538/07/2862337.pdf", "archivo": "gm_manifestacion_2862337.pdf", "fecha": "31-08-2026", "edicion": "44538" }, "geometry": { "type": "Polygon", "coordinates": [ [ [ -69.44382216295547, -20.744868327267678 ], [ -69.434216745866166, -20.744892846799704 ], [ -69.434234795697549, -20.75121777606115 ], [ -69.443840612040105, -20.751193248380449 ], [ -69.44382216295547, -20.744868327267678 ] ] ] } },
{ "type": "Feature", "properties": { "cve": "2862336", "nombre": "RUTY UNA A LA SEIS", "solicitante": "Derpich Leme Ruth Elizabeth", "region": "REGIÓN DE TARAPACÁ", "provincia": "Provincia del Tamarugal", "comuna": "Pozo Almonte", "superficie_ha": 60.0, "datum_original": "PSAD56", "huso": 19, "epsg_origen": 24879, "tipo_publicacion": "manifestacion", "fuente_pdf": "http://www.diariooficial.interior.gob.cl/publicaciones/2026/08/31/44538/07/2862336.pdf", "archivo": "gm_manifestacion_2862336.pdf", "fecha": "31-08-2026", "edicion": "44538" }, "geometry": { "type": "Polygon", "coordinates": [ [ [ -69.455385155527011, -20.757036234358942 ], [ -69.445778985280725, -20.75706141373389 ], [ -69.445794878275365, -20.762482765773797 ], [ -69.45540139097406, -20.762457579229839 ], [ -69.455385155527011, -20.757036234358942 ] ] ] } },
{ "type": "Feature", "properties": { "cve": "2861218", "nombre": "SAG A 1 AL 33", "solicitante": "Lastra Rojas Diego Ignacio", "region": "REGIÓN DE TARAPACÁ", "provincia": "Provincia del Tamarugal", "comuna": null, "superficie_ha": 132.0, "datum_original": "PSAD56", "huso": 19, "epsg_origen": 24879, "tipo_publicacion": "manifestacion", "fuente_pdf": "http://www.diariooficial.interior.gob.cl/publicaciones/2026/08/31/44538/07/2861218.pdf", "archivo": "gm_manifestacion_2861218.pdf", "fecha": "31-08-2026", "edicion": "44538" }, "geometry": { "type": "Polygon", "coordinates": [ [ [ -69.559975971009322, -20.249818742378622 ], [ -69.548486617760005, -20.249855040422805 ], [ -69.548521518864831, -20.259794613674803 ], [ -69.560011603108421, -20.259758296290155 ], [ -69.559975971009322, -20.249818742378622 ] ] ] } },
{ "type": "Feature", "properties": { "cve": "2861219", "nombre": "TAMBO C 1 AL 40", "solicitante": "Lastra Fonseca Edwin Gabriel", "region": "REGIÓN DE TARAPACÁ", "provincia": "Provincia del Tamarugal", "comuna": null, "superficie_ha": 200.0, "datum_original": "PSAD56", "huso": 19, "epsg_origen": 24879, "tipo_publicacion": "manifestacion", "fuente_pdf": "http://www.diariooficial.interior.gob.cl/publicaciones/2026/08/31/44538/07/2861219.pdf", "archivo": "gm_manifestacion_2861219.pdf", "fecha": "31-08-2026", "edicion": "44538" }, "geometry": { "type": "Polygon", "coordinates": [ [ [ -69.548485031841551, -20.249403241367215 ], [ -69.529336110241346, -20.249462064712297 ], [ -69.529366729273775, -20.258498069833607 ], [ -69.54851675839538, -20.258439217994972 ], [ -69.548485031841551, -20.249403241367215 ] ] ] } },
{ "type": "Feature", "properties": { "cve": "2862254", "nombre": "CALA II 1, 1 AL 30", "solicitante": "Minera Centinela", "region": "REGIÓN DE ANTOFAGASTA", "provincia": "Provincia de Antofagasta", "comuna": null, "superficie_ha": 300.0, "datum_original": "PSAD56", "huso": 19, "epsg_origen": 24879, "tipo_publicacion": "manifestacion", "fuente_pdf": "http://www.diariooficial.interior.gob.cl/publicaciones/2026/08/31/44538/07/2862254.pdf", "archivo": "gm_manifestacion_2862254.pdf", "fecha": "31-08-2026", "edicion": "44538" }, "geometry": { "type": "Polygon", "coordinates": [ [ [ -69.070232219868004, -23.247080676602049 ], [ -69.060456557175272, -23.247084742187422 ], [ -69.060468778387204, -23.274183975924128 ], [ -69.070246417213355, -23.274179905053586 ], [ -69.070232219868004, -23.247080676602049 ] ] ] } },
{ "type": "Feature", "properties": { "cve": "2862255", "nombre": "CALA II 5, 1 AL 30", "solicitante": "Minera Centinela", "region": "REGIÓN DE ANTOFAGASTA", "provincia": "Provincia de Antofagasta", "comuna": null, "superficie_ha": 300.0, "datum_original": "PSAD56", "huso": 19, "epsg_origen": 24879, "tipo_publicacion": "manifestacion", "fuente_pdf": "http://www.diariooficial.interior.gob.cl/publicaciones/2026/08/31/44538/07/2862255.pdf", "archivo": "gm_manifestacion_2862255.pdf", "fecha": "31-08-2026", "edicion": "44538" }, "geometry": { "type": "Polygon", "coordinates": [ [ [ -69.070246417213355, -23.274179905053586 ], [ -69.060468778387204, -23.274183975924128 ], [ -69.060481017997247, -23.301283115301104 ], [ -69.070260635931717, -23.301279039143317 ], [ -69.070246417213355, -23.274179905053586 ] ] ] } },
{ "type": "Feature", "properties": { "cve": "2862277", "nombre": "CATALINA SEGUNDA 1 AL 5", "solicitante": "Méndez Cabrera Valentina Guadalupe", "region": "REGIÓN DE ANTOFAGASTA", "provincia": "Provincia de Antofagasta", "comuna": null, "superficie_ha": 5.0, "datum_original": "PSAD56", "huso": 19, "epsg_origen": 24879, "tipo_publicacion": "manifestacion", "fuente_pdf": "http://www.diariooficial.interior.gob.cl/publicaciones/2026/08/31/44538/07/2862277.pdf", "archivo": "gm_manifestacion_2862277.pdf", "fecha": "31-08-2026", "edicion": "44538" }, "geometry": { "type": "Polygon", "coordinates": [ [ [ -70.299959386137417, -23.748821260463874 ], [ -70.298978365361663, -23.748829508744841 ], [ -70.299023157857164, -23.753344597362634 ], [ -70.300004212438139, -23.753336347324591 ], [ -70.299959386137417, -23.748821260463874 ] ] ] } },
{ "type": "Feature", "properties": { "cve": "2862283", "nombre": "MORENITA DEL 1 AL 12", "solicitante": "Barriga Barriga Christian Hernán", "region": "REGIÓN DE ANTOFAGASTA", "provincia": "Provincia de Antofagasta", "comuna": null, "superficie_ha": 60.0, "datum_original": "PSAD56", "huso": 19, "epsg_origen": 24879, "tipo_publicacion": "manifestacion", "fuente_pdf": "http://www.diariooficial.interior.gob.cl/publicaciones/2026/08/31/44538/07/2862283.pdf", "archivo": "gm_manifestacion_2862283.pdf", "fecha": "31-08-2026", "edicion": "44538" }, "geometry": { "type": "Polygon", "coordinates": [ [ [ -70.390864301532716, -23.809438467113878 ], [ -70.379087004144878, -23.809544211254217 ], [ -70.379134695154534, -23.814059115824371 ], [ -70.390912399501246, -23.81395334920288 ], [ -70.390864301532716, -23.809438467113878 ] ] ] } },
{ "type": "Feature", "properties": { "cve": "2862273", "nombre": "ROSA 27, 1 AL 40", "solicitante": "Compañía Minera Lomas Bayas", "region": "REGIÓN DE ANTOFAGASTA", "provincia": "Provincia de Antofagasta", "comuna": "Sierra Gorda", "superficie_ha": 200.0, "datum_original": "PSAD56", "huso": 19, "epsg_origen": 24879, "tipo_publicacion": "manifestacion", "fuente_pdf": "http://www.diariooficial.interior.gob.cl/publicaciones/2026/08/31/44538/07/2862273.pdf", "archivo": "gm_manifestacion_2862273.pdf", "fecha": "31-08-2026", "edicion": "44538" }, "geometry": { "type": "Polygon", "coordinates": [ [ [ -69.638480833264509, -23.512259566464053 ], [ -69.628686298637348, -23.512299408741072 ], [ -69.628772083326822, -23.530363874415077 ], [ -69.638567954205541, -23.530323997915474 ], [ -69.638480833264509, -23.512259566464053 ] ] ] } },
{ "type": "Feature", "properties": { "cve": "2862270", "nombre": "SOLEADA A 1 AL 20", "solicitante": "Geomantos Minerals SpA", "region": "REGIÓN DE ANTOFAGASTA", "provincia": "Provincia de Antofagasta", "comuna": null, "superficie_ha": 200.0, "datum_original": "PSAD56", "huso": 19, "epsg_origen": 24879, "tipo_publicacion": "manifestacion", "fuente_pdf": "http://www.diariooficial.interior.gob.cl/publicaciones/2026/08/31/44538/07/2862270.pdf", "archivo": "gm_manifestacion_2862270.pdf", "fecha": "31-08-2026", "edicion": "44538" }, "geometry": { "type": "Polygon", "coordinates": [ [ [ -70.355301415467267, -24.163300171734662 ], [ -70.335618551930992, -24.16347377014511 ], [ -70.33571248751835, -24.172503319583246 ], [ -70.355396734347579, -24.172329648182053 ], [ -70.355301415467267, -24.163300171734662 ] ] ] } },
{ "type": "Feature", "properties": { "cve": "2862271", "nombre": "SOLEADA B 1 AL 20", "solicitante": "Geomantos Minerals SpA", "region": "REGIÓN DE ANTOFAGASTA", "provincia": "Provincia de Antofagasta", "comuna": null, "superficie_ha": 200.0, "datum_original": "PSAD56", "huso": 19, "epsg_origen": 24879, "tipo_publicacion": "manifestacion", "fuente_pdf": "http://www.diariooficial.interior.gob.cl/publicaciones/2026/08/31/44538/07/2862271.pdf", "archivo": "gm_manifestacion_2862271.pdf", "fecha": "31-08-2026", "edicion": "44538" }, "geometry": { "type": "Polygon", "coordinates": [ [ [ -70.362286176564012, -24.172268263353285 ], [ -70.342601995074276, -24.172442823407515 ], [ -70.342696461270975, -24.181472336293233 ], [ -70.362382026713675, -24.181297702864835 ], [ -70.362286176564012, -24.172268263353285 ] ] ] } },
{ "type": "Feature", "properties": { "cve": "2862303", "nombre": "LA DESPRECIADA 1 AL 10", "solicitante": "Tapia Olivares Jorge Eduardo y otro", "region": "REGIÓN DE ATACAMA", "provincia": "Provincia de Chañaral", "comuna": null, "superficie_ha": 60.0, "datum_original": "WGS84", "huso": 19, "epsg_origen": 32719, "tipo_publicacion": "manifestacion", "fuente_pdf": "http://www.diariooficial.interior.gob.cl/publicaciones/2026/08/31/44538/07/2862303.pdf", "archivo": "gm_manifestacion_2862303.pdf", "fecha": "31-08-2026", "edicion": "44538" }, "geometry": { "type": "Polygon", "coordinates": [ [ [ -70.427814635435738, -26.686057033967209 ], [ -70.417766403045107, -26.686157717649781 ], [ -70.417833425660206, -26.691573447633711 ], [ -70.427882132672735, -26.691472740335303 ], [ -70.427814635435738, -26.686057033967209 ] ] ] } },
{ "type": "Feature", "properties": { "cve": "2862427", "nombre": "MINA ALFONSO 1 AL 5", "solicitante": "Zuleta Vignola Hernando", "region": "REGIÓN DE ATACAMA", "provincia": "Provincia de Chañaral", "comuna": null, "superficie_ha": 25.0, "datum_original": "WGS84", "huso": 19, "epsg_origen": 32719, "tipo_publicacion": "manifestacion", "fuente_pdf": "http://www.diariooficial.interior.gob.cl/publicaciones/2026/08/31/44538/07/2862427.pdf", "archivo": "gm_manifestacion_2862427.pdf", "fecha": "31-08-2026", "edicion": "44538" }, "geometry": { "type": "Polygon", "coordinates": [ [ [ -70.331614563067674, -26.676077485806768 ], [ -70.326590687273224, -26.676124497072337 ], [ -70.32664292427819, -26.680637784844215 ], [ -70.331666997754965, -26.680590764387002 ], [ -70.331614563067674, -26.676077485806768 ] ] ] } },
{ "type": "Feature", "properties": { "cve": "2862412", "nombre": "JUTRO  B, 1 AL 20", "solicitante": "ATEX Chile SpA", "region": "REGIÓN DE ATACAMA", "provincia": "Provincia de Huasco", "comuna": "Alto del Carmen", "superficie_ha": 100.0, "datum_original": "PSAD56", "huso": 19, "epsg_origen": 24879, "tipo_publicacion": "manifestacion", "fuente_pdf": "http://www.diariooficial.interior.gob.cl/publicaciones/2026/08/31/44538/07/2862412.pdf", "archivo": "gm_manifestacion_2862412.pdf", "fecha": "31-08-2026", "edicion": "44538" }, "geometry": { "type": "Polygon", "coordinates": [ [ [ -69.9579868801587, -29.139993255875495 ], [ -69.947707488425479, -29.140066335093248 ], [ -69.947790299535257, -29.149090856018866 ], [ -69.958070589153294, -29.149017749865237 ], [ -69.9579868801587, -29.139993255875495 ] ] ] } },
{ "type": "Feature", "properties": { "cve": "2862420", "nombre": "JUTRO  J, 1 AL 100", "solicitante": "ATEX Chile SpA", "region": "REGIÓN DE ATACAMA", "provincia": "Provincia de Huasco", "comuna": "Alto del Carmen", "superficie_ha": 500.0, "datum_original": "PSAD56", "huso": 19, "epsg_origen": 24879, "tipo_publicacion": "manifestacion", "fuente_pdf": "http://www.diariooficial.interior.gob.cl/publicaciones/2026/08/31/44538/07/2862420.pdf", "archivo": "gm_manifestacion_2862420.pdf", "fecha": "31-08-2026", "edicion": "44538" }, "geometry": { "type": "Polygon", "coordinates": [ [ [ -69.978716596957653, -29.157893599035575 ], [ -69.927310659443904, -29.158259264452937 ], [ -69.927391748857374, -29.167283813449874 ], [ -69.978802179900782, -29.166918013307154 ], [ -69.978716596957653, -29.157893599035575 ] ] ] } },
{ "type": "Feature", "properties": { "cve": "2862421", "nombre": "JUTRO  K, 1 AL 100", "solicitante": "ATEX Chile SpA", "region": "REGIÓN DE ATACAMA", "provincia": "Provincia de Huasco", "comuna": "Alto del Carmen", "superficie_ha": 500.0, "datum_original": "PSAD56", "huso": 19, "epsg_origen": 24879, "tipo_publicacion": "manifestacion", "fuente_pdf": "http://www.diariooficial.interior.gob.cl/publicaciones/2026/08/31/44538/07/2862421.pdf", "archivo": "gm_manifestacion_2862421.pdf", "fecha": "31-08-2026", "edicion": "44538" }, "geometry": { "type": "Polygon", "coordinates": [ [ [ -69.978802179900782, -29.166918013307154 ], [ -69.927391748857374, -29.167283813449874 ], [ -69.927472875348954, -29.176308349978587 ], [ -69.978887801976228, -29.175942415087516 ], [ -69.978802179900782, -29.166918013307154 ] ] ] } },
{ "type": "Feature", "properties": { "cve": "2862422", "nombre": "JUTRO  L, 1 AL 100", "solicitante": "ATEX Chile SpA", "region": "REGIÓN DE ATACAMA", "provincia": "Provincia de Huasco", "comuna": "Alto del Carmen", "superficie_ha": 500.0, "datum_original": "PSAD56", "huso": 19, "epsg_origen": 24879, "tipo_publicacion": "manifestacion", "fuente_pdf": "http://www.diariooficial.interior.gob.cl/publicaciones/2026/08/31/44538/07/2862422.pdf", "archivo": "gm_manifestacion_2862422.pdf", "fecha": "31-08-2026", "edicion": "44538" }, "geometry": { "type": "Polygon", "coordinates": [ [ [ -69.978887801976228, -29.175942415087516 ], [ -69.927472875348954, -29.176308349978587 ], [ -69.927554038932328, -29.185332874036629 ], [ -69.978973463198429, -29.184966804374195 ], [ -69.978887801976228, -29.175942415087516 ] ] ] } },
{ "type": "Feature", "properties": { "cve": "2862423", "nombre": "JUTRO  M, 1 AL 120", "solicitante": "ATEX Chile SpA", "region": "REGIÓN DE ATACAMA", "provincia": "Provincia de Huasco", "comuna": "Alto del Carmen", "superficie_ha": 600.0, "datum_original": "PSAD56", "huso": 19, "epsg_origen": 24879, "tipo_publicacion": "manifestacion", "fuente_pdf": "http://www.diariooficial.interior.gob.cl/publicaciones/2026/08/31/44538/07/2862423.pdf", "archivo": "gm_manifestacion_2862423.pdf", "fecha": "31-08-2026", "edicion": "44538" }, "geometry": { "type": "Polygon", "coordinates": [ [ [ -69.97901630849411, -29.189478994331619 ], [ -69.948163418395254, -29.189701045803375 ], [ -69.948329495500261, -29.207749937912034 ], [ -69.97918778761607, -29.207527722914794 ], [ -69.97901630849411, -29.189478994331619 ] ] ] } },
{ "type": "Feature", "properties": { "cve": "2862424", "nombre": "JUTRO A, 1 AL 80", "solicitante": "ATEX Chile SpA", "region": "REGIÓN DE ATACAMA", "provincia": "Provincia de Huasco", "comuna": "Alto del Carmen", "superficie_ha": 400.0, "datum_original": "PSAD56", "huso": 19, "epsg_origen": 24879, "tipo_publicacion": "manifestacion", "fuente_pdf": "http://www.diariooficial.interior.gob.cl/publicaciones/2026/08/31/44538/07/2862424.pdf", "archivo": "gm_manifestacion_2862424.pdf", "fecha": "31-08-2026", "edicion": "44538" }, "geometry": { "type": "Polygon", "coordinates": [ [ [ -70.040220601904508, -29.139380249985134 ], [ -69.999104060307445, -29.139693057705497 ], [ -69.999191360698731, -29.148717441047172 ], [ -70.040311493456841, -29.148404518031729 ], [ -70.040220601904508, -29.139380249985134 ] ] ] } },
{ "type": "Feature", "properties": { "cve": "2862413", "nombre": "JUTRO C, 1 AL 80", "solicitante": "ATEX Chile SpA", "region": "REGIÓN DE ATACAMA", "provincia": "Provincia de Huasco", "comuna": "Alto del Carmen", "superficie_ha": 400.0, "datum_original": "PSAD56", "huso": 19, "epsg_origen": 24879, "tipo_publicacion": "manifestacion", "fuente_pdf": "http://www.diariooficial.interior.gob.cl/publicaciones/2026/08/31/44538/07/2862413.pdf", "archivo": "gm_manifestacion_2862413.pdf", "fecha": "31-08-2026", "edicion": "44538" }, "geometry": { "type": "Polygon", "coordinates": [ [ [ -70.040447908727089, -29.161940896634349 ], [ -70.03016658943946, -29.162020353828346 ], [ -70.030527223475616, -29.198117342818758 ], [ -70.040812140405251, -29.19803776850722 ], [ -70.040447908727089, -29.161940896634349 ] ] ] } },
{ "type": "Feature", "properties": { "cve": "2862414", "nombre": "JUTRO D, 1 AL 80", "solicitante": "ATEX Chile SpA", "region": "REGIÓN DE ATACAMA", "provincia": "Provincia de Huasco", "comuna": "Alto del Carmen", "superficie_ha": 400.0, "datum_original": "PSAD56", "huso": 19, "epsg_origen": 24879, "tipo_publicacion": "manifestacion", "fuente_pdf": "http://www.diariooficial.interior.gob.cl/publicaciones/2026/08/31/44538/07/2862414.pdf", "archivo": "gm_manifestacion_2862414.pdf", "fecha": "31-08-2026", "edicion": "44538" }, "geometry": { "type": "Polygon", "coordinates": [ [ [ -70.03016658943946, -29.162020353828346 ], [ -70.019885228973365, -29.162099022233125 ], [ -70.020242265306635, -29.198196127178591 ], [ -70.030527223475616, -29.198117342818758 ], [ -70.03016658943946, -29.162020353828346 ] ] ] } },
{ "type": "Feature", "properties": { "cve": "2862415", "nombre": "JUTRO E, 1 AL 80", "solicitante": "ATEX Chile SpA", "region": "REGIÓN DE ATACAMA", "provincia": "Provincia de Huasco", "comuna": "Alto del Carmen", "superficie_ha": 400.0, "datum_original": "PSAD56", "huso": 19, "epsg_origen": 24879, "tipo_publicacion": "manifestacion", "fuente_pdf": "http://www.diariooficial.interior.gob.cl/publicaciones/2026/08/31/44538/07/2862415.pdf", "archivo": "gm_manifestacion_2862415.pdf", "fecha": "31-08-2026", "edicion": "44538" }, "geometry": { "type": "Polygon", "coordinates": [ [ [ -70.019885228973365, -29.162099022233125 ], [ -70.009603827739525, -29.162176901837192 ], [ -70.009957266309627, -29.198274121575224 ], [ -70.020242265306635, -29.198196127178591 ], [ -70.019885228973365, -29.162099022233125 ] ] ] } },
{ "type": "Feature", "properties": { "cve": "2862416", "nombre": "JUTRO F, 1 AL 80", "solicitante": "ATEX Chile SpA", "region": "REGIÓN DE ATACAMA", "provincia": "Provincia de Huasco", "comuna": "Alto del Carmen", "superficie_ha": 400.0, "datum_original": "PSAD56", "huso": 19, "epsg_origen": 24879, "tipo_publicacion": "manifestacion", "fuente_pdf": "http://www.diariooficial.interior.gob.cl/publicaciones/2026/08/31/44538/07/2862416.pdf", "archivo": "gm_manifestacion_2862416.pdf", "fecha": "31-08-2026", "edicion": "44538" }, "geometry": { "type": "Polygon", "coordinates": [ [ [ -70.009603827739525, -29.162176901837192 ], [ -69.99932238614862, -29.16225399262926 ], [ -69.999672226895896, -29.198351325997347 ], [ -70.009957266309627, -29.198274121575224 ], [ -70.009603827739525, -29.162176901837192 ] ] ] } },
{ "type": "Feature", "properties": { "cve": "2862417", "nombre": "JUTRO G, 1 AL 80", "solicitante": "ATEX Chile SpA", "region": "REGIÓN DE ATACAMA", "provincia": "Provincia de Huasco", "comuna": "Alto del Carmen", "superficie_ha": 400.0, "datum_original": "PSAD56", "huso": 19, "epsg_origen": 24879, "tipo_publicacion": "manifestacion", "fuente_pdf": "http://www.diariooficial.interior.gob.cl/publicaciones/2026/08/31/44538/07/2862417.pdf", "archivo": "gm_manifestacion_2862417.pdf", "fecha": "31-08-2026", "edicion": "44538" }, "geometry": { "type": "Polygon", "coordinates": [ [ [ -69.99932238614862, -29.16225399262926 ], [ -69.989040904611414, -29.162330294598096 ], [ -69.989387147476776, -29.198427740433686 ], [ -69.999672226895896, -29.198351325997347 ], [ -69.99932238614862, -29.16225399262926 ] ] ] } },
{ "type": "Feature", "properties": { "cve": "2862418", "nombre": "JUTRO H, 1 AL 80", "solicitante": "ATEX Chile SpA", "region": "REGIÓN DE ATACAMA", "provincia": "Provincia de Huasco", "comuna": "Alto del Carmen", "superficie_ha": 400.0, "datum_original": "PSAD56", "huso": 19, "epsg_origen": 24879, "tipo_publicacion": "manifestacion", "fuente_pdf": "http://www.diariooficial.interior.gob.cl/publicaciones/2026/08/31/44538/07/2862418.pdf", "archivo": "gm_manifestacion_2862418.pdf", "fecha": "31-08-2026", "edicion": "44538" }, "geometry": { "type": "Polygon", "coordinates": [ [ [ -69.989040904611414, -29.162330294598096 ], [ -69.978759383538574, -29.162405807732615 ], [ -69.979102028463615, -29.198503364873137 ], [ -69.989387147476776, -29.198427740433686 ], [ -69.989040904611414, -29.162330294598096 ] ] ] } },
{ "type": "Feature", "properties": { "cve": "2862419", "nombre": "JUTRO I, 1 AL 100", "solicitante": "ATEX Chile SpA", "region": "REGIÓN DE ATACAMA", "provincia": "Provincia de Huasco", "comuna": "Alto del Carmen", "superficie_ha": 500.0, "datum_original": "PSAD56", "huso": 19, "epsg_origen": 24879, "tipo_publicacion": "manifestacion", "fuente_pdf": "http://www.diariooficial.interior.gob.cl/publicaciones/2026/08/31/44538/07/2862419.pdf", "archivo": "gm_manifestacion_2862419.pdf", "fecha": "31-08-2026", "edicion": "44538" }, "geometry": { "type": "Polygon", "coordinates": [ [ [ -69.978631053132418, -29.148869172275241 ], [ -69.927229607094858, -29.149234702990238 ], [ -69.927310659443904, -29.158259264452937 ], [ -69.978716596957653, -29.157893599035575 ], [ -69.978631053132418, -29.148869172275241 ] ] ] } },
{ "type": "Feature", "properties": { "cve": "2862100", "nombre": "LOMA BLANCA DEL 1 AL 30", "solicitante": "Minera Juan Andrés Bazan Garmendia Ltda. y otra", "region": "REGIÓN DE COQUIMBO", "provincia": "Provincia de Elqui", "comuna": null, "superficie_ha": 150.0, "datum_original": "WGS84", "huso": 19, "epsg_origen": 32719, "tipo_publicacion": "manifestacion", "fuente_pdf": "http://www.diariooficial.interior.gob.cl/publicaciones/2026/08/31/44538/07/2862100.pdf", "archivo": "gm_manifestacion_2862100.pdf", "fecha": "31-08-2026", "edicion": "44538" }, "geometry": { "type": "Polygon", "coordinates": [ [ [ -70.947094768837474, -29.335669441483411 ], [ -70.93680029769483, -29.33581928417858 ], [ -70.937056219331879, -29.34934977912285 ], [ -70.947352048657876, -29.349199853971712 ], [ -70.947094768837474, -29.335669441483411 ] ] ] } },
{ "type": "Feature", "properties": { "cve": "2860971", "nombre": "SAN PABLO 1 AL 20", "solicitante": "Ortiz Rojas René Patricio", "region": "REGIÓN DE COQUIMBO", "provincia": "Provincia de Elqui", "comuna": "Vicuña", "superficie_ha": 100.0, "datum_original": "PSAD56", "huso": 19, "epsg_origen": 24879, "tipo_publicacion": "manifestacion", "fuente_pdf": "http://www.diariooficial.interior.gob.cl/publicaciones/2026/08/31/44538/07/2860971.pdf", "archivo": "gm_manifestacion_2860971.pdf", "fecha": "31-08-2026", "edicion": "44538" }, "geometry": { "type": "Polygon", "coordinates": [ [ [ -70.704586793884701, -29.705033691192458 ], [ -70.694253493967821, -29.705166304381848 ], [ -70.694404971580127, -29.714187331943062 ], [ -70.704739194275945, -29.714054670478383 ], [ -70.704586793884701, -29.705033691192458 ] ] ] } },
{ "type": "Feature", "properties": { "cve": "2860874", "nombre": "ALCAPARRA I 1, 1 AL 300", "solicitante": "Antofagasta Minerals S.A.", "region": "REGIÓN DE COQUIMBO", "provincia": "Provincia de Choapa", "comuna": null, "superficie_ha": 300.0, "datum_original": "PSAD56", "huso": 19, "epsg_origen": 24879, "tipo_publicacion": "manifestacion", "fuente_pdf": "http://www.diariooficial.interior.gob.cl/publicaciones/2026/08/31/44538/07/2860874.pdf", "archivo": "gm_manifestacion_2860874.pdf", "fecha": "31-08-2026", "edicion": "44538" }, "geometry": { "type": "Polygon", "coordinates": [ [ [ -70.447404030490247, -31.856764578272557 ], [ -70.415702209183507, -31.857121428209908 ], [ -70.415840065733519, -31.866140632810811 ], [ -70.447544971463572, -31.865783658229354 ], [ -70.447404030490247, -31.856764578272557 ] ] ] } },
{ "type": "Feature", "properties": { "cve": "2860875", "nombre": "ALCAPARRA I 2, 1 AL 400", "solicitante": "Antofagasta Minerals S.A.", "region": "REGIÓN DE COQUIMBO", "provincia": "Provincia de Choapa", "comuna": null, "superficie_ha": 400.0, "datum_original": "PSAD56", "huso": 19, "epsg_origen": 24879, "tipo_publicacion": "manifestacion", "fuente_pdf": "http://www.diariooficial.interior.gob.cl/publicaciones/2026/08/31/44538/07/2860875.pdf", "archivo": "gm_manifestacion_2860875.pdf", "fecha": "31-08-2026", "edicion": "44538" }, "geometry": { "type": "Polygon", "coordinates": [ [ [ -70.444585870786511, -31.865817310113364 ], [ -70.402312469355095, -31.866290537501168 ], [ -70.402449071000859, -31.875309781016036 ], [ -70.444726586916261, -31.874836388360517 ], [ -70.444585870786511, -31.865817310113364 ] ] ] } },
{ "type": "Feature", "properties": { "cve": "2860876", "nombre": "ALCAPARRA I 3, 1 AL 400", "solicitante": "Antofagasta Minerals S.A.", "region": "REGIÓN DE COQUIMBO", "provincia": "Provincia de Choapa", "comuna": null, "superficie_ha": 400.0, "datum_original": "PSAD56", "huso": 19, "epsg_origen": 24879, "tipo_publicacion": "manifestacion", "fuente_pdf": "http://www.diariooficial.interior.gob.cl/publicaciones/2026/08/31/44538/07/2860876.pdf", "archivo": "gm_manifestacion_2860876.pdf", "fecha": "31-08-2026", "edicion": "44538" }, "geometry": { "type": "Polygon", "coordinates": [ [ [ -70.444726586916261, -31.874836388360517 ], [ -70.402449071000859, -31.875309781016036 ], [ -70.402585733855645, -31.884329011100384 ], [ -70.444867366097682, -31.883855453145639 ], [ -70.444726586916261, -31.874836388360517 ] ] ] } },
{ "type": "Feature", "properties": { "cve": "2860884", "nombre": "BRISA 2, 1 AL 20", "solicitante": "El Espino SpA", "region": "REGIÓN DE COQUIMBO", "provincia": "Provincia de Choapa", "comuna": null, "superficie_ha": 100.0, "datum_original": "PSAD56", "huso": 19, "epsg_origen": 24879, "tipo_publicacion": "manifestacion", "fuente_pdf": "http://www.diariooficial.interior.gob.cl/publicaciones/2026/08/31/44538/07/2860884.pdf", "archivo": "gm_manifestacion_2860884.pdf", "fecha": "31-08-2026", "edicion": "44538" }, "geometry": { "type": "Polygon", "coordinates": [ [ [ -71.103746381345289, -31.3199721481129 ], [ -71.093243303568784, -31.320143872237299 ], [ -71.093442881768922, -31.329160562679824 ], [ -71.103946959154541, -31.328988778013237 ], [ -71.103746381345289, -31.3199721481129 ] ] ] } },
{ "type": "Feature", "properties": { "cve": "2860842", "nombre": "DORALISA 1 AL 20", "solicitante": "Servicios Transversales Mineros Salamanca Chile SpA", "region": "REGIÓN DE COQUIMBO", "provincia": "Provincia de Choapa", "comuna": null, "superficie_ha": 20.0, "datum_original": "WGS84", "huso": 19, "epsg_origen": 32719, "tipo_publicacion": "manifestacion", "fuente_pdf": "http://www.diariooficial.interior.gob.cl/publicaciones/2026/08/31/44538/07/2860842.pdf", "archivo": "gm_manifestacion_2860842.pdf", "fecha": "31-08-2026", "edicion": "44538" }, "geometry": { "type": "Polygon", "coordinates": [ [ [ -70.911333412658948, -31.841254159261734 ], [ -70.909220822222338, -31.841285891971921 ], [ -70.909406627241708, -31.850302898665028 ], [ -70.911519422970201, -31.850271154870921 ], [ -70.911333412658948, -31.841254159261734 ] ] ] } },
{ "type": "Feature", "properties": { "cve": "2860846", "nombre": "KLOE 1 al 100", "solicitante": "Olcay Montti Luis Gonzalo", "region": "REGIÓN DE COQUIMBO", "provincia": "Provincia de Choapa", "comuna": "Los Vilos", "superficie_ha": 100.0, "datum_original": "PSAD56", "huso": 19, "epsg_origen": 24879, "tipo_publicacion": "manifestacion", "fuente_pdf": "http://www.diariooficial.interior.gob.cl/publicaciones/2026/08/31/44538/07/2860846.pdf", "archivo": "gm_manifestacion_2860846.pdf", "fecha": "31-08-2026", "edicion": "44538" }, "geometry": { "type": "Polygon", "coordinates": [ [ [ -71.130931131595588, -32.104345235678629 ], [ -71.120339457566033, -32.104523055218792 ], [ -71.120547894766702, -32.113538470080009 ], [ -71.131140608080571, -32.113360588719502 ], [ -71.130931131595588, -32.104345235678629 ] ] ] } },
{ "type": "Feature", "properties": { "cve": "2860923", "nombre": "RINCONADA XIX 1 AL 16", "solicitante": "South Group SpA", "region": "REGIÓN DE COQUIMBO", "provincia": "Provincia de Choapa", "comuna": "Los Vilos", "superficie_ha": 160.0, "datum_original": "PSAD56", "huso": 19, "epsg_origen": 24879, "tipo_publicacion": "manifestacion", "fuente_pdf": "http://www.diariooficial.interior.gob.cl/publicaciones/2026/08/31/44538/07/2860923.pdf", "archivo": "gm_manifestacion_2860923.pdf", "fecha": "31-08-2026", "edicion": "44538" }, "geometry": { "type": "Polygon", "coordinates": [ [ [ -71.277078903582776, -31.967468206333926 ], [ -71.260159029179917, -31.967770695978746 ], [ -71.260380029730726, -31.97678546248418 ], [ -71.27730155510244, -31.976482867437205 ], [ -71.277078903582776, -31.967468206333926 ] ] ] } },
{ "type": "Feature", "properties": { "cve": "2860919", "nombre": "RINCONADA XV 1 AL 3", "solicitante": "South Group SpA", "region": "REGIÓN DE COQUIMBO", "provincia": "Provincia de Choapa", "comuna": "Los Vilos", "superficie_ha": 15.0, "datum_original": "PSAD56", "huso": 19, "epsg_origen": 24879, "tipo_publicacion": "manifestacion", "fuente_pdf": "http://www.diariooficial.interior.gob.cl/publicaciones/2026/08/31/44538/07/2860919.pdf", "archivo": "gm_manifestacion_2860919.pdf", "fecha": "31-08-2026", "edicion": "44538" }, "geometry": { "type": "Polygon", "coordinates": [ [ [ -71.29597095545553, -31.918878069502782 ], [ -71.290686373001307, -31.918973497129251 ], [ -71.290753430508488, -31.921677892073067 ], [ -71.296038167332497, -31.921582454463476 ], [ -71.29597095545553, -31.918878069502782 ] ] ] } },
{ "type": "Feature", "properties": { "cve": "2860920", "nombre": "RINCONADA XVI 1 AL 24", "solicitante": "South Group SpA", "region": "REGIÓN DE COQUIMBO", "provincia": "Provincia de Choapa", "comuna": "Los Vilos", "superficie_ha": 240.0, "datum_original": "PSAD56", "huso": 19, "epsg_origen": 24879, "tipo_publicacion": "manifestacion", "fuente_pdf": "http://www.diariooficial.interior.gob.cl/publicaciones/2026/08/31/44538/07/2860920.pdf", "archivo": "gm_manifestacion_2860920.pdf", "fecha": "31-08-2026", "edicion": "44538" }, "geometry": { "type": "Polygon", "coordinates": [ [ [ -71.24958397900383, -31.967958608225857 ], [ -71.224203457877564, -31.968406007713948 ], [ -71.224420949782569, -31.97742099559532 ], [ -71.249803947647408, -31.976973440209484 ], [ -71.24958397900383, -31.967958608225857 ] ] ] } },
{ "type": "Feature", "properties": { "cve": "2860921", "nombre": "RINCONADA XVII 1 AL 21", "solicitante": "South Group SpA", "region": "REGIÓN DE COQUIMBO", "provincia": "Provincia de Choapa", "comuna": "Los Vilos", "superficie_ha": 168.0, "datum_original": "PSAD56", "huso": 19, "epsg_origen": 24879, "tipo_publicacion": "manifestacion", "fuente_pdf": "http://www.diariooficial.interior.gob.cl/publicaciones/2026/08/31/44538/07/2860921.pdf", "archivo": "gm_manifestacion_2860921.pdf", "fecha": "31-08-2026", "edicion": "44538" }, "geometry": { "type": "Polygon", "coordinates": [ [ [ -71.249788546637717, -31.976342402435112 ], [ -71.224405722180634, -31.976789946907139 ], [ -71.224558019669502, -31.98310043064869 ], [ -71.249942578448071, -31.982652777031955 ], [ -71.249788546637717, -31.976342402435112 ] ] ] } },
{ "type": "Feature", "properties": { "cve": "2860922", "nombre": "RINCONADA XVIII 1 AL 9", "solicitante": "South Group SpA", "region": "REGIÓN DE COQUIMBO", "provincia": "Provincia de Choapa", "comuna": "Los Vilos", "superficie_ha": 90.0, "datum_original": "PSAD56", "huso": 19, "epsg_origen": 24879, "tipo_publicacion": "manifestacion", "fuente_pdf": "http://www.diariooficial.interior.gob.cl/publicaciones/2026/08/31/44538/07/2860922.pdf", "archivo": "gm_manifestacion_2860922.pdf", "fecha": "31-08-2026", "edicion": "44538" }, "geometry": { "type": "Polygon", "coordinates": [ [ [ -71.260147981748503, -31.96731995727859 ], [ -71.249572983155687, -31.967507866252124 ], [ -71.249770946074577, -31.975621216321631 ], [ -71.260346873342428, -31.975433248418888 ], [ -71.260147981748503, -31.96731995727859 ] ] ] } },
{ "type": "Feature", "properties": { "cve": "2860924", "nombre": "RINCONADA XX 1 AL 20", "solicitante": "South Group SpA", "region": "REGIÓN DE COQUIMBO", "provincia": "Provincia de Choapa", "comuna": "Los Vilos", "superficie_ha": 100.0, "datum_original": "PSAD56", "huso": 19, "epsg_origen": 24879, "tipo_publicacion": "manifestacion", "fuente_pdf": "http://www.diariooficial.interior.gob.cl/publicaciones/2026/08/31/44538/07/2860924.pdf", "archivo": "gm_manifestacion_2860924.pdf", "fecha": "31-08-2026", "edicion": "44538" }, "geometry": { "type": "Polygon", "coordinates": [ [ [ -71.289495632367334, -31.956242052182539 ], [ -71.278922118405688, -31.956432346989256 ], [ -71.279144854638446, -31.965447012311841 ], [ -71.289719399833103, -31.96525665118477 ], [ -71.289495632367334, -31.956242052182539 ] ] ] } },
{ "type": "Feature", "properties": { "cve": "2860833", "nombre": "Santa Maria I al VII", "solicitante": "Leiva Godoy Solangge", "region": "REGIÓN DE COQUIMBO", "provincia": "Provincia de Choapa", "comuna": "Curacautín", "superficie_ha": 56.0, "datum_original": "PSAD56", "huso": 19, "epsg_origen": 24879, "tipo_publicacion": "manifestacion", "fuente_pdf": "http://www.diariooficial.interior.gob.cl/publicaciones/2026/08/31/44538/07/2860833.pdf", "archivo": "gm_manifestacion_2860833.pdf", "fecha": "31-08-2026", "edicion": "44538" }, "geometry": { "type": "Polygon", "coordinates": [ [ [ -71.292491613934388, -31.434441889093744 ], [ -71.284080030830268, -31.434592175764735 ], [ -71.284233141080549, -31.440902940735757 ], [ -71.29264528684196, -31.440752617059221 ], [ -71.292491613934388, -31.434441889093744 ] ] ] } },
{ "type": "Feature", "properties": { "cve": "2862279", "nombre": "CARMONA V 2, 1 AL 30", "solicitante": "Compañía Minera Kairos Chile SpA", "region": "REGIÓN DE COQUIMBO", "provincia": "Provincia de Limarí", "comuna": "Monte Patria", "superficie_ha": 300.0, "datum_original": "PSAD56", "huso": 19, "epsg_origen": 24879, "tipo_publicacion": "manifestacion", "fuente_pdf": "http://www.diariooficial.interior.gob.cl/publicaciones/2026/08/31/44538/07/2862279.pdf", "archivo": "gm_manifestacion_2862279.pdf", "fecha": "31-08-2026", "edicion": "44538" }, "geometry": { "type": "Polygon", "coordinates": [ [ [ -70.660039284990972, -30.576794207878027 ], [ -70.649614522835265, -30.576926753794755 ], [ -70.650072952111515, -30.603986791357325 ], [ -70.66050060808324, -30.603854103196426 ], [ -70.660039284990972, -30.576794207878027 ] ] ] } },
{ "type": "Feature", "properties": { "cve": "2862363", "nombre": "ESPERANZA I 1 AL 20", "solicitante": "Rui Juan Pablo", "region": "REGIÓN DE COQUIMBO", "provincia": "Provincia de Limarí", "comuna": null, "superficie_ha": 100.0, "datum_original": "PSAD56", "huso": 19, "epsg_origen": 24879, "tipo_publicacion": "manifestacion", "fuente_pdf": "http://www.diariooficial.interior.gob.cl/publicaciones/2026/08/31/44538/07/2862363.pdf", "archivo": "gm_manifestacion_2862363.pdf", "fecha": "31-08-2026", "edicion": "44538" }, "geometry": { "type": "Polygon", "coordinates": [ [ [ -70.832259230496604, -30.862292266762466 ], [ -70.821804669998414, -30.8624398272216 ], [ -70.821975271574985, -30.871458628629359 ], [ -70.83243080975133, -30.871311015689656 ], [ -70.832259230496604, -30.862292266762466 ] ] ] } },
{ "type": "Feature", "properties": { "cve": "2862364", "nombre": "ESPERANZA IV 1 AL 8", "solicitante": "Rui Juan Pablo", "region": "REGIÓN DE COQUIMBO", "provincia": "Provincia de Limarí", "comuna": null, "superficie_ha": 80.0, "datum_original": "PSAD56", "huso": 19, "epsg_origen": 24879, "tipo_publicacion": "manifestacion", "fuente_pdf": "http://www.diariooficial.interior.gob.cl/publicaciones/2026/08/31/44538/07/2862364.pdf", "archivo": "gm_manifestacion_2862364.pdf", "fecha": "31-08-2026", "edicion": "44538" }, "geometry": { "type": "Polygon", "coordinates": [ [ [ -70.853290842060503, -30.86782952946287 ], [ -70.842835804209543, -30.8679788119595 ], [ -70.842973884542602, -30.875193762907955 ], [ -70.853429704680423, -30.875044437942677 ], [ -70.853290842060503, -30.86782952946287 ] ] ] } },
{ "type": "Feature", "properties": { "cve": "2860903", "nombre": "SAN JUAN 1 AL 90", "solicitante": "Puelles Michea Juan Roberto", "region": "REGIÓN DE COQUIMBO", "provincia": "Provincia de Limarí", "comuna": null, "superficie_ha": 81.0, "datum_original": "PSAD56", "huso": 19, "epsg_origen": 24879, "tipo_publicacion": "manifestacion", "fuente_pdf": "http://www.diariooficial.interior.gob.cl/publicaciones/2026/08/31/44538/07/2860903.pdf", "archivo": "gm_manifestacion_2860903.pdf", "fecha": "31-08-2026", "edicion": "44538" }, "geometry": { "type": "Polygon", "coordinates": [ [ [ -70.917137302775657, -31.070094039394544 ], [ -70.907708262947196, -31.070233886812041 ], [ -70.907870363441319, -31.0783501478824 ], [ -70.917300203274252, -31.078210255879913 ], [ -70.917137302775657, -31.070094039394544 ] ] ] } },
{ "type": "Feature", "properties": { "cve": "2861329", "nombre": "SANJÓN HONDO 1 AL 7", "solicitante": "Campusano Guerrero Freddy Jesús", "region": "REGIÓN DE COQUIMBO", "provincia": "Provincia de Limarí", "comuna": "Punitaqui", "superficie_ha": 35.0, "datum_original": "WGS84", "huso": 19, "epsg_origen": 32719, "tipo_publicacion": "manifestacion", "fuente_pdf": "http://www.diariooficial.interior.gob.cl/publicaciones/2026/08/31/44538/07/2861329.pdf", "archivo": "gm_manifestacion_2861329.pdf", "fecha": "31-08-2026", "edicion": "44538" }, "geometry": { "type": "Polygon", "coordinates": [ [ [ -71.520994498220816, -31.044237975453527 ], [ -71.513665760197597, -31.044381040656283 ], [ -71.513784287109758, -31.048888263641949 ], [ -71.521113369813818, -31.048745173099707 ], [ -71.520994498220816, -31.044237975453527 ] ] ] } },
{ "type": "Feature", "properties": { "cve": "2861056", "nombre": "ANDES 37, 1 AL 60", "solicitante": "Glencore Exploraciones Limitada", "region": "REGIÓN DE VALPARAÍSO", "provincia": "Provincia de Los Andes", "comuna": null, "superficie_ha": 300.0, "datum_original": "PSAD56", "huso": 19, "epsg_origen": 24879, "tipo_publicacion": "manifestacion", "fuente_pdf": "http://www.diariooficial.interior.gob.cl/publicaciones/2026/08/31/44538/07/2861056.pdf", "archivo": "gm_manifestacion_2861056.pdf", "fecha": "31-08-2026", "edicion": "44538" }, "geometry": { "type": "Polygon", "coordinates": [ [ [ -70.334986583688959, -32.66443005862827 ], [ -70.324324882322443, -32.664543024008601 ], [ -70.324724194166976, -32.691598144901334 ], [ -70.335389107942078, -32.691485062731857 ], [ -70.334986583688959, -32.66443005862827 ] ] ] } },
{ "type": "Feature", "properties": { "cve": "2861057", "nombre": "PROMESA 4, 1 AL 60", "solicitante": "Glencore Exploraciones Limitada", "region": "REGIÓN DE VALPARAÍSO", "provincia": "Provincia de Los Andes", "comuna": null, "superficie_ha": 300.0, "datum_original": "PSAD56", "huso": 19, "epsg_origen": 24879, "tipo_publicacion": "manifestacion", "fuente_pdf": "http://www.diariooficial.interior.gob.cl/publicaciones/2026/08/31/44538/07/2861057.pdf", "archivo": "gm_manifestacion_2861057.pdf", "fecha": "31-08-2026", "edicion": "44538" }, "geometry": { "type": "Polygon", "coordinates": [ [ [ -70.413749140498624, -32.925132361241474 ], [ -70.403056639219741, -32.925252858585608 ], [ -70.403483928893152, -32.952305955161528 ], [ -70.414179683852836, -32.952185333769599 ], [ -70.413749140498624, -32.925132361241474 ] ] ] } },
{ "type": "Feature", "properties": { "cve": "2862141", "nombre": "ANISA 1/10", "solicitante": "Houdin SpA", "region": "REGIÓN DE VALPARAÍSO", "provincia": "Provincia de Petorca", "comuna": "La Cruz", "superficie_ha": 100.0, "datum_original": "PSAD56", "huso": 19, "epsg_origen": 24879, "tipo_publicacion": "manifestacion", "fuente_pdf": "http://www.diariooficial.interior.gob.cl/publicaciones/2026/08/31/44538/07/2862141.pdf", "archivo": "gm_manifestacion_2862141.pdf", "fecha": "31-08-2026", "edicion": "44538" }, "geometry": { "type": "Polygon", "coordinates": [ [ [ -71.097675583303158, -32.245404579642049 ], [ -71.087067344514921, -32.245580300188749 ], [ -71.087273634603321, -32.254595705360572 ], [ -71.097882920061977, -32.254419923869193 ], [ -71.097675583303158, -32.245404579642049 ] ] ] } },
{ "type": "Feature", "properties": { "cve": "2861558", "nombre": "LA RESPALDADORA 1 AL 10", "solicitante": "Astudillo Hernández Eduardo Andrés", "region": "REGIÓN DE VALPARAÍSO", "provincia": "Provincia de Petorca", "comuna": null, "superficie_ha": 60.0, "datum_original": "PSAD56", "huso": 19, "epsg_origen": 24879, "tipo_publicacion": "manifestacion", "fuente_pdf": "http://www.diariooficial.interior.gob.cl/publicaciones/2026/08/31/44538/07/2861558.pdf", "archivo": "gm_manifestacion_2861558.pdf", "fecha": "31-08-2026", "edicion": "44538" }, "geometry": { "type": "Polygon", "coordinates": [ [ [ -70.954006757515302, -32.593187336341373 ], [ -70.947616793677824, -32.593286576993862 ], [ -70.947811901046805, -32.602302256105666 ], [ -70.954202504023385, -32.602202981230569 ], [ -70.954006757515302, -32.593187336341373 ] ] ] } },
{ "type": "Feature", "properties": { "cve": "2861557", "nombre": "LA RESTAURADORA 1 AL 10", "solicitante": "Astudillo Hernández Eduardo Andrés", "region": "REGIÓN DE VALPARAÍSO", "provincia": "Provincia de Petorca", "comuna": null, "superficie_ha": 50.0, "datum_original": "PSAD56", "huso": 19, "epsg_origen": 24879, "tipo_publicacion": "manifestacion", "fuente_pdf": "http://www.diariooficial.interior.gob.cl/publicaciones/2026/08/31/44538/07/2861557.pdf", "archivo": "gm_manifestacion_2861557.pdf", "fecha": "31-08-2026", "edicion": "44538" }, "geometry": { "type": "Polygon", "coordinates": [ [ [ -70.958377680982665, -32.602137946232773 ], [ -70.953052197806457, -32.602220874677329 ], [ -70.95324791661146, -32.61123651163566 ], [ -70.958573932633229, -32.611153554597976 ], [ -70.958377680982665, -32.602137946232773 ] ] ] } },
{ "type": "Feature", "properties": { "cve": "2861243", "nombre": "Las Gemelas del 1-10", "solicitante": "Castro Flores Manuel Francisco", "region": "REGIÓN DE VALPARAÍSO", "provincia": "Provincia de Petorca", "comuna": "Petorca", "superficie_ha": 100.0, "datum_original": "PSAD56", "huso": 19, "epsg_origen": 24879, "tipo_publicacion": "manifestacion", "fuente_pdf": "http://www.diariooficial.interior.gob.cl/publicaciones/2026/08/31/44538/07/2861243.pdf", "archivo": "gm_manifestacion_2861243.pdf", "fecha": "31-08-2026", "edicion": "44538" }, "geometry": { "type": "Polygon", "coordinates": [ [ [ -70.828645219097439, -32.162150883744836 ], [ -70.818044930917296, -32.162303668201965 ], [ -70.818224062237789, -32.171320641414944 ], [ -70.828825393445655, -32.17116780388411 ], [ -70.828645219097439, -32.162150883744836 ] ] ] } },
{ "type": "Feature", "properties": { "cve": "2861167", "nombre": "Sta. Camila del 1-11", "solicitante": "Donoso Oyanedel Ángel Francisco", "region": "REGIÓN DE VALPARAÍSO", "provincia": "Provincia de Petorca", "comuna": "Cabildo", "superficie_ha": 99.0, "datum_original": "PSAD56", "huso": 19, "epsg_origen": 24879, "tipo_publicacion": "manifestacion", "fuente_pdf": "http://www.diariooficial.interior.gob.cl/publicaciones/2026/08/31/44538/07/2861167.pdf", "archivo": "gm_manifestacion_2861167.pdf", "fecha": "31-08-2026", "edicion": "44538" }, "geometry": { "type": "Polygon", "coordinates": [ [ [ -70.954446057614589, -32.392060726377444 ], [ -70.944882403706472, -32.392208686852683 ], [ -70.945095073993073, -32.402126268766708 ], [ -70.954659772054754, -32.401978251977162 ], [ -70.954446057614589, -32.392060726377444 ] ] ] } },
{ "type": "Feature", "properties": { "cve": "2860723", "nombre": "BUENA ESPERANZA DEL 1 AL 20", "solicitante": "Medina Granifo Miguel Humberto y otro", "region": "REGIÓN METROPOLITANA DE SANTIAGO", "provincia": "Provincia de Melipilla", "comuna": null, "superficie_ha": 100.0, "datum_original": "PSAD56", "huso": 19, "epsg_origen": 24879, "tipo_publicacion": "manifestacion", "fuente_pdf": "http://www.diariooficial.interior.gob.cl/publicaciones/2026/08/31/44538/07/2860723.pdf", "archivo": "gm_manifestacion_2860723.pdf", "fecha": "31-08-2026", "edicion": "44538" }, "geometry": { "type": "Polygon", "coordinates": [ [ [ -71.04053260943563, -33.818013516528531 ], [ -71.029733875089775, -33.818191758814983 ], [ -71.029946904141653, -33.827205198703346 ], [ -71.040746769947347, -33.827026896115981 ], [ -71.04053260943563, -33.818013516528531 ] ] ] } },
{ "type": "Feature", "properties": { "cve": "2862252", "nombre": "TOBRUK 1 AL 120", "solicitante": "Aswani Huidobro Ignacio", "region": "REGIÓN DEL MAULE", "provincia": "Provincia de Talca", "comuna": null, "superficie_ha": 120.0, "datum_original": "PSAD56", "huso": 18, "epsg_origen": 24878, "tipo_publicacion": "manifestacion", "fuente_pdf": "http://www.diariooficial.interior.gob.cl/publicaciones/2026/08/31/44538/07/2862252.pdf", "archivo": "gm_manifestacion_2862252.pdf", "fecha": "31-08-2026", "edicion": "44538" }, "geometry": { "type": "Polygon", "coordinates": [ [ [ -72.433785782244186, -35.604444659912573 ], [ -72.42496240515284, -35.604256330981187 ], [ -72.424529139506234, -35.617767264675933 ], [ -72.433353997203511, -35.617955686881629 ], [ -72.433785782244186, -35.604444659912573 ] ] ] } },
{ "type": "Feature", "properties": { "cve": "2862084", "nombre": "LA RUA 1, 1 AL 210", "solicitante": "Engie Energía Chile S.A.", "region": "REGIÓN DEL BIOBÍO", "provincia": "Provincia de Biobío", "comuna": null, "superficie_ha": 210.0, "datum_original": "PSAD56", "huso": 18, "epsg_origen": 24878, "tipo_publicacion": "manifestacion", "fuente_pdf": "http://www.diariooficial.interior.gob.cl/publicaciones/2026/08/31/44538/07/2862084.pdf", "archivo": "gm_manifestacion_2862084.pdf", "fecha": "31-08-2026", "edicion": "44538" }, "geometry": { "type": "Polygon", "coordinates": [ [ [ -72.389316554922573, -37.277153837352451 ], [ -72.355512292614193, -37.276403051225195 ], [ -72.355291630155079, -37.282706106622747 ], [ -72.389098705308996, -37.283457063076035 ], [ -72.389316554922573, -37.277153837352451 ] ] ] } },
{ "type": "Feature", "properties": { "cve": "2862085", "nombre": "LA RUA 3, 1 AL 400", "solicitante": "Engie Energía Chile S.A.", "region": "REGIÓN DEL BIOBÍO", "provincia": "Provincia de Biobío", "comuna": null, "superficie_ha": 400.0, "datum_original": "PSAD56", "huso": 18, "epsg_origen": 24878, "tipo_publicacion": "manifestacion", "fuente_pdf": "http://www.diariooficial.interior.gob.cl/publicaciones/2026/08/31/44538/07/2862085.pdf", "archivo": "gm_manifestacion_2862085.pdf", "fecha": "31-08-2026", "edicion": "44538" }, "geometry": { "type": "Polygon", "coordinates": [ [ [ -72.389867740418609, -37.293837220499185 ], [ -72.344785700120923, -37.29283385741212 ], [ -72.344468981076176, -37.301838116404305 ], [ -72.389556383827028, -37.302841804628827 ], [ -72.389867740418609, -37.293837220499185 ] ] ] } },
{ "type": "Feature", "properties": { "cve": "2862086", "nombre": "LA RUA 5, 1 AL 80", "solicitante": "Engie Energía Chile S.A.", "region": "REGIÓN DEL BIOBÍO", "provincia": "Provincia de Biobío", "comuna": null, "superficie_ha": 80.0, "datum_original": "PSAD56", "huso": 18, "epsg_origen": 24878, "tipo_publicacion": "manifestacion", "fuente_pdf": "http://www.diariooficial.interior.gob.cl/publicaciones/2026/08/31/44538/07/2862086.pdf", "archivo": "gm_manifestacion_2862086.pdf", "fecha": "31-08-2026", "edicion": "44538" }, "geometry": { "type": "Polygon", "coordinates": [ [ [ -72.373462165934797, -37.311496919719573 ], [ -72.364443589761422, -37.31129628858988 ], [ -72.364129004002436, -37.32030066238331 ], [ -72.373148653629229, -37.320501358515486 ], [ -72.373462165934797, -37.311496919719573 ] ] ] } },
{ "type": "Feature", "properties": { "cve": "2862087", "nombre": "LA RUA 7, 1 AL 140", "solicitante": "Engie Energía Chile S.A.", "region": "REGIÓN DEL BIOBÍO", "provincia": "Provincia de Biobío", "comuna": null, "superficie_ha": 140.0, "datum_original": "PSAD56", "huso": 18, "epsg_origen": 24878, "tipo_publicacion": "manifestacion", "fuente_pdf": "http://www.diariooficial.interior.gob.cl/publicaciones/2026/08/31/44538/07/2862087.pdf", "archivo": "gm_manifestacion_2862087.pdf", "fecha": "31-08-2026", "edicion": "44538" }, "geometry": { "type": "Polygon", "coordinates": [ [ [ -72.339753253634967, -37.275599172849432 ], [ -72.331865958182703, -37.275421555808151 ], [ -72.331229699261883, -37.293429921771541 ], [ -72.339118870146009, -37.293607653956506 ], [ -72.339753253634967, -37.275599172849432 ] ] ] } },
{ "type": "Feature", "properties": { "cve": "2861490", "nombre": "PARRONAL A 1/28", "solicitante": "Sol del Sur 8 SpA", "region": "REGIÓN DE LA ARAUCANÍA", "provincia": "Provincia de Malleco", "comuna": "Renaico", "superficie_ha": 280.0, "datum_original": "PSAD56", "huso": 18, "epsg_origen": 24878, "tipo_publicacion": "manifestacion", "fuente_pdf": "http://www.diariooficial.interior.gob.cl/publicaciones/2026/08/31/44538/07/2861490.pdf", "archivo": "gm_manifestacion_2861490.pdf", "fecha": "31-08-2026", "edicion": "44538" }, "geometry": { "type": "Polygon", "coordinates": [ [ [ -72.591089801191941, -37.702274958284249 ], [ -72.568421888534161, -37.70180945621896 ], [ -72.568009730626869, -37.714416725699508 ], [ -72.590681476441858, -37.714882438161354 ], [ -72.591089801191941, -37.702274958284249 ] ] ] } },
{ "type": "Feature", "properties": { "cve": "2861891", "nombre": "Las Macillas Norte 1 al 4", "solicitante": "Minera Los Placeres SpA", "region": "REGIÓN DE LOS LAGOS", "provincia": "Provincia de Llanquihue", "comuna": "Maullín", "superficie_ha": 8.0, "datum_original": "PSAD56", "huso": 18, "epsg_origen": 24878, "tipo_publicacion": "manifestacion", "fuente_pdf": "http://www.diariooficial.interior.gob.cl/publicaciones/2026/08/31/44538/07/2861891.pdf", "archivo": "gm_manifestacion_2861891.pdf", "fecha": "31-08-2026", "edicion": "44538" }, "geometry": { "type": "Polygon", "coordinates": [ [ [ -73.787567811023919, -41.541829213882139 ], [ -73.785170544579472, -41.541803912389653 ], [ -73.785103117852984, -41.545406031530497 ], [ -73.7875005172735, -41.545431336206647 ], [ -73.787567811023919, -41.541829213882139 ] ] ] } },
{ "type": "Feature", "properties": { "cve": "2861890", "nombre": "Las Macillas Sur 1 al 40", "solicitante": "Minera Los Placeres SpA", "region": "REGIÓN DE LOS LAGOS", "provincia": "Provincia de Llanquihue", "comuna": "Maullín", "superficie_ha": 80.0, "datum_original": "PSAD56", "huso": 18, "epsg_origen": 24878, "tipo_publicacion": "manifestacion", "fuente_pdf": "http://www.diariooficial.interior.gob.cl/publicaciones/2026/08/31/44538/07/2861890.pdf", "archivo": "gm_manifestacion_2861890.pdf", "fecha": "31-08-2026", "edicion": "44538" }, "geometry": { "type": "Polygon", "coordinates": [ [ [ -73.786262966549145, -41.552623936874411 ], [ -73.781467641551899, -41.552573218830659 ], [ -73.781129229442882, -41.570583731981579 ], [ -73.785925885404126, -41.570634481939521 ], [ -73.786262966549145, -41.552623936874411 ] ] ] } },
{ "type": "Feature", "properties": { "cve": "2861892", "nombre": "Pangue 1 al 4", "solicitante": "Minera Los Placeres SpA", "region": "REGIÓN DE LOS LAGOS", "provincia": "Provincia de Llanquihue", "comuna": "Maullín", "superficie_ha": 8.0, "datum_original": "PSAD56", "huso": 18, "epsg_origen": 24878, "tipo_publicacion": "manifestacion", "fuente_pdf": "http://www.diariooficial.interior.gob.cl/publicaciones/2026/08/31/44538/07/2861892.pdf", "archivo": "gm_manifestacion_2861892.pdf", "fecha": "31-08-2026", "edicion": "44538" }, "geometry": { "type": "Polygon", "coordinates": [ [ [ -73.788429288507345, -41.537424821768667 ], [ -73.786032183930487, -41.537399540409425 ], [ -73.785964815437907, -41.541001663488238 ], [ -73.788362052961432, -41.541026948028666 ], [ -73.788429288507345, -41.537424821768667 ] ] ] } },
{ "type": "Feature", "properties": { "cve": "2862239", "nombre": "CORONEL VERGARA 1 AL 10", "solicitante": "Flores Zúñiga Diego Nicolás", "region": "REGIÓN DE ANTOFAGASTA", "provincia": "Provincia de Antofagasta", "comuna": null, "superficie_ha": 100.0, "datum_original": "PSAD56", "huso": 19, "epsg_origen": 24879, "tipo_publicacion": "mensura", "fuente_pdf": "http://www.diariooficial.interior.gob.cl/publicaciones/2026/08/31/44538/07/2862239.pdf", "archivo": "gm_mensura_2862239.pdf", "fecha": "31-08-2026", "edicion": "44538" }, "geometry": { "type": "Polygon", "coordinates": [ [ [ -70.375664524023591, -25.347801817414034 ], [ -70.365729464234306, -25.34789428567009 ], [ -70.365830878982251, -25.356922283969055 ], [ -70.375766675952505, -25.356829778199657 ], [ -70.375664524023591, -25.347801817414034 ] ] ] } },
{ "type": "Feature", "properties": { "cve": "2862237", "nombre": "BASIN III 17, 1 AL 30", "solicitante": "Compañía Minera Kairos Chile Limitada", "region": "REGIÓN DE ANTOFAGASTA", "provincia": "Provincia de El Loa", "comuna": null, "superficie_ha": 300.0, "datum_original": "PSAD56", "huso": 19, "epsg_origen": 24879, "tipo_publicacion": "mensura", "fuente_pdf": "http://www.diariooficial.interior.gob.cl/publicaciones/2026/08/31/44538/07/2862237.pdf", "archivo": "gm_mensura_2862237.pdf", "fecha": "31-08-2026", "edicion": "44538" }, "geometry": { "type": "Polygon", "coordinates": [ [ [ -67.185646419093629, -23.105685214028011 ], [ -67.175885962635093, -23.105572693284714 ], [ -67.175519787353267, -23.132658632260707 ], [ -67.185282200511878, -23.132771299902732 ], [ -67.185646419093629, -23.105685214028011 ] ] ] } },
{ "type": "Feature", "properties": { "cve": "2862198", "nombre": "LOS HELADOS III 13, 1 AL 30", "solicitante": "Compañía Minera Kairos Chile SpA", "region": "REGIÓN DE ANTOFAGASTA", "provincia": "Provincia de El Loa", "comuna": null, "superficie_ha": 300.0, "datum_original": "PSAD56", "huso": 19, "epsg_origen": 24879, "tipo_publicacion": "mensura", "fuente_pdf": "http://www.diariooficial.interior.gob.cl/publicaciones/2026/08/31/44538/07/2862198.pdf", "archivo": "gm_mensura_2862198.pdf", "fecha": "31-08-2026", "edicion": "44538" }, "geometry": { "type": "Polygon", "coordinates": [ [ [ -67.078284826892443, -23.10441432526482 ], [ -67.068525063410505, -23.10429517275081 ], [ -67.068137368109902, -23.131379443907555 ], [ -67.07789908767289, -23.131498751975379 ], [ -67.078284826892443, -23.10441432526482 ] ] ] } },
{ "type": "Feature", "properties": { "cve": "2862199", "nombre": "LOS HELADOS III 17, 1 AL 20", "solicitante": "Compañía Minera Kairos Chile SpA", "region": "REGIÓN DE ANTOFAGASTA", "provincia": "Provincia de El Loa", "comuna": null, "superficie_ha": 200.0, "datum_original": "PSAD56", "huso": 19, "epsg_origen": 24879, "tipo_publicacion": "mensura", "fuente_pdf": "http://www.diariooficial.interior.gob.cl/publicaciones/2026/08/31/44538/07/2862199.pdf", "archivo": "gm_mensura_2862199.pdf", "fecha": "31-08-2026", "edicion": "44538" }, "geometry": { "type": "Polygon", "coordinates": [ [ [ -67.166125567536142, -23.105459569575007 ], [ -67.156365234124479, -23.105345842914257 ], [ -67.156118570491827, -23.123402949168963 ], [ -67.165880207969067, -23.123516774805029 ], [ -67.166125567536142, -23.105459569575007 ] ] ] } },
{ "type": "Feature", "properties": { "cve": "2862235", "nombre": "TURI III 23, 1 AL 30", "solicitante": "Compañía Minera Kairos Chile SpA", "region": "REGIÓN DE ANTOFAGASTA", "provincia": "Provincia de El Loa", "comuna": null, "superficie_ha": 300.0, "datum_original": "PSAD56", "huso": 19, "epsg_origen": 24879, "tipo_publicacion": "mensura", "fuente_pdf": "http://www.diariooficial.interior.gob.cl/publicaciones/2026/08/31/44538/07/2862235.pdf", "archivo": "gm_mensura_2862235.pdf", "fecha": "31-08-2026", "edicion": "44538" }, "geometry": { "type": "Polygon", "coordinates": [ [ [ -68.317872481690941, -22.193241924069003 ], [ -68.288771341227431, -22.193117464443237 ], [ -68.288725850701951, -22.202151059300224 ], [ -68.317828852129068, -22.202275574858007 ], [ -68.317872481690941, -22.193241924069003 ] ] ] } },
{ "type": "Feature", "properties": { "cve": "2862048", "nombre": "CORINA DEL 1 AL 5", "solicitante": "Lara Castillo Hugo Andrés", "region": "REGIÓN DE COQUIMBO", "provincia": "Provincia de Limarí", "comuna": null, "superficie_ha": 25.0, "datum_original": "PSAD56", "huso": 19, "epsg_origen": 24879, "tipo_publicacion": "mensura", "fuente_pdf": "http://www.diariooficial.interior.gob.cl/publicaciones/2026/08/31/44538/07/2862048.pdf", "archivo": "gm_mensura_2862048.pdf", "fecha": "31-08-2026", "edicion": "44538" }, "geometry": { "type": "Polygon", "coordinates": [ [ [ -70.969559652772887, -31.316896716909227 ], [ -70.964307857562048, -31.316977191010857 ], [ -70.969653525485199, -31.321405412616897 ], [ -70.969559652772887, -31.316896716909227 ] ] ] } },
{ "type": "Feature", "properties": { "cve": "2862057", "nombre": "EL MARAY DOS DEL 1 AL 5", "solicitante": "Álvarez Castro Matías Rodrigo", "region": "REGIÓN DE COQUIMBO", "provincia": "Provincia de Limarí", "comuna": null, "superficie_ha": 19.0, "datum_original": "PSAD56", "huso": 19, "epsg_origen": 24879, "tipo_publicacion": "mensura", "fuente_pdf": "http://www.diariooficial.interior.gob.cl/publicaciones/2026/08/31/44538/07/2862057.pdf", "archivo": "gm_mensura_2862057.pdf", "fecha": "31-08-2026", "edicion": "44538" }, "geometry": { "type": "Polygon", "coordinates": [ [ [ -70.959739887394633, -31.315071566101736 ], [ -70.954581310797366, -31.319660372146917 ], [ -70.957676516731269, -31.31690711129778 ], [ -70.959777244146593, -31.316875055955926 ], [ -70.959739887394633, -31.315071566101736 ] ] ] } },
{ "type": "Feature", "properties": { "cve": "2861282", "nombre": "LEON, 1 AL 48", "solicitante": "León Alvear Óscar Joel", "region": "REGIÓN METROPOLITANA DE SANTIAGO", "provincia": "Provincia Cordillera", "comuna": null, "superficie_ha": 240.0, "datum_original": "PSAD56", "huso": 19, "epsg_origen": 24879, "tipo_publicacion": "mensura", "fuente_pdf": "http://www.diariooficial.interior.gob.cl/publicaciones/2026/08/31/44538/07/2861282.pdf", "archivo": "gm_mensura_2861282.pdf", "fecha": "31-08-2026", "edicion": "44538" }, "geometry": { "type": "Polygon", "coordinates": [ [ [ -70.215256523455736, -33.42237679215372 ], [ -70.206653409629169, -33.422460778941335 ], [ -70.20685308370355, -33.436889080578474 ], [ -70.204701943985782, -33.436909995474693 ], [ -70.204801656434967, -33.444124138892825 ], [ -70.215558222459407, -33.444019162878455 ], [ -70.215256523455736, -33.42237679215372 ] ] ] } },
{ "type": "Feature", "properties": { "cve": "2861294", "nombre": "CAIQUÉN, 1 AL 88", "solicitante": "Varas Apablaza Víctor Hugo", "region": "REGIÓN DE MAGALLANES Y DE LA ANTÁRTICA CHILENA", "provincia": "Provincia de Tierra del Fuego", "comuna": null, "superficie_ha": 88.0, "datum_original": "WGS84", "huso": 19, "epsg_origen": 32719, "tipo_publicacion": "mensura", "fuente_pdf": "http://www.diariooficial.interior.gob.cl/publicaciones/2026/08/31/44538/07/2861294.pdf", "archivo": "gm_mensura_2861294.pdf", "fecha": "31-08-2026", "edicion": "44538" }, "geometry": { "type": "Polygon", "coordinates": [ [ [ -70.010195815812722, -53.262965748384325 ], [ -69.998203985749271, -53.263066748526633 ], [ -69.998413347842018, -53.272054406772419 ], [ -70.013406266728865, -53.271927927050612 ], [ -70.013321251157365, -53.268332881910382 ], [ -70.010322927897874, -53.26835832532494 ], [ -70.010195815812722, -53.262965748384325 ] ] ] } },
{ "type": "Feature", "properties": { "cve": "2861295", "nombre": "GUANACO, 1 AL 100", "solicitante": "Varas Apablaza Víctor Hugo", "region": "REGIÓN DE MAGALLANES Y DE LA ANTÁRTICA CHILENA", "provincia": "Provincia de Tierra del Fuego", "comuna": null, "superficie_ha": 100.0, "datum_original": "WGS84", "huso": 19, "epsg_origen": 32719, "tipo_publicacion": "mensura", "fuente_pdf": "http://www.diariooficial.interior.gob.cl/publicaciones/2026/08/31/44538/07/2861295.pdf", "archivo": "gm_mensura_2861295.pdf", "fecha": "31-08-2026", "edicion": "44538" }, "geometry": { "type": "Polygon", "coordinates": [ [ [ -70.025384304845716, -53.259240316097355 ], [ -70.010395878356235, -53.259368281148312 ], [ -70.010607768803183, -53.268355911440956 ], [ -70.025599337187472, -53.268227904765709 ], [ -70.025384304845716, -53.259240316097355 ] ] ] } },
{ "type": "Feature", "properties": { "cve": "2861135", "nombre": "CAPI X", "solicitante": "Invexmin Chile SpA", "region": "REGIÓN DE TARAPACÁ", "provincia": "Provincia del Tamarugal", "comuna": "Pozo Almonte", "superficie_ha": 100.0, "datum_original": "PSAD56", "huso": 19, "epsg_origen": 24879, "tipo_publicacion": "pedimento", "fuente_pdf": "http://www.diariooficial.interior.gob.cl/publicaciones/2026/08/31/44538/07/2861135.pdf", "archivo": "gm_pedimento_2861135.pdf", "fecha": "31-08-2026", "edicion": "44538" }, "geometry": { "type": "Polygon", "coordinates": [ [ [ -69.070665098999825, -20.161689334431667 ], [ -69.061095581009596, -20.161692915097593 ], [ -69.061099098433715, -20.170729393795856 ], [ -69.070669167363789, -20.170725811389101 ], [ -69.070665098999825, -20.161689334431667 ] ] ] } },
{ "type": "Feature", "properties": { "cve": "2861194", "nombre": "CATA 2B", "solicitante": "SCM Alpaca", "region": "REGIÓN DE TARAPACÁ", "provincia": "Provincia del Tamarugal", "comuna": null, "superficie_ha": 300.0, "datum_original": "PSAD56", "huso": 19, "epsg_origen": 24879, "tipo_publicacion": "pedimento", "fuente_pdf": "http://www.diariooficial.interior.gob.cl/publicaciones/2026/08/31/44538/07/2861194.pdf", "archivo": "gm_pedimento_2861194.pdf", "fecha": "31-08-2026", "edicion": "44538" }, "geometry": { "type": "Polygon", "coordinates": [ [ [ -68.944085519311386, -20.884583218869789 ], [ -68.915241878135291, -20.884571358181354 ], [ -68.915236807366796, -20.893607072361657 ], [ -68.944082174149713, -20.89361893865031 ], [ -68.944085519311386, -20.884583218869789 ] ] ] } },
{ "type": "Feature", "properties": { "cve": "2861191", "nombre": "CATA 3B", "solicitante": "SCM Alpaca", "region": "REGIÓN DE TARAPACÁ", "provincia": "Provincia del Tamarugal", "comuna": null, "superficie_ha": 300.0, "datum_original": "PSAD56", "huso": 19, "epsg_origen": 24879, "tipo_publicacion": "pedimento", "fuente_pdf": "http://www.diariooficial.interior.gob.cl/publicaciones/2026/08/31/44538/07/2861191.pdf", "archivo": "gm_pedimento_2861191.pdf", "fecha": "31-08-2026", "edicion": "44538" }, "geometry": { "type": "Polygon", "coordinates": [ [ [ -68.944082174149713, -20.89361893865031 ], [ -68.915236807366796, -20.893607072361657 ], [ -68.915231733895496, -20.902642776906895 ], [ -68.944078827205004, -20.90265464879641 ], [ -68.944082174149713, -20.89361893865031 ] ] ] } },
{ "type": "Feature", "properties": { "cve": "2861192", "nombre": "CATA 8B", "solicitante": "SCM Alpaca", "region": "REGIÓN DE TARAPACÁ", "provincia": "Provincia del Tamarugal", "comuna": null, "superficie_ha": 200.0, "datum_original": "PSAD56", "huso": 19, "epsg_origen": 24879, "tipo_publicacion": "pedimento", "fuente_pdf": "http://www.diariooficial.interior.gob.cl/publicaciones/2026/08/31/44538/07/2861192.pdf", "archivo": "gm_pedimento_2861192.pdf", "fecha": "31-08-2026", "edicion": "44538" }, "geometry": { "type": "Polygon", "coordinates": [ [ [ -68.915241878135291, -20.884571358181354 ], [ -68.896012797018642, -20.884560748912033 ], [ -68.8960065758491, -20.893596458083017 ], [ -68.915236807366796, -20.893607072361657 ], [ -68.915241878135291, -20.884571358181354 ] ] ] } },
{ "type": "Feature", "properties": { "cve": "2861193", "nombre": "CATA 9B", "solicitante": "SCM Alpaca", "region": "REGIÓN DE TARAPACÁ", "provincia": "Provincia del Tamarugal", "comuna": null, "superficie_ha": 200.0, "datum_original": "PSAD56", "huso": 19, "epsg_origen": 24879, "tipo_publicacion": "pedimento", "fuente_pdf": "http://www.diariooficial.interior.gob.cl/publicaciones/2026/08/31/44538/07/2861193.pdf", "archivo": "gm_pedimento_2861193.pdf", "fecha": "31-08-2026", "edicion": "44538" }, "geometry": { "type": "Polygon", "coordinates": [ [ [ -68.915236807366796, -20.893607072361657 ], [ -68.8960065758491, -20.893596458083017 ], [ -68.896000351363597, -20.902632157618338 ], [ -68.915231733895496, -20.902642776906895 ], [ -68.915236807366796, -20.893607072361657 ] ] ] } },
{ "type": "Feature", "properties": { "cve": "2861204", "nombre": "PITA 3", "solicitante": "RWE Renewables Chile SpA", "region": "REGIÓN DE TARAPACÁ", "provincia": "Provincia del Tamarugal", "comuna": "Pozo Almonte", "superficie_ha": 300.0, "datum_original": "PSAD56", "huso": 19, "epsg_origen": 24879, "tipo_publicacion": "pedimento", "fuente_pdf": "http://www.diariooficial.interior.gob.cl/publicaciones/2026/08/31/44538/07/2861204.pdf", "archivo": "gm_pedimento_2861204.pdf", "fecha": "31-08-2026", "edicion": "44538" }, "geometry": { "type": "Polygon", "coordinates": [ [ [ -69.786619075733796, -20.196089619440112 ], [ -69.757906816627013, -20.196215740878937 ], [ -69.757950531173307, -20.205251394217377 ], [ -69.786664445937021, -20.205125211554616 ], [ -69.786619075733796, -20.196089619440112 ] ] ] } },
{ "type": "Feature", "properties": { "cve": "2862293", "nombre": "LIBERTADORES 1", "solicitante": "RTB Energy SpA", "region": "REGIÓN DE ANTOFAGASTA", "provincia": "Provincia de Antofagasta", "comuna": "Antofagasta", "superficie_ha": 300.0, "datum_original": "PSAD56", "huso": 19, "epsg_origen": 24879, "tipo_publicacion": "pedimento", "fuente_pdf": "http://www.diariooficial.interior.gob.cl/publicaciones/2026/08/31/44538/07/2862293.pdf", "archivo": "gm_pedimento_2862293.pdf", "fecha": "31-08-2026", "edicion": "44538" }, "geometry": { "type": "Polygon", "coordinates": [ [ [ -70.233346727126147, -23.603062234747568 ], [ -70.203947784814019, -23.603292957940784 ], [ -70.204030256170128, -23.612323632255329 ], [ -70.23343121110301, -23.612092810289898 ], [ -70.233346727126147, -23.603062234747568 ] ] ] } },
{ "type": "Feature", "properties": { "cve": "2862294", "nombre": "LIBERTADORES 2", "solicitante": "RTB Energy SpA", "region": "REGIÓN DE ANTOFAGASTA", "provincia": "Provincia de Antofagasta", "comuna": "Antofagasta", "superficie_ha": 300.0, "datum_original": "PSAD56", "huso": 19, "epsg_origen": 24879, "tipo_publicacion": "pedimento", "fuente_pdf": "http://www.diariooficial.interior.gob.cl/publicaciones/2026/08/31/44538/07/2862294.pdf", "archivo": "gm_pedimento_2862294.pdf", "fecha": "31-08-2026", "edicion": "44538" }, "geometry": { "type": "Polygon", "coordinates": [ [ [ -70.235391261408608, -23.612077224277943 ], [ -70.205990331425852, -23.612308417273077 ], [ -70.206072978076591, -23.621339074210102 ], [ -70.235475921674066, -23.621107782270862 ], [ -70.235391261408608, -23.612077224277943 ] ] ] } },
{ "type": "Feature", "properties": { "cve": "2862295", "nombre": "LIBERTADORES 3", "solicitante": "RTB Energy SpA", "region": "REGIÓN DE ANTOFAGASTA", "provincia": "Provincia de Antofagasta", "comuna": "Antofagasta", "superficie_ha": 200.0, "datum_original": "PSAD56", "huso": 19, "epsg_origen": 24879, "tipo_publicacion": "pedimento", "fuente_pdf": "http://www.diariooficial.interior.gob.cl/publicaciones/2026/08/31/44538/07/2862295.pdf", "archivo": "gm_pedimento_2862295.pdf", "fecha": "31-08-2026", "edicion": "44538" }, "geometry": { "type": "Polygon", "coordinates": [ [ [ -70.234985875696196, -23.62111168276131 ], [ -70.215383950692967, -23.621266434171524 ], [ -70.215467276446816, -23.630297049159775 ], [ -70.235070544516347, -23.630142231539878 ], [ -70.234985875696196, -23.62111168276131 ] ] ] } },
{ "type": "Feature", "properties": { "cve": "2862296", "nombre": "LIBERTADORES 4", "solicitante": "RTB Energy SpA", "region": "REGIÓN DE ANTOFAGASTA", "provincia": "Provincia de Antofagasta", "comuna": "Antofagasta", "superficie_ha": 200.0, "datum_original": "PSAD56", "huso": 19, "epsg_origen": 24879, "tipo_publicacion": "pedimento", "fuente_pdf": "http://www.diariooficial.interior.gob.cl/publicaciones/2026/08/31/44538/07/2862296.pdf", "archivo": "gm_pedimento_2862296.pdf", "fecha": "31-08-2026", "edicion": "44538" }, "geometry": { "type": "Polygon", "coordinates": [ [ [ -70.23752094123175, -23.630122705271237 ], [ -70.217917694079347, -23.630277832343637 ], [ -70.218001229261517, -23.639308428235164 ], [ -70.237605820141937, -23.639153234811928 ], [ -70.23752094123175, -23.630122705271237 ] ] ] } },
{ "type": "Feature", "properties": { "cve": "2862297", "nombre": "LIBERTADORES 5", "solicitante": "RTB Energy SpA", "region": "REGIÓN DE ANTOFAGASTA", "provincia": "Provincia de Antofagasta", "comuna": "Antofagasta", "superficie_ha": 200.0, "datum_original": "PSAD56", "huso": 19, "epsg_origen": 24879, "tipo_publicacion": "pedimento", "fuente_pdf": "http://www.diariooficial.interior.gob.cl/publicaciones/2026/08/31/44538/07/2862297.pdf", "archivo": "gm_pedimento_2862297.pdf", "fecha": "31-08-2026", "edicion": "44538" }, "geometry": { "type": "Polygon", "coordinates": [ [ [ -70.240546494272436, -23.639129742186952 ], [ -70.22094192855532, -23.639285307110235 ], [ -70.221025706955061, -23.6483158822337 ], [ -70.240631617060814, -23.648160250791907 ], [ -70.240546494272436, -23.639129742186952 ] ] ] } },
{ "type": "Feature", "properties": { "cve": "2862298", "nombre": "LIBERTADORES 6", "solicitante": "RTB Energy SpA", "region": "REGIÓN DE ANTOFAGASTA", "provincia": "Provincia de Antofagasta", "comuna": "Antofagasta", "superficie_ha": 200.0, "datum_original": "PSAD56", "huso": 19, "epsg_origen": 24879, "tipo_publicacion": "pedimento", "fuente_pdf": "http://www.diariooficial.interior.gob.cl/publicaciones/2026/08/31/44538/07/2862298.pdf", "archivo": "gm_pedimento_2862298.pdf", "fecha": "31-08-2026", "edicion": "44538" }, "geometry": { "type": "Polygon", "coordinates": [ [ [ -70.244062633994233, -23.648132760551032 ], [ -70.224456753330671, -23.64828882559242 ], [ -70.224540808786855, -23.657319378263892 ], [ -70.244148034498593, -23.657163246509832 ], [ -70.244062633994233, -23.648132760551032 ] ] ] } },
{ "type": "Feature", "properties": { "cve": "2862182", "nombre": "Silpy 1", "solicitante": "Serketats SpA", "region": "REGIÓN DE ANTOFAGASTA", "provincia": "Provincia de Antofagasta", "comuna": "Antofagasta", "superficie_ha": 300.0, "datum_original": "PSAD56", "huso": 19, "epsg_origen": 24879, "tipo_publicacion": "pedimento", "fuente_pdf": "http://www.diariooficial.interior.gob.cl/publicaciones/2026/08/31/44538/07/2862182.pdf", "archivo": "gm_pedimento_2862182.pdf", "fecha": "31-08-2026", "edicion": "44538" }, "geometry": { "type": "Polygon", "coordinates": [ [ [ -68.8346496105151, -24.019298510004248 ], [ -68.824816496085461, -24.019287586085472 ], [ -68.824779760715586, -24.046383986563463 ], [ -68.834614937091445, -24.04639492432992 ], [ -68.8346496105151, -24.019298510004248 ] ] ] } },
{ "type": "Feature", "properties": { "cve": "2862183", "nombre": "Silpy 3", "solicitante": "Serketats SpA", "region": "REGIÓN DE ANTOFAGASTA", "provincia": "Provincia de Antofagasta", "comuna": "Antofagasta", "superficie_ha": 300.0, "datum_original": "PSAD56", "huso": 19, "epsg_origen": 24879, "tipo_publicacion": "pedimento", "fuente_pdf": "http://www.diariooficial.interior.gob.cl/publicaciones/2026/08/31/44538/07/2862183.pdf", "archivo": "gm_pedimento_2862183.pdf", "fecha": "31-08-2026", "edicion": "44538" }, "geometry": { "type": "Polygon", "coordinates": [ [ [ -68.814983387694539, -24.019276031303949 ], [ -68.805150285681279, -24.019263845661282 ], [ -68.805109426436061, -24.046360216044771 ], [ -68.814944590384059, -24.046372417134545 ], [ -68.814983387694539, -24.019276031303949 ] ] ] } },
{ "type": "Feature", "properties": { "cve": "2862184", "nombre": "Silpy 5", "solicitante": "Serketats SpA", "region": "REGIÓN DE ANTOFAGASTA", "provincia": "Provincia de Antofagasta", "comuna": "Antofagasta", "superficie_ha": 300.0, "datum_original": "PSAD56", "huso": 19, "epsg_origen": 24879, "tipo_publicacion": "pedimento", "fuente_pdf": "http://www.diariooficial.interior.gob.cl/publicaciones/2026/08/31/44538/07/2862184.pdf", "archivo": "gm_pedimento_2862184.pdf", "fecha": "31-08-2026", "edicion": "44538" }, "geometry": { "type": "Polygon", "coordinates": [ [ [ -68.824779760715586, -24.046383986563463 ], [ -68.814944590384059, -24.046372417134545 ], [ -68.814905735623682, -24.073468706210786 ], [ -68.824742970949089, -24.073480290293055 ], [ -68.824779760715586, -24.046383986563463 ] ] ] } },
{ "type": "Feature", "properties": { "cve": "2862185", "nombre": "Silpy 6", "solicitante": "Serketats SpA", "region": "REGIÓN DE ANTOFAGASTA", "provincia": "Provincia de Antofagasta", "comuna": "Antofagasta", "superficie_ha": 300.0, "datum_original": "PSAD56", "huso": 19, "epsg_origen": 24879, "tipo_publicacion": "pedimento", "fuente_pdf": "http://www.diariooficial.interior.gob.cl/publicaciones/2026/08/31/44538/07/2862185.pdf", "archivo": "gm_pedimento_2862185.pdf", "fecha": "31-08-2026", "edicion": "44538" }, "geometry": { "type": "Polygon", "coordinates": [ [ [ -68.814944590384059, -24.046372417134545 ], [ -68.805109426436061, -24.046360216044771 ], [ -68.805068506687746, -24.073456489667624 ], [ -68.814905735623682, -24.073468706210786 ], [ -68.814944590384059, -24.046372417134545 ] ] ] } },
{ "type": "Feature", "properties": { "cve": "2862285", "nombre": "SOLTERO 1", "solicitante": "Andes Exploration SpA", "region": "REGIÓN DE ANTOFAGASTA", "provincia": "Provincia de Antofagasta", "comuna": "Sierra Gorda", "superficie_ha": 300.0, "datum_original": "PSAD56", "huso": 19, "epsg_origen": 24879, "tipo_publicacion": "pedimento", "fuente_pdf": "http://www.diariooficial.interior.gob.cl/publicaciones/2026/08/31/44538/07/2862285.pdf", "archivo": "gm_pedimento_2862285.pdf", "fecha": "31-08-2026", "edicion": "44538" }, "geometry": { "type": "Polygon", "coordinates": [ [ [ -69.031164285931169, -23.396137967452361 ], [ -69.001804560595971, -23.396141062932312 ], [ -69.001804683003556, -23.405173983084111 ], [ -69.03116639987752, -23.405170886269648 ], [ -69.031164285931169, -23.396137967452361 ] ] ] } },
{ "type": "Feature", "properties": { "cve": "2862286", "nombre": "SOLTERO 2", "solicitante": "Andes Exploration SpA", "region": "REGIÓN DE ANTOFAGASTA", "provincia": "Provincia de Antofagasta", "comuna": "Sierra Gorda", "superficie_ha": 300.0, "datum_original": "PSAD56", "huso": 19, "epsg_origen": 24879, "tipo_publicacion": "pedimento", "fuente_pdf": "http://www.diariooficial.interior.gob.cl/publicaciones/2026/08/31/44538/07/2862286.pdf", "archivo": "gm_pedimento_2862286.pdf", "fecha": "31-08-2026", "edicion": "44538" }, "geometry": { "type": "Polygon", "coordinates": [ [ [ -69.03116639987752, -23.405170886269648 ], [ -69.001804683003556, -23.405173983084111 ], [ -69.001804805472361, -23.414206892707458 ], [ -69.031168514881074, -23.414203794558308 ], [ -69.03116639987752, -23.405170886269648 ] ] ] } },
{ "type": "Feature", "properties": { "cve": "2862287", "nombre": "SOLTERO 3", "solicitante": "Andes Exploration SpA", "region": "REGIÓN DE ANTOFAGASTA", "provincia": "Provincia de Antofagasta", "comuna": "Sierra Gorda", "superficie_ha": 300.0, "datum_original": "PSAD56", "huso": 19, "epsg_origen": 24879, "tipo_publicacion": "pedimento", "fuente_pdf": "http://www.diariooficial.interior.gob.cl/publicaciones/2026/08/31/44538/07/2862287.pdf", "archivo": "gm_pedimento_2862287.pdf", "fecha": "31-08-2026", "edicion": "44538" }, "geometry": { "type": "Polygon", "coordinates": [ [ [ -69.031168514881074, -23.414203794558308 ], [ -69.001804805472361, -23.414206892707458 ], [ -69.0018049280024, -23.423239791799279 ], [ -69.031170630942128, -23.423236692315257 ], [ -69.031168514881074, -23.414203794558308 ] ] ] } },
{ "type": "Feature", "properties": { "cve": "2862288", "nombre": "SOLTERO 4", "solicitante": "Andes Exploration SpA", "region": "REGIÓN DE ANTOFAGASTA", "provincia": "Provincia de Antofagasta", "comuna": "Sierra Gorda", "superficie_ha": 300.0, "datum_original": "PSAD56", "huso": 19, "epsg_origen": 24879, "tipo_publicacion": "pedimento", "fuente_pdf": "http://www.diariooficial.interior.gob.cl/publicaciones/2026/08/31/44538/07/2862288.pdf", "archivo": "gm_pedimento_2862288.pdf", "fecha": "31-08-2026", "edicion": "44538" }, "geometry": { "type": "Polygon", "coordinates": [ [ [ -69.031170630942128, -23.423236692315257 ], [ -69.0018049280024, -23.423239791799279 ], [ -69.001805050593688, -23.432272680356501 ], [ -69.031172748060996, -23.432269579537433 ], [ -69.031170630942128, -23.423236692315257 ] ] ] } },
{ "type": "Feature", "properties": { "cve": "2862289", "nombre": "SOLTERO 5", "solicitante": "Andes Exploration SpA", "region": "REGIÓN DE ANTOFAGASTA", "provincia": "Provincia de Antofagasta", "comuna": "Sierra Gorda", "superficie_ha": 300.0, "datum_original": "PSAD56", "huso": 19, "epsg_origen": 24879, "tipo_publicacion": "pedimento", "fuente_pdf": "http://www.diariooficial.interior.gob.cl/publicaciones/2026/08/31/44538/07/2862289.pdf", "archivo": "gm_pedimento_2862289.pdf", "fecha": "31-08-2026", "edicion": "44538" }, "geometry": { "type": "Polygon", "coordinates": [ [ [ -69.031172748060996, -23.432269579537433 ], [ -69.001805050593688, -23.432272680356501 ], [ -69.00180517324624, -23.441305558376062 ], [ -69.031174866238032, -23.441302456221777 ], [ -69.031172748060996, -23.432269579537433 ] ] ] } },
{ "type": "Feature", "properties": { "cve": "2862290", "nombre": "SOLTERO 6", "solicitante": "Andes Exploration SpA", "region": "REGIÓN DE ANTOFAGASTA", "provincia": "Provincia de Antofagasta", "comuna": "Sierra Gorda", "superficie_ha": 200.0, "datum_original": "PSAD56", "huso": 19, "epsg_origen": 24879, "tipo_publicacion": "pedimento", "fuente_pdf": "http://www.diariooficial.interior.gob.cl/publicaciones/2026/08/31/44538/07/2862290.pdf", "archivo": "gm_pedimento_2862290.pdf", "fecha": "31-08-2026", "edicion": "44538" }, "geometry": { "type": "Polygon", "coordinates": [ [ [ -69.0018049280024, -23.423239791799279 ], [ -68.992016359790881, -23.423239598233188 ], [ -68.992015275017039, -23.441305364643192 ], [ -69.00180517324624, -23.441305558376062 ], [ -69.0018049280024, -23.423239791799279 ] ] ] } },
{ "type": "Feature", "properties": { "cve": "2862245", "nombre": "FRANCIA 17", "solicitante": "Castillo Allendes Mauricio Alejandro", "region": "REGIÓN DE ANTOFAGASTA", "provincia": "Provincia de Tocopilla", "comuna": "María Elena", "superficie_ha": 200.0, "datum_original": "PSAD56", "huso": 19, "epsg_origen": 24879, "tipo_publicacion": "pedimento", "fuente_pdf": "http://www.diariooficial.interior.gob.cl/publicaciones/2026/08/31/44538/07/2862245.pdf", "archivo": "gm_pedimento_2862245.pdf", "fecha": "31-08-2026", "edicion": "44538" }, "geometry": { "type": "Polygon", "coordinates": [ [ [ -69.653676579411567, -21.55192842389485 ], [ -69.64401933126247, -21.551966002731433 ], [ -69.644099114127414, -21.570034852576246 ], [ -69.653757558436524, -21.569997239154201 ], [ -69.653676579411567, -21.55192842389485 ] ] ] } },
{ "type": "Feature", "properties": { "cve": "2862246", "nombre": "FRANCIA 18", "solicitante": "Castillo Allendes Mauricio Alejandro", "region": "REGIÓN DE ANTOFAGASTA", "provincia": "Provincia de Tocopilla", "comuna": "María Elena", "superficie_ha": 300.0, "datum_original": "PSAD56", "huso": 19, "epsg_origen": 24879, "tipo_publicacion": "pedimento", "fuente_pdf": "http://www.diariooficial.interior.gob.cl/publicaciones/2026/08/31/44538/07/2862246.pdf", "archivo": "gm_pedimento_2862246.pdf", "fecha": "31-08-2026", "edicion": "44538" }, "geometry": { "type": "Polygon", "coordinates": [ [ [ -69.653555269631624, -21.524825126411411 ], [ -69.643899813377672, -21.524862653385341 ], [ -69.64401933126247, -21.551966002731433 ], [ -69.653676579411567, -21.55192842389485 ], [ -69.653555269631624, -21.524825126411411 ] ] ] } },
{ "type": "Feature", "properties": { "cve": "2862247", "nombre": "FRANCIA 19", "solicitante": "Castillo Allendes Mauricio Alejandro", "region": "REGIÓN DE ANTOFAGASTA", "provincia": "Provincia de Tocopilla", "comuna": "María Elena", "superficie_ha": 300.0, "datum_original": "PSAD56", "huso": 19, "epsg_origen": 24879, "tipo_publicacion": "pedimento", "fuente_pdf": "http://www.diariooficial.interior.gob.cl/publicaciones/2026/08/31/44538/07/2862247.pdf", "archivo": "gm_pedimento_2862247.pdf", "fecha": "31-08-2026", "edicion": "44538" }, "geometry": { "type": "Polygon", "coordinates": [ [ [ -69.663087796255695, -21.497683706684924 ], [ -69.653434150219041, -21.497721739494565 ], [ -69.653555269631624, -21.524825126411411 ], [ -69.663210704733928, -21.524787040986261 ], [ -69.663087796255695, -21.497683706684924 ] ] ] } },
{ "type": "Feature", "properties": { "cve": "2862248", "nombre": "FRANCIA 20", "solicitante": "Castillo Allendes Mauricio Alejandro", "region": "REGIÓN DE ANTOFAGASTA", "provincia": "Provincia de Tocopilla", "comuna": "María Elena", "superficie_ha": 200.0, "datum_original": "PSAD56", "huso": 19, "epsg_origen": 24879, "tipo_publicacion": "pedimento", "fuente_pdf": "http://www.diariooficial.interior.gob.cl/publicaciones/2026/08/31/44538/07/2862248.pdf", "archivo": "gm_pedimento_2862248.pdf", "fecha": "31-08-2026", "edicion": "44538" }, "geometry": { "type": "Polygon", "coordinates": [ [ [ -69.682395023678367, -21.497605968046955 ], [ -69.663087796255695, -21.497683706684924 ], [ -69.66312874429407, -21.506718161385631 ], [ -69.682437163784613, -21.506640386903484 ], [ -69.682395023678367, -21.497605968046955 ] ] ] } },
{ "type": "Feature", "properties": { "cve": "2862438", "nombre": "TRONADOR ESTE 1", "solicitante": "Verai Chile SpA", "region": "REGIÓN DE ATACAMA", "provincia": "Provincia de Chañaral", "comuna": "DIEGO DE ALMAGRO", "superficie_ha": 300.0, "datum_original": "PSAD56", "huso": 19, "epsg_origen": 24879, "tipo_publicacion": "pedimento", "fuente_pdf": "http://www.diariooficial.interior.gob.cl/publicaciones/2026/08/31/44538/07/2862438.pdf", "archivo": "gm_pedimento_2862438.pdf", "fecha": "31-08-2026", "edicion": "44538" }, "geometry": { "type": "Polygon", "coordinates": [ [ [ -69.601095200581568, -25.947167044777402 ], [ -69.591108068197599, -25.947208143886996 ], [ -69.591243398672745, -25.974296145618755 ], [ -69.601232817215021, -25.974254997312574 ], [ -69.601095200581568, -25.947167044777402 ] ] ] } },
{ "type": "Feature", "properties": { "cve": "2862447", "nombre": "TRONADOR ESTE 10", "solicitante": "Verai Chile SpA", "region": "REGIÓN DE ATACAMA", "provincia": "Provincia de Chañaral", "comuna": "DIEGO DE ALMAGRO", "superficie_ha": 300.0, "datum_original": "PSAD56", "huso": 19, "epsg_origen": 24879, "tipo_publicacion": "pedimento", "fuente_pdf": "http://www.diariooficial.interior.gob.cl/publicaciones/2026/08/31/44538/07/2862447.pdf", "archivo": "gm_pedimento_2862447.pdf", "fecha": "31-08-2026", "edicion": "44538" }, "geometry": { "type": "Polygon", "coordinates": [ [ [ -69.601515318186131, -26.028467503213943 ], [ -69.591521190659535, -26.028508750949896 ], [ -69.591657105390098, -26.055596780859908 ], [ -69.601653528947921, -26.055555483860207 ], [ -69.601515318186131, -26.028467503213943 ] ] ] } },
{ "type": "Feature", "properties": { "cve": "2862448", "nombre": "TRONADOR ESTE 11", "solicitante": "Verai Chile SpA", "region": "REGIÓN DE ATACAMA", "provincia": "Provincia de Chañaral", "comuna": "Diego de Almagro", "superficie_ha": 300.0, "datum_original": "PSAD56", "huso": 19, "epsg_origen": 24879, "tipo_publicacion": "pedimento", "fuente_pdf": "http://www.diariooficial.interior.gob.cl/publicaciones/2026/08/31/44538/07/2862448.pdf", "archivo": "gm_pedimento_2862448.pdf", "fecha": "31-08-2026", "edicion": "44538" }, "geometry": { "type": "Polygon", "coordinates": [ [ [ -69.591521190659535, -26.028508750949896 ], [ -69.581527041591727, -26.028549307699716 ], [ -69.581660660269549, -26.055637386048236 ], [ -69.591657105390098, -26.055596780859908 ], [ -69.591521190659535, -26.028508750949896 ] ] ] } },
{ "type": "Feature", "properties": { "cve": "2862449", "nombre": "TRONADOR ESTE 12", "solicitante": "Verai Chile SpA", "region": "REGIÓN DE ATACAMA", "provincia": "Provincia de Chañaral", "comuna": "DIEGO DE ALMAGRO", "superficie_ha": 300.0, "datum_original": "PSAD56", "huso": 19, "epsg_origen": 24879, "tipo_publicacion": "pedimento", "fuente_pdf": "http://www.diariooficial.interior.gob.cl/publicaciones/2026/08/31/44538/07/2862449.pdf", "archivo": "gm_pedimento_2862449.pdf", "fecha": "31-08-2026", "edicion": "44538" }, "geometry": { "type": "Polygon", "coordinates": [ [ [ -69.581527041591727, -26.028549307699716 ], [ -69.571532871346548, -26.028589173457718 ], [ -69.571664193950511, -26.055677299419489 ], [ -69.581660660269549, -26.055637386048236 ], [ -69.581527041591727, -26.028549307699716 ] ] ] } },
{ "type": "Feature", "properties": { "cve": "2862439", "nombre": "TRONADOR ESTE 2", "solicitante": "Verai Chile SpA", "region": "REGIÓN DE ATACAMA", "provincia": "Provincia de Chañaral", "comuna": "DIEGO DE ALMAGRO", "superficie_ha": 300.0, "datum_original": "PSAD56", "huso": 19, "epsg_origen": 24879, "tipo_publicacion": "pedimento", "fuente_pdf": "http://www.diariooficial.interior.gob.cl/publicaciones/2026/08/31/44538/07/2862439.pdf", "archivo": "gm_pedimento_2862439.pdf", "fecha": "31-08-2026", "edicion": "44538" }, "geometry": { "type": "Polygon", "coordinates": [ [ [ -69.591108068197599, -25.947208143886996 ], [ -69.58112091433722, -25.947248554501254 ], [ -69.581253958632715, -25.974336604605483 ], [ -69.591243398672745, -25.974296145618755 ], [ -69.591108068197599, -25.947208143886996 ] ] ] } },
{ "type": "Feature", "properties": { "cve": "2862440", "nombre": "TRONADOR ESTE 3", "solicitante": "Verai Chile SpA", "region": "REGIÓN DE ATACAMA", "provincia": "Provincia de Chañaral", "comuna": "DIEGO DE ALMAGRO", "superficie_ha": 300.0, "datum_original": "PSAD56", "huso": 19, "epsg_origen": 24879, "tipo_publicacion": "pedimento", "fuente_pdf": "http://www.diariooficial.interior.gob.cl/publicaciones/2026/08/31/44538/07/2862440.pdf", "archivo": "gm_pedimento_2862440.pdf", "fecha": "31-08-2026", "edicion": "44538" }, "geometry": { "type": "Polygon", "coordinates": [ [ [ -69.58112091433722, -25.947248554501254 ], [ -69.571133739363248, -25.947288276614522 ], [ -69.571264497458074, -25.974376374267109 ], [ -69.581253958632715, -25.974336604605483 ], [ -69.58112091433722, -25.947248554501254 ] ] ] } },
{ "type": "Feature", "properties": { "cve": "2862441", "nombre": "TRONADOR ESTE 4", "solicitante": "Verai Chile SpA", "region": "REGIÓN DE ATACAMA", "provincia": "Provincia de Chañaral", "comuna": "DIEGO DE ALMAGRO", "superficie_ha": 300.0, "datum_original": "PSAD56", "huso": 19, "epsg_origen": 24879, "tipo_publicacion": "pedimento", "fuente_pdf": "http://www.diariooficial.interior.gob.cl/publicaciones/2026/08/31/44538/07/2862441.pdf", "archivo": "gm_pedimento_2862441.pdf", "fecha": "31-08-2026", "edicion": "44538" }, "geometry": { "type": "Polygon", "coordinates": [ [ [ -69.601232817215021, -25.974254997312574 ], [ -69.591243398672745, -25.974296145618755 ], [ -69.59137892263, -26.001384044470676 ], [ -69.601370630598851, -26.001342846945981 ], [ -69.601232817215021, -25.974254997312574 ] ] ] } },
{ "type": "Feature", "properties": { "cve": "2862442", "nombre": "TRONADOR ESTE 5", "solicitante": "Verai Chile SpA", "region": "REGIÓN DE ATACAMA", "provincia": "Provincia de Chañaral", "comuna": "DIEGO DE ALMAGRO", "superficie_ha": 300.0, "datum_original": "PSAD56", "huso": 19, "epsg_origen": 24879, "tipo_publicacion": "pedimento", "fuente_pdf": "http://www.diariooficial.interior.gob.cl/publicaciones/2026/08/31/44538/07/2862442.pdf", "archivo": "gm_pedimento_2862442.pdf", "fecha": "31-08-2026", "edicion": "44538" }, "geometry": { "type": "Polygon", "coordinates": [ [ [ -69.591243398672745, -25.974296145618755 ], [ -69.581253958632715, -25.974336604605483 ], [ -69.581387193141964, -26.00142455185145 ], [ -69.59137892263, -26.001384044470676 ], [ -69.591243398672745, -25.974296145618755 ] ] ] } },
{ "type": "Feature", "properties": { "cve": "2862443", "nombre": "TRONADOR ESTE 6", "solicitante": "Verai Chile SpA", "region": "REGIÓN DE ATACAMA", "provincia": "Provincia de Chañaral", "comuna": "DIEGO DE ALMAGRO", "superficie_ha": 300.0, "datum_original": "PSAD56", "huso": 19, "epsg_origen": 24879, "tipo_publicacion": "pedimento", "fuente_pdf": "http://www.diariooficial.interior.gob.cl/publicaciones/2026/08/31/44538/07/2862443.pdf", "archivo": "gm_pedimento_2862443.pdf", "fecha": "31-08-2026", "edicion": "44538" }, "geometry": { "type": "Polygon", "coordinates": [ [ [ -69.581253958632715, -25.974336604605483 ], [ -69.571264497458074, -25.974376374267109 ], [ -69.571395442498286, -26.001464369082619 ], [ -69.581387193141964, -26.00142455185145 ], [ -69.581253958632715, -25.974336604605483 ] ] ] } },
{ "type": "Feature", "properties": { "cve": "2862444", "nombre": "TRONADOR ESTE 7", "solicitante": "Verai Chile SpA", "region": "REGIÓN DE ATACAMA", "provincia": "Provincia de Chañaral", "comuna": "DIEGO DE ALMAGRO", "superficie_ha": 300.0, "datum_original": "PSAD56", "huso": 19, "epsg_origen": 24879, "tipo_publicacion": "pedimento", "fuente_pdf": "http://www.diariooficial.interior.gob.cl/publicaciones/2026/08/31/44538/07/2862444.pdf", "archivo": "gm_pedimento_2862444.pdf", "fecha": "31-08-2026", "edicion": "44538" }, "geometry": { "type": "Polygon", "coordinates": [ [ [ -69.601370630598851, -26.001342846945981 ], [ -69.59137892263, -26.001384044470676 ], [ -69.591521190659535, -26.028508750949896 ], [ -69.601515318186131, -26.028467503213943 ], [ -69.601370630598851, -26.001342846945981 ] ] ] } },
{ "type": "Feature", "properties": { "cve": "2862445", "nombre": "TRONADOR ESTE 8", "solicitante": "Verai Chile SpA", "region": "REGIÓN DE ATACAMA", "provincia": "Provincia de Chañaral", "comuna": "DIEGO DE ALMAGRO", "superficie_ha": 300.0, "datum_original": "PSAD56", "huso": 19, "epsg_origen": 24879, "tipo_publicacion": "pedimento", "fuente_pdf": "http://www.diariooficial.interior.gob.cl/publicaciones/2026/08/31/44538/07/2862445.pdf", "archivo": "gm_pedimento_2862445.pdf", "fecha": "31-08-2026", "edicion": "44538" }, "geometry": { "type": "Polygon", "coordinates": [ [ [ -69.59137892263, -26.001384044470676 ], [ -69.581387193141964, -26.00142455185145 ], [ -69.581527041591727, -26.028549307699716 ], [ -69.591521190659535, -26.028508750949896 ], [ -69.59137892263, -26.001384044470676 ] ] ] } },
{ "type": "Feature", "properties": { "cve": "2862446", "nombre": "TRONADOR ESTE 9", "solicitante": "Verai Chile SpA", "region": "REGIÓN DE ATACAMA", "provincia": "Provincia de Chañaral", "comuna": "DIEGO DE ALMAGRO", "superficie_ha": 300.0, "datum_original": "PSAD56", "huso": 19, "epsg_origen": 24879, "tipo_publicacion": "pedimento", "fuente_pdf": "http://www.diariooficial.interior.gob.cl/publicaciones/2026/08/31/44538/07/2862446.pdf", "archivo": "gm_pedimento_2862446.pdf", "fecha": "31-08-2026", "edicion": "44538" }, "geometry": { "type": "Polygon", "coordinates": [ [ [ -69.581387193141964, -26.00142455185145 ], [ -69.571395442498286, -26.001464369082619 ], [ -69.571532871346548, -26.028589173457718 ], [ -69.581527041591727, -26.028549307699716 ], [ -69.581387193141964, -26.00142455185145 ] ] ] } },
{ "type": "Feature", "properties": { "cve": "2861447", "nombre": "CUARTOS 1", "solicitante": "Solís Portales Cristián Andrés", "region": "REGIÓN DE COQUIMBO", "provincia": "Provincia de Elqui", "comuna": "Vicuña", "superficie_ha": 300.0, "datum_original": "PSAD56", "huso": 19, "epsg_origen": 24879, "tipo_publicacion": "pedimento", "fuente_pdf": "http://www.diariooficial.interior.gob.cl/publicaciones/2026/08/31/44538/07/2861447.pdf", "archivo": "gm_pedimento_2861447.pdf", "fecha": "31-08-2026", "edicion": "44538" }, "geometry": { "type": "Polygon", "coordinates": [ [ [ -70.200682840108783, -29.647916681569335 ], [ -70.1696934037912, -29.648193676452188 ], [ -70.169797748919606, -29.657216855088631 ], [ -70.200789948121397, -29.656939759227079 ], [ -70.200682840108783, -29.647916681569335 ] ] ] } },
{ "type": "Feature", "properties": { "cve": "2861448", "nombre": "CUARTOS 2", "solicitante": "Solís Portales Cristián Andrés", "region": "REGIÓN DE COQUIMBO", "provincia": "Provincia de Elqui", "comuna": "Vicuña", "superficie_ha": 300.0, "datum_original": "PSAD56", "huso": 19, "epsg_origen": 24879, "tipo_publicacion": "pedimento", "fuente_pdf": "http://www.diariooficial.interior.gob.cl/publicaciones/2026/08/31/44538/07/2861448.pdf", "archivo": "gm_pedimento_2861448.pdf", "fecha": "31-08-2026", "edicion": "44538" }, "geometry": { "type": "Polygon", "coordinates": [ [ [ -70.200789948121397, -29.656939759227079 ], [ -70.169797748919606, -29.657216855088631 ], [ -70.169902141539012, -29.666240021004903 ], [ -70.20089710488206, -29.665962824147059 ], [ -70.200789948121397, -29.656939759227079 ] ] ] } },
{ "type": "Feature", "properties": { "cve": "2861449", "nombre": "CUARTOS 3", "solicitante": "Solís Portales Cristián Andrés", "region": "REGIÓN DE COQUIMBO", "provincia": "Provincia de Elqui", "comuna": "Vicuña", "superficie_ha": 300.0, "datum_original": "PSAD56", "huso": 19, "epsg_origen": 24879, "tipo_publicacion": "pedimento", "fuente_pdf": "http://www.diariooficial.interior.gob.cl/publicaciones/2026/08/31/44538/07/2861449.pdf", "archivo": "gm_pedimento_2861449.pdf", "fecha": "31-08-2026", "edicion": "44538" }, "geometry": { "type": "Polygon", "coordinates": [ [ [ -70.20089710488206, -29.665962824147059 ], [ -70.169902141539012, -29.666240021004903 ], [ -70.170006581667224, -29.67526317419853 ], [ -70.201004310409076, -29.674985876326812 ], [ -70.20089710488206, -29.665962824147059 ] ] ] } },
{ "type": "Feature", "properties": { "cve": "2861450", "nombre": "Punilla 1", "solicitante": "Solís Portales Cristian Andrés", "region": "REGIÓN DE COQUIMBO", "provincia": "Provincia de Elqui", "comuna": "Vicuña", "superficie_ha": 300.0, "datum_original": "PSAD56", "huso": 19, "epsg_origen": 24879, "tipo_publicacion": "pedimento", "fuente_pdf": "http://www.diariooficial.interior.gob.cl/publicaciones/2026/08/31/44538/07/2861450.pdf", "archivo": "gm_pedimento_2861450.pdf", "fecha": "31-08-2026", "edicion": "44538" }, "geometry": { "type": "Polygon", "coordinates": [ [ [ -70.365497763872725, -29.635610597028332 ], [ -70.355169920455538, -29.635716530866009 ], [ -70.355532566406509, -29.662784141099223 ], [ -70.365863171487362, -29.66267809136421 ], [ -70.365497763872725, -29.635610597028332 ] ] ] } },
{ "type": "Feature", "properties": { "cve": "2861451", "nombre": "Punilla 2", "solicitante": "Solís Portales Cristian Andrés", "region": "REGIÓN DE COQUIMBO", "provincia": "Provincia de Elqui", "comuna": "Vicuña", "superficie_ha": 100.0, "datum_original": "PSAD56", "huso": 19, "epsg_origen": 24879, "tipo_publicacion": "pedimento", "fuente_pdf": "http://www.diariooficial.interior.gob.cl/publicaciones/2026/08/31/44538/07/2861451.pdf", "archivo": "gm_pedimento_2861451.pdf", "fecha": "31-08-2026", "edicion": "44538" }, "geometry": { "type": "Polygon", "coordinates": [ [ [ -70.376070942195923, -29.653548790643715 ], [ -70.365741313522093, -29.653655606090087 ], [ -70.365863171487362, -29.66267809136421 ], [ -70.376193721113708, -29.662571236985567 ], [ -70.376070942195923, -29.653548790643715 ] ] ] } },
{ "type": "Feature", "properties": { "cve": "2861452", "nombre": "Punilla 3", "solicitante": "Solís Portales Cristian Andrés", "region": "REGIÓN DE COQUIMBO", "provincia": "Provincia de Elqui", "comuna": "Vicuña", "superficie_ha": 200.0, "datum_original": "PSAD56", "huso": 19, "epsg_origen": 24879, "tipo_publicacion": "pedimento", "fuente_pdf": "http://www.diariooficial.interior.gob.cl/publicaciones/2026/08/31/44538/07/2861452.pdf", "archivo": "gm_pedimento_2861452.pdf", "fecha": "31-08-2026", "edicion": "44538" }, "geometry": { "type": "Polygon", "coordinates": [ [ [ -70.369478870185986, -29.6626407838591 ], [ -70.348817643564857, -29.662852641929479 ], [ -70.348938036676728, -29.671875177970961 ], [ -70.369601106088439, -29.671663242696699 ], [ -70.369478870185986, -29.6626407838591 ] ] ] } },
{ "type": "Feature", "properties": { "cve": "2861453", "nombre": "Punilla 4", "solicitante": "Solís Portales Cristian Andrés", "region": "REGIÓN DE COQUIMBO", "provincia": "Provincia de Elqui", "comuna": "Vicuña", "superficie_ha": 200.0, "datum_original": "PSAD56", "huso": 19, "epsg_origen": 24879, "tipo_publicacion": "pedimento", "fuente_pdf": "http://www.diariooficial.interior.gob.cl/publicaciones/2026/08/31/44538/07/2861453.pdf", "archivo": "gm_pedimento_2861453.pdf", "fecha": "31-08-2026", "edicion": "44538" }, "geometry": { "type": "Polygon", "coordinates": [ [ [ -70.375199562400852, -29.680628965510017 ], [ -70.364867162930949, -29.680735801146792 ], [ -70.365111045848892, -29.698780691093905 ], [ -70.375445290162602, -29.698673777615447 ], [ -70.375199562400852, -29.680628965510017 ] ] ] } },
{ "type": "Feature", "properties": { "cve": "2861454", "nombre": "Punilla 5", "solicitante": "Solís Portales Cristian Andrés", "region": "REGIÓN DE COQUIMBO", "provincia": "Provincia de Elqui", "comuna": "Vicuña", "superficie_ha": 300.0, "datum_original": "PSAD56", "huso": 19, "epsg_origen": 24879, "tipo_publicacion": "pedimento", "fuente_pdf": "http://www.diariooficial.interior.gob.cl/publicaciones/2026/08/31/44538/07/2861454.pdf", "archivo": "gm_pedimento_2861454.pdf", "fecha": "31-08-2026", "edicion": "44538" }, "geometry": { "type": "Polygon", "coordinates": [ [ [ -70.364745304651535, -29.671713336903828 ], [ -70.354413771549574, -29.671819328691285 ], [ -70.35477674604769, -29.698886798753968 ], [ -70.365111045848892, -29.698780691093905 ], [ -70.364745304651535, -29.671713336903828 ] ] ] } },
{ "type": "Feature", "properties": { "cve": "2861455", "nombre": "Punilla 6", "solicitante": "Solís Portales Cristián Andrés", "region": "REGIÓN DE COQUIMBO", "provincia": "Provincia de Elqui", "comuna": "Vicuña", "superficie_ha": 300.0, "datum_original": "PSAD56", "huso": 19, "epsg_origen": 24879, "tipo_publicacion": "pedimento", "fuente_pdf": "http://www.diariooficial.interior.gob.cl/publicaciones/2026/08/31/44538/07/2861455.pdf", "archivo": "gm_pedimento_2861455.pdf", "fecha": "31-08-2026", "edicion": "44538" }, "geometry": { "type": "Polygon", "coordinates": [ [ [ -70.354413771549574, -29.671819328691285 ], [ -70.344082183441628, -29.671924515524594 ], [ -70.344442391178589, -29.698992100580131 ], [ -70.35477674604769, -29.698886798753968 ], [ -70.354413771549574, -29.671819328691285 ] ] ] } },
{ "type": "Feature", "properties": { "cve": "2861456", "nombre": "Punilla 7", "solicitante": "Solís Portales Cristian Andrés", "region": "REGIÓN DE COQUIMBO", "provincia": "Provincia de Elqui", "comuna": "Vicuña", "superficie_ha": 100.0, "datum_original": "PSAD56", "huso": 19, "epsg_origen": 24879, "tipo_publicacion": "pedimento", "fuente_pdf": "http://www.diariooficial.interior.gob.cl/publicaciones/2026/08/31/44538/07/2861456.pdf", "archivo": "gm_pedimento_2861456.pdf", "fecha": "31-08-2026", "edicion": "44538" }, "geometry": { "type": "Polygon", "coordinates": [ [ [ -70.357050296743424, -29.698863524208775 ], [ -70.34671595395325, -29.698969003319704 ], [ -70.346836335550904, -29.707991497590228 ], [ -70.357171601429215, -29.707885980070426 ], [ -70.357050296743424, -29.698863524208775 ] ] ] } },
{ "type": "Feature", "properties": { "cve": "2861457", "nombre": "Punilla 8", "solicitante": "Solís Portales Cristian Andrés", "region": "REGIÓN DE COQUIMBO", "provincia": "Provincia de Elqui", "comuna": "Vicuña", "superficie_ha": 300.0, "datum_original": "PSAD56", "huso": 19, "epsg_origen": 24879, "tipo_publicacion": "pedimento", "fuente_pdf": "http://www.diariooficial.interior.gob.cl/publicaciones/2026/08/31/44538/07/2861457.pdf", "archivo": "gm_pedimento_2861457.pdf", "fecha": "31-08-2026", "edicion": "44538" }, "geometry": { "type": "Polygon", "coordinates": [ [ [ -70.367384584373369, -29.698757239267309 ], [ -70.357050296743424, -29.698863524208775 ], [ -70.357414376365071, -29.725930853247998 ], [ -70.367751434456551, -29.725824452179626 ], [ -70.367384584373369, -29.698757239267309 ] ] ] } },
{ "type": "Feature", "properties": { "cve": "2861495", "nombre": "LOS WARBOS 23", "solicitante": "FMR Chile Exploration SpA", "region": "REGIÓN DE COQUIMBO", "provincia": "Provincia de Limarí", "comuna": null, "superficie_ha": 300.0, "datum_original": "PSAD56", "huso": 19, "epsg_origen": 24879, "tipo_publicacion": "pedimento", "fuente_pdf": "http://www.diariooficial.interior.gob.cl/publicaciones/2026/08/31/44538/07/2861495.pdf", "archivo": "gm_pedimento_2861495.pdf", "fecha": "31-08-2026", "edicion": "44538" }, "geometry": { "type": "Polygon", "coordinates": [ [ [ -70.53572021090848, -30.627942432391912 ], [ -70.525289339960096, -30.628065207177741 ], [ -70.525714090732222, -30.655126663927632 ], [ -70.536147863614374, -30.655003757507302 ], [ -70.53572021090848, -30.627942432391912 ] ] ] } },
{ "type": "Feature", "properties": { "cve": "2861496", "nombre": "LOS WARBOS 26", "solicitante": "FMR Chile Exploration SpA", "region": "REGIÓN DE COQUIMBO", "provincia": "Provincia de Limarí", "comuna": null, "superficie_ha": 300.0, "datum_original": "PSAD56", "huso": 19, "epsg_origen": 24879, "tipo_publicacion": "pedimento", "fuente_pdf": "http://www.diariooficial.interior.gob.cl/publicaciones/2026/08/31/44538/07/2861496.pdf", "archivo": "gm_pedimento_2861496.pdf", "fecha": "31-08-2026", "edicion": "44538" }, "geometry": { "type": "Polygon", "coordinates": [ [ [ -70.504427406885227, -30.628308248374882 ], [ -70.493996345631032, -30.628428514750151 ], [ -70.494412390159312, -30.655490361026676 ], [ -70.504846353568055, -30.655369965705372 ], [ -70.504427406885227, -30.628308248374882 ] ] ] } },
{ "type": "Feature", "properties": { "cve": "2861497", "nombre": "LOS WARBOS 30", "solicitante": "FMR Chile Exploration SpA", "region": "REGIÓN DE COQUIMBO", "provincia": "Provincia de Limarí", "comuna": null, "superficie_ha": 300.0, "datum_original": "PSAD56", "huso": 19, "epsg_origen": 24879, "tipo_publicacion": "pedimento", "fuente_pdf": "http://www.diariooficial.interior.gob.cl/publicaciones/2026/08/31/44538/07/2861497.pdf", "archivo": "gm_pedimento_2861497.pdf", "fecha": "31-08-2026", "edicion": "44538" }, "geometry": { "type": "Polygon", "coordinates": [ [ [ -70.598897621812043, -30.66326888831696 ], [ -70.588463273739166, -30.663396862126739 ], [ -70.588906233922359, -30.69045735640918 ], [ -70.599343488713075, -30.690329245489163 ], [ -70.598897621812043, -30.66326888831696 ] ] ] } },
{ "type": "Feature", "properties": { "cve": "2861498", "nombre": "LOS WARBOS 31", "solicitante": "FMR Chile Exploration SpA", "region": "REGIÓN DE COQUIMBO", "provincia": "Provincia de Limarí", "comuna": null, "superficie_ha": 300.0, "datum_original": "PSAD56", "huso": 19, "epsg_origen": 24879, "tipo_publicacion": "pedimento", "fuente_pdf": "http://www.diariooficial.interior.gob.cl/publicaciones/2026/08/31/44538/07/2861498.pdf", "archivo": "gm_pedimento_2861498.pdf", "fecha": "31-08-2026", "edicion": "44538" }, "geometry": { "type": "Polygon", "coordinates": [ [ [ -70.588463273739166, -30.663396862126739 ], [ -70.57802885907553, -30.663523998734018 ], [ -70.578468912463535, -30.690584629230091 ], [ -70.588906233922359, -30.69045735640918 ], [ -70.588463273739166, -30.663396862126739 ] ] ] } },
{ "type": "Feature", "properties": { "cve": "2862328", "nombre": "MACA 2 EXPLORACION", "solicitante": "Inversiones Eleutera Sociedad Anónima", "region": "REGIÓN METROPOLITANA DE SANTIAGO", "provincia": "Provincia de Santiago", "comuna": "Peñalolén", "superficie_ha": 200.0, "datum_original": "PSAD56", "huso": 19, "epsg_origen": 24879, "tipo_publicacion": "pedimento", "fuente_pdf": "http://www.diariooficial.interior.gob.cl/publicaciones/2026/08/31/44538/07/2862328.pdf", "archivo": "gm_pedimento_2862328.pdf", "fecha": "31-08-2026", "edicion": "44538" }, "geometry": { "type": "Polygon", "coordinates": [ [ [ -70.508769584466464, -33.478675554816803 ], [ -70.48725043601948, -33.47893566883743 ], [ -70.487404555738678, -33.487952236812433 ], [ -70.508925932108895, -33.487692034320261 ], [ -70.508769584466464, -33.478675554816803 ] ] ] } }
]
}
