{
"type": "FeatureCollection",
"name": "boletin_mineria_20260923",
"crs": { "type": "name", "properties": { "name": "urn:ogc:def:crs:OGC:1.3:CRS84" } },
"features": [
{ "type": "Feature", "properties": { "cve": "2873975", "nombre": "SAN CARLOS 1 AL 6", "solicitante": "Zepeda Rojas Luis Alejandro", "region": "REGIÓN DE ATACAMA", "provincia": "Provincia de Chañaral", "comuna": null, "superficie_ha": 42.0, "datum_original": "WGS84", "huso": 19, "epsg_origen": 32719, "tipo_publicacion": "manifestacion", "fuente_pdf": "http://www.diariooficial.interior.gob.cl/publicaciones/2026/09/23/44556/07/2873975.pdf", "archivo": "gm_manifestacion_2873975.pdf", "fecha": "23-09-2026", "edicion": "44556" }, "geometry": { "type": "Polygon", "coordinates": [ [ [ -69.92662335536167, -26.04683762829886 ], [ -69.919626921596347, -26.046882344525468 ], [ -69.919669197125728, -26.052299522919519 ], [ -69.926665952407504, -26.052254796020506 ], [ -69.92662335536167, -26.04683762829886 ] ] ] } },
{ "type": "Feature", "properties": { "cve": "2874083", "nombre": "PEPITO TV 1 al 6", "solicitante": "Salomón George Carlos Felipe", "region": "REGIÓN DE ATACAMA", "provincia": "Provincia de Huasco", "comuna": null, "superficie_ha": 6.0, "datum_original": "WGS84", "huso": 19, "epsg_origen": 32719, "tipo_publicacion": "manifestacion", "fuente_pdf": "http://www.diariooficial.interior.gob.cl/publicaciones/2026/09/23/44556/07/2874083.pdf", "archivo": "gm_manifestacion_2874083.pdf", "fecha": "23-09-2026", "edicion": "44556" }, "geometry": { "type": "Polygon", "coordinates": [ [ [ -70.964997882525353, -28.323169024973023 ], [ -70.961939324342268, -28.323213046118461 ], [ -70.961972465415386, -28.325017357534993 ], [ -70.965031075182651, -28.324973333085762 ], [ -70.964997882525353, -28.323169024973023 ] ] ] } },
{ "type": "Feature", "properties": { "cve": "2873914", "nombre": "TAMARA UNO 1 AL 10", "solicitante": "Muñoz Andrade Rodolfo Arsenio", "region": "REGIÓN DE ATACAMA", "provincia": "Provincia de Huasco", "comuna": null, "superficie_ha": 60.0, "datum_original": "PSAD56", "huso": 19, "epsg_origen": 24879, "tipo_publicacion": "manifestacion", "fuente_pdf": "http://www.diariooficial.interior.gob.cl/publicaciones/2026/09/23/44556/07/2873914.pdf", "archivo": "gm_manifestacion_2873914.pdf", "fecha": "23-09-2026", "edicion": "44556" }, "geometry": { "type": "Polygon", "coordinates": [ [ [ -71.181697919615459, -28.873030575841021 ], [ -71.175549724197822, -28.873129976191859 ], [ -71.175737713982357, -28.882149566180676 ], [ -71.181886439640991, -28.882050128996593 ], [ -71.181697919615459, -28.873030575841021 ] ] ] } },
{ "type": "Feature", "properties": { "cve": "2873827", "nombre": "ALMA MINING 1 AL 10", "solicitante": "Madrid Olivares Rubén Alberto", "region": "REGIÓN DE ATACAMA", "provincia": "Provincia de Copiapó", "comuna": null, "superficie_ha": 50.0, "datum_original": "WGS84", "huso": 19, "epsg_origen": 32719, "tipo_publicacion": "mensura", "fuente_pdf": "http://www.diariooficial.interior.gob.cl/publicaciones/2026/09/23/44556/07/2873827.pdf", "archivo": "gm_mensura_2873827.pdf", "fecha": "23-09-2026", "edicion": "44556" }, "geometry": { "type": "Polygon", "coordinates": [ [ [ -70.146339575027199, -27.258012592508905 ], [ -70.141289454686145, -27.258053863303967 ], [ -70.141381633137357, -27.26708032233817 ], [ -70.146432161143892, -27.267039035643215 ], [ -70.146339575027199, -27.258012592508905 ] ] ] } },
{ "type": "Feature", "properties": { "cve": "2873828", "nombre": "DIVA LOVE 1 AL 7", "solicitante": "Madrid Olivares Rubén Alberto", "region": "REGIÓN DE ATACAMA", "provincia": "Provincia de Copiapó", "comuna": null, "superficie_ha": 58.0, "datum_original": "WGS84", "huso": 19, "epsg_origen": 32719, "tipo_publicacion": "mensura", "fuente_pdf": "http://www.diariooficial.interior.gob.cl/publicaciones/2026/09/23/44556/07/2873828.pdf", "archivo": "gm_mensura_2873828.pdf", "fecha": "23-09-2026", "edicion": "44556" }, "geometry": { "type": "Polygon", "coordinates": [ [ [ -69.874292647599816, -27.330545102819411 ], [ -69.867217288152631, -27.330589197293939 ], [ -69.867287550252172, -27.339616322824323 ], [ -69.871330942238487, -27.339591160169324 ], [ -69.871302702456717, -27.335980315246942 ], [ -69.874335144733209, -27.335961369383252 ], [ -69.874292647599816, -27.330545102819411 ] ] ] } },
{ "type": "Feature", "properties": { "cve": "2874068", "nombre": "REV_BAR 1", "solicitante": "Ingeniería e Innovación SpA", "region": "REGIÓN DE ATACAMA", "provincia": "Provincia de Copiapó", "comuna": null, "superficie_ha": 300.0, "datum_original": "PSAD56", "huso": 19, "epsg_origen": 24879, "tipo_publicacion": "pedimento", "fuente_pdf": "http://www.diariooficial.interior.gob.cl/publicaciones/2026/09/23/44556/07/2874068.pdf", "archivo": "gm_pedimento_2874068.pdf", "fecha": "23-09-2026", "edicion": "44556" }, "geometry": { "type": "Polygon", "coordinates": [ [ [ -69.816079529998987, -27.118069928633695 ], [ -69.785813469610616, -27.118242490910387 ], [ -69.785876552015196, -27.127270083241836 ], [ -69.816145041413776, -27.127097454237017 ], [ -69.816079529998987, -27.118069928633695 ] ] ] } },
{ "type": "Feature", "properties": { "cve": "2874069", "nombre": "REV_BAR 2", "solicitante": "Ingeniería e Innovación SpA", "region": "REGIÓN DE ATACAMA", "provincia": "Provincia de Copiapó", "comuna": null, "superficie_ha": 300.0, "datum_original": "PSAD56", "huso": 19, "epsg_origen": 24879, "tipo_publicacion": "pedimento", "fuente_pdf": "http://www.diariooficial.interior.gob.cl/publicaciones/2026/09/23/44556/07/2874069.pdf", "archivo": "gm_pedimento_2874069.pdf", "fecha": "23-09-2026", "edicion": "44556" }, "geometry": { "type": "Polygon", "coordinates": [ [ [ -69.816145041413776, -27.127097454237017 ], [ -69.785876552015196, -27.127270083241836 ], [ -69.785939663958828, -27.13629766373543 ], [ -69.816210583504883, -27.136124967992043 ], [ -69.816145041413776, -27.127097454237017 ] ] ] } },
{ "type": "Feature", "properties": { "cve": "2874070", "nombre": "REV_BAR 4", "solicitante": "Ingeniería e Innovación SpA", "region": "REGIÓN DE ATACAMA", "provincia": "Provincia de Copiapó", "comuna": null, "superficie_ha": 100.0, "datum_original": "PSAD56", "huso": 19, "epsg_origen": 24879, "tipo_publicacion": "pedimento", "fuente_pdf": "http://www.diariooficial.interior.gob.cl/publicaciones/2026/09/23/44556/07/2874070.pdf", "archivo": "gm_pedimento_2874070.pdf", "fecha": "23-09-2026", "edicion": "44556" }, "geometry": { "type": "Polygon", "coordinates": [ [ [ -69.681848436919537, -26.943638776948685 ], [ -69.671775046042995, -26.943687095189183 ], [ -69.671828570401033, -26.952715142801292 ], [ -69.681902763734769, -26.952666805792195 ], [ -69.681848436919537, -26.943638776948685 ] ] ] } },
{ "type": "Feature", "properties": { "cve": "2874071", "nombre": "REV_BAR 5", "solicitante": "Ingeniería e Innovación SpA", "region": "REGIÓN DE ATACAMA", "provincia": "Provincia de Copiapó", "comuna": null, "superficie_ha": 100.0, "datum_original": "PSAD56", "huso": 19, "epsg_origen": 24879, "tipo_publicacion": "pedimento", "fuente_pdf": "http://www.diariooficial.interior.gob.cl/publicaciones/2026/09/23/44556/07/2874071.pdf", "archivo": "gm_pedimento_2874071.pdf", "fecha": "23-09-2026", "edicion": "44556" }, "geometry": { "type": "Polygon", "coordinates": [ [ [ -69.664309608347594, -26.941826493400207 ], [ -69.654236342483628, -26.941873556668906 ], [ -69.654288465408257, -26.950901638738824 ], [ -69.664362533665241, -26.950854557188066 ], [ -69.664309608347594, -26.941826493400207 ] ] ] } },
{ "type": "Feature", "properties": { "cve": "2874072", "nombre": "REV_BAR 6", "solicitante": "Ingeniería e Innovación SpA", "region": "REGIÓN DE ATACAMA", "provincia": "Provincia de Copiapó", "comuna": null, "superficie_ha": 100.0, "datum_original": "PSAD56", "huso": 19, "epsg_origen": 24879, "tipo_publicacion": "pedimento", "fuente_pdf": "http://www.diariooficial.interior.gob.cl/publicaciones/2026/09/23/44556/07/2874072.pdf", "archivo": "gm_pedimento_2874072.pdf", "fecha": "23-09-2026", "edicion": "44556" }, "geometry": { "type": "Polygon", "coordinates": [ [ [ -69.654221752448123, -26.939345691585032 ], [ -69.644148686730375, -26.939392030821107 ], [ -69.644200000509684, -26.94842013418106 ], [ -69.654273868523404, -26.948373776943004 ], [ -69.654221752448123, -26.939345691585032 ] ] ] } },
{ "type": "Feature", "properties": { "cve": "2873883", "nombre": "DORADO 1", "solicitante": "Miranda Arcos Francisco Nicolás", "region": "REGIÓN DE ATACAMA", "provincia": "Provincia de Chañaral", "comuna": "Diego de Almagro", "superficie_ha": 300.0, "datum_original": "PSAD56", "huso": 19, "epsg_origen": 24879, "tipo_publicacion": "pedimento", "fuente_pdf": "http://www.diariooficial.interior.gob.cl/publicaciones/2026/09/23/44556/07/2873883.pdf", "archivo": "gm_pedimento_2873883.pdf", "fecha": "23-09-2026", "edicion": "44556" }, "geometry": { "type": "Polygon", "coordinates": [ [ [ -68.680394414596577, -26.61988745766805 ], [ -68.670349017021081, -26.619864538777918 ], [ -68.670271281397191, -26.646951314891943 ], [ -68.680319047697097, -26.646974260722331 ], [ -68.680394414596577, -26.61988745766805 ] ] ] } },
{ "type": "Feature", "properties": { "cve": "2873884", "nombre": "DORADO 2", "solicitante": "Miranda Arcos Francisco Nicolás", "region": "REGIÓN DE ATACAMA", "provincia": "Provincia de Chañaral", "comuna": "DIEGO DE ALMAGRO", "superficie_ha": 300.0, "datum_original": "PSAD56", "huso": 19, "epsg_origen": 24879, "tipo_publicacion": "pedimento", "fuente_pdf": "http://www.diariooficial.interior.gob.cl/publicaciones/2026/09/23/44556/07/2873884.pdf", "archivo": "gm_pedimento_2873884.pdf", "fecha": "23-09-2026", "edicion": "44556" }, "geometry": { "type": "Polygon", "coordinates": [ [ [ -68.670349017021081, -26.619864538777918 ], [ -68.66030363165612, -26.619840910705406 ], [ -68.660223527320255, -26.646927659045577 ], [ -68.670271281397191, -26.646951314891943 ], [ -68.670349017021081, -26.619864538777918 ] ] ] } },
{ "type": "Feature", "properties": { "cve": "2873885", "nombre": "DORADO 3", "solicitante": "Miranda Arcos Francisco Nicolás", "region": "REGIÓN DE ATACAMA", "provincia": "Provincia de Chañaral", "comuna": "Diego de Almagro", "superficie_ha": 300.0, "datum_original": "PSAD56", "huso": 19, "epsg_origen": 24879, "tipo_publicacion": "pedimento", "fuente_pdf": "http://www.diariooficial.interior.gob.cl/publicaciones/2026/09/23/44556/07/2873885.pdf", "archivo": "gm_pedimento_2873885.pdf", "fecha": "23-09-2026", "edicion": "44556" }, "geometry": { "type": "Polygon", "coordinates": [ [ [ -68.66030363165612, -26.619840910705406 ], [ -68.650258258873734, -26.619816573453857 ], [ -68.650175785838726, -26.646903293186565 ], [ -68.660223527320255, -26.646927659045577 ], [ -68.66030363165612, -26.619840910705406 ] ] ] } },
{ "type": "Feature", "properties": { "cve": "2873886", "nombre": "DORADO 4", "solicitante": "Miranda Arcos Francisco Nicolás", "region": "REGIÓN DE ATACAMA", "provincia": "Provincia de Chañaral", "comuna": "Diego de Almagro", "superficie_ha": 300.0, "datum_original": "PSAD56", "huso": 19, "epsg_origen": 24879, "tipo_publicacion": "pedimento", "fuente_pdf": "http://www.diariooficial.interior.gob.cl/publicaciones/2026/09/23/44556/07/2873886.pdf", "archivo": "gm_pedimento_2873886.pdf", "fecha": "23-09-2026", "edicion": "44556" }, "geometry": { "type": "Polygon", "coordinates": [ [ [ -68.650258258873734, -26.619816573453857 ], [ -68.640212899045991, -26.619791527026713 ], [ -68.640128057325029, -26.646878217318349 ], [ -68.650175785838726, -26.646903293186565 ], [ -68.650258258873734, -26.619816573453857 ] ] ] } },
{ "type": "Feature", "properties": { "cve": "2873887", "nombre": "DORADO 5", "solicitante": "Miranda Arcos Francisco Nicolás", "region": "REGIÓN DE ATACAMA", "provincia": "Provincia de Chañaral", "comuna": "Diego de Almagro", "superficie_ha": 300.0, "datum_original": "PSAD56", "huso": 19, "epsg_origen": 24879, "tipo_publicacion": "pedimento", "fuente_pdf": "http://www.diariooficial.interior.gob.cl/publicaciones/2026/09/23/44556/07/2873887.pdf", "archivo": "gm_pedimento_2873887.pdf", "fecha": "23-09-2026", "edicion": "44556" }, "geometry": { "type": "Polygon", "coordinates": [ [ [ -68.640212899045991, -26.619791527026713 ], [ -68.630167552544961, -26.619765771427488 ], [ -68.630080342151601, -26.646852431444497 ], [ -68.640128057325029, -26.646878217318349 ], [ -68.640212899045991, -26.619791527026713 ] ] ] } },
{ "type": "Feature", "properties": { "cve": "2873888", "nombre": "DORADO 6", "solicitante": "Miranda Arcos Francisco Nicolás", "region": "REGIÓN DE ATACAMA", "provincia": "Provincia de Chañaral", "comuna": "Diego de Almagro", "superficie_ha": 300.0, "datum_original": "PSAD56", "huso": 19, "epsg_origen": 24879, "tipo_publicacion": "pedimento", "fuente_pdf": "http://www.diariooficial.interior.gob.cl/publicaciones/2026/09/23/44556/07/2873888.pdf", "archivo": "gm_pedimento_2873888.pdf", "fecha": "23-09-2026", "edicion": "44556" }, "geometry": { "type": "Polygon", "coordinates": [ [ [ -68.680319047697097, -26.646974260722331 ], [ -68.650175785838726, -26.646903293186565 ], [ -68.650148268897709, -26.655932176589179 ], [ -68.680293901702029, -26.656003171907308 ], [ -68.680319047697097, -26.646974260722331 ] ] ] } },
{ "type": "Feature", "properties": { "cve": "2873889", "nombre": "DORADO 7", "solicitante": "Miranda Arcos Francisco Nicolás", "region": "REGIÓN DE ATACAMA", "provincia": "Provincia de Chañaral", "comuna": "Diego de Almagro", "superficie_ha": 200.0, "datum_original": "PSAD56", "huso": 19, "epsg_origen": 24879, "tipo_publicacion": "pedimento", "fuente_pdf": "http://www.diariooficial.interior.gob.cl/publicaciones/2026/09/23/44556/07/2873889.pdf", "archivo": "gm_pedimento_2873889.pdf", "fecha": "23-09-2026", "edicion": "44556" }, "geometry": { "type": "Polygon", "coordinates": [ [ [ -68.650175785838726, -26.646903293186565 ], [ -68.630080342151601, -26.646852431444497 ], [ -68.630051244601759, -26.655881294935774 ], [ -68.650148268897709, -26.655932176589179 ], [ -68.650175785838726, -26.646903293186565 ] ] ] } },
{ "type": "Feature", "properties": { "cve": "2873890", "nombre": "SOLITARIO", "solicitante": "Pérez Vargas Miguel Ángel", "region": "REGIÓN DE ATACAMA", "provincia": "Provincia de Chañaral", "comuna": "Diego de Almagro", "superficie_ha": 100.0, "datum_original": "PSAD56", "huso": 19, "epsg_origen": 24879, "tipo_publicacion": "pedimento", "fuente_pdf": "http://www.diariooficial.interior.gob.cl/publicaciones/2026/09/23/44556/07/2873890.pdf", "archivo": "gm_pedimento_2873890.pdf", "fecha": "23-09-2026", "edicion": "44556" }, "geometry": { "type": "Polygon", "coordinates": [ [ [ -68.79259612895477, -25.66291855177321 ], [ -68.78263232168139, -25.662904057261212 ], [ -68.782615949413596, -25.671934176048822 ], [ -68.792580507153673, -25.671948676389931 ], [ -68.79259612895477, -25.66291855177321 ] ] ] } },
{ "type": "Feature", "properties": { "cve": "2874322", "nombre": "BENDECIDO 32", "solicitante": "La Herradura Minerals SpA", "region": "REGIÓN DE COQUIMBO", "provincia": "Provincia de Elqui", "comuna": "Andacollo", "superficie_ha": 300.0, "datum_original": "PSAD56", "huso": 19, "epsg_origen": 24879, "tipo_publicacion": "pedimento", "fuente_pdf": "http://www.diariooficial.interior.gob.cl/publicaciones/2026/09/23/44556/07/2874322.pdf", "archivo": "gm_pedimento_2874322.pdf", "fecha": "23-09-2026", "edicion": "44556" }, "geometry": { "type": "Polygon", "coordinates": [ [ [ -71.192110984630219, -30.12527464154492 ], [ -71.181737213577776, -30.125447459026006 ], [ -71.182332615117517, -30.152500942347711 ], [ -71.19270921168166, -30.152327937785827 ], [ -71.192110984630219, -30.12527464154492 ] ] ] } },
{ "type": "Feature", "properties": { "cve": "2874323", "nombre": "BENDECIDO 33", "solicitante": "La Herradura Minerals SpA", "region": "REGIÓN DE COQUIMBO", "provincia": "Provincia de Elqui", "comuna": "Andacollo", "superficie_ha": 300.0, "datum_original": "PSAD56", "huso": 19, "epsg_origen": 24879, "tipo_publicacion": "pedimento", "fuente_pdf": "http://www.diariooficial.interior.gob.cl/publicaciones/2026/09/23/44556/07/2874323.pdf", "archivo": "gm_pedimento_2874323.pdf", "fecha": "23-09-2026", "edicion": "44556" }, "geometry": { "type": "Polygon", "coordinates": [ [ [ -71.181737213577776, -30.125447459026006 ], [ -71.171363352681936, -30.125619458014544 ], [ -71.171955928607403, -30.152673127531635 ], [ -71.182332615117517, -30.152500942347711 ], [ -71.181737213577776, -30.125447459026006 ] ] ] } },
{ "type": "Feature", "properties": { "cve": "2874324", "nombre": "BENDECIDO 34", "solicitante": "La Herradura Minerals SpA", "region": "REGIÓN DE COQUIMBO", "provincia": "Provincia de Elqui", "comuna": "Andacollo", "superficie_ha": 300.0, "datum_original": "PSAD56", "huso": 19, "epsg_origen": 24879, "tipo_publicacion": "pedimento", "fuente_pdf": "http://www.diariooficial.interior.gob.cl/publicaciones/2026/09/23/44556/07/2874324.pdf", "archivo": "gm_pedimento_2874324.pdf", "fecha": "23-09-2026", "edicion": "44556" }, "geometry": { "type": "Polygon", "coordinates": [ [ [ -71.171363352681936, -30.125619458014544 ], [ -71.160989402368557, -30.125790638485249 ], [ -71.161579152577673, -30.152844493312269 ], [ -71.171955928607403, -30.152673127531635 ], [ -71.171363352681936, -30.125619458014544 ] ] ] } },
{ "type": "Feature", "properties": { "cve": "2874325", "nombre": "BENDECIDO 35", "solicitante": "La Herradura Minerals SpA", "region": "REGIÓN DE COQUIMBO", "provincia": "Provincia de Elqui", "comuna": "Andacollo", "superficie_ha": 300.0, "datum_original": "PSAD56", "huso": 19, "epsg_origen": 24879, "tipo_publicacion": "pedimento", "fuente_pdf": "http://www.diariooficial.interior.gob.cl/publicaciones/2026/09/23/44556/07/2874325.pdf", "archivo": "gm_pedimento_2874325.pdf", "fecha": "23-09-2026", "edicion": "44556" }, "geometry": { "type": "Polygon", "coordinates": [ [ [ -71.150419898776661, -30.116942960042802 ], [ -71.140046712026859, -30.117112442244427 ], [ -71.140630545978311, -30.144166705934538 ], [ -71.151006557368859, -30.143997040226541 ], [ -71.150419898776661, -30.116942960042802 ] ] ] } },
{ "type": "Feature", "properties": { "cve": "2874326", "nombre": "BENDECIDO 36", "solicitante": "La Herradura Minerals SpA", "region": "REGIÓN DE COQUIMBO", "provincia": "Provincia de Elqui", "comuna": "Andacollo", "superficie_ha": 300.0, "datum_original": "PSAD56", "huso": 19, "epsg_origen": 24879, "tipo_publicacion": "pedimento", "fuente_pdf": "http://www.diariooficial.interior.gob.cl/publicaciones/2026/09/23/44556/07/2874326.pdf", "archivo": "gm_pedimento_2874326.pdf", "fecha": "23-09-2026", "edicion": "44556" }, "geometry": { "type": "Polygon", "coordinates": [ [ [ -71.140046712026859, -30.117112442244427 ], [ -71.129673437170794, -30.117281106148109 ], [ -71.130254446380931, -30.144335552459179 ], [ -71.140630545978311, -30.144166705934538 ], [ -71.140046712026859, -30.117112442244427 ] ] ] } },
{ "type": "Feature", "properties": { "cve": "2874327", "nombre": "BENDECIDO 37", "solicitante": "La Herradura Minerals SpA", "region": "REGIÓN DE COQUIMBO", "provincia": "Provincia de Elqui", "comuna": "Andacollo", "superficie_ha": 300.0, "datum_original": "PSAD56", "huso": 19, "epsg_origen": 24879, "tipo_publicacion": "pedimento", "fuente_pdf": "http://www.diariooficial.interior.gob.cl/publicaciones/2026/09/23/44556/07/2874327.pdf", "archivo": "gm_pedimento_2874327.pdf", "fecha": "23-09-2026", "edicion": "44556" }, "geometry": { "type": "Polygon", "coordinates": [ [ [ -71.150810915916381, -30.13497902714175 ], [ -71.140435846498804, -30.135148631670113 ], [ -71.141020209592128, -30.16220281355244 ], [ -71.151398106207594, -30.162033025452519 ], [ -71.150810915916381, -30.13497902714175 ] ] ] } },
{ "type": "Feature", "properties": { "cve": "2874328", "nombre": "BENDECIDO 38", "solicitante": "La Herradura Minerals SpA", "region": "REGIÓN DE COQUIMBO", "provincia": "Provincia de Elqui", "comuna": "Andacollo", "superficie_ha": 200.0, "datum_original": "PSAD56", "huso": 19, "epsg_origen": 24879, "tipo_publicacion": "pedimento", "fuente_pdf": "http://www.diariooficial.interior.gob.cl/publicaciones/2026/09/23/44556/07/2874328.pdf", "archivo": "gm_pedimento_2874328.pdf", "fecha": "23-09-2026", "edicion": "44556" }, "geometry": { "type": "Polygon", "coordinates": [ [ [ -71.129867019182356, -30.12629926853899 ], [ -71.10911832444603, -30.126634262193758 ], [ -71.10931011091094, -30.135652531826921 ], [ -71.130060688907946, -30.13531741731029 ], [ -71.129867019182356, -30.12629926853899 ] ] ] } },
{ "type": "Feature", "properties": { "cve": "2874329", "nombre": "BENDECIDO 39", "solicitante": "La Herradura Minerals SpA", "region": "REGIÓN DE COQUIMBO", "provincia": "Provincia de Elqui", "comuna": "Andacollo", "superficie_ha": 300.0, "datum_original": "PSAD56", "huso": 19, "epsg_origen": 24879, "tipo_publicacion": "pedimento", "fuente_pdf": "http://www.diariooficial.interior.gob.cl/publicaciones/2026/09/23/44556/07/2874329.pdf", "archivo": "gm_pedimento_2874329.pdf", "fecha": "23-09-2026", "edicion": "44556" }, "geometry": { "type": "Polygon", "coordinates": [ [ [ -71.130060688907946, -30.13531741731029 ], [ -71.098934691357115, -30.135818860654055 ], [ -71.099125622610913, -30.14483717668509 ], [ -71.130254446380931, -30.144335552459179 ], [ -71.130060688907946, -30.13531741731029 ] ] ] } },
{ "type": "Feature", "properties": { "cve": "2874330", "nombre": "BENDECIDO 40", "solicitante": "La Herradura Minerals SpA", "region": "REGIÓN DE COQUIMBO", "provincia": "Provincia de Elqui", "comuna": "Andacollo", "superficie_ha": 300.0, "datum_original": "PSAD56", "huso": 19, "epsg_origen": 24879, "tipo_publicacion": "pedimento", "fuente_pdf": "http://www.diariooficial.interior.gob.cl/publicaciones/2026/09/23/44556/07/2874330.pdf", "archivo": "gm_pedimento_2874330.pdf", "fecha": "23-09-2026", "edicion": "44556" }, "geometry": { "type": "Polygon", "coordinates": [ [ [ -71.130254446380931, -30.144335552459179 ], [ -71.099125622610913, -30.14483717668509 ], [ -71.099316640366496, -30.153855479123067 ], [ -71.130448291634721, -30.153353673982853 ], [ -71.130254446380931, -30.144335552459179 ] ] ] } },
{ "type": "Feature", "properties": { "cve": "2874294", "nombre": "GRACIA 1", "solicitante": "La Herradura Minerals SpA", "region": "REGIÓN DE COQUIMBO", "provincia": "Provincia de Elqui", "comuna": "Coquimbo", "superficie_ha": 100.0, "datum_original": "PSAD56", "huso": 19, "epsg_origen": 24879, "tipo_publicacion": "pedimento", "fuente_pdf": "http://www.diariooficial.interior.gob.cl/publicaciones/2026/09/23/44556/07/2874294.pdf", "archivo": "gm_pedimento_2874294.pdf", "fecha": "23-09-2026", "edicion": "44556" }, "geometry": { "type": "Polygon", "coordinates": [ [ [ -71.189924429162332, -30.026078168823119 ], [ -71.17956098556148, -30.026250301191876 ], [ -71.179758376446117, -30.035268292902007 ], [ -71.190122756782557, -30.035096098305431 ], [ -71.189924429162332, -30.026078168823119 ] ] ] } },
{ "type": "Feature", "properties": { "cve": "2874301", "nombre": "GRACIA 14", "solicitante": "La Herradura Minerals SpA", "region": "REGIÓN DE COQUIMBO", "provincia": "Provincia de Elqui", "comuna": "Coquimbo", "superficie_ha": 200.0, "datum_original": "PSAD56", "huso": 19, "epsg_origen": 24879, "tipo_publicacion": "pedimento", "fuente_pdf": "http://www.diariooficial.interior.gob.cl/publicaciones/2026/09/23/44556/07/2874301.pdf", "archivo": "gm_pedimento_2874301.pdf", "fecha": "23-09-2026", "edicion": "44556" }, "geometry": { "type": "Polygon", "coordinates": [ [ [ -71.201085382404145, -30.061976607052301 ], [ -71.190718279344438, -30.062149804801525 ], [ -71.191115744478097, -30.080185540811208 ], [ -71.2014847247614, -30.080012217917741 ], [ -71.201085382404145, -30.061976607052301 ] ] ] } },
{ "type": "Feature", "properties": { "cve": "2874302", "nombre": "GRACIA 15", "solicitante": "La Herradura Minerals SpA", "region": "REGIÓN DE COQUIMBO", "provincia": "Provincia de Elqui", "comuna": "Coquimbo", "superficie_ha": 200.0, "datum_original": "PSAD56", "huso": 19, "epsg_origen": 24879, "tipo_publicacion": "pedimento", "fuente_pdf": "http://www.diariooficial.interior.gob.cl/publicaciones/2026/09/23/44556/07/2874302.pdf", "archivo": "gm_pedimento_2874302.pdf", "fecha": "23-09-2026", "edicion": "44556" }, "geometry": { "type": "Polygon", "coordinates": [ [ [ -71.190718279344438, -30.062149804801525 ], [ -71.180351086255143, -30.06232218614764 ], [ -71.180746674096824, -30.080358046712135 ], [ -71.191115744478097, -30.080185540811208 ], [ -71.190718279344438, -30.062149804801525 ] ] ] } },
{ "type": "Feature", "properties": { "cve": "2874303", "nombre": "GRACIA 16", "solicitante": "La Herradura Minerals SpA", "region": "REGIÓN DE COQUIMBO", "provincia": "Provincia de Elqui", "comuna": "Coquimbo", "superficie_ha": 300.0, "datum_original": "PSAD56", "huso": 19, "epsg_origen": 24879, "tipo_publicacion": "pedimento", "fuente_pdf": "http://www.diariooficial.interior.gob.cl/publicaciones/2026/09/23/44556/07/2874303.pdf", "archivo": "gm_pedimento_2874303.pdf", "fecha": "23-09-2026", "edicion": "44556" }, "geometry": { "type": "Polygon", "coordinates": [ [ [ -71.180252245308537, -30.057813212471796 ], [ -71.16988543168884, -30.05798474640504 ], [ -71.170475997432519, -30.085038723197961 ], [ -71.180845627092324, -30.084867003316742 ], [ -71.180252245308537, -30.057813212471796 ] ] ] } },
{ "type": "Feature", "properties": { "cve": "2874304", "nombre": "GRACIA 17", "solicitante": "La Herradura Minerals SpA", "region": "REGIÓN DE COQUIMBO", "provincia": "Provincia de Elqui", "comuna": "Coquimbo", "superficie_ha": 200.0, "datum_original": "PSAD56", "huso": 19, "epsg_origen": 24879, "tipo_publicacion": "pedimento", "fuente_pdf": "http://www.diariooficial.interior.gob.cl/publicaciones/2026/09/23/44556/07/2874304.pdf", "archivo": "gm_pedimento_2874304.pdf", "fecha": "23-09-2026", "edicion": "44556" }, "geometry": { "type": "Polygon", "coordinates": [ [ [ -71.190718279344438, -30.062149804801525 ], [ -71.180351086255143, -30.06232218614764 ], [ -71.180746674096824, -30.080358046712135 ], [ -71.191115744478097, -30.080185540811208 ], [ -71.190718279344438, -30.062149804801525 ] ] ] } },
{ "type": "Feature", "properties": { "cve": "2874305", "nombre": "GRACIA 18", "solicitante": "La Herradura Minerals SpA", "region": "REGIÓN DE COQUIMBO", "provincia": "Provincia de Elqui", "comuna": "Coquimbo", "superficie_ha": 300.0, "datum_original": "PSAD56", "huso": 19, "epsg_origen": 24879, "tipo_publicacion": "pedimento", "fuente_pdf": "http://www.diariooficial.interior.gob.cl/publicaciones/2026/09/23/44556/07/2874305.pdf", "archivo": "gm_pedimento_2874305.pdf", "fecha": "23-09-2026", "edicion": "44556" }, "geometry": { "type": "Polygon", "coordinates": [ [ [ -71.159616431686672, -30.062664499529451 ], [ -71.149248971057034, -30.062834431514808 ], [ -71.149834036975264, -30.089888757113361 ], [ -71.160204314485213, -30.089718640932322 ], [ -71.159616431686672, -30.062664499529451 ] ] ] } },
{ "type": "Feature", "properties": { "cve": "2874295", "nombre": "GRACIA 2", "solicitante": "La Herradura Minerals SpA", "region": "REGIÓN DE COQUIMBO", "provincia": "Provincia de Elqui", "comuna": "Coquimbo", "superficie_ha": 200.0, "datum_original": "PSAD56", "huso": 19, "epsg_origen": 24879, "tipo_publicacion": "pedimento", "fuente_pdf": "http://www.diariooficial.interior.gob.cl/publicaciones/2026/09/23/44556/07/2874295.pdf", "archivo": "gm_pedimento_2874295.pdf", "fecha": "23-09-2026", "edicion": "44556" }, "geometry": { "type": "Polygon", "coordinates": [ [ [ -71.200686401865156, -30.043940941481942 ], [ -71.190321174330236, -30.044114014131175 ], [ -71.190718279344438, -30.062149804801525 ], [ -71.201085382404145, -30.061976607052301 ], [ -71.200686401865156, -30.043940941481942 ] ] ] } },
{ "type": "Feature", "properties": { "cve": "2874306", "nombre": "GRACIA 20", "solicitante": "La Herradura Minerals SpA", "region": "REGIÓN DE COQUIMBO", "provincia": "Provincia de Elqui", "comuna": "Coquimbo", "superficie_ha": 300.0, "datum_original": "PSAD56", "huso": 19, "epsg_origen": 24879, "tipo_publicacion": "pedimento", "fuente_pdf": "http://www.diariooficial.interior.gob.cl/publicaciones/2026/09/23/44556/07/2874306.pdf", "archivo": "gm_pedimento_2874306.pdf", "fecha": "23-09-2026", "edicion": "44556" }, "geometry": { "type": "Polygon", "coordinates": [ [ [ -71.128513785230979, -30.063171845949515 ], [ -71.118146060884214, -30.063339328349262 ], [ -71.118722675559567, -30.090394201228197 ], [ -71.129093217087132, -30.090226537286135 ], [ -71.128513785230979, -30.063171845949515 ] ] ] } },
{ "type": "Feature", "properties": { "cve": "2874307", "nombre": "GRACIA 21", "solicitante": "La Herradura Minerals SpA", "region": "REGIÓN DE COQUIMBO", "provincia": "Provincia de Elqui", "comuna": "Coquimbo", "superficie_ha": 300.0, "datum_original": "PSAD56", "huso": 19, "epsg_origen": 24879, "tipo_publicacion": "pedimento", "fuente_pdf": "http://www.diariooficial.interior.gob.cl/publicaciones/2026/09/23/44556/07/2874307.pdf", "archivo": "gm_pedimento_2874307.pdf", "fecha": "23-09-2026", "edicion": "44556" }, "geometry": { "type": "Polygon", "coordinates": [ [ [ -71.118146060884214, -30.063339328349262 ], [ -71.107778249481427, -30.063505994171081 ], [ -71.10835204687676, -30.090561047707777 ], [ -71.118722675559567, -30.090394201228197 ], [ -71.118146060884214, -30.063339328349262 ] ] ] } },
{ "type": "Feature", "properties": { "cve": "2874308", "nombre": "GRACIA 23", "solicitante": "La Herradura Minerals SpA", "region": "REGIÓN DE COQUIMBO", "provincia": "Provincia de Elqui", "comuna": "Coquimbo", "superficie_ha": 100.0, "datum_original": "PSAD56", "huso": 19, "epsg_origen": 24879, "tipo_publicacion": "pedimento", "fuente_pdf": "http://www.diariooficial.interior.gob.cl/publicaciones/2026/09/23/44556/07/2874308.pdf", "archivo": "gm_pedimento_2874308.pdf", "fecha": "23-09-2026", "edicion": "44556" }, "geometry": { "type": "Polygon", "coordinates": [ [ [ -71.19146979154705, -30.096237299868964 ], [ -71.181099048945995, -30.096409916660779 ], [ -71.181297137062074, -30.105427802133054 ], [ -71.191668819703608, -30.105255123027668 ], [ -71.19146979154705, -30.096237299868964 ] ] ] } },
{ "type": "Feature", "properties": { "cve": "2874309", "nombre": "GRACIA 24", "solicitante": "La Herradura Minerals SpA", "region": "REGIÓN DE COQUIMBO", "provincia": "Provincia de Elqui", "comuna": "Coquimbo", "superficie_ha": 100.0, "datum_original": "PSAD56", "huso": 19, "epsg_origen": 24879, "tipo_publicacion": "pedimento", "fuente_pdf": "http://www.diariooficial.interior.gob.cl/publicaciones/2026/09/23/44556/07/2874309.pdf", "archivo": "gm_pedimento_2874309.pdf", "fecha": "23-09-2026", "edicion": "44556" }, "geometry": { "type": "Polygon", "coordinates": [ [ [ -71.186526684495533, -30.107325490931146 ], [ -71.176154750047232, -30.107497774798926 ], [ -71.176352477392115, -30.116515674649044 ], [ -71.186725352417099, -30.116343328601694 ], [ -71.186526684495533, -30.107325490931146 ] ] ] } },
{ "type": "Feature", "properties": { "cve": "2874310", "nombre": "GRACIA 25", "solicitante": "La Herradura Minerals SpA", "region": "REGIÓN DE COQUIMBO", "provincia": "Provincia de Elqui", "comuna": "Coquimbo", "superficie_ha": 300.0, "datum_original": "PSAD56", "huso": 19, "epsg_origen": 24879, "tipo_publicacion": "pedimento", "fuente_pdf": "http://www.diariooficial.interior.gob.cl/publicaciones/2026/09/23/44556/07/2874310.pdf", "archivo": "gm_pedimento_2874310.pdf", "fecha": "23-09-2026", "edicion": "44556" }, "geometry": { "type": "Polygon", "coordinates": [ [ [ -71.118146060884214, -30.063339328349262 ], [ -71.107778249481427, -30.063505994171081 ], [ -71.10835204687676, -30.090561047707777 ], [ -71.118722675559567, -30.090394201228197 ], [ -71.118146060884214, -30.063339328349262 ] ] ] } },
{ "type": "Feature", "properties": { "cve": "2874311", "nombre": "GRACIA 26", "solicitante": "La Herradura Minerals SpA", "region": "REGIÓN DE COQUIMBO", "provincia": "Provincia de Elqui", "comuna": "Coquimbo", "superficie_ha": 200.0, "datum_original": "PSAD56", "huso": 19, "epsg_origen": 24879, "tipo_publicacion": "pedimento", "fuente_pdf": "http://www.diariooficial.interior.gob.cl/publicaciones/2026/09/23/44556/07/2874311.pdf", "archivo": "gm_pedimento_2874311.pdf", "fecha": "23-09-2026", "edicion": "44556" }, "geometry": { "type": "Polygon", "coordinates": [ [ [ -71.160748425364417, -30.114725576452983 ], [ -71.150375540714151, -30.114895862979342 ], [ -71.150766517646659, -30.13293193627127 ], [ -71.161141284703973, -30.132761526832965 ], [ -71.160748425364417, -30.114725576452983 ] ] ] } },
{ "type": "Feature", "properties": { "cve": "2874312", "nombre": "GRACIA 27", "solicitante": "La Herradura Minerals SpA", "region": "REGIÓN DE COQUIMBO", "provincia": "Provincia de Elqui", "comuna": "Coquimbo", "superficie_ha": 100.0, "datum_original": "PSAD56", "huso": 19, "epsg_origen": 24879, "tipo_publicacion": "pedimento", "fuente_pdf": "http://www.diariooficial.interior.gob.cl/publicaciones/2026/09/23/44556/07/2874312.pdf", "archivo": "gm_pedimento_2874312.pdf", "fecha": "23-09-2026", "edicion": "44556" }, "geometry": { "type": "Polygon", "coordinates": [ [ [ -71.160494631187007, -30.103065305473937 ], [ -71.150122962606488, -30.103235512560907 ], [ -71.150318292337573, -30.112253573660276 ], [ -71.160690901358237, -30.11208330513686 ], [ -71.160494631187007, -30.103065305473937 ] ] ] } },
{ "type": "Feature", "properties": { "cve": "2874313", "nombre": "GRACIA 28", "solicitante": "La Herradura Minerals SpA", "region": "REGIÓN DE COQUIMBO", "provincia": "Provincia de Elqui", "comuna": "Coquimbo", "superficie_ha": 100.0, "datum_original": "PSAD56", "huso": 19, "epsg_origen": 24879, "tipo_publicacion": "pedimento", "fuente_pdf": "http://www.diariooficial.interior.gob.cl/publicaciones/2026/09/23/44556/07/2874313.pdf", "archivo": "gm_pedimento_2874313.pdf", "fecha": "23-09-2026", "edicion": "44556" }, "geometry": { "type": "Polygon", "coordinates": [ [ [ -71.13946367103415, -30.090058055906262 ], [ -71.129093217087132, -30.090226537286135 ], [ -71.129286536156499, -30.099244740518856 ], [ -71.139657929980999, -30.099076198308516 ], [ -71.13946367103415, -30.090058055906262 ] ] ] } },
{ "type": "Feature", "properties": { "cve": "2874314", "nombre": "GRACIA 29", "solicitante": "La Herradura Minerals SpA", "region": "REGIÓN DE COQUIMBO", "provincia": "Provincia de Elqui", "comuna": "Coquimbo", "superficie_ha": 100.0, "datum_original": "PSAD56", "huso": 19, "epsg_origen": 24879, "tipo_publicacion": "pedimento", "fuente_pdf": "http://www.diariooficial.interior.gob.cl/publicaciones/2026/09/23/44556/07/2874314.pdf", "archivo": "gm_pedimento_2874314.pdf", "fecha": "23-09-2026", "edicion": "44556" }, "geometry": { "type": "Polygon", "coordinates": [ [ [ -71.160494631187007, -30.103065305473937 ], [ -71.150122962606488, -30.103235512560907 ], [ -71.150318292337573, -30.112253573660276 ], [ -71.160690901358237, -30.11208330513686 ], [ -71.160494631187007, -30.103065305473937 ] ] ] } },
{ "type": "Feature", "properties": { "cve": "2874296", "nombre": "GRACIA 3", "solicitante": "La Herradura Minerals SpA", "region": "REGIÓN DE COQUIMBO", "provincia": "Provincia de Elqui", "comuna": "Coquimbo", "superficie_ha": 300.0, "datum_original": "PSAD56", "huso": 19, "epsg_origen": 24879, "tipo_publicacion": "pedimento", "fuente_pdf": "http://www.diariooficial.interior.gob.cl/publicaciones/2026/09/23/44556/07/2874296.pdf", "archivo": "gm_pedimento_2874296.pdf", "fecha": "23-09-2026", "edicion": "44556" }, "geometry": { "type": "Polygon", "coordinates": [ [ [ -71.190122756782557, -30.035096098305431 ], [ -71.179758376446117, -30.035268292902007 ], [ -71.180351086255143, -30.06232218614764 ], [ -71.190718279344438, -30.062149804801525 ], [ -71.190122756782557, -30.035096098305431 ] ] ] } },
{ "type": "Feature", "properties": { "cve": "2874297", "nombre": "GRACIA 4", "solicitante": "La Herradura Minerals SpA", "region": "REGIÓN DE COQUIMBO", "provincia": "Provincia de Elqui", "comuna": "Coquimbo", "superficie_ha": 300.0, "datum_original": "PSAD56", "huso": 19, "epsg_origen": 24879, "tipo_publicacion": "pedimento", "fuente_pdf": "http://www.diariooficial.interior.gob.cl/publicaciones/2026/09/23/44556/07/2874297.pdf", "archivo": "gm_pedimento_2874297.pdf", "fecha": "23-09-2026", "edicion": "44556" }, "geometry": { "type": "Polygon", "coordinates": [ [ [ -71.179758376446117, -30.035268292902007 ], [ -71.169393906606714, -30.035439671954027 ], [ -71.169983803560967, -30.062493751065361 ], [ -71.180351086255143, -30.06232218614764 ], [ -71.179758376446117, -30.035268292902007 ] ] ] } },
{ "type": "Feature", "properties": { "cve": "2874298", "nombre": "GRACIA 5", "solicitante": "La Herradura Minerals SpA", "region": "REGIÓN DE COQUIMBO", "provincia": "Provincia de Elqui", "comuna": "Coquimbo", "superficie_ha": 100.0, "datum_original": "PSAD56", "huso": 19, "epsg_origen": 24879, "tipo_publicacion": "pedimento", "fuente_pdf": "http://www.diariooficial.interior.gob.cl/publicaciones/2026/09/23/44556/07/2874298.pdf", "archivo": "gm_pedimento_2874298.pdf", "fecha": "23-09-2026", "edicion": "44556" }, "geometry": { "type": "Polygon", "coordinates": [ [ [ -71.169846089181675, -30.056181143585963 ], [ -71.159479374005628, -30.056351848878855 ], [ -71.159675184005494, -30.065369919192069 ], [ -71.170042837385594, -30.065199152224388 ], [ -71.169846089181675, -30.056181143585963 ] ] ] } },
{ "type": "Feature", "properties": { "cve": "2874299", "nombre": "GRACIA 6", "solicitante": "La Herradura Minerals SpA", "region": "REGIÓN DE COQUIMBO", "provincia": "Provincia de Elqui", "comuna": "Coquimbo", "superficie_ha": 100.0, "datum_original": "PSAD56", "huso": 19, "epsg_origen": 24879, "tipo_publicacion": "pedimento", "fuente_pdf": "http://www.diariooficial.interior.gob.cl/publicaciones/2026/09/23/44556/07/2874299.pdf", "archivo": "gm_pedimento_2874299.pdf", "fecha": "23-09-2026", "edicion": "44556" }, "geometry": { "type": "Polygon", "coordinates": [ [ [ -71.159029347688602, -30.035610235436287 ], [ -71.1486647001161, -30.035779983323742 ], [ -71.148859368821434, -30.044798146337428 ], [ -71.159224953655126, -30.04462833709486 ], [ -71.159029347688602, -30.035610235436287 ] ] ] } },
{ "type": "Feature", "properties": { "cve": "2874300", "nombre": "GRACIA 7", "solicitante": "La Herradura Minerals SpA", "region": "REGIÓN DE COQUIMBO", "provincia": "Provincia de Elqui", "comuna": "Coquimbo", "superficie_ha": 100.0, "datum_original": "PSAD56", "huso": 19, "epsg_origen": 24879, "tipo_publicacion": "pedimento", "fuente_pdf": "http://www.diariooficial.interior.gob.cl/publicaciones/2026/09/23/44556/07/2874300.pdf", "archivo": "gm_pedimento_2874300.pdf", "fecha": "23-09-2026", "edicion": "44556" }, "geometry": { "type": "Polygon", "coordinates": [ [ [ -71.159420648309933, -30.05364642512686 ], [ -71.149054125790599, -30.053816295735388 ], [ -71.149248971057034, -30.062834431514808 ], [ -71.159616431686672, -30.062664499529451 ], [ -71.159420648309933, -30.05364642512686 ] ] ] } },
{ "type": "Feature", "properties": { "cve": "2874056", "nombre": "REV_BAR 3", "solicitante": "Ingeniería e Innovación SpA", "region": "REGIÓN DE VALPARAÍSO", "provincia": "Provincia de Petorca", "comuna": null, "superficie_ha": 100.0, "datum_original": "PSAD56", "huso": 19, "epsg_origen": 24879, "tipo_publicacion": "pedimento", "fuente_pdf": "http://www.diariooficial.interior.gob.cl/publicaciones/2026/09/23/44556/07/2874056.pdf", "archivo": "gm_pedimento_2874056.pdf", "fecha": "23-09-2026", "edicion": "44556" }, "geometry": { "type": "Polygon", "coordinates": [ [ [ -70.861788609622337, -32.253665317915662 ], [ -70.851177900660048, -32.253821270899088 ], [ -70.85136094174095, -32.262837944900291 ], [ -70.861972698397324, -32.262681937827978 ], [ -70.861788609622337, -32.253665317915662 ] ] ] } },
{ "type": "Feature", "properties": { "cve": "2874098", "nombre": "PUANGUE 1", "solicitante": "wpd Proyectos Chile Tres SpA", "region": "REGIÓN DE VALPARAÍSO", "provincia": "Provincia de San Antonio", "comuna": "San Antonio", "superficie_ha": 300.0, "datum_original": "PSAD56", "huso": 19, "epsg_origen": 24879, "tipo_publicacion": "pedimento", "fuente_pdf": "http://www.diariooficial.interior.gob.cl/publicaciones/2026/09/23/44556/07/2874098.pdf", "archivo": "gm_pedimento_2874098.pdf", "fecha": "23-09-2026", "edicion": "44556" }, "geometry": { "type": "Polygon", "coordinates": [ [ [ -71.411727601730192, -33.638408206460639 ], [ -71.400954050669938, -33.638617961576124 ], [ -71.401705186772489, -33.665652230489293 ], [ -71.412482100375925, -33.665442261930771 ], [ -71.411727601730192, -33.638408206460639 ] ] ] } },
{ "type": "Feature", "properties": { "cve": "2874099", "nombre": "PUANGUE 2", "solicitante": "wpd Proyectos Chile Tres SpA", "region": "REGIÓN DE VALPARAÍSO", "provincia": "Provincia de San Antonio", "comuna": "San Antonio", "superficie_ha": 300.0, "datum_original": "PSAD56", "huso": 19, "epsg_origen": 24879, "tipo_publicacion": "pedimento", "fuente_pdf": "http://www.diariooficial.interior.gob.cl/publicaciones/2026/09/23/44556/07/2874099.pdf", "archivo": "gm_pedimento_2874099.pdf", "fecha": "23-09-2026", "edicion": "44556" }, "geometry": { "type": "Polygon", "coordinates": [ [ [ -71.400954050669938, -33.638617961576124 ], [ -71.390180388337498, -33.638826779264036 ], [ -71.390928161755809, -33.665861260667384 ], [ -71.401705186772489, -33.665652230489293 ], [ -71.400954050669938, -33.638617961576124 ] ] ] } },
{ "type": "Feature", "properties": { "cve": "2874100", "nombre": "PUANGUE 4", "solicitante": "wpd Proyectos Chile Tres SpA", "region": "REGIÓN DE VALPARAÍSO", "provincia": "Provincia de San Antonio", "comuna": "San Antonio", "superficie_ha": 200.0, "datum_original": "PSAD56", "huso": 19, "epsg_origen": 24879, "tipo_publicacion": "pedimento", "fuente_pdf": "http://www.diariooficial.interior.gob.cl/publicaciones/2026/09/23/44556/07/2874100.pdf", "archivo": "gm_pedimento_2874100.pdf", "fecha": "23-09-2026", "edicion": "44556" }, "geometry": { "type": "Polygon", "coordinates": [ [ [ -71.378799416211052, -33.616956227670549 ], [ -71.357257025974377, -33.617368832633403 ], [ -71.357502543810469, -33.626380588207233 ], [ -71.379047172637826, -33.625967843271177 ], [ -71.378799416211052, -33.616956227670549 ] ] ] } },
{ "type": "Feature", "properties": { "cve": "2873900", "nombre": "MONTAÑA I", "solicitante": "Inmobiliaria Acceso Norte II SpA", "region": "REGIÓN METROPOLITANA DE SANTIAGO", "provincia": "Provincia de Chacabuco", "comuna": null, "superficie_ha": 100.0, "datum_original": "PSAD56", "huso": 19, "epsg_origen": 24879, "tipo_publicacion": "pedimento", "fuente_pdf": "http://www.diariooficial.interior.gob.cl/publicaciones/2026/09/23/44556/07/2873900.pdf", "archivo": "gm_pedimento_2873900.pdf", "fecha": "23-09-2026", "edicion": "44556" }, "geometry": { "type": "Polygon", "coordinates": [ [ [ -70.724949933038715, -33.309019770025031 ], [ -70.714212417954386, -33.309168393195989 ], [ -70.714388910517172, -33.318184208548921 ], [ -70.725127529786548, -33.318035534701401 ], [ -70.724949933038715, -33.309019770025031 ] ] ] } },
{ "type": "Feature", "properties": { "cve": "2874095", "nombre": "PUANGUE 10", "solicitante": "wpd Proyectos Chile Tres SpA", "region": "REGIÓN METROPOLITANA DE SANTIAGO", "provincia": "Provincia de Melipilla", "comuna": null, "superficie_ha": 200.0, "datum_original": "PSAD56", "huso": 19, "epsg_origen": 24879, "tipo_publicacion": "pedimento", "fuente_pdf": "http://www.diariooficial.interior.gob.cl/publicaciones/2026/09/23/44556/07/2874095.pdf", "archivo": "gm_pedimento_2874095.pdf", "fecha": "23-09-2026", "edicion": "44556" }, "geometry": { "type": "Polygon", "coordinates": [ [ [ -71.391065361793125, -33.670817567725329 ], [ -71.369509745478624, -33.67123289022782 ], [ -71.369757041607784, -33.680244486846512 ], [ -71.391314902391343, -33.679829023563506 ], [ -71.391065361793125, -33.670817567725329 ] ] ] } },
{ "type": "Feature", "properties": { "cve": "2874096", "nombre": "PUANGUE 11", "solicitante": "wpd Proyectos Chile Tres SpA", "region": "REGIÓN METROPOLITANA DE SANTIAGO", "provincia": "Provincia de Melipilla", "comuna": null, "superficie_ha": 300.0, "datum_original": "PSAD56", "huso": 19, "epsg_origen": 24879, "tipo_publicacion": "pedimento", "fuente_pdf": "http://www.diariooficial.interior.gob.cl/publicaciones/2026/09/23/44556/07/2874096.pdf", "archivo": "gm_pedimento_2874096.pdf", "fecha": "23-09-2026", "edicion": "44556" }, "geometry": { "type": "Polygon", "coordinates": [ [ [ -71.357944751171061, -33.642601710857107 ], [ -71.347170256575907, -33.642806802852299 ], [ -71.347904692165429, -33.669842109117425 ], [ -71.358682550525259, -33.669636808429182 ], [ -71.357944751171061, -33.642601710857107 ] ] ] } },
{ "type": "Feature", "properties": { "cve": "2874097", "nombre": "PUANGUE 12", "solicitante": "wpd Proyectos Chile Tres SpA", "region": "REGIÓN METROPOLITANA DE SANTIAGO", "provincia": "Provincia de Melipilla", "comuna": null, "superficie_ha": 200.0, "datum_original": "PSAD56", "huso": 19, "epsg_origen": 24879, "tipo_publicacion": "pedimento", "fuente_pdf": "http://www.diariooficial.interior.gob.cl/publicaciones/2026/09/23/44556/07/2874097.pdf", "archivo": "gm_pedimento_2874097.pdf", "fecha": "23-09-2026", "edicion": "44556" }, "geometry": { "type": "Polygon", "coordinates": [ [ [ -71.347366010269837, -33.650016230904576 ], [ -71.336590510270739, -33.650220440585763 ], [ -71.337077956404016, -33.66824410770154 ], [ -71.34785569930348, -33.668039759518592 ], [ -71.347366010269837, -33.650016230904576 ] ] ] } },
{ "type": "Feature", "properties": { "cve": "2874089", "nombre": "PUANGUE 3", "solicitante": "wpd Proyectos Chile Tres SpA", "region": "REGIÓN METROPOLITANA DE SANTIAGO", "provincia": "Provincia de Melipilla", "comuna": null, "superficie_ha": 100.0, "datum_original": "PSAD56", "huso": 19, "epsg_origen": 24879, "tipo_publicacion": "pedimento", "fuente_pdf": "http://www.diariooficial.interior.gob.cl/publicaciones/2026/09/23/44556/07/2874089.pdf", "archivo": "gm_pedimento_2874089.pdf", "fecha": "23-09-2026", "edicion": "44556" }, "geometry": { "type": "Polygon", "coordinates": [ [ [ -71.401705186772489, -33.665652230489293 ], [ -71.390928161755809, -33.665861260667384 ], [ -71.391177641330529, -33.67487272469527 ], [ -71.401955788237572, -33.674663623658176 ], [ -71.401705186772489, -33.665652230489293 ] ] ] } },
{ "type": "Feature", "properties": { "cve": "2874090", "nombre": "PUANGUE 5", "solicitante": "wpd Proyectos Chile Tres SpA", "region": "REGIÓN METROPOLITANA DE SANTIAGO", "provincia": "Provincia de Melipilla", "comuna": null, "superficie_ha": 300.0, "datum_original": "PSAD56", "huso": 19, "epsg_origen": 24879, "tipo_publicacion": "pedimento", "fuente_pdf": "http://www.diariooficial.interior.gob.cl/publicaciones/2026/09/23/44556/07/2874090.pdf", "archivo": "gm_pedimento_2874090.pdf", "fecha": "23-09-2026", "edicion": "44556" }, "geometry": { "type": "Polygon", "coordinates": [ [ [ -71.38981932198493, -33.625760065239696 ], [ -71.357502543810469, -33.626380588207233 ], [ -71.357748170862706, -33.635392328947219 ], [ -71.390068308344809, -33.63477159550078 ], [ -71.38981932198493, -33.625760065239696 ] ] ] } },
{ "type": "Feature", "properties": { "cve": "2874091", "nombre": "PUANGUE 6", "solicitante": "wpd Proyectos Chile Tres SpA", "region": "REGIÓN METROPOLITANA DE SANTIAGO", "provincia": "Provincia de Melipilla", "comuna": null, "superficie_ha": 300.0, "datum_original": "PSAD56", "huso": 19, "epsg_origen": 24879, "tipo_publicacion": "pedimento", "fuente_pdf": "http://www.diariooficial.interior.gob.cl/publicaciones/2026/09/23/44556/07/2874091.pdf", "archivo": "gm_pedimento_2874091.pdf", "fecha": "23-09-2026", "edicion": "44556" }, "geometry": { "type": "Polygon", "coordinates": [ [ [ -71.390068308344809, -33.63477159550078 ], [ -71.357748170862706, -33.635392328947219 ], [ -71.357993907177132, -33.644404054850796 ], [ -71.390317405458816, -33.643783110882502 ], [ -71.390068308344809, -33.63477159550078 ] ] ] } },
{ "type": "Feature", "properties": { "cve": "2874092", "nombre": "PUANGUE 7", "solicitante": "wpd Proyectos Chile Tres SpA", "region": "REGIÓN METROPOLITANA DE SANTIAGO", "provincia": "Provincia de Melipilla", "comuna": null, "superficie_ha": 300.0, "datum_original": "PSAD56", "huso": 19, "epsg_origen": 24879, "tipo_publicacion": "pedimento", "fuente_pdf": "http://www.diariooficial.interior.gob.cl/publicaciones/2026/09/23/44556/07/2874092.pdf", "archivo": "gm_pedimento_2874092.pdf", "fecha": "23-09-2026", "edicion": "44556" }, "geometry": { "type": "Polygon", "coordinates": [ [ [ -71.390317405458816, -33.643783110882502 ], [ -71.357993907177132, -33.644404054850796 ], [ -71.358239752799918, -33.653415765915391 ], [ -71.390566613373679, -33.65279461138222 ], [ -71.390317405458816, -33.643783110882502 ] ] ] } },
{ "type": "Feature", "properties": { "cve": "2874093", "nombre": "PUANGUE 8", "solicitante": "wpd Proyectos Chile Tres SpA", "region": "REGIÓN METROPOLITANA DE SANTIAGO", "provincia": "Provincia de Melipilla", "comuna": null, "superficie_ha": 300.0, "datum_original": "PSAD56", "huso": 19, "epsg_origen": 24879, "tipo_publicacion": "pedimento", "fuente_pdf": "http://www.diariooficial.interior.gob.cl/publicaciones/2026/09/23/44556/07/2874093.pdf", "archivo": "gm_pedimento_2874093.pdf", "fecha": "23-09-2026", "edicion": "44556" }, "geometry": { "type": "Polygon", "coordinates": [ [ [ -71.390566613373679, -33.65279461138222 ], [ -71.358239752799918, -33.653415765915391 ], [ -71.358485707777177, -33.662427462138403 ], [ -71.390815932136178, -33.661806096997346 ], [ -71.390566613373679, -33.65279461138222 ] ] ] } },
{ "type": "Feature", "properties": { "cve": "2874094", "nombre": "PUANGUE 9", "solicitante": "wpd Proyectos Chile Tres SpA", "region": "REGIÓN METROPOLITANA DE SANTIAGO", "provincia": "Provincia de Melipilla", "comuna": null, "superficie_ha": 300.0, "datum_original": "PSAD56", "huso": 19, "epsg_origen": 24879, "tipo_publicacion": "pedimento", "fuente_pdf": "http://www.diariooficial.interior.gob.cl/publicaciones/2026/09/23/44556/07/2874094.pdf", "archivo": "gm_pedimento_2874094.pdf", "fecha": "23-09-2026", "edicion": "44556" }, "geometry": { "type": "Polygon", "coordinates": [ [ [ -71.390815932136178, -33.661806096997346 ], [ -71.358485707777177, -33.662427462138403 ], [ -71.35873177215511, -33.671439143517297 ], [ -71.391065361793125, -33.670817567725329 ], [ -71.390815932136178, -33.661806096997346 ] ] ] } },
{ "type": "Feature", "properties": { "cve": "2874067", "nombre": "EXPORTADORA LOS ÁLAMOS 1", "solicitante": "Uribe Gatica Luciano Antonio y otra", "region": "REGIÓN DEL BIOBÍO", "provincia": "Provincia de Arauco", "comuna": null, "superficie_ha": 300.0, "datum_original": "PSAD56", "huso": 18, "epsg_origen": 24878, "tipo_publicacion": "pedimento", "fuente_pdf": "http://www.diariooficial.interior.gob.cl/publicaciones/2026/09/23/44556/07/2874067.pdf", "archivo": "gm_pedimento_2874067.pdf", "fecha": "23-09-2026", "edicion": "44556" }, "geometry": { "type": "Polygon", "coordinates": [ [ [ -73.17784106541356, -37.630461751992641 ], [ -73.166513646470079, -37.630286233432805 ], [ -73.165849080928012, -37.657312637833336 ], [ -73.177180600050022, -37.65748832659969 ], [ -73.17784106541356, -37.630461751992641 ] ] ] } },
{ "type": "Feature", "properties": { "cve": "2873919", "nombre": "LUNA 106", "solicitante": "Varela Echaurren Juan Francisco", "region": "REGIÓN DEL BIOBÍO", "provincia": "Provincia de Arauco", "comuna": null, "superficie_ha": 300.0, "datum_original": "PSAD56", "huso": 18, "epsg_origen": 24878, "tipo_publicacion": "pedimento", "fuente_pdf": "http://www.diariooficial.interior.gob.cl/publicaciones/2026/09/23/44556/07/2873919.pdf", "archivo": "gm_pedimento_2873919.pdf", "fecha": "23-09-2026", "edicion": "44556" }, "geometry": { "type": "Polygon", "coordinates": [ [ [ -73.21260508228211, -37.60924685546761 ], [ -73.178632115769872, -37.608727300295918 ], [ -73.178412326442896, -37.617736210938212 ], [ -73.212389387191479, -37.618255934049841 ], [ -73.21260508228211, -37.60924685546761 ] ] ] } },
{ "type": "Feature", "properties": { "cve": "2873920", "nombre": "LUNA 108", "solicitante": "Varela Echaurren Juan Francisco", "region": "REGIÓN DEL BIOBÍO", "provincia": "Provincia de Arauco", "comuna": null, "superficie_ha": 300.0, "datum_original": "PSAD56", "huso": 18, "epsg_origen": 24878, "tipo_publicacion": "pedimento", "fuente_pdf": "http://www.diariooficial.interior.gob.cl/publicaciones/2026/09/23/44556/07/2873920.pdf", "archivo": "gm_pedimento_2873920.pdf", "fecha": "23-09-2026", "edicion": "44556" }, "geometry": { "type": "Polygon", "coordinates": [ [ [ -73.212173596016612, -37.62726499769061 ], [ -73.17819243920988, -37.62674510659911 ], [ -73.177972454024626, -37.635753987276928 ], [ -73.211957708712262, -37.636274046388181 ], [ -73.212173596016612, -37.62726499769061 ] ] ] } },
{ "type": "Feature", "properties": { "cve": "2873921", "nombre": "LUNA 109", "solicitante": "Varela Echeurren Juan Francisco", "region": "REGIÓN DEL BIOBÍO", "provincia": "Provincia de Arauco", "comuna": null, "superficie_ha": 300.0, "datum_original": "PSAD56", "huso": 18, "epsg_origen": 24878, "tipo_publicacion": "pedimento", "fuente_pdf": "http://www.diariooficial.interior.gob.cl/publicaciones/2026/09/23/44556/07/2873921.pdf", "archivo": "gm_pedimento_2873921.pdf", "fecha": "23-09-2026", "edicion": "44556" }, "geometry": { "type": "Polygon", "coordinates": [ [ [ -73.211957708712262, -37.636274046388181 ], [ -73.177972454024626, -37.635753987276928 ], [ -73.177752370840963, -37.644762852969876 ], [ -73.21174172523304, -37.645283080140871 ], [ -73.211957708712262, -37.636274046388181 ] ] ] } },
{ "type": "Feature", "properties": { "cve": "2873922", "nombre": "LUNA 111", "solicitante": "Varela Echaurren Juan Francisco", "region": "REGIÓN DEL BIOBÍO", "provincia": "Provincia de Arauco", "comuna": null, "superficie_ha": 300.0, "datum_original": "PSAD56", "huso": 18, "epsg_origen": 24878, "tipo_publicacion": "pedimento", "fuente_pdf": "http://www.diariooficial.interior.gob.cl/publicaciones/2026/09/23/44556/07/2873922.pdf", "archivo": "gm_pedimento_2873922.pdf", "fecha": "23-09-2026", "edicion": "44556" }, "geometry": { "type": "Polygon", "coordinates": [ [ [ -73.17819243920988, -37.62674510659911 ], [ -73.144212163975112, -37.626215436655393 ], [ -73.143988081324821, -37.635224146155451 ], [ -73.177972454024626, -37.635753987276928 ], [ -73.17819243920988, -37.62674510659911 ] ] ] } },
{ "type": "Feature", "properties": { "cve": "2873923", "nombre": "LUNA 113", "solicitante": "Varela Echeurren Juan Francisco", "region": "REGIÓN DEL BIOBÍO", "provincia": "Provincia de Arauco", "comuna": null, "superficie_ha": 300.0, "datum_original": "PSAD56", "huso": 18, "epsg_origen": 24878, "tipo_publicacion": "pedimento", "fuente_pdf": "http://www.diariooficial.interior.gob.cl/publicaciones/2026/09/23/44556/07/2873923.pdf", "archivo": "gm_pedimento_2873923.pdf", "fecha": "23-09-2026", "edicion": "44556" }, "geometry": { "type": "Polygon", "coordinates": [ [ [ -73.177752370840963, -37.644762852969876 ], [ -73.143763898852868, -37.644232840629975 ], [ -73.143539616512115, -37.653241520077202 ], [ -73.17753218961262, -37.653771703676263 ], [ -73.177752370840963, -37.644762852969876 ] ] ] } },
{ "type": "Feature", "properties": { "cve": "2873924", "nombre": "LUNA 116", "solicitante": "Varela Echeurren Juan Francisco", "region": "REGIÓN DEL BIOBÍO", "provincia": "Provincia de Arauco", "comuna": null, "superficie_ha": 300.0, "datum_original": "PSAD56", "huso": 18, "epsg_origen": 24878, "tipo_publicacion": "pedimento", "fuente_pdf": "http://www.diariooficial.interior.gob.cl/publicaciones/2026/09/23/44556/07/2873924.pdf", "archivo": "gm_pedimento_2873924.pdf", "fecha": "23-09-2026", "edicion": "44556" }, "geometry": { "type": "Polygon", "coordinates": [ [ [ -73.144212163975112, -37.626215436655393 ], [ -73.132885604303326, -37.626036707065388 ], [ -73.132208957833186, -37.653062617163165 ], [ -73.143539616512115, -37.653241520077202 ], [ -73.144212163975112, -37.626215436655393 ] ] ] } },
{ "type": "Feature", "properties": { "cve": "2873925", "nombre": "LUNA 118", "solicitante": "Varela Echeurren Juan Francisco", "region": "REGIÓN DEL BIOBÍO", "provincia": "Provincia de Arauco", "comuna": null, "superficie_ha": 300.0, "datum_original": "PSAD56", "huso": 18, "epsg_origen": 24878, "tipo_publicacion": "pedimento", "fuente_pdf": "http://www.diariooficial.interior.gob.cl/publicaciones/2026/09/23/44556/07/2873925.pdf", "archivo": "gm_pedimento_2873925.pdf", "fecha": "23-09-2026", "edicion": "44556" }, "geometry": { "type": "Polygon", "coordinates": [ [ [ -73.15464736044953, -37.662428057356294 ], [ -73.120651282365756, -37.661891175237351 ], [ -73.12042406387269, -37.670899708641734 ], [ -73.154424246437358, -37.671436764208423 ], [ -73.15464736044953, -37.662428057356294 ] ] ] } },
{ "type": "Feature", "properties": { "cve": "2873933", "nombre": "LUNA 135", "solicitante": "Varela Echaurren Juan Francisco", "region": "REGIÓN DEL BIOBÍO", "provincia": "Provincia de Arauco", "comuna": null, "superficie_ha": 200.0, "datum_original": "PSAD56", "huso": 18, "epsg_origen": 24878, "tipo_publicacion": "pedimento", "fuente_pdf": "http://www.diariooficial.interior.gob.cl/publicaciones/2026/09/23/44556/07/2873933.pdf", "archivo": "gm_pedimento_2873933.pdf", "fecha": "23-09-2026", "edicion": "44556" }, "geometry": { "type": "Polygon", "coordinates": [ [ [ -73.132885604303326, -37.626036707065388 ], [ -73.110232786713979, -37.625675988649817 ], [ -73.110004607022248, -37.634684523814556 ], [ -73.132660155925123, -37.635045358804504 ], [ -73.132885604303326, -37.626036707065388 ] ] ] } },
{ "type": "Feature", "properties": { "cve": "2874168", "nombre": "LUNA 170", "solicitante": "Varela Echaurren Juan Francisco", "region": "REGIÓN DEL BIOBÍO", "provincia": "Provincia de Biobío", "comuna": null, "superficie_ha": 200.0, "datum_original": "PSAD56", "huso": 18, "epsg_origen": 24878, "tipo_publicacion": "pedimento", "fuente_pdf": "http://www.diariooficial.interior.gob.cl/publicaciones/2026/09/23/44556/07/2874168.pdf", "archivo": "gm_pedimento_2874168.pdf", "fecha": "23-09-2026", "edicion": "44556" }, "geometry": { "type": "Polygon", "coordinates": [ [ [ -73.032612360760609, -37.561322018144118 ], [ -73.009980489240348, -37.560942606536891 ], [ -73.009740769412829, -37.569950706072746 ], [ -73.032375362879478, -37.570330240363788 ], [ -73.032612360760609, -37.561322018144118 ] ] ] } },
{ "type": "Feature", "properties": { "cve": "2874169", "nombre": "LUNA 171", "solicitante": "Varela Echaurren Juan Francisco", "region": "REGIÓN DEL BIOBÍO", "provincia": "Provincia de Biobío", "comuna": null, "superficie_ha": 200.0, "datum_original": "PSAD56", "huso": 18, "epsg_origen": 24878, "tipo_publicacion": "pedimento", "fuente_pdf": "http://www.diariooficial.interior.gob.cl/publicaciones/2026/09/23/44556/07/2874169.pdf", "archivo": "gm_pedimento_2874169.pdf", "fecha": "23-09-2026", "edicion": "44556" }, "geometry": { "type": "Polygon", "coordinates": [ [ [ -73.032375362879478, -37.570330240363788 ], [ -73.009740769412829, -37.569950706072746 ], [ -73.009500942826321, -37.578958790425816 ], [ -73.032138259450022, -37.579338447429734 ], [ -73.032375362879478, -37.570330240363788 ] ] ] } },
{ "type": "Feature", "properties": { "cve": "2874170", "nombre": "LUNA 172", "solicitante": "Varela Echaurren Juan Francisco", "region": "REGIÓN DEL BIOBÍO", "provincia": "Provincia de Biobío", "comuna": null, "superficie_ha": 200.0, "datum_original": "PSAD56", "huso": 18, "epsg_origen": 24878, "tipo_publicacion": "pedimento", "fuente_pdf": "http://www.diariooficial.interior.gob.cl/publicaciones/2026/09/23/44556/07/2874170.pdf", "archivo": "gm_pedimento_2874170.pdf", "fecha": "23-09-2026", "edicion": "44556" }, "geometry": { "type": "Polygon", "coordinates": [ [ [ -73.032138259450022, -37.579338447429734 ], [ -73.009500942826321, -37.578958790425816 ], [ -73.00926100943056, -37.587966859594246 ], [ -73.031901050422533, -37.588346639340166 ], [ -73.032138259450022, -37.579338447429734 ] ] ] } },
{ "type": "Feature", "properties": { "cve": "2874171", "nombre": "LUNA 174", "solicitante": "Varela Echaurren Juan Francisco", "region": "REGIÓN DEL BIOBÍO", "provincia": "Provincia de Biobío", "comuna": null, "superficie_ha": 300.0, "datum_original": "PSAD56", "huso": 18, "epsg_origen": 24878, "tipo_publicacion": "pedimento", "fuente_pdf": "http://www.diariooficial.interior.gob.cl/publicaciones/2026/09/23/44556/07/2874171.pdf", "archivo": "gm_pedimento_2874171.pdf", "fecha": "23-09-2026", "edicion": "44556" }, "geometry": { "type": "Polygon", "coordinates": [ [ [ -73.076486496708782, -37.616118390607738 ], [ -73.042513058938695, -37.61555956951424 ], [ -73.04227679170566, -37.624567761687487 ], [ -73.076254323825424, -37.62512676338735 ], [ -73.076486496708782, -37.616118390607738 ] ] ] } },
{ "type": "Feature", "properties": { "cve": "2874172", "nombre": "LUNA 176", "solicitante": "Varela Echaurren Juan Francisco", "region": "REGIÓN DEL BIOBÍO", "provincia": "Provincia de Biobío", "comuna": null, "superficie_ha": 300.0, "datum_original": "PSAD56", "huso": 18, "epsg_origen": 24878, "tipo_publicacion": "pedimento", "fuente_pdf": "http://www.diariooficial.interior.gob.cl/publicaciones/2026/09/23/44556/07/2874172.pdf", "archivo": "gm_pedimento_2874172.pdf", "fecha": "23-09-2026", "edicion": "44556" }, "geometry": { "type": "Polygon", "coordinates": [ [ [ -73.042985277883076, -37.597543139724259 ], [ -73.009020969175211, -37.596974913576155 ], [ -73.008780822009925, -37.6059829523697 ], [ -73.042749220981307, -37.606551362192562 ], [ -73.042985277883076, -37.597543139724259 ] ] ] } },
{ "type": "Feature", "properties": { "cve": "2874173", "nombre": "LUNA 177", "solicitante": "Varela Echaurren Juan Francisco", "region": "REGIÓN DEL BIOBÍO", "provincia": "Provincia de Biobío", "comuna": null, "superficie_ha": 300.0, "datum_original": "PSAD56", "huso": 18, "epsg_origen": 24878, "tipo_publicacion": "pedimento", "fuente_pdf": "http://www.diariooficial.interior.gob.cl/publicaciones/2026/09/23/44556/07/2874173.pdf", "archivo": "gm_pedimento_2874173.pdf", "fecha": "23-09-2026", "edicion": "44556" }, "geometry": { "type": "Polygon", "coordinates": [ [ [ -73.042749220981307, -37.606551362192562 ], [ -73.008780822009925, -37.6059829523697 ], [ -73.008540567884339, -37.614990975973029 ], [ -73.042513058938695, -37.61555956951424 ], [ -73.042749220981307, -37.606551362192562 ] ] ] } },
{ "type": "Feature", "properties": { "cve": "2874174", "nombre": "LUNA 178", "solicitante": "Varela Echaurren Juan Francisco", "region": "REGIÓN DEL BIOBÍO", "provincia": "Provincia de Biobío", "comuna": null, "superficie_ha": 300.0, "datum_original": "PSAD56", "huso": 18, "epsg_origen": 24878, "tipo_publicacion": "pedimento", "fuente_pdf": "http://www.diariooficial.interior.gob.cl/publicaciones/2026/09/23/44556/07/2874174.pdf", "archivo": "gm_pedimento_2874174.pdf", "fecha": "23-09-2026", "edicion": "44556" }, "geometry": { "type": "Polygon", "coordinates": [ [ [ -73.010220102359114, -37.55193449182012 ], [ -72.976277177635794, -37.551357433858442 ], [ -72.976033483789806, -37.560365361968159 ], [ -73.009980489240348, -37.560942606536891 ], [ -73.010220102359114, -37.55193449182012 ] ] ] } },
{ "type": "Feature", "properties": { "cve": "2874175", "nombre": "LUNA 179", "solicitante": "Varela Echaurren Juan Francisco", "region": "REGIÓN DEL BIOBÍO", "provincia": "Provincia de Biobío", "comuna": null, "superficie_ha": 300.0, "datum_original": "PSAD56", "huso": 18, "epsg_origen": 24878, "tipo_publicacion": "pedimento", "fuente_pdf": "http://www.diariooficial.interior.gob.cl/publicaciones/2026/09/23/44556/07/2874175.pdf", "archivo": "gm_pedimento_2874175.pdf", "fecha": "23-09-2026", "edicion": "44556" }, "geometry": { "type": "Polygon", "coordinates": [ [ [ -73.009980489240348, -37.560942606536891 ], [ -72.976033483789806, -37.560365361968159 ], [ -72.97578968142021, -37.569373274852751 ], [ -73.009740769412829, -37.569950706072746 ], [ -73.009980489240348, -37.560942606536891 ] ] ] } },
{ "type": "Feature", "properties": { "cve": "2874176", "nombre": "LUNA 180", "solicitante": "Varela Echaurren Juan Francisco", "region": "REGIÓN DEL BIOBÍO", "provincia": "Provincia de Biobío", "comuna": null, "superficie_ha": 300.0, "datum_original": "PSAD56", "huso": 18, "epsg_origen": 24878, "tipo_publicacion": "pedimento", "fuente_pdf": "http://www.diariooficial.interior.gob.cl/publicaciones/2026/09/23/44556/07/2874176.pdf", "archivo": "gm_pedimento_2874176.pdf", "fecha": "23-09-2026", "edicion": "44556" }, "geometry": { "type": "Polygon", "coordinates": [ [ [ -73.009740769412829, -37.569950706072746 ], [ -72.97578968142021, -37.569373274852751 ], [ -72.97554577047589, -37.578381172510269 ], [ -73.009500942826321, -37.578958790425816 ], [ -73.009740769412829, -37.569950706072746 ] ] ] } },
{ "type": "Feature", "properties": { "cve": "2874177", "nombre": "LUNA 181", "solicitante": "Varela Echaurren Juan Francisco", "region": "REGIÓN DEL BIOBÍO", "provincia": "Provincia de Biobío", "comuna": null, "superficie_ha": 300.0, "datum_original": "PSAD56", "huso": 18, "epsg_origen": 24878, "tipo_publicacion": "pedimento", "fuente_pdf": "http://www.diariooficial.interior.gob.cl/publicaciones/2026/09/23/44556/07/2874177.pdf", "archivo": "gm_pedimento_2874177.pdf", "fecha": "23-09-2026", "edicion": "44556" }, "geometry": { "type": "Polygon", "coordinates": [ [ [ -73.009500942826321, -37.578958790425816 ], [ -72.97554577047589, -37.578381172510269 ], [ -72.975301750905757, -37.587389054938875 ], [ -73.00926100943056, -37.587966859594246 ], [ -73.009500942826321, -37.578958790425816 ] ] ] } },
{ "type": "Feature", "properties": { "cve": "2874178", "nombre": "LUNA 182", "solicitante": "Varela Echaurren Juan Francisco", "region": "REGIÓN DEL BIOBÍO", "provincia": "Provincia de Biobío", "comuna": null, "superficie_ha": 300.0, "datum_original": "PSAD56", "huso": 18, "epsg_origen": 24878, "tipo_publicacion": "pedimento", "fuente_pdf": "http://www.diariooficial.interior.gob.cl/publicaciones/2026/09/23/44556/07/2874178.pdf", "archivo": "gm_pedimento_2874178.pdf", "fecha": "23-09-2026", "edicion": "44556" }, "geometry": { "type": "Polygon", "coordinates": [ [ [ -73.00926100943056, -37.587966859594246 ], [ -72.975301750905757, -37.587389054938875 ], [ -72.975057622658611, -37.596396922136648 ], [ -73.009020969175211, -37.596974913576155 ], [ -73.00926100943056, -37.587966859594246 ] ] ] } },
{ "type": "Feature", "properties": { "cve": "2874179", "nombre": "LUNA 184", "solicitante": "Varela Echaurren Juan Francisco", "region": "REGIÓN DEL BIOBÍO", "provincia": "Provincia de Biobío", "comuna": null, "superficie_ha": 300.0, "datum_original": "PSAD56", "huso": 18, "epsg_origen": 24878, "tipo_publicacion": "pedimento", "fuente_pdf": "http://www.diariooficial.interior.gob.cl/publicaciones/2026/09/23/44556/07/2874179.pdf", "archivo": "gm_pedimento_2874179.pdf", "fecha": "23-09-2026", "edicion": "44556" }, "geometry": { "type": "Polygon", "coordinates": [ [ [ -73.008780822009925, -37.6059829523697 ], [ -72.974813385683262, -37.60540477410175 ], [ -72.974569039928483, -37.614412610832261 ], [ -73.008540567884339, -37.614990975973029 ], [ -73.008780822009925, -37.6059829523697 ] ] ] } },
{ "type": "Feature", "properties": { "cve": "2874180", "nombre": "LUNA 186", "solicitante": "Varela Echaurren Juan Francisco", "region": "REGIÓN DEL BIOBÍO", "provincia": "Provincia de Biobío", "comuna": null, "superficie_ha": 300.0, "datum_original": "PSAD56", "huso": 18, "epsg_origen": 24878, "tipo_publicacion": "pedimento", "fuente_pdf": "http://www.diariooficial.interior.gob.cl/publicaciones/2026/09/23/44556/07/2874180.pdf", "archivo": "gm_pedimento_2874180.pdf", "fecha": "23-09-2026", "edicion": "44556" }, "geometry": { "type": "Polygon", "coordinates": [ [ [ -72.976033483789806, -37.560365361968159 ], [ -72.942087455053723, -37.559778365575603 ], [ -72.941839570601871, -37.568786088658598 ], [ -72.97578968142021, -37.569373274852751 ], [ -72.976033483789806, -37.560365361968159 ] ] ] } },
{ "type": "Feature", "properties": { "cve": "2874181", "nombre": "LUNA 187", "solicitante": "Varela Echaurren Juan Francisco", "region": "REGIÓN DEL BIOBÍO", "provincia": "Provincia de Biobío", "comuna": null, "superficie_ha": 300.0, "datum_original": "PSAD56", "huso": 18, "epsg_origen": 24878, "tipo_publicacion": "pedimento", "fuente_pdf": "http://www.diariooficial.interior.gob.cl/publicaciones/2026/09/23/44556/07/2874181.pdf", "archivo": "gm_pedimento_2874181.pdf", "fecha": "23-09-2026", "edicion": "44556" }, "geometry": { "type": "Polygon", "coordinates": [ [ [ -72.97578968142021, -37.569373274852751 ], [ -72.941839570601871, -37.568786088658598 ], [ -72.941591575759929, -37.577793796469535 ], [ -72.97554577047589, -37.578381172510269 ], [ -72.97578968142021, -37.569373274852751 ] ] ] } },
{ "type": "Feature", "properties": { "cve": "2874131", "nombre": "LUNA 188", "solicitante": "Varela Echaurren Juan Francisco", "region": "REGIÓN DEL BIOBÍO", "provincia": "Provincia de Biobío", "comuna": null, "superficie_ha": 300.0, "datum_original": "PSAD56", "huso": 18, "epsg_origen": 24878, "tipo_publicacion": "pedimento", "fuente_pdf": "http://www.diariooficial.interior.gob.cl/publicaciones/2026/09/23/44556/07/2874131.pdf", "archivo": "gm_pedimento_2874131.pdf", "fecha": "23-09-2026", "edicion": "44556" }, "geometry": { "type": "Polygon", "coordinates": [ [ [ -72.97554577047589, -37.578381172510269 ], [ -72.941591575759929, -37.577793796469535 ], [ -72.9413434704759, -37.586801489006518 ], [ -72.975301750905757, -37.587389054938875 ], [ -72.97554577047589, -37.578381172510269 ] ] ] } },
{ "type": "Feature", "properties": { "cve": "2874132", "nombre": "LUNA 189", "solicitante": "Varela Echaurren Juan Francisco", "region": "REGIÓN DEL BIOBÍO", "provincia": "Provincia de Biobío", "comuna": null, "superficie_ha": 300.0, "datum_original": "PSAD56", "huso": 18, "epsg_origen": 24878, "tipo_publicacion": "pedimento", "fuente_pdf": "http://www.diariooficial.interior.gob.cl/publicaciones/2026/09/23/44556/07/2874132.pdf", "archivo": "gm_pedimento_2874132.pdf", "fecha": "23-09-2026", "edicion": "44556" }, "geometry": { "type": "Polygon", "coordinates": [ [ [ -72.975301750905757, -37.587389054938875 ], [ -72.9413434704759, -37.586801489006518 ], [ -72.941095254697785, -37.595809166267628 ], [ -72.975057622658611, -37.596396922136648 ], [ -72.975301750905757, -37.587389054938875 ] ] ] } },
{ "type": "Feature", "properties": { "cve": "2874133", "nombre": "LUNA 190", "solicitante": "Varela Echaurren Juan Francisco", "region": "REGIÓN DEL BIOBÍO", "provincia": "Provincia de Biobío", "comuna": null, "superficie_ha": 300.0, "datum_original": "PSAD56", "huso": 18, "epsg_origen": 24878, "tipo_publicacion": "pedimento", "fuente_pdf": "http://www.diariooficial.interior.gob.cl/publicaciones/2026/09/23/44556/07/2874133.pdf", "archivo": "gm_pedimento_2874133.pdf", "fecha": "23-09-2026", "edicion": "44556" }, "geometry": { "type": "Polygon", "coordinates": [ [ [ -72.975057622658611, -37.596396922136648 ], [ -72.941095254697785, -37.595809166267628 ], [ -72.940846928373517, -37.604816828250982 ], [ -72.974813385683262, -37.60540477410175 ], [ -72.975057622658611, -37.596396922136648 ] ] ] } },
{ "type": "Feature", "properties": { "cve": "2874134", "nombre": "LUNA 191", "solicitante": "Varela Echaurren Juan Francisco", "region": "REGIÓN DEL BIOBÍO", "provincia": "Provincia de Biobío", "comuna": null, "superficie_ha": 300.0, "datum_original": "PSAD56", "huso": 18, "epsg_origen": 24878, "tipo_publicacion": "pedimento", "fuente_pdf": "http://www.diariooficial.interior.gob.cl/publicaciones/2026/09/23/44556/07/2874134.pdf", "archivo": "gm_pedimento_2874134.pdf", "fecha": "23-09-2026", "edicion": "44556" }, "geometry": { "type": "Polygon", "coordinates": [ [ [ -72.974813385683262, -37.60540477410175 ], [ -72.940846928373517, -37.604816828250982 ], [ -72.940598491451013, -37.61382447495464 ], [ -72.974569039928483, -37.614412610832261 ], [ -72.974813385683262, -37.60540477410175 ] ] ] } },
{ "type": "Feature", "properties": { "cve": "2874135", "nombre": "LUNA 192", "solicitante": "Varela Echaurren Juan Francisco", "region": "REGIÓN DEL BIOBÍO", "provincia": "Provincia de Biobío", "comuna": null, "superficie_ha": 300.0, "datum_original": "PSAD56", "huso": 18, "epsg_origen": 24878, "tipo_publicacion": "pedimento", "fuente_pdf": "http://www.diariooficial.interior.gob.cl/publicaciones/2026/09/23/44556/07/2874135.pdf", "archivo": "gm_pedimento_2874135.pdf", "fecha": "23-09-2026", "edicion": "44556" }, "geometry": { "type": "Polygon", "coordinates": [ [ [ -72.942335229167426, -37.550770627222505 ], [ -72.908394273277224, -37.550174072786525 ], [ -72.90814241936296, -37.559181618233879 ], [ -72.942087455053723, -37.559778365575603 ], [ -72.942335229167426, -37.550770627222505 ] ] ] } },
{ "type": "Feature", "properties": { "cve": "2874136", "nombre": "LUNA 194", "solicitante": "Varela Echaurren Juan Francisco", "region": "REGIÓN DEL BIOBÍO", "provincia": "Provincia de Biobío", "comuna": null, "superficie_ha": 300.0, "datum_original": "PSAD56", "huso": 18, "epsg_origen": 24878, "tipo_publicacion": "pedimento", "fuente_pdf": "http://www.diariooficial.interior.gob.cl/publicaciones/2026/09/23/44556/07/2874136.pdf", "archivo": "gm_pedimento_2874136.pdf", "fecha": "23-09-2026", "edicion": "44556" }, "geometry": { "type": "Polygon", "coordinates": [ [ [ -72.941839570601871, -37.568786088658598 ], [ -72.907890453296346, -37.568189148365384 ], [ -72.907638375024575, -37.577196663179087 ], [ -72.941591575759929, -37.577793796469535 ], [ -72.941839570601871, -37.568786088658598 ] ] ] } },
{ "type": "Feature", "properties": { "cve": "2874137", "nombre": "LUNA 196", "solicitante": "Varela Echaurren Juan Francisco", "region": "REGIÓN DEL BIOBÍO", "provincia": "Provincia de Biobío", "comuna": null, "superficie_ha": 300.0, "datum_original": "PSAD56", "huso": 18, "epsg_origen": 24878, "tipo_publicacion": "pedimento", "fuente_pdf": "http://www.diariooficial.interior.gob.cl/publicaciones/2026/09/23/44556/07/2874137.pdf", "archivo": "gm_pedimento_2874137.pdf", "fecha": "23-09-2026", "edicion": "44556" }, "geometry": { "type": "Polygon", "coordinates": [ [ [ -72.9413434704759, -37.586801489006518 ], [ -72.907386184494825, -37.586204162673091 ], [ -72.907133881654246, -37.595211646845414 ], [ -72.941095254697785, -37.595809166267628 ], [ -72.9413434704759, -37.586801489006518 ] ] ] } },
{ "type": "Feature", "properties": { "cve": "2874138", "nombre": "LUNA 197", "solicitante": "Varela Echaurren Juan Francisco", "region": "REGIÓN DEL BIOBÍO", "provincia": "Provincia de Biobío", "comuna": null, "superficie_ha": 300.0, "datum_original": "PSAD56", "huso": 18, "epsg_origen": 24878, "tipo_publicacion": "pedimento", "fuente_pdf": "http://www.diariooficial.interior.gob.cl/publicaciones/2026/09/23/44556/07/2874138.pdf", "archivo": "gm_pedimento_2874138.pdf", "fecha": "23-09-2026", "edicion": "44556" }, "geometry": { "type": "Polygon", "coordinates": [ [ [ -72.941095254697785, -37.595809166267628 ], [ -72.907133881654246, -37.595211646845414 ], [ -72.906881466449875, -37.604219115694171 ], [ -72.940846928373517, -37.604816828250982 ], [ -72.941095254697785, -37.595809166267628 ] ] ] } },
{ "type": "Feature", "properties": { "cve": "2874139", "nombre": "LUNA 198", "solicitante": "Varela Echaurren Juan Francisco", "region": "REGIÓN DEL BIOBÍO", "provincia": "Provincia de Biobío", "comuna": null, "superficie_ha": 300.0, "datum_original": "PSAD56", "huso": 18, "epsg_origen": 24878, "tipo_publicacion": "pedimento", "fuente_pdf": "http://www.diariooficial.interior.gob.cl/publicaciones/2026/09/23/44556/07/2874139.pdf", "archivo": "gm_pedimento_2874139.pdf", "fecha": "23-09-2026", "edicion": "44556" }, "geometry": { "type": "Polygon", "coordinates": [ [ [ -72.940846928373517, -37.604816828250982 ], [ -72.906881466449875, -37.604219115694171 ], [ -72.906628938828803, -37.613226569217389 ], [ -72.940598491451013, -37.61382447495464 ], [ -72.940846928373517, -37.604816828250982 ] ] ] } },
{ "type": "Feature", "properties": { "cve": "2874140", "nombre": "LUNA 199", "solicitante": "Varela Echaurren Juan Francisco", "region": "REGIÓN DEL BIOBÍO", "provincia": "Provincia de Biobío", "comuna": null, "superficie_ha": 200.0, "datum_original": "PSAD56", "huso": 18, "epsg_origen": 24878, "tipo_publicacion": "pedimento", "fuente_pdf": "http://www.diariooficial.interior.gob.cl/publicaciones/2026/09/23/44556/07/2874140.pdf", "archivo": "gm_pedimento_2874140.pdf", "fecha": "23-09-2026", "edicion": "44556" }, "geometry": { "type": "Polygon", "coordinates": [ [ [ -72.907890453296346, -37.568189148365384 ], [ -72.885258268444559, -37.567785769664667 ], [ -72.885003468149947, -37.576793154063445 ], [ -72.907638375024575, -37.577196663179087 ], [ -72.907890453296346, -37.568189148365384 ] ] ] } },
{ "type": "Feature", "properties": { "cve": "2874141", "nombre": "LUNA 200", "solicitante": "Varela Echaurren Juan Francisco", "region": "REGIÓN DEL BIOBÍO", "provincia": "Provincia de Biobío", "comuna": null, "superficie_ha": 200.0, "datum_original": "PSAD56", "huso": 18, "epsg_origen": 24878, "tipo_publicacion": "pedimento", "fuente_pdf": "http://www.diariooficial.interior.gob.cl/publicaciones/2026/09/23/44556/07/2874141.pdf", "archivo": "gm_pedimento_2874141.pdf", "fecha": "23-09-2026", "edicion": "44556" }, "geometry": { "type": "Polygon", "coordinates": [ [ [ -72.907638375024575, -37.577196663179087 ], [ -72.885003468149947, -37.576793154063445 ], [ -72.884748554386931, -37.585800523111573 ], [ -72.907386184494825, -37.586204162673091 ], [ -72.907638375024575, -37.577196663179087 ] ] ] } },
{ "type": "Feature", "properties": { "cve": "2874142", "nombre": "LUNA 201", "solicitante": "Varela Echaurren Juan Francisco", "region": "REGIÓN DEL BIOBÍO", "provincia": "Provincia de Biobío", "comuna": null, "superficie_ha": 200.0, "datum_original": "PSAD56", "huso": 18, "epsg_origen": 24878, "tipo_publicacion": "pedimento", "fuente_pdf": "http://www.diariooficial.interior.gob.cl/publicaciones/2026/09/23/44556/07/2874142.pdf", "archivo": "gm_pedimento_2874142.pdf", "fecha": "23-09-2026", "edicion": "44556" }, "geometry": { "type": "Polygon", "coordinates": [ [ [ -72.907386184494825, -37.586204162673091 ], [ -72.884748554386931, -37.585800523111573 ], [ -72.88449352710208, -37.594807876807096 ], [ -72.907133881654246, -37.595211646845414 ], [ -72.907386184494825, -37.586204162673091 ] ] ] } },
{ "type": "Feature", "properties": { "cve": "2874143", "nombre": "LUNA 202", "solicitante": "Varela Echaurren Juan Francisco", "region": "REGIÓN DEL BIOBÍO", "provincia": "Provincia de Biobío", "comuna": null, "superficie_ha": 200.0, "datum_original": "PSAD56", "huso": 18, "epsg_origen": 24878, "tipo_publicacion": "pedimento", "fuente_pdf": "http://www.diariooficial.interior.gob.cl/publicaciones/2026/09/23/44556/07/2874143.pdf", "archivo": "gm_pedimento_2874143.pdf", "fecha": "23-09-2026", "edicion": "44556" }, "geometry": { "type": "Polygon", "coordinates": [ [ [ -72.907133881654246, -37.595211646845414 ], [ -72.88449352710208, -37.594807876807096 ], [ -72.884238386241933, -37.603815215148067 ], [ -72.906881466449875, -37.604219115694171 ], [ -72.907133881654246, -37.595211646845414 ] ] ] } },
{ "type": "Feature", "properties": { "cve": "2874144", "nombre": "LUNA 204", "solicitante": "Varela Echaurren Juan Francisco", "region": "REGIÓN DEL BIOBÍO", "provincia": "Provincia de Biobío", "comuna": null, "superficie_ha": 300.0, "datum_original": "PSAD56", "huso": 18, "epsg_origen": 24878, "tipo_publicacion": "pedimento", "fuente_pdf": "http://www.diariooficial.interior.gob.cl/publicaciones/2026/09/23/44556/07/2874144.pdf", "archivo": "gm_pedimento_2874144.pdf", "fecha": "23-09-2026", "edicion": "44556" }, "geometry": { "type": "Polygon", "coordinates": [ [ [ -72.850390068558482, -37.540120037927238 ], [ -72.816455968235601, -37.539497207907068 ], [ -72.816193150306532, -37.548504228840734 ], [ -72.850131327309768, -37.549127260271874 ], [ -72.850390068558482, -37.540120037927238 ] ] ] } },
{ "type": "Feature", "properties": { "cve": "2874146", "nombre": "LUNA 206", "solicitante": "Varela Echaurren Juan Francisco", "region": "REGIÓN DEL BIOBÍO", "provincia": "Provincia de Biobío", "comuna": null, "superficie_ha": 300.0, "datum_original": "PSAD56", "huso": 18, "epsg_origen": 24878, "tipo_publicacion": "pedimento", "fuente_pdf": "http://www.diariooficial.interior.gob.cl/publicaciones/2026/09/23/44556/07/2874146.pdf", "archivo": "gm_pedimento_2874146.pdf", "fecha": "23-09-2026", "edicion": "44556" }, "geometry": { "type": "Polygon", "coordinates": [ [ [ -72.849872470849334, -37.55813446722243 ], [ -72.815930215353291, -37.557511234332608 ], [ -72.815667163320882, -37.566518224380673 ], [ -72.849613499122967, -37.567141658776926 ], [ -72.849872470849334, -37.55813446722243 ] ] ] } },
{ "type": "Feature", "properties": { "cve": "2874147", "nombre": "LUNA 207", "solicitante": "Varela Echaurren Juan Francisco", "region": "REGIÓN DEL BIOBÍO", "provincia": "Provincia de Biobío", "comuna": null, "superficie_ha": 300.0, "datum_original": "PSAD56", "huso": 18, "epsg_origen": 24878, "tipo_publicacion": "pedimento", "fuente_pdf": "http://www.diariooficial.interior.gob.cl/publicaciones/2026/09/23/44556/07/2874147.pdf", "archivo": "gm_pedimento_2874147.pdf", "fecha": "23-09-2026", "edicion": "44556" }, "geometry": { "type": "Polygon", "coordinates": [ [ [ -72.795689260779241, -37.476027948533542 ], [ -72.784387856710879, -37.475816488422943 ], [ -72.783589309848324, -37.502837216244274 ], [ -72.794894779081687, -37.503048881669834 ], [ -72.795689260779241, -37.476027948533542 ] ] ] } },
{ "type": "Feature", "properties": { "cve": "2874148", "nombre": "LUNA 208", "solicitante": "Varela Echaurren Juan Francisco", "region": "REGIÓN DEL BIOBÍO", "provincia": "Provincia de Biobío", "comuna": null, "superficie_ha": 300.0, "datum_original": "PSAD56", "huso": 18, "epsg_origen": 24878, "tipo_publicacion": "pedimento", "fuente_pdf": "http://www.diariooficial.interior.gob.cl/publicaciones/2026/09/23/44556/07/2874148.pdf", "archivo": "gm_pedimento_2874148.pdf", "fecha": "23-09-2026", "edicion": "44556" }, "geometry": { "type": "Polygon", "coordinates": [ [ [ -72.794894779081687, -37.503048881669834 ], [ -72.783589309848324, -37.502837216244274 ], [ -72.782789695970536, -37.529857804745426 ], [ -72.794099235792046, -37.530069675631601 ], [ -72.794894779081687, -37.503048881669834 ] ] ] } },
{ "type": "Feature", "properties": { "cve": "2874149", "nombre": "LUNA 209", "solicitante": "Varela Echaurren Juan Francisco", "region": "REGIÓN DEL BIOBÍO", "provincia": "Provincia de Biobío", "comuna": null, "superficie_ha": 300.0, "datum_original": "PSAD56", "huso": 18, "epsg_origen": 24878, "tipo_publicacion": "pedimento", "fuente_pdf": "http://www.diariooficial.interior.gob.cl/publicaciones/2026/09/23/44556/07/2874149.pdf", "archivo": "gm_pedimento_2874149.pdf", "fecha": "23-09-2026", "edicion": "44556" }, "geometry": { "type": "Polygon", "coordinates": [ [ [ -72.816718669195581, -37.530490171533643 ], [ -72.782789695970536, -37.529857804745426 ], [ -72.78252292063668, -37.53886463660956 ], [ -72.816455968235601, -37.539497207907068 ], [ -72.816718669195581, -37.530490171533643 ] ] ] } },
{ "type": "Feature", "properties": { "cve": "2874182", "nombre": "LUNA 210", "solicitante": "Varela Echaurren Juan Francisco", "region": "REGIÓN DEL BIOBÍO", "provincia": "Provincia de Biobío", "comuna": null, "superficie_ha": 300.0, "datum_original": "PSAD56", "huso": 18, "epsg_origen": 24878, "tipo_publicacion": "pedimento", "fuente_pdf": "http://www.diariooficial.interior.gob.cl/publicaciones/2026/09/23/44556/07/2874182.pdf", "archivo": "gm_pedimento_2874182.pdf", "fecha": "23-09-2026", "edicion": "44556" }, "geometry": { "type": "Polygon", "coordinates": [ [ [ -72.816455968235601, -37.539497207907068 ], [ -72.78252292063668, -37.53886463660956 ], [ -72.782256026522489, -37.547871452985511 ], [ -72.816193150306532, -37.548504228840734 ], [ -72.816455968235601, -37.539497207907068 ] ] ] } },
{ "type": "Feature", "properties": { "cve": "2874183", "nombre": "LUNA 212", "solicitante": "Varela Echaurren Juan Francisco", "region": "REGIÓN DEL BIOBÍO", "provincia": "Provincia de Biobío", "comuna": null, "superficie_ha": 300.0, "datum_original": "PSAD56", "huso": 18, "epsg_origen": 24878, "tipo_publicacion": "pedimento", "fuente_pdf": "http://www.diariooficial.interior.gob.cl/publicaciones/2026/09/23/44556/07/2874183.pdf", "archivo": "gm_pedimento_2874183.pdf", "fecha": "23-09-2026", "edicion": "44556" }, "geometry": { "type": "Polygon", "coordinates": [ [ [ -72.815930215353291, -37.557511234332608 ], [ -72.781989013572087, -37.556878253871218 ], [ -72.781721881729553, -37.56588503926465 ], [ -72.815667163320882, -37.566518224380673 ], [ -72.815930215353291, -37.557511234332608 ] ] ] } },
{ "type": "Feature", "properties": { "cve": "2874184", "nombre": "LUNA 214", "solicitante": "Varela Echaurren Juan Francisco", "region": "REGIÓN DEL BIOBÍO", "provincia": "Provincia de Biobío", "comuna": null, "superficie_ha": 300.0, "datum_original": "PSAD56", "huso": 18, "epsg_origen": 24878, "tipo_publicacion": "pedimento", "fuente_pdf": "http://www.diariooficial.interior.gob.cl/publicaciones/2026/09/23/44556/07/2874184.pdf", "archivo": "gm_pedimento_2874184.pdf", "fecha": "23-09-2026", "edicion": "44556" }, "geometry": { "type": "Polygon", "coordinates": [ [ [ -72.784387856710879, -37.475816488422943 ], [ -72.750484357255758, -37.475175629342964 ], [ -72.750214230408687, -37.484182346732936 ], [ -72.784121792887802, -37.484823413173324 ], [ -72.784387856710879, -37.475816488422943 ] ] ] } },
{ "type": "Feature", "properties": { "cve": "2874185", "nombre": "LUNA 216", "solicitante": "Varela Echaurren Juan Francisco", "region": "REGIÓN DEL BIOBÍO", "provincia": "Provincia de Biobío", "comuna": null, "superficie_ha": 300.0, "datum_original": "PSAD56", "huso": 18, "epsg_origen": 24878, "tipo_publicacion": "pedimento", "fuente_pdf": "http://www.diariooficial.interior.gob.cl/publicaciones/2026/09/23/44556/07/2874185.pdf", "archivo": "gm_pedimento_2874185.pdf", "fecha": "23-09-2026", "edicion": "44556" }, "geometry": { "type": "Polygon", "coordinates": [ [ [ -72.783855610618829, -37.493830322447806 ], [ -72.749943983309933, -37.493189048597984 ], [ -72.749673615903021, -37.502195734936016 ], [ -72.783589309848324, -37.502837216244274 ], [ -72.783855610618829, -37.493830322447806 ] ] ] } },
{ "type": "Feature", "properties": { "cve": "2874186", "nombre": "LUNA 217", "solicitante": "Varela Echaurren Juan Francisco", "region": "REGIÓN DEL BIOBÍO", "provincia": "Provincia de Biobío", "comuna": null, "superficie_ha": 300.0, "datum_original": "PSAD56", "huso": 18, "epsg_origen": 24878, "tipo_publicacion": "pedimento", "fuente_pdf": "http://www.diariooficial.interior.gob.cl/publicaciones/2026/09/23/44556/07/2874186.pdf", "archivo": "gm_pedimento_2874186.pdf", "fecha": "23-09-2026", "edicion": "44556" }, "geometry": { "type": "Polygon", "coordinates": [ [ [ -72.783589309848324, -37.502837216244274 ], [ -72.749673615903021, -37.502195734936016 ], [ -72.749403128131419, -37.511202405744996 ], [ -72.78332289052058, -37.511844094560757 ], [ -72.783589309848324, -37.502837216244274 ] ] ] } },
{ "type": "Feature", "properties": { "cve": "2874187", "nombre": "LUNA 218", "solicitante": "Varela Echaurren Juan Francisco", "region": "REGIÓN DEL BIOBÍO", "provincia": "Provincia de Biobío", "comuna": null, "superficie_ha": 300.0, "datum_original": "PSAD56", "huso": 18, "epsg_origen": 24878, "tipo_publicacion": "pedimento", "fuente_pdf": "http://www.diariooficial.interior.gob.cl/publicaciones/2026/09/23/44556/07/2874187.pdf", "archivo": "gm_pedimento_2874187.pdf", "fecha": "23-09-2026", "edicion": "44556" }, "geometry": { "type": "Polygon", "coordinates": [ [ [ -72.78332289052058, -37.511844094560757 ], [ -72.749403128131419, -37.511202405744996 ], [ -72.749132519938556, -37.520209061022818 ], [ -72.783056352579905, -37.520850957395155 ], [ -72.78332289052058, -37.511844094560757 ] ] ] } },
{ "type": "Feature", "properties": { "cve": "2874188", "nombre": "LUNA 219", "solicitante": "Varela Echaurren Juan Francisco", "region": "REGIÓN DEL BIOBÍO", "provincia": "Provincia de Biobío", "comuna": null, "superficie_ha": 300.0, "datum_original": "PSAD56", "huso": 18, "epsg_origen": 24878, "tipo_publicacion": "pedimento", "fuente_pdf": "http://www.diariooficial.interior.gob.cl/publicaciones/2026/09/23/44556/07/2874188.pdf", "archivo": "gm_pedimento_2874188.pdf", "fecha": "23-09-2026", "edicion": "44556" }, "geometry": { "type": "Polygon", "coordinates": [ [ [ -72.783056352579905, -37.520850957395155 ], [ -72.749132519938556, -37.520209061022818 ], [ -72.748861791267842, -37.529215700767409 ], [ -72.782789695970536, -37.529857804745426 ], [ -72.783056352579905, -37.520850957395155 ] ] ] } },
{ "type": "Feature", "properties": { "cve": "2874189", "nombre": "LUNA 220", "solicitante": "Varela Echaurren Juan Francisco", "region": "REGIÓN DEL BIOBÍO", "provincia": "Provincia de Biobío", "comuna": null, "superficie_ha": 300.0, "datum_original": "PSAD56", "huso": 18, "epsg_origen": 24878, "tipo_publicacion": "pedimento", "fuente_pdf": "http://www.diariooficial.interior.gob.cl/publicaciones/2026/09/23/44556/07/2874189.pdf", "archivo": "gm_pedimento_2874189.pdf", "fecha": "23-09-2026", "edicion": "44556" }, "geometry": { "type": "Polygon", "coordinates": [ [ [ -72.782789695970536, -37.529857804745426 ], [ -72.748861791267842, -37.529215700767409 ], [ -72.74859094206262, -37.538222324976722 ], [ -72.78252292063668, -37.53886463660956 ], [ -72.782789695970536, -37.529857804745426 ] ] ] } },
{ "type": "Feature", "properties": { "cve": "2874190", "nombre": "LUNA 221", "solicitante": "Varela Echaurren Juan Francisco", "region": "REGIÓN DEL BIOBÍO", "provincia": "Provincia de Biobío", "comuna": null, "superficie_ha": 300.0, "datum_original": "PSAD56", "huso": 18, "epsg_origen": 24878, "tipo_publicacion": "pedimento", "fuente_pdf": "http://www.diariooficial.interior.gob.cl/publicaciones/2026/09/23/44556/07/2874190.pdf", "archivo": "gm_pedimento_2874190.pdf", "fecha": "23-09-2026", "edicion": "44556" }, "geometry": { "type": "Polygon", "coordinates": [ [ [ -72.78252292063668, -37.53886463660956 ], [ -72.74859094206262, -37.538222324976722 ], [ -72.748319972266231, -37.547228933648675 ], [ -72.782256026522489, -37.547871452985511 ], [ -72.78252292063668, -37.53886463660956 ] ] ] } },
{ "type": "Feature", "properties": { "cve": "2874191", "nombre": "LUNA 222", "solicitante": "Varela Echaurren Juan Francisco", "region": "REGIÓN DEL BIOBÍO", "provincia": "Provincia de Biobío", "comuna": null, "superficie_ha": 300.0, "datum_original": "PSAD56", "huso": 18, "epsg_origen": 24878, "tipo_publicacion": "pedimento", "fuente_pdf": "http://www.diariooficial.interior.gob.cl/publicaciones/2026/09/23/44556/07/2874191.pdf", "archivo": "gm_pedimento_2874191.pdf", "fecha": "23-09-2026", "edicion": "44556" }, "geometry": { "type": "Polygon", "coordinates": [ [ [ -72.782256026522489, -37.547871452985511 ], [ -72.748319972266231, -37.547228933648675 ], [ -72.748048881821902, -37.556235526781208 ], [ -72.781989013572087, -37.556878253871218 ], [ -72.782256026522489, -37.547871452985511 ] ] ] } },
{ "type": "Feature", "properties": { "cve": "2874192", "nombre": "LUNA 224", "solicitante": "Varela Echaurren Juan Francisco", "region": "REGIÓN DEL BIOBÍO", "provincia": "Provincia de Biobío", "comuna": null, "superficie_ha": 300.0, "datum_original": "PSAD56", "huso": 18, "epsg_origen": 24878, "tipo_publicacion": "pedimento", "fuente_pdf": "http://www.diariooficial.interior.gob.cl/publicaciones/2026/09/23/44556/07/2874192.pdf", "archivo": "gm_pedimento_2874192.pdf", "fecha": "23-09-2026", "edicion": "44556" }, "geometry": { "type": "Polygon", "coordinates": [ [ [ -72.781721881729553, -37.56588503926465 ], [ -72.747777670672903, -37.565242104372246 ], [ -72.747506338762406, -37.57424866641972 ], [ -72.781454630938953, -37.574891809163788 ], [ -72.781721881729553, -37.56588503926465 ] ] ] } },
{ "type": "Feature", "properties": { "cve": "2874193", "nombre": "LUNA 226", "solicitante": "Varela Echaurren Juan Francisco", "region": "REGIÓN DEL BIOBÍO", "provincia": "Provincia de Biobío", "comuna": null, "superficie_ha": 300.0, "datum_original": "PSAD56", "huso": 18, "epsg_origen": 24878, "tipo_publicacion": "pedimento", "fuente_pdf": "http://www.diariooficial.interior.gob.cl/publicaciones/2026/09/23/44556/07/2874193.pdf", "archivo": "gm_pedimento_2874193.pdf", "fecha": "23-09-2026", "edicion": "44556" }, "geometry": { "type": "Polygon", "coordinates": [ [ [ -72.781187261144254, -37.583898563566549 ], [ -72.747234886033567, -37.583255212921564 ], [ -72.746963312429514, -37.59226174387571 ], [ -72.780919772289437, -37.592905302470925 ], [ -72.781187261144254, -37.583898563566549 ] ] ] } },
{ "type": "Feature", "properties": { "cve": "2874194", "nombre": "LUNA 227", "solicitante": "Varela Echaurren Juan Francisco", "region": "REGIÓN DEL BIOBÍO", "provincia": "Provincia de Biobío", "comuna": null, "superficie_ha": 200.0, "datum_original": "PSAD56", "huso": 18, "epsg_origen": 24878, "tipo_publicacion": "pedimento", "fuente_pdf": "http://www.diariooficial.interior.gob.cl/publicaciones/2026/09/23/44556/07/2874194.pdf", "archivo": "gm_pedimento_2874194.pdf", "fecha": "23-09-2026", "edicion": "44556" }, "geometry": { "type": "Polygon", "coordinates": [ [ [ -72.769600832412564, -37.592691867250352 ], [ -72.746963312429514, -37.59226174387571 ], [ -72.746691617893305, -37.601268259280104 ], [ -72.769331862196665, -37.601698521671182 ], [ -72.769600832412564, -37.592691867250352 ] ] ] } },
{ "type": "Feature", "properties": { "cve": "2874195", "nombre": "LUNA 228", "solicitante": "Varela Echaurren Juan Francisco", "region": "REGIÓN DEL BIOBÍO", "provincia": "Provincia de Biobío", "comuna": null, "superficie_ha": 300.0, "datum_original": "PSAD56", "huso": 18, "epsg_origen": 24878, "tipo_publicacion": "pedimento", "fuente_pdf": "http://www.diariooficial.interior.gob.cl/publicaciones/2026/09/23/44556/07/2874195.pdf", "archivo": "gm_pedimento_2874195.pdf", "fecha": "23-09-2026", "edicion": "44556" }, "geometry": { "type": "Polygon", "coordinates": [ [ [ -72.750484357255758, -37.475175629342964 ], [ -72.716581939559646, -37.474525052883976 ], [ -72.716307750196549, -37.483531559772892 ], [ -72.750214230408687, -37.484182346732936 ], [ -72.750484357255758, -37.475175629342964 ] ] ] } },
{ "type": "Feature", "properties": { "cve": "2874196", "nombre": "LUNA 229", "solicitante": "Varela Echaurren Juan Francisco", "region": "REGIÓN DEL BIOBÍO", "provincia": "Provincia de Biobío", "comuna": null, "superficie_ha": 300.0, "datum_original": "PSAD56", "huso": 18, "epsg_origen": 24878, "tipo_publicacion": "pedimento", "fuente_pdf": "http://www.diariooficial.interior.gob.cl/publicaciones/2026/09/23/44556/07/2874196.pdf", "archivo": "gm_pedimento_2874196.pdf", "fecha": "23-09-2026", "edicion": "44556" }, "geometry": { "type": "Polygon", "coordinates": [ [ [ -72.750214230408687, -37.484182346732936 ], [ -72.716307750196549, -37.483531559772892 ], [ -72.716033438776392, -37.492538051087138 ], [ -72.749943983309933, -37.493189048597984 ], [ -72.750214230408687, -37.484182346732936 ] ] ] } },
{ "type": "Feature", "properties": { "cve": "2874197", "nombre": "LUNA 230", "solicitante": "Varela Echaurren Juan Francisco", "region": "REGIÓN DEL BIOBÍO", "provincia": "Provincia de Biobío", "comuna": null, "superficie_ha": 300.0, "datum_original": "PSAD56", "huso": 18, "epsg_origen": 24878, "tipo_publicacion": "pedimento", "fuente_pdf": "http://www.diariooficial.interior.gob.cl/publicaciones/2026/09/23/44556/07/2874197.pdf", "archivo": "gm_pedimento_2874197.pdf", "fecha": "23-09-2026", "edicion": "44556" }, "geometry": { "type": "Polygon", "coordinates": [ [ [ -72.749943983309933, -37.493189048597984 ], [ -72.716033438776392, -37.492538051087138 ], [ -72.715759005241793, -37.501544526824638 ], [ -72.749673615903021, -37.502195734936016 ], [ -72.749943983309933, -37.493189048597984 ] ] ] } },
{ "type": "Feature", "properties": { "cve": "2874198", "nombre": "LUNA 231", "solicitante": "Varela Echaurren Juan Francisco", "region": "REGIÓN DEL BIOBÍO", "provincia": "Provincia de Biobío", "comuna": null, "superficie_ha": 300.0, "datum_original": "PSAD56", "huso": 18, "epsg_origen": 24878, "tipo_publicacion": "pedimento", "fuente_pdf": "http://www.diariooficial.interior.gob.cl/publicaciones/2026/09/23/44556/07/2874198.pdf", "archivo": "gm_pedimento_2874198.pdf", "fecha": "23-09-2026", "edicion": "44556" }, "geometry": { "type": "Polygon", "coordinates": [ [ [ -72.749673615903021, -37.502195734936016 ], [ -72.715759005241793, -37.501544526824638 ], [ -72.71548444953541, -37.510550986983276 ], [ -72.749403128131419, -37.511202405744996 ], [ -72.749673615903021, -37.502195734936016 ] ] ] } },
{ "type": "Feature", "properties": { "cve": "2874199", "nombre": "LUNA 232", "solicitante": "Varela Echaurren Juan Francisco", "region": "REGIÓN DEL BIOBÍO", "provincia": "Provincia de Biobío", "comuna": null, "superficie_ha": 300.0, "datum_original": "PSAD56", "huso": 18, "epsg_origen": 24878, "tipo_publicacion": "pedimento", "fuente_pdf": "http://www.diariooficial.interior.gob.cl/publicaciones/2026/09/23/44556/07/2874199.pdf", "archivo": "gm_pedimento_2874199.pdf", "fecha": "23-09-2026", "edicion": "44556" }, "geometry": { "type": "Polygon", "coordinates": [ [ [ -72.749403128131419, -37.511202405744996 ], [ -72.71548444953541, -37.510550986983276 ], [ -72.715209771599817, -37.519557431560941 ], [ -72.749132519938556, -37.520209061022818 ], [ -72.749403128131419, -37.511202405744996 ] ] ] } },
{ "type": "Feature", "properties": { "cve": "2874200", "nombre": "LUNA 234", "solicitante": "Varela Echaurren Juan Francisco", "region": "REGIÓN DEL BIOBÍO", "provincia": "Provincia de Biobío", "comuna": null, "superficie_ha": 300.0, "datum_original": "PSAD56", "huso": 18, "epsg_origen": 24878, "tipo_publicacion": "pedimento", "fuente_pdf": "http://www.diariooficial.interior.gob.cl/publicaciones/2026/09/23/44556/07/2874200.pdf", "archivo": "gm_pedimento_2874200.pdf", "fecha": "23-09-2026", "edicion": "44556" }, "geometry": { "type": "Polygon", "coordinates": [ [ [ -72.748861791267842, -37.529215700767409 ], [ -72.714934971377559, -37.528563860555529 ], [ -72.714660048811169, -37.537570273964953 ], [ -72.74859094206262, -37.538222324976722 ], [ -72.748861791267842, -37.529215700767409 ] ] ] } },
{ "type": "Feature", "properties": { "cve": "2874201", "nombre": "LUNA 235", "solicitante": "Varela Echaurren Juan Francisco", "region": "REGIÓN DEL BIOBÍO", "provincia": "Provincia de Biobío", "comuna": null, "superficie_ha": 300.0, "datum_original": "PSAD56", "huso": 18, "epsg_origen": 24878, "tipo_publicacion": "pedimento", "fuente_pdf": "http://www.diariooficial.interior.gob.cl/publicaciones/2026/09/23/44556/07/2874201.pdf", "archivo": "gm_pedimento_2874201.pdf", "fecha": "23-09-2026", "edicion": "44556" }, "geometry": { "type": "Polygon", "coordinates": [ [ [ -72.74859094206262, -37.538222324976722 ], [ -72.714660048811169, -37.537570273964953 ], [ -72.714385003843091, -37.546576671787115 ], [ -72.748319972266231, -37.547228933648675 ], [ -72.74859094206262, -37.538222324976722 ] ] ] } },
{ "type": "Feature", "properties": { "cve": "2874202", "nombre": "LUNA 236", "solicitante": "Varela Echaurren Juan Francisco", "region": "REGIÓN DEL BIOBÍO", "provincia": "Provincia de Biobío", "comuna": null, "superficie_ha": 300.0, "datum_original": "PSAD56", "huso": 18, "epsg_origen": 24878, "tipo_publicacion": "pedimento", "fuente_pdf": "http://www.diariooficial.interior.gob.cl/publicaciones/2026/09/23/44556/07/2874202.pdf", "archivo": "gm_pedimento_2874202.pdf", "fecha": "23-09-2026", "edicion": "44556" }, "geometry": { "type": "Polygon", "coordinates": [ [ [ -72.748319972266231, -37.547228933648675 ], [ -72.714385003843091, -37.546576671787115 ], [ -72.714109836415744, -37.55558305401992 ], [ -72.748048881821902, -37.556235526781208 ], [ -72.748319972266231, -37.547228933648675 ] ] ] } },
{ "type": "Feature", "properties": { "cve": "2874203", "nombre": "LUNA 237", "solicitante": "Varela Echaurren Juan Francisco", "region": "REGIÓN DEL BIOBÍO", "provincia": "Provincia de Biobío", "comuna": null, "superficie_ha": 300.0, "datum_original": "PSAD56", "huso": 18, "epsg_origen": 24878, "tipo_publicacion": "pedimento", "fuente_pdf": "http://www.diariooficial.interior.gob.cl/publicaciones/2026/09/23/44556/07/2874203.pdf", "archivo": "gm_pedimento_2874203.pdf", "fecha": "23-09-2026", "edicion": "44556" }, "geometry": { "type": "Polygon", "coordinates": [ [ [ -72.748048881821902, -37.556235526781208 ], [ -72.714109836415744, -37.55558305401992 ], [ -72.713834546471546, -37.564589420661285 ], [ -72.747777670672903, -37.565242104372246 ], [ -72.748048881821902, -37.556235526781208 ] ] ] } },
{ "type": "Feature", "properties": { "cve": "2874204", "nombre": "LUNA 238", "solicitante": "Varela Echaurren Juan Francisco", "region": "REGIÓN DEL BIOBÍO", "provincia": "Provincia de Biobío", "comuna": null, "superficie_ha": 300.0, "datum_original": "PSAD56", "huso": 18, "epsg_origen": 24878, "tipo_publicacion": "pedimento", "fuente_pdf": "http://www.diariooficial.interior.gob.cl/publicaciones/2026/09/23/44556/07/2874204.pdf", "archivo": "gm_pedimento_2874204.pdf", "fecha": "23-09-2026", "edicion": "44556" }, "geometry": { "type": "Polygon", "coordinates": [ [ [ -72.747777670672903, -37.565242104372246 ], [ -72.713834546471546, -37.564589420661285 ], [ -72.713559133952813, -37.573595771709087 ], [ -72.747506338762406, -37.57424866641972 ], [ -72.747777670672903, -37.565242104372246 ] ] ] } },
{ "type": "Feature", "properties": { "cve": "2874205", "nombre": "LUNA 239", "solicitante": "Varela Echaurren Juan Francisco", "region": "REGIÓN DEL BIOBÍO", "provincia": "Provincia de Biobío", "comuna": null, "superficie_ha": 300.0, "datum_original": "PSAD56", "huso": 18, "epsg_origen": 24878, "tipo_publicacion": "pedimento", "fuente_pdf": "http://www.diariooficial.interior.gob.cl/publicaciones/2026/09/23/44556/07/2874205.pdf", "archivo": "gm_pedimento_2874205.pdf", "fecha": "23-09-2026", "edicion": "44556" }, "geometry": { "type": "Polygon", "coordinates": [ [ [ -72.747506338762406, -37.57424866641972 ], [ -72.713559133952813, -37.573595771709087 ], [ -72.713283598801823, -37.582602107161236 ], [ -72.747234886033567, -37.583255212921564 ], [ -72.747506338762406, -37.57424866641972 ] ] ] } },
{ "type": "Feature", "properties": { "cve": "2874206", "nombre": "LUNA 240", "solicitante": "Varela Echaurren Juan Francisco", "region": "REGIÓN DEL BIOBÍO", "provincia": "Provincia de Biobío", "comuna": null, "superficie_ha": 300.0, "datum_original": "PSAD56", "huso": 18, "epsg_origen": 24878, "tipo_publicacion": "pedimento", "fuente_pdf": "http://www.diariooficial.interior.gob.cl/publicaciones/2026/09/23/44556/07/2874206.pdf", "archivo": "gm_pedimento_2874206.pdf", "fecha": "23-09-2026", "edicion": "44556" }, "geometry": { "type": "Polygon", "coordinates": [ [ [ -72.747234886033567, -37.583255212921564 ], [ -72.713283598801823, -37.582602107161236 ], [ -72.713007940960878, -37.59160842701565 ], [ -72.746963312429514, -37.59226174387571 ], [ -72.747234886033567, -37.583255212921564 ] ] ] } },
{ "type": "Feature", "properties": { "cve": "2874207", "nombre": "LUNA 241", "solicitante": "Varela Echaurren Juan Francisco", "region": "REGIÓN DEL BIOBÍO", "provincia": "Provincia de Biobío", "comuna": null, "superficie_ha": 300.0, "datum_original": "PSAD56", "huso": 18, "epsg_origen": 24878, "tipo_publicacion": "pedimento", "fuente_pdf": "http://www.diariooficial.interior.gob.cl/publicaciones/2026/09/23/44556/07/2874207.pdf", "archivo": "gm_pedimento_2874207.pdf", "fecha": "23-09-2026", "edicion": "44556" }, "geometry": { "type": "Polygon", "coordinates": [ [ [ -72.746963312429514, -37.59226174387571 ], [ -72.713007940960878, -37.59160842701565 ], [ -72.712732160372184, -37.600614731270205 ], [ -72.746691617893305, -37.601268259280104 ], [ -72.746963312429514, -37.59226174387571 ] ] ] } },
{ "type": "Feature", "properties": { "cve": "2874208", "nombre": "LUNA 242", "solicitante": "Varela Echaurren Juan Francisco", "region": "REGIÓN DEL BIOBÍO", "provincia": "Provincia de Biobío", "comuna": null, "superficie_ha": 300.0, "datum_original": "PSAD56", "huso": 18, "epsg_origen": 24878, "tipo_publicacion": "pedimento", "fuente_pdf": "http://www.diariooficial.interior.gob.cl/publicaciones/2026/09/23/44556/07/2874208.pdf", "archivo": "gm_pedimento_2874208.pdf", "fecha": "23-09-2026", "edicion": "44556" }, "geometry": { "type": "Polygon", "coordinates": [ [ [ -72.716581939559646, -37.474525052883976 ], [ -72.70528137685902, -37.474306034813559 ], [ -72.704454378562332, -37.501325296109442 ], [ -72.715759005241793, -37.501544526824638 ], [ -72.716581939559646, -37.474525052883976 ] ] ] } },
{ "type": "Feature", "properties": { "cve": "2874209", "nombre": "LUNA 244", "solicitante": "Varela Echaurren Juan Francisco", "region": "REGIÓN DEL BIOBÍO", "provincia": "Provincia de Biobío", "comuna": null, "superficie_ha": 300.0, "datum_original": "PSAD56", "huso": 18, "epsg_origen": 24878, "tipo_publicacion": "pedimento", "fuente_pdf": "http://www.diariooficial.interior.gob.cl/publicaciones/2026/09/23/44556/07/2874209.pdf", "archivo": "gm_pedimento_2874209.pdf", "fecha": "23-09-2026", "edicion": "44556" }, "geometry": { "type": "Polygon", "coordinates": [ [ [ -72.714934971377559, -37.528563860555529 ], [ -72.70362627529866, -37.528344417044693 ], [ -72.702797065509216, -37.555363397562331 ], [ -72.714109836415744, -37.55558305401992 ], [ -72.714934971377559, -37.528563860555529 ] ] ] } },
{ "type": "Feature", "properties": { "cve": "2874210", "nombre": "LUNA 246", "solicitante": "Varela Echaurren Juan Francisco", "region": "REGIÓN DEL BIOBÍO", "provincia": "Provincia de Biobío", "comuna": null, "superficie_ha": 300.0, "datum_original": "PSAD56", "huso": 18, "epsg_origen": 24878, "tipo_publicacion": "pedimento", "fuente_pdf": "http://www.diariooficial.interior.gob.cl/publicaciones/2026/09/23/44556/07/2874210.pdf", "archivo": "gm_pedimento_2874210.pdf", "fecha": "23-09-2026", "edicion": "44556" }, "geometry": { "type": "Polygon", "coordinates": [ [ [ -72.713834546471546, -37.564589420661285 ], [ -72.679892525442853, -37.563926989104061 ], [ -72.679613032835164, -37.572933126004628 ], [ -72.713559133952813, -37.573595771709087 ], [ -72.713834546471546, -37.564589420661285 ] ] ] } },
{ "type": "Feature", "properties": { "cve": "2874211", "nombre": "LUNA 247", "solicitante": "Varela Echaurren Juan Francisco", "region": "REGIÓN DEL BIOBÍO", "provincia": "Provincia de Biobío", "comuna": null, "superficie_ha": 300.0, "datum_original": "PSAD56", "huso": 18, "epsg_origen": 24878, "tipo_publicacion": "pedimento", "fuente_pdf": "http://www.diariooficial.interior.gob.cl/publicaciones/2026/09/23/44556/07/2874211.pdf", "archivo": "gm_pedimento_2874211.pdf", "fecha": "23-09-2026", "edicion": "44556" }, "geometry": { "type": "Polygon", "coordinates": [ [ [ -72.713559133952813, -37.573595771709087 ], [ -72.679613032835164, -37.572933126004628 ], [ -72.679333415781699, -37.581939247258809 ], [ -72.713283598801823, -37.582602107161236 ], [ -72.713559133952813, -37.573595771709087 ] ] ] } },
{ "type": "Feature", "properties": { "cve": "2874212", "nombre": "LUNA 248", "solicitante": "Varela Echaurren Juan Francisco", "region": "REGIÓN DEL BIOBÍO", "provincia": "Provincia de Biobío", "comuna": null, "superficie_ha": 300.0, "datum_original": "PSAD56", "huso": 18, "epsg_origen": 24878, "tipo_publicacion": "pedimento", "fuente_pdf": "http://www.diariooficial.interior.gob.cl/publicaciones/2026/09/23/44556/07/2874212.pdf", "archivo": "gm_pedimento_2874212.pdf", "fecha": "23-09-2026", "edicion": "44556" }, "geometry": { "type": "Polygon", "coordinates": [ [ [ -72.713283598801823, -37.582602107161236 ], [ -72.679333415781699, -37.581939247258809 ], [ -72.679053674223894, -37.590945352864416 ], [ -72.713007940960878, -37.59160842701565 ], [ -72.713283598801823, -37.582602107161236 ] ] ] } },
{ "type": "Feature", "properties": { "cve": "2874213", "nombre": "LUNA 249", "solicitante": "Varela Echaurren Juan Francisco", "region": "REGIÓN DEL BIOBÍO", "provincia": "Provincia de Biobío", "comuna": null, "superficie_ha": 300.0, "datum_original": "PSAD56", "huso": 18, "epsg_origen": 24878, "tipo_publicacion": "pedimento", "fuente_pdf": "http://www.diariooficial.interior.gob.cl/publicaciones/2026/09/23/44556/07/2874213.pdf", "archivo": "gm_pedimento_2874213.pdf", "fecha": "23-09-2026", "edicion": "44556" }, "geometry": { "type": "Polygon", "coordinates": [ [ [ -72.713007940960878, -37.59160842701565 ], [ -72.679053674223894, -37.590945352864416 ], [ -72.678773808103131, -37.59995144281941 ], [ -72.712732160372184, -37.600614731270205 ], [ -72.713007940960878, -37.59160842701565 ] ] ] } }
]
}
