{
"type": "FeatureCollection",
"name": "boletin_mineria_20260915",
"crs": { "type": "name", "properties": { "name": "urn:ogc:def:crs:OGC:1.3:CRS84" } },
"features": [
{ "type": "Feature", "properties": { "cve": "2870196", "nombre": "AURORA 21 1 AL 10", "solicitante": "García Díaz Hugo Osvaldo y otro", "region": "REGIÓN DE ATACAMA", "provincia": "Provincia de Copiapó", "comuna": null, "superficie_ha": 100.0, "datum_original": "PSAD56", "huso": 19, "epsg_origen": 24879, "tipo_publicacion": "manifestacion", "fuente_pdf": "http://www.diariooficial.interior.gob.cl/publicaciones/2026/09/15/44551/07/2870196.pdf", "archivo": "gm_manifestacion_2870196.pdf", "fecha": "15-09-2026", "edicion": "44551" }, "geometry": { "type": "Polygon", "coordinates": [ [ [ -70.405520680177588, -27.619798402456532 ], [ -70.395388453524731, -27.619900679253899 ], [ -70.395502888499436, -27.628925781643879 ], [ -70.405635945425701, -27.628823465798906 ], [ -70.405520680177588, -27.619798402456532 ] ] ] } },
{ "type": "Feature", "properties": { "cve": "2870221", "nombre": "AURORA GV 22 1 AL 10", "solicitante": "García Díaz Hugo Osvaldo y otro", "region": "REGIÓN DE ATACAMA", "provincia": "Provincia de Copiapó", "comuna": null, "superficie_ha": 100.0, "datum_original": "PSAD56", "huso": 19, "epsg_origen": 24879, "tipo_publicacion": "manifestacion", "fuente_pdf": "http://www.diariooficial.interior.gob.cl/publicaciones/2026/09/15/44551/07/2870221.pdf", "archivo": "gm_manifestacion_2870221.pdf", "fecha": "15-09-2026", "edicion": "44551" }, "geometry": { "type": "Polygon", "coordinates": [ [ [ -70.420718919555057, -27.619643600763197 ], [ -70.410586773431888, -27.619746986756557 ], [ -70.410702453809662, -27.628772030469278 ], [ -70.420835430177959, -27.628668605004918 ], [ -70.420718919555057, -27.619643600763197 ] ] ] } },
{ "type": "Feature", "properties": { "cve": "2870349", "nombre": "BRUNO 10 1 AL 30", "solicitante": "Sandoval González Rodrigo Andrés", "region": "REGIÓN DE ATACAMA", "provincia": "Provincia de Copiapó", "comuna": "Copiapó", "superficie_ha": 300.0, "datum_original": "PSAD56", "huso": 19, "epsg_origen": 24879, "tipo_publicacion": "manifestacion", "fuente_pdf": "http://www.diariooficial.interior.gob.cl/publicaciones/2026/09/15/44551/07/2870349.pdf", "archivo": "gm_manifestacion_2870349.pdf", "fecha": "15-09-2026", "edicion": "44551" }, "geometry": { "type": "Polygon", "coordinates": [ [ [ -70.777497615550274, -27.75090970930103 ], [ -70.767355111787012, -27.751039707356334 ], [ -70.76779253117266, -27.778109587662133 ], [ -70.777937541985949, -27.777979441193388 ], [ -70.777497615550274, -27.75090970930103 ] ] ] } },
{ "type": "Feature", "properties": { "cve": "2870350", "nombre": "BRUNO 11 1 AL 20", "solicitante": "Sandoval González Rodrigo Andrés", "region": "REGIÓN DE ATACAMA", "provincia": "Provincia de Copiapó", "comuna": "Copiapó", "superficie_ha": 200.0, "datum_original": "PSAD56", "huso": 19, "epsg_origen": 24879, "tipo_publicacion": "manifestacion", "fuente_pdf": "http://www.diariooficial.interior.gob.cl/publicaciones/2026/09/15/44551/07/2870350.pdf", "archivo": "gm_manifestacion_2870350.pdf", "fecha": "15-09-2026", "edicion": "44551" }, "geometry": { "type": "Polygon", "coordinates": [ [ [ -70.767719585642354, -27.773597948807868 ], [ -70.757574925218364, -27.77372732671401 ], [ -70.757865135946517, -27.791773961661018 ], [ -70.768011469335789, -27.79164448534631 ], [ -70.767719585642354, -27.773597948807868 ] ] ] } },
{ "type": "Feature", "properties": { "cve": "2870351", "nombre": "BRUNO 12 1 AL 30", "solicitante": "Sandoval González Rodrigo Andrés", "region": "REGIÓN DE ATACAMA", "provincia": "Provincia de Copiapó", "comuna": "Copiapó", "superficie_ha": 300.0, "datum_original": "PSAD56", "huso": 19, "epsg_origen": 24879, "tipo_publicacion": "manifestacion", "fuente_pdf": "http://www.diariooficial.interior.gob.cl/publicaciones/2026/09/15/44551/07/2870351.pdf", "archivo": "gm_manifestacion_2870351.pdf", "fecha": "15-09-2026", "edicion": "44551" }, "geometry": { "type": "Polygon", "coordinates": [ [ [ -70.777937541985949, -27.777979441193388 ], [ -70.76779253117266, -27.778109587662133 ], [ -70.7682305599199, -27.805179354704904 ], [ -70.778378081273331, -27.805049059751134 ], [ -70.777937541985949, -27.777979441193388 ] ] ] } },
{ "type": "Feature", "properties": { "cve": "2870346", "nombre": "BRUNO 7 1 AL 20", "solicitante": "Sandoval González Rodrigo Andrés", "region": "REGIÓN DE ATACAMA", "provincia": "Provincia de Copiapó", "comuna": "Copiapó", "superficie_ha": 200.0, "datum_original": "PSAD56", "huso": 19, "epsg_origen": 24879, "tipo_publicacion": "manifestacion", "fuente_pdf": "http://www.diariooficial.interior.gob.cl/publicaciones/2026/09/15/44551/07/2870346.pdf", "archivo": "gm_manifestacion_2870346.pdf", "fecha": "15-09-2026", "edicion": "44551" }, "geometry": { "type": "Polygon", "coordinates": [ [ [ -70.736855604783088, -27.746913511694359 ], [ -70.726713250354081, -27.747040513014337 ], [ -70.726998045109326, -27.765087515096702 ], [ -70.737142070318981, -27.764960417111499 ], [ -70.736855604783088, -27.746913511694359 ] ] ] } },
{ "type": "Feature", "properties": { "cve": "2870347", "nombre": "BRUNO 8 1 AL 30", "solicitante": "Sandoval González Rodrigo Andrés", "region": "REGIÓN DE ATACAMA", "provincia": "Provincia de Copiapó", "comuna": "Copiapó", "superficie_ha": 300.0, "datum_original": "PSAD56", "huso": 19, "epsg_origen": 24879, "tipo_publicacion": "manifestacion", "fuente_pdf": "http://www.diariooficial.interior.gob.cl/publicaciones/2026/09/15/44551/07/2870347.pdf", "archivo": "gm_manifestacion_2870347.pdf", "fecha": "15-09-2026", "edicion": "44551" }, "geometry": { "type": "Polygon", "coordinates": [ [ [ -70.767209440627468, -27.742016388765112 ], [ -70.736784029944744, -27.742401777494759 ], [ -70.736927196236749, -27.751425242756181 ], [ -70.767355111787012, -27.751039707356334 ], [ -70.767209440627468, -27.742016388765112 ] ] ] } },
{ "type": "Feature", "properties": { "cve": "2870348", "nombre": "BRUNO 9 1 AL 20", "solicitante": "Sandoval González Rodrigo Andrés", "region": "REGIÓN DE ATACAMA", "provincia": "Provincia de Copiapó", "comuna": "Copiapó", "superficie_ha": 200.0, "datum_original": "PSAD56", "huso": 19, "epsg_origen": 24879, "tipo_publicacion": "manifestacion", "fuente_pdf": "http://www.diariooficial.interior.gob.cl/publicaciones/2026/09/15/44551/07/2870348.pdf", "archivo": "gm_manifestacion_2870348.pdf", "fecha": "15-09-2026", "edicion": "44551" }, "geometry": { "type": "Polygon", "coordinates": [ [ [ -70.767427972728527, -27.755551361936117 ], [ -70.757284983718876, -27.755680641465339 ], [ -70.757574925218364, -27.77372732671401 ], [ -70.767719585642354, -27.773597948807868 ], [ -70.767427972728527, -27.755551361936117 ] ] ] } },
{ "type": "Feature", "properties": { "cve": "2870083", "nombre": "MONTAÑA DE COBRE 1 AL 10", "solicitante": "Carmona Díaz Rigoberto Oriel y otro", "region": "REGIÓN DE ATACAMA", "provincia": "Provincia de Copiapó", "comuna": null, "superficie_ha": 100.0, "datum_original": "PSAD56", "huso": 19, "epsg_origen": 24879, "tipo_publicacion": "manifestacion", "fuente_pdf": "http://www.diariooficial.interior.gob.cl/publicaciones/2026/09/15/44551/07/2870083.pdf", "archivo": "gm_manifestacion_2870083.pdf", "fecha": "15-09-2026", "edicion": "44551" }, "geometry": { "type": "Polygon", "coordinates": [ [ [ -71.006448946563566, -27.954191242403638 ], [ -70.996288854207492, -27.954339010474172 ], [ -70.996454882563327, -27.963360859107709 ], [ -71.006615818540382, -27.963213035095659 ], [ -71.006448946563566, -27.954191242403638 ] ] ] } },
{ "type": "Feature", "properties": { "cve": "2870160", "nombre": "CRISTAL DOS 1 AL 4", "solicitante": "González Dinamarca Gabriela Enrique", "region": "REGIÓN DE COQUIMBO", "provincia": "Provincia de Elqui", "comuna": "La Serena", "superficie_ha": 8.0, "datum_original": "PSAD56", "huso": 19, "epsg_origen": 24879, "tipo_publicacion": "manifestacion", "fuente_pdf": "http://www.diariooficial.interior.gob.cl/publicaciones/2026/09/15/44551/07/2870160.pdf", "archivo": "gm_manifestacion_2870160.pdf", "fecha": "15-09-2026", "edicion": "44551" }, "geometry": { "type": "Polygon", "coordinates": [ [ [ -71.06465015401912, -30.084308564626923 ], [ -71.062576090511953, -30.084341140033608 ], [ -71.062650975421661, -30.087948580054253 ], [ -71.064725114100455, -30.087915999942492 ], [ -71.06465015401912, -30.084308564626923 ] ] ] } },
{ "type": "Feature", "properties": { "cve": "2870079", "nombre": "CUMBRES 1 al 4", "solicitante": "Manque Manque Michael Cristopher", "region": "REGIÓN DE COQUIMBO", "provincia": "Provincia de Elqui", "comuna": null, "superficie_ha": 20.0, "datum_original": "WGS84", "huso": 19, "epsg_origen": 32719, "tipo_publicacion": "manifestacion", "fuente_pdf": "http://www.diariooficial.interior.gob.cl/publicaciones/2026/09/15/44551/07/2870079.pdf", "archivo": "gm_manifestacion_2870079.pdf", "fecha": "15-09-2026", "edicion": "44551" }, "geometry": { "type": "Polygon", "coordinates": [ [ [ -71.304600759176012, -29.595657440485343 ], [ -71.300473422078881, -29.595729071630135 ], [ -71.300575793738361, -29.600238000717468 ], [ -71.304703314107016, -29.600166356510574 ], [ -71.304600759176012, -29.595657440485343 ] ] ] } },
{ "type": "Feature", "properties": { "cve": "2870165", "nombre": "SRA MIRKA 1/20", "solicitante": "Contreras Díaz José Luis", "region": "REGIÓN DE COQUIMBO", "provincia": "Provincia de Elqui", "comuna": "Andacollo", "superficie_ha": 20.0, "datum_original": "PSAD56", "huso": 19, "epsg_origen": 24879, "tipo_publicacion": "manifestacion", "fuente_pdf": "http://www.diariooficial.interior.gob.cl/publicaciones/2026/09/15/44551/07/2870165.pdf", "archivo": "gm_manifestacion_2870165.pdf", "fecha": "15-09-2026", "edicion": "44551" }, "geometry": { "type": "Polygon", "coordinates": [ [ [ -71.035930693006222, -30.25174496169355 ], [ -71.031775471742051, -30.251809495388617 ], [ -71.031868304397861, -30.256318766041833 ], [ -71.036023715196407, -30.256254220734565 ], [ -71.035930693006222, -30.25174496169355 ] ] ] } },
{ "type": "Feature", "properties": { "cve": "2870139", "nombre": "COLORADO 1  1 AL 30", "solicitante": "Compañía Minera Vizcachitas Holding", "region": "REGIÓN DE VALPARAÍSO", "provincia": "Provincia de San Felipe de Aconcagua", "comuna": null, "superficie_ha": 300.0, "datum_original": "PSAD56", "huso": 19, "epsg_origen": 24879, "tipo_publicacion": "manifestacion", "fuente_pdf": "http://www.diariooficial.interior.gob.cl/publicaciones/2026/09/15/44551/07/2870139.pdf", "archivo": "gm_manifestacion_2870139.pdf", "fecha": "15-09-2026", "edicion": "44551" }, "geometry": { "type": "Polygon", "coordinates": [ [ [ -70.405817219823803, -32.420121001699542 ], [ -70.3739193598024, -32.420472897011145 ], [ -70.374056096966413, -32.42949145278866 ], [ -70.405957129052268, -32.429139435743963 ], [ -70.405817219823803, -32.420121001699542 ] ] ] } },
{ "type": "Feature", "properties": { "cve": "2870140", "nombre": "COLORADO 2  1 AL 30", "solicitante": "Compañía Minera Vizcachitas Holding", "region": "REGIÓN DE VALPARAÍSO", "provincia": "Provincia de San Felipe de Aconcagua", "comuna": null, "superficie_ha": 300.0, "datum_original": "PSAD56", "huso": 19, "epsg_origen": 24879, "tipo_publicacion": "manifestacion", "fuente_pdf": "http://www.diariooficial.interior.gob.cl/publicaciones/2026/09/15/44551/07/2870140.pdf", "archivo": "gm_manifestacion_2870140.pdf", "fecha": "15-09-2026", "edicion": "44551" }, "geometry": { "type": "Polygon", "coordinates": [ [ [ -70.405957129052268, -32.429139435743963 ], [ -70.374056096966413, -32.42949145278866 ], [ -70.374192895239858, -32.438509995026962 ], [ -70.406097100807017, -32.43815785622543 ], [ -70.405957129052268, -32.429139435743963 ] ] ] } },
{ "type": "Feature", "properties": { "cve": "2870141", "nombre": "JACINTA B3  1 AL 30", "solicitante": "Compañía Minera Vizcachitas Holding", "region": "REGIÓN DE VALPARAÍSO", "provincia": "Provincia de San Felipe de Aconcagua", "comuna": "Putaendo", "superficie_ha": 300.0, "datum_original": "PSAD56", "huso": 19, "epsg_origen": 24879, "tipo_publicacion": "manifestacion", "fuente_pdf": "http://www.diariooficial.interior.gob.cl/publicaciones/2026/09/15/44551/07/2870141.pdf", "archivo": "gm_manifestacion_2870141.pdf", "fecha": "15-09-2026", "edicion": "44551" }, "geometry": { "type": "Polygon", "coordinates": [ [ [ -70.406097100807017, -32.43815785622543 ], [ -70.374192895239858, -32.438509995026962 ], [ -70.374329754647647, -32.447528523723911 ], [ -70.406237135113571, -32.447176263141792 ], [ -70.406097100807017, -32.43815785622543 ] ] ] } },
{ "type": "Feature", "properties": { "cve": "2870142", "nombre": "JACINTA B4  1 AL 30", "solicitante": "Compañía Minera Vizcachitas Holding", "region": "REGIÓN DE VALPARAÍSO", "provincia": "Provincia de San Felipe de Aconcagua", "comuna": "Putaendo", "superficie_ha": 300.0, "datum_original": "PSAD56", "huso": 19, "epsg_origen": 24879, "tipo_publicacion": "manifestacion", "fuente_pdf": "http://www.diariooficial.interior.gob.cl/publicaciones/2026/09/15/44551/07/2870142.pdf", "archivo": "gm_manifestacion_2870142.pdf", "fecha": "15-09-2026", "edicion": "44551" }, "geometry": { "type": "Polygon", "coordinates": [ [ [ -70.406237135113571, -32.447176263141792 ], [ -70.374329754647647, -32.447528523723911 ], [ -70.374466675214705, -32.456547038877325 ], [ -70.406377231997453, -32.456194656490865 ], [ -70.406237135113571, -32.447176263141792 ] ] ] } },
{ "type": "Feature", "properties": { "cve": "2870143", "nombre": "JACINTA B5 1 AL 30", "solicitante": "Compañía Minera Vizcachitas Holding", "region": "REGIÓN DE VALPARAÍSO", "provincia": "Provincia de San Felipe de Aconcagua", "comuna": "Putaendo", "superficie_ha": 300.0, "datum_original": "PSAD56", "huso": 19, "epsg_origen": 24879, "tipo_publicacion": "manifestacion", "fuente_pdf": "http://www.diariooficial.interior.gob.cl/publicaciones/2026/09/15/44551/07/2870143.pdf", "archivo": "gm_manifestacion_2870143.pdf", "fecha": "15-09-2026", "edicion": "44551" }, "geometry": { "type": "Polygon", "coordinates": [ [ [ -70.406377231997453, -32.456194656490865 ], [ -70.374466675214705, -32.456547038877325 ], [ -70.37460365696603, -32.465565540485031 ], [ -70.406517391484186, -32.46521303627047 ], [ -70.406377231997453, -32.456194656490865 ] ] ] } },
{ "type": "Feature", "properties": { "cve": "2870144", "nombre": "JACINTA B6  1 AL 30", "solicitante": "Compañía Minera Vizcachitas Holding", "region": "REGIÓN DE VALPARAÍSO", "provincia": "Provincia de San Felipe de Aconcagua", "comuna": "Putaendo", "superficie_ha": 300.0, "datum_original": "PSAD56", "huso": 19, "epsg_origen": 24879, "tipo_publicacion": "manifestacion", "fuente_pdf": "http://www.diariooficial.interior.gob.cl/publicaciones/2026/09/15/44551/07/2870144.pdf", "archivo": "gm_manifestacion_2870144.pdf", "fecha": "15-09-2026", "edicion": "44551" }, "geometry": { "type": "Polygon", "coordinates": [ [ [ -70.406517391484186, -32.46521303627047 ], [ -70.37460365696603, -32.465565540485031 ], [ -70.374740699926591, -32.474584028544889 ], [ -70.406657613599364, -32.474231402478445 ], [ -70.406517391484186, -32.46521303627047 ] ] ] } },
{ "type": "Feature", "properties": { "cve": "2870089", "nombre": "MINA AZUL 1 AL 9", "solicitante": "RRP Ingeniería Territorial e Inversiones SpA", "region": "REGIÓN DEL MAULE", "provincia": "Provincia de Linares", "comuna": null, "superficie_ha": 9.0, "datum_original": "PSAD56", "huso": 19, "epsg_origen": 24879, "tipo_publicacion": "manifestacion", "fuente_pdf": "http://www.diariooficial.interior.gob.cl/publicaciones/2026/09/15/44551/07/2870089.pdf", "archivo": "gm_manifestacion_2870089.pdf", "fecha": "15-09-2026", "edicion": "44551" }, "geometry": { "type": "Polygon", "coordinates": [ [ [ -71.454010311851718, -36.360013892994012 ], [ -71.450669495546819, -36.360082496019245 ], [ -71.450754261458641, -36.362784641600946 ], [ -71.454095193036054, -36.362716031840201 ], [ -71.454010311851718, -36.360013892994012 ] ] ] } },
{ "type": "Feature", "properties": { "cve": "2869781", "nombre": "HURACAN 13, 1 AL 30", "solicitante": "SCM Minera Lumina Copper Chile", "region": "REGIÓN DE ATACAMA", "provincia": "Provincia de Copiapó", "comuna": null, "superficie_ha": 10.0, "datum_original": "PSAD56", "huso": 19, "epsg_origen": 24879, "tipo_publicacion": "mensura", "fuente_pdf": "http://www.diariooficial.interior.gob.cl/publicaciones/2026/09/15/44551/07/2869781.pdf", "archivo": "gm_mensura_2869781.pdf", "fecha": "15-09-2026", "edicion": "44551" }, "geometry": { "type": "Polygon", "coordinates": [ [ [ -69.623369618885008, -28.189712053826373 ], [ -69.613181707640535, -28.189758063241253 ], [ -69.613336318970781, -28.216837583518661 ], [ -69.623526798654325, -28.216791522104053 ], [ -69.623369618885008, -28.189712053826373 ] ] ] } },
{ "type": "Feature", "properties": { "cve": "2869782", "nombre": "HURACAN 14, 1 AL 10", "solicitante": "SCM Minera Lumina Copper Chile", "region": "REGIÓN DE ATACAMA", "provincia": "Provincia de Copiapó", "comuna": null, "superficie_ha": 10.0, "datum_original": "PSAD56", "huso": 19, "epsg_origen": 24879, "tipo_publicacion": "mensura", "fuente_pdf": "http://www.diariooficial.interior.gob.cl/publicaciones/2026/09/15/44551/07/2869782.pdf", "archivo": "gm_mensura_2869782.pdf", "fecha": "15-09-2026", "edicion": "44551" }, "geometry": { "type": "Polygon", "coordinates": [ [ [ -69.613233220947819, -28.19878458209304 ], [ -69.603044430152664, -28.198829850506968 ], [ -69.603095111105063, -28.20785637431462 ], [ -69.613284758055059, -28.207811088852999 ], [ -69.613233220947819, -28.19878458209304 ] ] ] } },
{ "type": "Feature", "properties": { "cve": "2869783", "nombre": "HURACAN 15, 11 AL 82", "solicitante": "SCM Minera Lumina Copper Chile", "region": "REGIÓN DE ATACAMA", "provincia": "Provincia de Copiapó", "comuna": null, "superficie_ha": 72.0, "datum_original": "PSAD56", "huso": 19, "epsg_origen": 24879, "tipo_publicacion": "mensura", "fuente_pdf": "http://www.diariooficial.interior.gob.cl/publicaciones/2026/09/15/44551/07/2869783.pdf", "archivo": "gm_mensura_2869783.pdf", "fecha": "15-09-2026", "edicion": "44551" }, "geometry": { "type": "Polygon", "coordinates": [ [ [ -69.61313536600592, -28.181634185938247 ], [ -69.604985635737606, -28.181670435386504 ], [ -69.605031361496316, -28.189794324980486 ], [ -69.613181707640535, -28.189758063241253 ], [ -69.61313536600592, -28.181634185938247 ] ] ] } },
{ "type": "Feature", "properties": { "cve": "2869784", "nombre": "HURACAN 16, 83 AL 180", "solicitante": "SCM Minera Lumina Copper Chile", "region": "REGIÓN DE ATACAMA", "provincia": "Provincia de Copiapó", "comuna": null, "superficie_ha": 98.0, "datum_original": "PSAD56", "huso": 19, "epsg_origen": 24879, "tipo_publicacion": "mensura", "fuente_pdf": "http://www.diariooficial.interior.gob.cl/publicaciones/2026/09/15/44551/07/2869784.pdf", "archivo": "gm_mensura_2869784.pdf", "fecha": "15-09-2026", "edicion": "44551" }, "geometry": { "type": "Polygon", "coordinates": [ [ [ -69.613181707640535, -28.189758063241253 ], [ -69.605031361496316, -28.189794324980486 ], [ -69.605036443309828, -28.190696978775485 ], [ -69.602998837306671, -28.190705968743909 ], [ -69.603044430152664, -28.198829850506968 ], [ -69.613233220947819, -28.19878458209304 ], [ -69.613181707640535, -28.189758063241253 ] ] ] } },
{ "type": "Feature", "properties": { "cve": "2869785", "nombre": "HURACAN 17, 1 AL 240", "solicitante": "SCM Minera Lumina Copper Chile", "region": "REGIÓN DE ATACAMA", "provincia": "Provincia de Copiapó", "comuna": null, "superficie_ha": 240.0, "datum_original": "PSAD56", "huso": 19, "epsg_origen": 24879, "tipo_publicacion": "mensura", "fuente_pdf": "http://www.diariooficial.interior.gob.cl/publicaciones/2026/09/15/44551/07/2869785.pdf", "archivo": "gm_mensura_2869785.pdf", "fecha": "15-09-2026", "edicion": "44551" }, "geometry": { "type": "Polygon", "coordinates": [ [ [ -69.772487551138113, -28.099588073845506 ], [ -69.748057741655259, -28.099723458705849 ], [ -69.748120348589936, -28.108749843693538 ], [ -69.772552202180506, -28.1086144077304 ], [ -69.772487551138113, -28.099588073845506 ] ] ] } },
{ "type": "Feature", "properties": { "cve": "2869786", "nombre": "HURACAN 18, 1 AL 180", "solicitante": "SCM Minera Lumina Copper Chile", "region": "REGIÓN DE ATACAMA", "provincia": "Provincia de Copiapó", "comuna": null, "superficie_ha": 180.0, "datum_original": "PSAD56", "huso": 19, "epsg_origen": 24879, "tipo_publicacion": "mensura", "fuente_pdf": "http://www.diariooficial.interior.gob.cl/publicaciones/2026/09/15/44551/07/2869786.pdf", "archivo": "gm_mensura_2869786.pdf", "fecha": "15-09-2026", "edicion": "44551" }, "geometry": { "type": "Polygon", "coordinates": [ [ [ -69.775606171881549, -28.108597172299405 ], [ -69.755246323357326, -28.108710791001808 ], [ -69.755303231174224, -28.11683451387443 ], [ -69.775664613443283, -28.116720856582457 ], [ -69.775606171881549, -28.108597172299405 ] ] ] } },
{ "type": "Feature", "properties": { "cve": "2869787", "nombre": "HURACAN 20, 1 AL 70", "solicitante": "SCM Minera Lumina Copper Chile", "region": "REGIÓN DE ATACAMA", "provincia": "Provincia de Copiapó", "comuna": null, "superficie_ha": 70.0, "datum_original": "PSAD56", "huso": 19, "epsg_origen": 24879, "tipo_publicacion": "mensura", "fuente_pdf": "http://www.diariooficial.interior.gob.cl/publicaciones/2026/09/15/44551/07/2869787.pdf", "archivo": "gm_mensura_2869787.pdf", "fecha": "15-09-2026", "edicion": "44551" }, "geometry": { "type": "Polygon", "coordinates": [ [ [ -69.762621383250348, -28.143874038369983 ], [ -69.755493094993653, -28.143913519245928 ], [ -69.755556441462062, -28.152939830132141 ], [ -69.762685327269807, -28.152900334369242 ], [ -69.762621383250348, -28.143874038369983 ] ] ] } },
{ "type": "Feature", "properties": { "cve": "2869788", "nombre": "HURACAN 21, 1 AL 10", "solicitante": "SCM Minera Lumina Copper Chile", "region": "REGIÓN DE ATACAMA", "provincia": "Provincia de Copiapó", "comuna": null, "superficie_ha": 10.0, "datum_original": "PSAD56", "huso": 19, "epsg_origen": 24879, "tipo_publicacion": "mensura", "fuente_pdf": "http://www.diariooficial.interior.gob.cl/publicaciones/2026/09/15/44551/07/2869788.pdf", "archivo": "gm_mensura_2869788.pdf", "fecha": "15-09-2026", "edicion": "44551" }, "geometry": { "type": "Polygon", "coordinates": [ [ [ -69.694398728251855, -28.145139364308438 ], [ -69.693380374807901, -28.145144520443008 ], [ -69.693438516520956, -28.154170953932347 ], [ -69.694456955339717, -28.154165795853601 ], [ -69.694398728251855, -28.145139364308438 ] ] ] } },
{ "type": "Feature", "properties": { "cve": "2870061", "nombre": "OSORNINA II 1 AL 8", "solicitante": "Ávalos Santander Osvaldo", "region": "REGIÓN DE ATACAMA", "provincia": "Provincia de Copiapó", "comuna": null, "superficie_ha": 8.0, "datum_original": "WGS84", "huso": 19, "epsg_origen": 32719, "tipo_publicacion": "mensura", "fuente_pdf": "http://www.diariooficial.interior.gob.cl/publicaciones/2026/09/15/44551/07/2870061.pdf", "archivo": "gm_mensura_2870061.pdf", "fecha": "15-09-2026", "edicion": "44551" }, "geometry": { "type": "Polygon", "coordinates": [ [ [ -70.613683940616824, -27.632891665965786 ], [ -70.611657453639083, -27.632915233416387 ], [ -70.611683899996365, -27.634720071488275 ], [ -70.611937215155407, -27.634717126950388 ], [ -70.611963668124403, -27.636521964304368 ], [ -70.611710348812665, -27.63652490906696 ], [ -70.611723574142999, -27.63742732767134 ], [ -70.613750144172315, -27.637403755724222 ], [ -70.61373690223013, -27.636501338019173 ], [ -70.612976944986968, -27.636510180630051 ], [ -70.61295047540726, -27.634705344175241 ], [ -70.613710420192433, -27.634696502239105 ], [ -70.613683940616824, -27.632891665965786 ] ] ] } },
{ "type": "Feature", "properties": { "cve": "2870355", "nombre": "APUQUEN 1", "solicitante": "Antofagasta Minerals S.A.", "region": "REGIÓN DE ARICA Y PARINACOTA", "provincia": "Provincia de Arica", "comuna": null, "superficie_ha": 300.0, "datum_original": "PSAD56", "huso": 19, "epsg_origen": 24879, "tipo_publicacion": "pedimento", "fuente_pdf": "http://www.diariooficial.interior.gob.cl/publicaciones/2026/09/15/44551/07/2870355.pdf", "archivo": "gm_pedimento_2870355.pdf", "fecha": "15-09-2026", "edicion": "44551" }, "geometry": { "type": "Polygon", "coordinates": [ [ [ -69.72086180342103, -18.271403360013021 ], [ -69.692482108142315, -18.271508186987766 ], [ -69.692517959590532, -18.280545746170343 ], [ -69.720899123849662, -18.280440863776622 ], [ -69.72086180342103, -18.271403360013021 ] ] ] } },
{ "type": "Feature", "properties": { "cve": "2870357", "nombre": "APUQUEN 2", "solicitante": "Antofagasta Minerals S.A.", "region": "REGIÓN DE ARICA Y PARINACOTA", "provincia": "Provincia de Arica", "comuna": null, "superficie_ha": 200.0, "datum_original": "PSAD56", "huso": 19, "epsg_origen": 24879, "tipo_publicacion": "pedimento", "fuente_pdf": "http://www.diariooficial.interior.gob.cl/publicaciones/2026/09/15/44551/07/2870357.pdf", "archivo": "gm_pedimento_2870357.pdf", "fecha": "15-09-2026", "edicion": "44551" }, "geometry": { "type": "Polygon", "coordinates": [ [ [ -69.692482108142315, -18.271508186987766 ], [ -69.683022167664618, -18.27154219396683 ], [ -69.683092911777294, -18.289617339603144 ], [ -69.692553831880033, -18.289583296665256 ], [ -69.692482108142315, -18.271508186987766 ] ] ] } },
{ "type": "Feature", "properties": { "cve": "2870359", "nombre": "APUQUEN 3", "solicitante": "Antofagasta Minerals S.A.", "region": "REGIÓN DE ARICA Y PARINACOTA", "provincia": "Provincia de Arica", "comuna": null, "superficie_ha": 300.0, "datum_original": "PSAD56", "huso": 19, "epsg_origen": 24879, "tipo_publicacion": "pedimento", "fuente_pdf": "http://www.diariooficial.interior.gob.cl/publicaciones/2026/09/15/44551/07/2870359.pdf", "archivo": "gm_pedimento_2870359.pdf", "fecha": "15-09-2026", "edicion": "44551" }, "geometry": { "type": "Polygon", "coordinates": [ [ [ -69.720899123849662, -18.280440863776622 ], [ -69.692517959590532, -18.280545746170343 ], [ -69.692553831880033, -18.289583296665256 ], [ -69.72093646597348, -18.289478358847024 ], [ -69.720899123849662, -18.280440863776622 ] ] ] } },
{ "type": "Feature", "properties": { "cve": "2870360", "nombre": "APUQUEN 4", "solicitante": "Antofagasta Minerals S.A.", "region": "REGIÓN DE ARICA Y PARINACOTA", "provincia": "Provincia de Arica", "comuna": null, "superficie_ha": 200.0, "datum_original": "PSAD56", "huso": 19, "epsg_origen": 24879, "tipo_publicacion": "pedimento", "fuente_pdf": "http://www.diariooficial.interior.gob.cl/publicaciones/2026/09/15/44551/07/2870360.pdf", "archivo": "gm_pedimento_2870360.pdf", "fecha": "15-09-2026", "edicion": "44551" }, "geometry": { "type": "Polygon", "coordinates": [ [ [ -69.723774718768112, -18.289467633325561 ], [ -69.704852996806281, -18.289538340931845 ], [ -69.70488952724601, -18.298575858988986 ], [ -69.72381222965862, -18.298505114033677 ], [ -69.723774718768112, -18.289467633325561 ] ] ] } },
{ "type": "Feature", "properties": { "cve": "2870361", "nombre": "APUQUEN 5", "solicitante": "Antofagasta Minerals S.A.", "region": "REGIÓN DE ARICA Y PARINACOTA", "provincia": "Provincia de Arica", "comuna": null, "superficie_ha": 200.0, "datum_original": "PSAD56", "huso": 19, "epsg_origen": 24879, "tipo_publicacion": "pedimento", "fuente_pdf": "http://www.diariooficial.interior.gob.cl/publicaciones/2026/09/15/44551/07/2870361.pdf", "archivo": "gm_pedimento_2870361.pdf", "fecha": "15-09-2026", "edicion": "44551" }, "geometry": { "type": "Polygon", "coordinates": [ [ [ -69.692553831880033, -18.289583296665256 ], [ -69.683092911777294, -18.289617339603144 ], [ -69.683163738136244, -18.307692450481316 ], [ -69.69262563900287, -18.307658371577414 ], [ -69.692553831880033, -18.289583296665256 ] ] ] } },
{ "type": "Feature", "properties": { "cve": "2870362", "nombre": "APUQUEN 6", "solicitante": "Antofagasta Minerals S.A.", "region": "REGIÓN DE ARICA Y PARINACOTA", "provincia": "Provincia de Arica", "comuna": null, "superficie_ha": 300.0, "datum_original": "PSAD56", "huso": 19, "epsg_origen": 24879, "tipo_publicacion": "pedimento", "fuente_pdf": "http://www.diariooficial.interior.gob.cl/publicaciones/2026/09/15/44551/07/2870362.pdf", "archivo": "gm_pedimento_2870362.pdf", "fecha": "15-09-2026", "edicion": "44551" }, "geometry": { "type": "Polygon", "coordinates": [ [ [ -69.720973829797671, -18.298515845220539 ], [ -69.692589725015822, -18.298620838468828 ], [ -69.69262563900287, -18.307658371577414 ], [ -69.721011215327479, -18.307553322893533 ], [ -69.720973829797671, -18.298515845220539 ] ] ] } },
{ "type": "Feature", "properties": { "cve": "2870363", "nombre": "APUQUEN 7", "solicitante": "Antofagasta Minerals S.A.", "region": "REGIÓN DE ARICA Y PARINACOTA", "provincia": "Provincia de Arica", "comuna": null, "superficie_ha": 100.0, "datum_original": "PSAD56", "huso": 19, "epsg_origen": 24879, "tipo_publicacion": "pedimento", "fuente_pdf": "http://www.diariooficial.interior.gob.cl/publicaciones/2026/09/15/44551/07/2870363.pdf", "archivo": "gm_pedimento_2870363.pdf", "fecha": "15-09-2026", "edicion": "44551" }, "geometry": { "type": "Polygon", "coordinates": [ [ [ -69.721011215327479, -18.307553322893533 ], [ -69.711549377883344, -18.307588807778963 ], [ -69.711586294329948, -18.316626295475469 ], [ -69.721048622568063, -18.316590791862318 ], [ -69.721011215327479, -18.307553322893533 ] ] ] } },
{ "type": "Feature", "properties": { "cve": "2870175", "nombre": "LEO 10", "solicitante": "Veth Raffo Daniela", "region": "REGIÓN DE ATACAMA", "provincia": "Provincia de Chañaral", "comuna": "DIEGO DE ALMAGRO", "superficie_ha": 300.0, "datum_original": "PSAD56", "huso": 19, "epsg_origen": 24879, "tipo_publicacion": "pedimento", "fuente_pdf": "http://www.diariooficial.interior.gob.cl/publicaciones/2026/09/15/44551/07/2870175.pdf", "archivo": "gm_pedimento_2870175.pdf", "fecha": "15-09-2026", "edicion": "44551" }, "geometry": { "type": "Polygon", "coordinates": [ [ [ -68.801521192243086, -26.281510142935531 ], [ -68.79150500625795, -26.281495945514774 ], [ -68.791456562341281, -26.308584285671238 ], [ -68.80147507555408, -26.308598499932497 ], [ -68.801521192243086, -26.281510142935531 ] ] ] } },
{ "type": "Feature", "properties": { "cve": "2870176", "nombre": "LEO 11", "solicitante": "Veth Raffo Daniela", "region": "REGIÓN DE ATACAMA", "provincia": "Provincia de Chañaral", "comuna": "DIEGO DE ALMAGRO", "superficie_ha": 300.0, "datum_original": "PSAD56", "huso": 19, "epsg_origen": 24879, "tipo_publicacion": "pedimento", "fuente_pdf": "http://www.diariooficial.interior.gob.cl/publicaciones/2026/09/15/44551/07/2870176.pdf", "archivo": "gm_pedimento_2870176.pdf", "fecha": "15-09-2026", "edicion": "44551" }, "geometry": { "type": "Polygon", "coordinates": [ [ [ -68.79150500625795, -26.281495945514774 ], [ -68.781488827921152, -26.28148104926801 ], [ -68.781438056784509, -26.30856937175508 ], [ -68.791456562341281, -26.308584285671238 ], [ -68.79150500625795, -26.281495945514774 ] ] ] } },
{ "type": "Feature", "properties": { "cve": "2870177", "nombre": "LEO 12", "solicitante": "Veth Raffo Daniela", "region": "REGIÓN DE ATACAMA", "provincia": "Provincia de Chañaral", "comuna": "DIEGO DE ALMAGRO", "superficie_ha": 300.0, "datum_original": "PSAD56", "huso": 19, "epsg_origen": 24879, "tipo_publicacion": "pedimento", "fuente_pdf": "http://www.diariooficial.interior.gob.cl/publicaciones/2026/09/15/44551/07/2870177.pdf", "archivo": "gm_pedimento_2870177.pdf", "fecha": "15-09-2026", "edicion": "44551" }, "geometry": { "type": "Polygon", "coordinates": [ [ [ -68.781471912228014, -26.29051050156459 ], [ -68.751421100680943, -26.290461600565433 ], [ -68.751401849766424, -26.299491022068125 ], [ -68.7814549885167, -26.299539942394517 ], [ -68.781471912228014, -26.29051050156459 ] ] ] } },
{ "type": "Feature", "properties": { "cve": "2870178", "nombre": "LEO 13", "solicitante": "Veth Raffo Daniela", "region": "REGIÓN DE ATACAMA", "provincia": "Provincia de Chañaral", "comuna": "DIEGO DE ALMAGRO", "superficie_ha": 200.0, "datum_original": "PSAD56", "huso": 19, "epsg_origen": 24879, "tipo_publicacion": "pedimento", "fuente_pdf": "http://www.diariooficial.interior.gob.cl/publicaciones/2026/09/15/44551/07/2870178.pdf", "archivo": "gm_pedimento_2870178.pdf", "fecha": "15-09-2026", "edicion": "44551" }, "geometry": { "type": "Polygon", "coordinates": [ [ [ -68.759416012480457, -26.299504682936384 ], [ -68.749398309992969, -26.299487536914057 ], [ -68.749359470276914, -26.317546342745437 ], [ -68.759378725329285, -26.317563502318773 ], [ -68.759416012480457, -26.299504682936384 ] ] ] } },
{ "type": "Feature", "properties": { "cve": "2870179", "nombre": "LEO 14", "solicitante": "Veth Raffo Daniela", "region": "REGIÓN DE ATACAMA", "provincia": "Provincia de Chañaral", "comuna": "DIEGO DE ALMAGRO", "superficie_ha": 200.0, "datum_original": "PSAD56", "huso": 19, "epsg_origen": 24879, "tipo_publicacion": "pedimento", "fuente_pdf": "http://www.diariooficial.interior.gob.cl/publicaciones/2026/09/15/44551/07/2870179.pdf", "archivo": "gm_pedimento_2870179.pdf", "fecha": "15-09-2026", "edicion": "44551" }, "geometry": { "type": "Polygon", "coordinates": [ [ [ -68.749398309992969, -26.299487536914057 ], [ -68.739380616703073, -26.299469691522638 ], [ -68.739340224428304, -26.317528483250257 ], [ -68.749359470276914, -26.317546342745437 ], [ -68.749398309992969, -26.299487536914057 ] ] ] } },
{ "type": "Feature", "properties": { "cve": "2870180", "nombre": "LEO 15", "solicitante": "Veth Raffo Daniela", "region": "REGIÓN DE ATACAMA", "provincia": "Provincia de Chañaral", "comuna": "DIEGO DE ALMAGRO", "superficie_ha": 300.0, "datum_original": "PSAD56", "huso": 19, "epsg_origen": 24879, "tipo_publicacion": "pedimento", "fuente_pdf": "http://www.diariooficial.interior.gob.cl/publicaciones/2026/09/15/44551/07/2870180.pdf", "archivo": "gm_pedimento_2870180.pdf", "fecha": "15-09-2026", "edicion": "44551" }, "geometry": { "type": "Polygon", "coordinates": [ [ [ -68.831561969871899, -26.286966230984785 ], [ -68.801511974149477, -26.286927822590055 ], [ -68.801496604834156, -26.29595727950958 ], [ -68.831548927357204, -26.295995703086053 ], [ -68.831561969871899, -26.286966230984785 ] ] ] } },
{ "type": "Feature", "properties": { "cve": "2870181", "nombre": "LEO 16", "solicitante": "Veth Raffo Daniela", "region": "REGIÓN DE ATACAMA", "provincia": "Provincia de Chañaral", "comuna": "DIEGO DE ALMAGRO", "superficie_ha": 300.0, "datum_original": "PSAD56", "huso": 19, "epsg_origen": 24879, "tipo_publicacion": "pedimento", "fuente_pdf": "http://www.diariooficial.interior.gob.cl/publicaciones/2026/09/15/44551/07/2870181.pdf", "archivo": "gm_pedimento_2870181.pdf", "fecha": "15-09-2026", "edicion": "44551" }, "geometry": { "type": "Polygon", "coordinates": [ [ [ -68.831548927357204, -26.295995703086053 ], [ -68.801496604834156, -26.29595727950958 ], [ -68.80148122823428, -26.304986724962554 ], [ -68.831535878660773, -26.305025163723041 ], [ -68.831548927357204, -26.295995703086053 ] ] ] } },
{ "type": "Feature", "properties": { "cve": "2870182", "nombre": "LEO 17", "solicitante": "Veth Raffo Daniela", "region": "REGIÓN DE ATACAMA", "provincia": "Provincia de Chañaral", "comuna": "DIEGO DE ALMAGRO", "superficie_ha": 300.0, "datum_original": "PSAD56", "huso": 19, "epsg_origen": 24879, "tipo_publicacion": "pedimento", "fuente_pdf": "http://www.diariooficial.interior.gob.cl/publicaciones/2026/09/15/44551/07/2870182.pdf", "archivo": "gm_pedimento_2870182.pdf", "fecha": "15-09-2026", "edicion": "44551" }, "geometry": { "type": "Polygon", "coordinates": [ [ [ -68.841597037430518, -26.273433399384928 ], [ -68.831581522057661, -26.273422001343395 ], [ -68.831542403781839, -26.300510434837744 ], [ -68.841560245417114, -26.30052184640223 ], [ -68.841597037430518, -26.273433399384928 ] ] ] } },
{ "type": "Feature", "properties": { "cve": "2870183", "nombre": "LEO 18", "solicitante": "Veth Raffo Daniela", "region": "REGIÓN DE ATACAMA", "provincia": "Provincia de Chañaral", "comuna": "DIEGO DE ALMAGRO", "superficie_ha": 200.0, "datum_original": "PSAD56", "huso": 19, "epsg_origen": 24879, "tipo_publicacion": "pedimento", "fuente_pdf": "http://www.diariooficial.interior.gob.cl/publicaciones/2026/09/15/44551/07/2870183.pdf", "archivo": "gm_pedimento_2870183.pdf", "fecha": "15-09-2026", "edicion": "44551" }, "geometry": { "type": "Polygon", "coordinates": [ [ [ -68.779451443577628, -26.299536876864174 ], [ -68.759416012480457, -26.299504682936384 ], [ -68.759397373321207, -26.308534098364678 ], [ -68.779434356624236, -26.308566305013436 ], [ -68.779451443577628, -26.299536876864174 ] ] ] } },
{ "type": "Feature", "properties": { "cve": "2870184", "nombre": "LEO 19", "solicitante": "Veth Raffo Daniela", "region": "REGIÓN DE ATACAMA", "provincia": "Provincia de Chañaral", "comuna": "DIEGO DE ALMAGRO", "superficie_ha": 200.0, "datum_original": "PSAD56", "huso": 19, "epsg_origen": 24879, "tipo_publicacion": "pedimento", "fuente_pdf": "http://www.diariooficial.interior.gob.cl/publicaciones/2026/09/15/44551/07/2870184.pdf", "archivo": "gm_pedimento_2870184.pdf", "fecha": "15-09-2026", "edicion": "44551" }, "geometry": { "type": "Polygon", "coordinates": [ [ [ -68.779434356624236, -26.308566305013436 ], [ -68.759397373321207, -26.308534098364678 ], [ -68.759378725329285, -26.317563502318773 ], [ -68.779417261573741, -26.317595721690413 ], [ -68.779434356624236, -26.308566305013436 ] ] ] } },
{ "type": "Feature", "properties": { "cve": "2870185", "nombre": "LEO 20", "solicitante": "Veth Raffo Daniela", "region": "REGIÓN DE ATACAMA", "provincia": "Provincia de Chañaral", "comuna": "DIEGO DE ALMAGRO", "superficie_ha": 100.0, "datum_original": "PSAD56", "huso": 19, "epsg_origen": 24879, "tipo_publicacion": "pedimento", "fuente_pdf": "http://www.diariooficial.interior.gob.cl/publicaciones/2026/09/15/44551/07/2870185.pdf", "archivo": "gm_pedimento_2870185.pdf", "fecha": "15-09-2026", "edicion": "44551" }, "geometry": { "type": "Polygon", "coordinates": [ [ [ -68.76147495334159, -26.272419709149219 ], [ -68.751459575150776, -26.272402723154123 ], [ -68.751440342474723, -26.281432167593188 ], [ -68.761456495662131, -26.281449160304984 ], [ -68.76147495334159, -26.272419709149219 ] ] ] } },
{ "type": "Feature", "properties": { "cve": "2870186", "nombre": "LEO 21", "solicitante": "Veth Raffo Daniela", "region": "REGIÓN DE ATACAMA", "provincia": "Provincia de Chañaral", "comuna": "DIEGO DE ALMAGRO", "superficie_ha": 100.0, "datum_original": "PSAD56", "huso": 19, "epsg_origen": 24879, "tipo_publicacion": "pedimento", "fuente_pdf": "http://www.diariooficial.interior.gob.cl/publicaciones/2026/09/15/44551/07/2870186.pdf", "archivo": "gm_pedimento_2870186.pdf", "fecha": "15-09-2026", "edicion": "44551" }, "geometry": { "type": "Polygon", "coordinates": [ [ [ -68.756448417951631, -26.281440751301364 ], [ -68.746432269277278, -26.281423409180753 ], [ -68.746412639802671, -26.290452838690548 ], [ -68.75642956383949, -26.290470187666998 ], [ -68.756448417951631, -26.281440751301364 ] ] ] } },
{ "type": "Feature", "properties": { "cve": "2870187", "nombre": "LEO 22", "solicitante": "Veth Raffo Daniela", "region": "REGIÓN DE ATACAMA", "provincia": "Provincia de Chañaral", "comuna": "DIEGO DE ALMAGRO", "superficie_ha": 100.0, "datum_original": "PSAD56", "huso": 19, "epsg_origen": 24879, "tipo_publicacion": "pedimento", "fuente_pdf": "http://www.diariooficial.interior.gob.cl/publicaciones/2026/09/15/44551/07/2870187.pdf", "archivo": "gm_pedimento_2870187.pdf", "fecha": "15-09-2026", "edicion": "44551" }, "geometry": { "type": "Polygon", "coordinates": [ [ [ -68.751421100680943, -26.290461600565433 ], [ -68.741404181250559, -26.290443902042647 ], [ -68.741384154607587, -26.299473316550323 ], [ -68.751401849766424, -26.299491022068125 ], [ -68.751421100680943, -26.290461600565433 ] ] ] } },
{ "type": "Feature", "properties": { "cve": "2870174", "nombre": "LEO 9", "solicitante": "Veth Raffo Daniela", "region": "REGIÓN DE ATACAMA", "provincia": "Provincia de Chañaral", "comuna": "DIEGO DE ALMAGRO", "superficie_ha": 300.0, "datum_original": "PSAD56", "huso": 19, "epsg_origen": 24879, "tipo_publicacion": "pedimento", "fuente_pdf": "http://www.diariooficial.interior.gob.cl/publicaciones/2026/09/15/44551/07/2870174.pdf", "archivo": "gm_pedimento_2870174.pdf", "fecha": "15-09-2026", "edicion": "44551" }, "geometry": { "type": "Polygon", "coordinates": [ [ [ -68.831575006206904, -26.277936747422011 ], [ -68.801527336182644, -26.277898354206712 ], [ -68.801511974149477, -26.286927822590055 ], [ -68.831561969871899, -26.286966230984785 ], [ -68.831575006206904, -26.277936747422011 ] ] ] } },
{ "type": "Feature", "properties": { "cve": "2869724", "nombre": "IRIS 107", "solicitante": "Varela Echaurren Juan Francisco", "region": "REGIÓN DEL MAULE", "provincia": "Provincia de Cauquenes", "comuna": null, "superficie_ha": 300.0, "datum_original": "PSAD56", "huso": 18, "epsg_origen": 24878, "tipo_publicacion": "pedimento", "fuente_pdf": "http://www.diariooficial.interior.gob.cl/publicaciones/2026/09/15/44551/07/2869724.pdf", "archivo": "gm_pedimento_2869724.pdf", "fecha": "15-09-2026", "edicion": "44551" }, "geometry": { "type": "Polygon", "coordinates": [ [ [ -72.292201862060551, -35.774846028458853 ], [ -72.2811504386368, -35.774596535094638 ], [ -72.280229491417842, -35.801614450909163 ], [ -72.291284647072416, -35.801864190913072 ], [ -72.292201862060551, -35.774846028458853 ] ] ] } },
{ "type": "Feature", "properties": { "cve": "2869725", "nombre": "IRIS 108", "solicitante": "Varela Echaurren Juan Francisco", "region": "REGIÓN DEL MAULE", "provincia": "Provincia de Cauquenes", "comuna": null, "superficie_ha": 300.0, "datum_original": "PSAD56", "huso": 18, "epsg_origen": 24878, "tipo_publicacion": "pedimento", "fuente_pdf": "http://www.diariooficial.interior.gob.cl/publicaciones/2026/09/15/44551/07/2869725.pdf", "archivo": "gm_pedimento_2869725.pdf", "fecha": "15-09-2026", "edicion": "44551" }, "geometry": { "type": "Polygon", "coordinates": [ [ [ -72.2820701608821, -35.747578476252414 ], [ -72.248927890196725, -35.74682465822184 ], [ -72.248617726859635, -35.755830445302379 ], [ -72.281763722806943, -35.756584511754021 ], [ -72.2820701608821, -35.747578476252414 ] ] ] } },
{ "type": "Feature", "properties": { "cve": "2869726", "nombre": "IRIS 117", "solicitante": "Varela Echaurren Juan Francisco", "region": "REGIÓN DEL MAULE", "provincia": "Provincia de Cauquenes", "comuna": null, "superficie_ha": 300.0, "datum_original": "PSAD56", "huso": 18, "epsg_origen": 24878, "tipo_publicacion": "pedimento", "fuente_pdf": "http://www.diariooficial.interior.gob.cl/publicaciones/2026/09/15/44551/07/2869726.pdf", "archivo": "gm_pedimento_2869726.pdf", "fecha": "15-09-2026", "edicion": "44551" }, "geometry": { "type": "Polygon", "coordinates": [ [ [ -72.247996987217064, -35.773841971635854 ], [ -72.214844775629274, -35.773078283975501 ], [ -72.214530469543988, -35.782083771635769 ], [ -72.247686410788262, -35.782847710883431 ], [ -72.247996987217064, -35.773841971635854 ] ] ] } },
{ "type": "Feature", "properties": { "cve": "2869727", "nombre": "IRIS 118", "solicitante": "Varela Echaurren Juan Francisco", "region": "REGIÓN DEL MAULE", "provincia": "Provincia de Cauquenes", "comuna": null, "superficie_ha": 300.0, "datum_original": "PSAD56", "huso": 18, "epsg_origen": 24878, "tipo_publicacion": "pedimento", "fuente_pdf": "http://www.diariooficial.interior.gob.cl/publicaciones/2026/09/15/44551/07/2869727.pdf", "archivo": "gm_pedimento_2869727.pdf", "fecha": "15-09-2026", "edicion": "44551" }, "geometry": { "type": "Polygon", "coordinates": [ [ [ -72.247686410788262, -35.782847710883431 ], [ -72.214530469543988, -35.782083771635769 ], [ -72.214216023986978, -35.791089243290635 ], [ -72.247375696538839, -35.791853434181313 ], [ -72.247686410788262, -35.782847710883431 ] ] ] } },
{ "type": "Feature", "properties": { "cve": "2869728", "nombre": "IRIS 127", "solicitante": "Varela Echaurren Juan Francisco", "region": "REGIÓN DEL MAULE", "provincia": "Provincia de Cauquenes", "comuna": null, "superficie_ha": 300.0, "datum_original": "PSAD56", "huso": 18, "epsg_origen": 24878, "tipo_publicacion": "pedimento", "fuente_pdf": "http://www.diariooficial.interior.gob.cl/publicaciones/2026/09/15/44551/07/2869728.pdf", "archivo": "gm_pedimento_2869728.pdf", "fecha": "15-09-2026", "edicion": "44551" }, "geometry": { "type": "Polygon", "coordinates": [ [ [ -72.205369964279754, -35.727794438089667 ], [ -72.1943258520417, -35.727537258520506 ], [ -72.193377160325312, -35.754553405756099 ], [ -72.20442499506278, -35.754810839687977 ], [ -72.205369964279754, -35.727794438089667 ] ] ] } },
{ "type": "Feature", "properties": { "cve": "2869730", "nombre": "IRIS 137", "solicitante": "Varela Echaurren Juan Francisco", "region": "REGIÓN DEL MAULE", "provincia": "Provincia de Cauquenes", "comuna": null, "superficie_ha": 300.0, "datum_original": "PSAD56", "huso": 18, "epsg_origen": 24878, "tipo_publicacion": "pedimento", "fuente_pdf": "http://www.diariooficial.interior.gob.cl/publicaciones/2026/09/15/44551/07/2869730.pdf", "archivo": "gm_pedimento_2869730.pdf", "fecha": "15-09-2026", "edicion": "44551" }, "geometry": { "type": "Polygon", "coordinates": [ [ [ -72.194009761748433, -35.736542656962527 ], [ -72.160874547926994, -35.735764790536578 ], [ -72.160554595254212, -35.744769916588311 ], [ -72.193693531197241, -35.745548039375322 ], [ -72.194009761748433, -35.736542656962527 ] ] ] } },
{ "type": "Feature", "properties": { "cve": "2869731", "nombre": "IRIS 138", "solicitante": "Varela Echaurren Juan Francisco", "region": "REGIÓN DEL MAULE", "provincia": "Provincia de Cauquenes", "comuna": null, "superficie_ha": 300.0, "datum_original": "PSAD56", "huso": 18, "epsg_origen": 24878, "tipo_publicacion": "pedimento", "fuente_pdf": "http://www.diariooficial.interior.gob.cl/publicaciones/2026/09/15/44551/07/2869731.pdf", "archivo": "gm_pedimento_2869731.pdf", "fecha": "15-09-2026", "edicion": "44551" }, "geometry": { "type": "Polygon", "coordinates": [ [ [ -72.193693531197241, -35.745548039375322 ], [ -72.160554595254212, -35.744769916588311 ], [ -72.160234500613186, -35.753775026551345 ], [ -72.193377160325312, -35.754553405756099 ], [ -72.193693531197241, -35.745548039375322 ] ] ] } },
{ "type": "Feature", "properties": { "cve": "2869732", "nombre": "IRIS 147", "solicitante": "Varela Echaurren Juan Francisco", "region": "REGIÓN DEL MAULE", "provincia": "Provincia de Cauquenes", "comuna": null, "superficie_ha": 300.0, "datum_original": "PSAD56", "huso": 18, "epsg_origen": 24878, "tipo_publicacion": "pedimento", "fuente_pdf": "http://www.diariooficial.interior.gob.cl/publicaciones/2026/09/15/44551/07/2869732.pdf", "archivo": "gm_pedimento_2869732.pdf", "fecha": "15-09-2026", "edicion": "44551" }, "geometry": { "type": "Polygon", "coordinates": [ [ [ -72.190841134257667, -35.826595759321997 ], [ -72.157668624994642, -35.825815326730087 ], [ -72.157347249774801, -35.834820291770193 ], [ -72.190523497667499, -35.835600981291627 ], [ -72.190841134257667, -35.826595759321997 ] ] ] } },
{ "type": "Feature", "properties": { "cve": "2869733", "nombre": "IRIS 148", "solicitante": "Varela Echaurren Juan Francisco", "region": "REGIÓN DEL MAULE", "provincia": "Provincia de Cauquenes", "comuna": null, "superficie_ha": 300.0, "datum_original": "PSAD56", "huso": 18, "epsg_origen": 24878, "tipo_publicacion": "pedimento", "fuente_pdf": "http://www.diariooficial.interior.gob.cl/publicaciones/2026/09/15/44551/07/2869733.pdf", "archivo": "gm_pedimento_2869733.pdf", "fecha": "15-09-2026", "edicion": "44551" }, "geometry": { "type": "Polygon", "coordinates": [ [ [ -72.190523497667499, -35.835600981291627 ], [ -72.157347249774801, -35.834820291770193 ], [ -72.157025731949318, -35.843825240693924 ], [ -72.190205720126528, -35.844606187201883 ], [ -72.190523497667499, -35.835600981291627 ] ] ] } },
{ "type": "Feature", "properties": { "cve": "2869734", "nombre": "IRIS 157", "solicitante": "Varela Echaurren Juan Francisco", "region": "REGIÓN DEL MAULE", "provincia": "Provincia de Cauquenes", "comuna": null, "superficie_ha": 300.0, "datum_original": "PSAD56", "huso": 18, "epsg_origen": 24878, "tipo_publicacion": "pedimento", "fuente_pdf": "http://www.diariooficial.interior.gob.cl/publicaciones/2026/09/15/44551/07/2869734.pdf", "archivo": "gm_pedimento_2869734.pdf", "fecha": "15-09-2026", "edicion": "44551" }, "geometry": { "type": "Polygon", "coordinates": [ [ [ -72.159914263940422, -35.762780120422896 ], [ -72.126769157670964, -35.761992366505467 ], [ -72.126445052409267, -35.770997184752467 ], [ -72.159593885172313, -35.771785198200234 ], [ -72.159914263940422, -35.762780120422896 ] ] ] } },
{ "type": "Feature", "properties": { "cve": "2869735", "nombre": "IRIS 158", "solicitante": "Varela Echaurren Juan Francisco", "region": "REGIÓN DEL MAULE", "provincia": "Provincia de Cauquenes", "comuna": null, "superficie_ha": 300.0, "datum_original": "PSAD56", "huso": 18, "epsg_origen": 24878, "tipo_publicacion": "pedimento", "fuente_pdf": "http://www.diariooficial.interior.gob.cl/publicaciones/2026/09/15/44551/07/2869735.pdf", "archivo": "gm_pedimento_2869735.pdf", "fecha": "15-09-2026", "edicion": "44551" }, "geometry": { "type": "Polygon", "coordinates": [ [ [ -72.159593885172313, -35.771785198200234 ], [ -72.126445052409267, -35.770997184752467 ], [ -72.12612080333929, -35.780001986845001 ], [ -72.159273364245223, -35.780790259880547 ], [ -72.159593885172313, -35.771785198200234 ] ] ] } },
{ "type": "Feature", "properties": { "cve": "2869736", "nombre": "IRIS 168", "solicitante": "Varela Echaurren Juan Francisco", "region": "REGIÓN DEL MAULE", "provincia": "Provincia de Cauquenes", "comuna": null, "superficie_ha": 300.0, "datum_original": "PSAD56", "huso": 18, "epsg_origen": 24878, "tipo_publicacion": "pedimento", "fuente_pdf": "http://www.diariooficial.interior.gob.cl/publicaciones/2026/09/15/44551/07/2869736.pdf", "archivo": "gm_pedimento_2869736.pdf", "fecha": "15-09-2026", "edicion": "44551" }, "geometry": { "type": "Polygon", "coordinates": [ [ [ -72.12806414192157, -35.72597293202886 ], [ -72.09493521653188, -35.725177110543186 ], [ -72.094607966534127, -35.734181731083311 ], [ -72.127740611249791, -35.734977814865694 ], [ -72.12806414192157, -35.72597293202886 ] ] ] } },
{ "type": "Feature", "properties": { "cve": "2869737", "nombre": "IRIS 169", "solicitante": "Varela Echaurren Juan Francisco", "region": "REGIÓN DEL MAULE", "provincia": "Provincia de Cauquenes", "comuna": null, "superficie_ha": 300.0, "datum_original": "PSAD56", "huso": 18, "epsg_origen": 24878, "tipo_publicacion": "pedimento", "fuente_pdf": "http://www.diariooficial.interior.gob.cl/publicaciones/2026/09/15/44551/07/2869737.pdf", "archivo": "gm_pedimento_2869737.pdf", "fecha": "15-09-2026", "edicion": "44551" }, "geometry": { "type": "Polygon", "coordinates": [ [ [ -72.127740611249791, -35.734977814865694 ], [ -72.094607966534127, -35.734181731083311 ], [ -72.094280571339311, -35.743186335422173 ], [ -72.127416937026922, -35.743982681559281 ], [ -72.127740611249791, -35.734977814865694 ] ] ] } },
{ "type": "Feature", "properties": { "cve": "2869738", "nombre": "IRIS 177", "solicitante": "Varela Echaurren Juan Francisco", "region": "REGIÓN DEL MAULE", "provincia": "Provincia de Cauquenes", "comuna": null, "superficie_ha": 300.0, "datum_original": "PSAD56", "huso": 18, "epsg_origen": 24878, "tipo_publicacion": "pedimento", "fuente_pdf": "http://www.diariooficial.interior.gob.cl/publicaciones/2026/09/15/44551/07/2869738.pdf", "archivo": "gm_pedimento_2869738.pdf", "fecha": "15-09-2026", "edicion": "44551" }, "geometry": { "type": "Polygon", "coordinates": [ [ [ -72.125147192635254, -35.807016296167767 ], [ -72.091984733995261, -35.806218111921361 ], [ -72.091656174881422, -35.815222586548231 ], [ -72.124822367687528, -35.816021033614405 ], [ -72.125147192635254, -35.807016296167767 ] ] ] } },
{ "type": "Feature", "properties": { "cve": "2869739", "nombre": "IRIS 178", "solicitante": "Varela Echaurren Juan Francisco", "region": "REGIÓN DEL MAULE", "provincia": "Provincia de Cauquenes", "comuna": null, "superficie_ha": 300.0, "datum_original": "PSAD56", "huso": 18, "epsg_origen": 24878, "tipo_publicacion": "pedimento", "fuente_pdf": "http://www.diariooficial.interior.gob.cl/publicaciones/2026/09/15/44551/07/2869739.pdf", "archivo": "gm_pedimento_2869739.pdf", "fecha": "15-09-2026", "edicion": "44551" }, "geometry": { "type": "Polygon", "coordinates": [ [ [ -72.124822367687528, -35.816021033614405 ], [ -72.091656174881422, -35.815222586548231 ], [ -72.091327469984193, -35.824227044948344 ], [ -72.124497398608995, -35.825025754892572 ], [ -72.124822367687528, -35.816021033614405 ] ] ] } },
{ "type": "Feature", "properties": { "cve": "2869958", "nombre": "IRIS 179", "solicitante": "Varela Echaurren Juan Francisco", "region": "REGIÓN DEL MAULE", "provincia": "Provincia de Cauquenes", "comuna": null, "superficie_ha": 300.0, "datum_original": "PSAD56", "huso": 18, "epsg_origen": 24878, "tipo_publicacion": "pedimento", "fuente_pdf": "http://www.diariooficial.interior.gob.cl/publicaciones/2026/09/15/44551/07/2869958.pdf", "archivo": "gm_pedimento_2869958.pdf", "fecha": "15-09-2026", "edicion": "44551" }, "geometry": { "type": "Polygon", "coordinates": [ [ [ -72.124497398608995, -35.825025754892572 ], [ -72.091327469984193, -35.824227044948344 ], [ -72.090998619238206, -35.833231487118873 ], [ -72.124172285335007, -35.834030459999461 ], [ -72.124497398608995, -35.825025754892572 ] ] ] } },
{ "type": "Feature", "properties": { "cve": "2869959", "nombre": "IRIS 180", "solicitante": "Varela Echaurren Juan Francisco", "region": "REGIÓN DEL MAULE", "provincia": "Provincia de Cauquenes", "comuna": null, "superficie_ha": 300.0, "datum_original": "PSAD56", "huso": 18, "epsg_origen": 24878, "tipo_publicacion": "pedimento", "fuente_pdf": "http://www.diariooficial.interior.gob.cl/publicaciones/2026/09/15/44551/07/2869959.pdf", "archivo": "gm_pedimento_2869959.pdf", "fecha": "15-09-2026", "edicion": "44551" }, "geometry": { "type": "Polygon", "coordinates": [ [ [ -72.124172285335007, -35.834030459999461 ], [ -72.090998619238206, -35.833231487118873 ], [ -72.090669622578048, -35.842235913056996 ], [ -72.123847027800892, -35.843035148932287 ], [ -72.124172285335007, -35.834030459999461 ] ] ] } },
{ "type": "Feature", "properties": { "cve": "2869960", "nombre": "IRIS 181", "solicitante": "Varela Echaurren Juan Francisco", "region": "REGIÓN DEL MAULE", "provincia": "Provincia de Cauquenes", "comuna": null, "superficie_ha": 300.0, "datum_original": "PSAD56", "huso": 18, "epsg_origen": 24878, "tipo_publicacion": "pedimento", "fuente_pdf": "http://www.diariooficial.interior.gob.cl/publicaciones/2026/09/15/44551/07/2869960.pdf", "archivo": "gm_pedimento_2869960.pdf", "fecha": "15-09-2026", "edicion": "44551" }, "geometry": { "type": "Polygon", "coordinates": [ [ [ -72.123847027800892, -35.843035148932287 ], [ -72.090669622578048, -35.842235913056996 ], [ -72.090340479938234, -35.851240322759836 ], [ -72.123521625941919, -35.852039821688223 ], [ -72.123847027800892, -35.843035148932287 ] ] ] } },
{ "type": "Feature", "properties": { "cve": "2869961", "nombre": "IRIS 182", "solicitante": "Varela Echaurren Juan Francisco", "region": "REGIÓN DEL MAULE", "provincia": "Provincia de Cauquenes", "comuna": null, "superficie_ha": 300.0, "datum_original": "PSAD56", "huso": 18, "epsg_origen": 24878, "tipo_publicacion": "pedimento", "fuente_pdf": "http://www.diariooficial.interior.gob.cl/publicaciones/2026/09/15/44551/07/2869961.pdf", "archivo": "gm_pedimento_2869961.pdf", "fecha": "15-09-2026", "edicion": "44551" }, "geometry": { "type": "Polygon", "coordinates": [ [ [ -72.095262321397527, -35.716172473804683 ], [ -72.062138419295678, -35.715367813582652 ], [ -72.061807597333186, -35.724372185087709 ], [ -72.09493521653188, -35.725177110543186 ], [ -72.095262321397527, -35.716172473804683 ] ] ] } },
{ "type": "Feature", "properties": { "cve": "2869962", "nombre": "IRIS 183", "solicitante": "Varela Echaurren Juan Francisco", "region": "REGIÓN DEL MAULE", "provincia": "Provincia de Cauquenes", "comuna": null, "superficie_ha": 300.0, "datum_original": "PSAD56", "huso": 18, "epsg_origen": 24878, "tipo_publicacion": "pedimento", "fuente_pdf": "http://www.diariooficial.interior.gob.cl/publicaciones/2026/09/15/44551/07/2869962.pdf", "archivo": "gm_pedimento_2869962.pdf", "fecha": "15-09-2026", "edicion": "44551" }, "geometry": { "type": "Polygon", "coordinates": [ [ [ -72.09493521653188, -35.725177110543186 ], [ -72.083892530935557, -35.724909813553268 ], [ -72.082906624702758, -35.751923362214917 ], [ -72.093953030882474, -35.752190923556959 ], [ -72.09493521653188, -35.725177110543186 ] ] ] } },
{ "type": "Feature", "properties": { "cve": "2869740", "nombre": "IRIS 187", "solicitante": "Varela Echaurren Juan Francisco", "region": "REGIÓN DEL MAULE", "provincia": "Provincia de Cauquenes", "comuna": null, "superficie_ha": 200.0, "datum_original": "PSAD56", "huso": 18, "epsg_origen": 24878, "tipo_publicacion": "pedimento", "fuente_pdf": "http://www.diariooficial.interior.gob.cl/publicaciones/2026/09/15/44551/07/2869740.pdf", "archivo": "gm_pedimento_2869740.pdf", "fecha": "15-09-2026", "edicion": "44551" }, "geometry": { "type": "Polygon", "coordinates": [ [ [ -72.079941021633033, -35.832963131666418 ], [ -72.068883570493526, -35.832693760706043 ], [ -72.068220445243014, -35.850702242311094 ], [ -72.079280389292052, -35.850971790623134 ], [ -72.079941021633033, -35.832963131666418 ] ] ] } },
{ "type": "Feature", "properties": { "cve": "2869741", "nombre": "IRIS 188", "solicitante": "Varela Echaurren Juan Francisco", "region": "REGIÓN DEL MAULE", "provincia": "Provincia de Cauquenes", "comuna": null, "superficie_ha": 300.0, "datum_original": "PSAD56", "huso": 18, "epsg_origen": 24878, "tipo_publicacion": "pedimento", "fuente_pdf": "http://www.diariooficial.interior.gob.cl/publicaciones/2026/09/15/44551/07/2869741.pdf", "archivo": "gm_pedimento_2869741.pdf", "fecha": "15-09-2026", "edicion": "44551" }, "geometry": { "type": "Polygon", "coordinates": [ [ [ -72.377952483881828, -35.857865343051103 ], [ -72.344761756016197, -35.8571360005419 ], [ -72.344461173930497, -35.866142334370672 ], [ -72.377655648534855, -35.866871916938202 ], [ -72.377952483881828, -35.857865343051103 ] ] ] } },
{ "type": "Feature", "properties": { "cve": "2869742", "nombre": "IRIS 189", "solicitante": "Varela Echaurren Juan Francisco", "region": "REGIÓN DEL MAULE", "provincia": "Provincia de Cauquenes", "comuna": null, "superficie_ha": 300.0, "datum_original": "PSAD56", "huso": 18, "epsg_origen": 24878, "tipo_publicacion": "pedimento", "fuente_pdf": "http://www.diariooficial.interior.gob.cl/publicaciones/2026/09/15/44551/07/2869742.pdf", "archivo": "gm_pedimento_2869742.pdf", "fecha": "15-09-2026", "edicion": "44551" }, "geometry": { "type": "Polygon", "coordinates": [ [ [ -72.377655648534855, -35.866871916938202 ], [ -72.344461173930497, -35.866142334370672 ], [ -72.344160458442303, -35.87514865238964 ], [ -72.377358681444662, -35.87587847506888 ], [ -72.377655648534855, -35.866871916938202 ] ] ] } },
{ "type": "Feature", "properties": { "cve": "2869963", "nombre": "IRIS 190", "solicitante": "Varela Echaurren Juan Francisco", "region": "REGIÓN DEL MAULE", "provincia": "Provincia de Cauquenes", "comuna": null, "superficie_ha": 300.0, "datum_original": "PSAD56", "huso": 18, "epsg_origen": 24878, "tipo_publicacion": "pedimento", "fuente_pdf": "http://www.diariooficial.interior.gob.cl/publicaciones/2026/09/15/44551/07/2869963.pdf", "archivo": "gm_pedimento_2869963.pdf", "fecha": "15-09-2026", "edicion": "44551" }, "geometry": { "type": "Polygon", "coordinates": [ [ [ -72.377358681444662, -35.87587847506888 ], [ -72.344160458442303, -35.87514865238964 ], [ -72.343859609491659, -35.884154954596255 ], [ -72.377061582552045, -35.884885017440553 ], [ -72.377358681444662, -35.87587847506888 ] ] ] } },
{ "type": "Feature", "properties": { "cve": "2869964", "nombre": "IRIS 191", "solicitante": "Varela Echaurren Juan Francisco", "region": "REGIÓN DEL MAULE", "provincia": "Provincia de Cauquenes", "comuna": null, "superficie_ha": 300.0, "datum_original": "PSAD56", "huso": 18, "epsg_origen": 24878, "tipo_publicacion": "pedimento", "fuente_pdf": "http://www.diariooficial.interior.gob.cl/publicaciones/2026/09/15/44551/07/2869964.pdf", "archivo": "gm_pedimento_2869964.pdf", "fecha": "15-09-2026", "edicion": "44551" }, "geometry": { "type": "Polygon", "coordinates": [ [ [ -72.377061582552045, -35.884885017440553 ], [ -72.343859609491659, -35.884154954596255 ], [ -72.343558627018623, -35.89316124098788 ], [ -72.37676435179776, -35.893891544050703 ], [ -72.377061582552045, -35.884885017440553 ] ] ] } },
{ "type": "Feature", "properties": { "cve": "2869965", "nombre": "IRIS 192", "solicitante": "Varela Echaurren Juan Francisco", "region": "REGIÓN DEL MAULE", "provincia": "Provincia de Cauquenes", "comuna": null, "superficie_ha": 300.0, "datum_original": "PSAD56", "huso": 18, "epsg_origen": 24878, "tipo_publicacion": "pedimento", "fuente_pdf": "http://www.diariooficial.interior.gob.cl/publicaciones/2026/09/15/44551/07/2869965.pdf", "archivo": "gm_pedimento_2869965.pdf", "fecha": "15-09-2026", "edicion": "44551" }, "geometry": { "type": "Polygon", "coordinates": [ [ [ -72.37676435179776, -35.893891544050703 ], [ -72.343558627018623, -35.89316124098788 ], [ -72.34325751096317, -35.90216751156197 ], [ -72.376466989122548, -35.90289805489671 ], [ -72.37676435179776, -35.893891544050703 ] ] ] } },
{ "type": "Feature", "properties": { "cve": "2869966", "nombre": "IRIS 193", "solicitante": "Varela Echaurren Juan Francisco", "region": "REGIÓN DEL MAULE", "provincia": "Provincia de Cauquenes", "comuna": null, "superficie_ha": 300.0, "datum_original": "PSAD56", "huso": 18, "epsg_origen": 24878, "tipo_publicacion": "pedimento", "fuente_pdf": "http://www.diariooficial.interior.gob.cl/publicaciones/2026/09/15/44551/07/2869966.pdf", "archivo": "gm_pedimento_2869966.pdf", "fecha": "15-09-2026", "edicion": "44551" }, "geometry": { "type": "Polygon", "coordinates": [ [ [ -72.376466989122548, -35.90289805489671 ], [ -72.34325751096317, -35.90216751156197 ], [ -72.342956261265257, -35.911173766315912 ], [ -72.376169494467135, -35.911904549976065 ], [ -72.376466989122548, -35.90289805489671 ] ] ] } },
{ "type": "Feature", "properties": { "cve": "2869746", "nombre": "IRIS 199", "solicitante": "Varela Echaurren Juan Francisco", "region": "REGIÓN DEL MAULE", "provincia": "Provincia de Cauquenes", "comuna": null, "superficie_ha": 300.0, "datum_original": "PSAD56", "huso": 18, "epsg_origen": 24878, "tipo_publicacion": "pedimento", "fuente_pdf": "http://www.diariooficial.interior.gob.cl/publicaciones/2026/09/15/44551/07/2869746.pdf", "archivo": "gm_pedimento_2869746.pdf", "fecha": "15-09-2026", "edicion": "44551" }, "geometry": { "type": "Polygon", "coordinates": [ [ [ -72.343558627018623, -35.89316124098788 ], [ -72.310354104483068, -35.892421771412543 ], [ -72.310049235587826, -35.901427798703331 ], [ -72.34325751096317, -35.90216751156197 ], [ -72.343558627018623, -35.89316124098788 ] ] ] } },
{ "type": "Feature", "properties": { "cve": "2869967", "nombre": "IRIS 200", "solicitante": "Varela Echaurren Juan Francisco", "region": "REGIÓN DEL MAULE", "provincia": "Provincia de Cauquenes", "comuna": null, "superficie_ha": 300.0, "datum_original": "PSAD56", "huso": 18, "epsg_origen": 24878, "tipo_publicacion": "pedimento", "fuente_pdf": "http://www.diariooficial.interior.gob.cl/publicaciones/2026/09/15/44551/07/2869967.pdf", "archivo": "gm_pedimento_2869967.pdf", "fecha": "15-09-2026", "edicion": "44551" }, "geometry": { "type": "Polygon", "coordinates": [ [ [ -72.34325751096317, -35.90216751156197 ], [ -72.310049235587826, -35.901427798703331 ], [ -72.309744231388265, -35.910433810119827 ], [ -72.342956261265257, -35.911173766315912 ], [ -72.34325751096317, -35.90216751156197 ] ] ] } },
{ "type": "Feature", "properties": { "cve": "2869968", "nombre": "IRIS 201", "solicitante": "Varela Echaurren Juan Francisco", "region": "REGIÓN DEL MAULE", "provincia": "Provincia de Cauquenes", "comuna": null, "superficie_ha": 300.0, "datum_original": "PSAD56", "huso": 18, "epsg_origen": 24878, "tipo_publicacion": "pedimento", "fuente_pdf": "http://www.diariooficial.interior.gob.cl/publicaciones/2026/09/15/44551/07/2869968.pdf", "archivo": "gm_pedimento_2869968.pdf", "fecha": "15-09-2026", "edicion": "44551" }, "geometry": { "type": "Polygon", "coordinates": [ [ [ -72.311572228236045, -35.856397503558931 ], [ -72.300509321574424, -35.856149303754329 ], [ -72.299592183977268, -35.883167283318457 ], [ -72.310658838134771, -35.8834157282501 ], [ -72.311572228236045, -35.856397503558931 ] ] ] } },
{ "type": "Feature", "properties": { "cve": "2869969", "nombre": "IRIS 202", "solicitante": "Varela Echaurren Juan Francisco", "region": "REGIÓN DEL MAULE", "provincia": "Provincia de Cauquenes", "comuna": null, "superficie_ha": 300.0, "datum_original": "PSAD56", "huso": 18, "epsg_origen": 24878, "tipo_publicacion": "pedimento", "fuente_pdf": "http://www.diariooficial.interior.gob.cl/publicaciones/2026/09/15/44551/07/2869969.pdf", "archivo": "gm_pedimento_2869969.pdf", "fecha": "15-09-2026", "edicion": "44551" }, "geometry": { "type": "Polygon", "coordinates": [ [ [ -72.310658838134771, -35.8834157282501 ], [ -72.299592183977268, -35.883167283318457 ], [ -72.298673824754502, -35.910185119897577 ], [ -72.309744231388265, -35.910433810119827 ], [ -72.310658838134771, -35.8834157282501 ] ] ] } },
{ "type": "Feature", "properties": { "cve": "2869970", "nombre": "IRIS 203", "solicitante": "Varela Echaurren Juan Francisco", "region": "REGIÓN DEL MAULE", "provincia": "Provincia de Cauquenes", "comuna": null, "superficie_ha": 300.0, "datum_original": "PSAD56", "huso": 18, "epsg_origen": 24878, "tipo_publicacion": "pedimento", "fuente_pdf": "http://www.diariooficial.interior.gob.cl/publicaciones/2026/09/15/44551/07/2869970.pdf", "archivo": "gm_pedimento_2869970.pdf", "fecha": "15-09-2026", "edicion": "44551" }, "geometry": { "type": "Polygon", "coordinates": [ [ [ -72.309744231388265, -35.910433810119827 ], [ -72.298673824754502, -35.910185119897577 ], [ -72.29775424225798, -35.937202813420726 ], [ -72.308828406355047, -35.937451749097448 ], [ -72.309744231388265, -35.910433810119827 ] ] ] } },
{ "type": "Feature", "properties": { "cve": "2869747", "nombre": "IRIS 207", "solicitante": "Varela Echaurren Juan Francisco", "region": "REGIÓN DEL MAULE", "provincia": "Provincia de Cauquenes", "comuna": null, "superficie_ha": 300.0, "datum_original": "PSAD56", "huso": 18, "epsg_origen": 24878, "tipo_publicacion": "pedimento", "fuente_pdf": "http://www.diariooficial.interior.gob.cl/publicaciones/2026/09/15/44551/07/2869747.pdf", "archivo": "gm_pedimento_2869747.pdf", "fecha": "15-09-2026", "edicion": "44551" }, "geometry": { "type": "Polygon", "coordinates": [ [ [ -72.299592183977268, -35.883167283318457 ], [ -72.266393038136329, -35.882415840632973 ], [ -72.266083303764773, -35.891421554807451 ], [ -72.299286200053842, -35.892173244735574 ], [ -72.299592183977268, -35.883167283318457 ] ] ] } },
{ "type": "Feature", "properties": { "cve": "2869748", "nombre": "IRIS 208", "solicitante": "Varela Echaurren Juan Francisco", "region": "REGIÓN DEL MAULE", "provincia": "Provincia de Cauquenes", "comuna": null, "superficie_ha": 300.0, "datum_original": "PSAD56", "huso": 18, "epsg_origen": 24878, "tipo_publicacion": "pedimento", "fuente_pdf": "http://www.diariooficial.interior.gob.cl/publicaciones/2026/09/15/44551/07/2869748.pdf", "archivo": "gm_pedimento_2869748.pdf", "fecha": "15-09-2026", "edicion": "44551" }, "geometry": { "type": "Polygon", "coordinates": [ [ [ -72.299286200053842, -35.892173244735574 ], [ -72.266083303764773, -35.891421554807451 ], [ -72.265773431935443, -35.900427253037059 ], [ -72.29898008033328, -35.901179190262816 ], [ -72.299286200053842, -35.892173244735574 ] ] ] } },
{ "type": "Feature", "properties": { "cve": "2869750", "nombre": "IRIS 209", "solicitante": "Varela Echaurren Juan Francisco", "region": "REGIÓN DEL MAULE", "provincia": "Provincia de Cauquenes", "comuna": null, "superficie_ha": 300.0, "datum_original": "PSAD56", "huso": 18, "epsg_origen": 24878, "tipo_publicacion": "pedimento", "fuente_pdf": "http://www.diariooficial.interior.gob.cl/publicaciones/2026/09/15/44551/07/2869750.pdf", "archivo": "gm_pedimento_2869750.pdf", "fecha": "15-09-2026", "edicion": "44551" }, "geometry": { "type": "Polygon", "coordinates": [ [ [ -72.29898008033328, -35.901179190262816 ], [ -72.265773431935443, -35.900427253037059 ], [ -72.265463422586578, -35.909432935319153 ], [ -72.298673824754502, -35.910185119897577 ], [ -72.29898008033328, -35.901179190262816 ] ] ] } },
{ "type": "Feature", "properties": { "cve": "2869971", "nombre": "IRIS 210", "solicitante": "Varela Echaurren Juan Francisco", "region": "REGIÓN DEL MAULE", "provincia": "Provincia de Cauquenes", "comuna": null, "superficie_ha": 300.0, "datum_original": "PSAD56", "huso": 18, "epsg_origen": 24878, "tipo_publicacion": "pedimento", "fuente_pdf": "http://www.diariooficial.interior.gob.cl/publicaciones/2026/09/15/44551/07/2869971.pdf", "archivo": "gm_pedimento_2869971.pdf", "fecha": "15-09-2026", "edicion": "44551" }, "geometry": { "type": "Polygon", "coordinates": [ [ [ -72.298673824754502, -35.910185119897577 ], [ -72.265463422586578, -35.909432935319153 ], [ -72.265153275656331, -35.918438601651076 ], [ -72.298367433256459, -35.919191033637226 ], [ -72.298673824754502, -35.910185119897577 ] ] ] } },
{ "type": "Feature", "properties": { "cve": "2869972", "nombre": "IRIS 211", "solicitante": "Varela Echaurren Juan Francisco", "region": "REGIÓN DEL MAULE", "provincia": "Provincia de Cauquenes", "comuna": null, "superficie_ha": 200.0, "datum_original": "PSAD56", "huso": 18, "epsg_origen": 24878, "tipo_publicacion": "pedimento", "fuente_pdf": "http://www.diariooficial.interior.gob.cl/publicaciones/2026/09/15/44551/07/2869972.pdf", "archivo": "gm_pedimento_2869972.pdf", "fecha": "15-09-2026", "edicion": "44551" }, "geometry": { "type": "Polygon", "coordinates": [ [ [ -72.287295910670039, -35.918941242268346 ], [ -72.265153275656331, -35.918438601651076 ], [ -72.264842991082858, -35.927444252030185 ], [ -72.286988130765081, -35.927947057957375 ], [ -72.287295910670039, -35.918941242268346 ] ] ] } },
{ "type": "Feature", "properties": { "cve": "2869973", "nombre": "IRIS 212", "solicitante": "Varela Echaurren Juan Francisco", "region": "REGIÓN DEL MAULE", "provincia": "Provincia de Cauquenes", "comuna": null, "superficie_ha": 300.0, "datum_original": "PSAD56", "huso": 18, "epsg_origen": 24878, "tipo_publicacion": "pedimento", "fuente_pdf": "http://www.diariooficial.interior.gob.cl/publicaciones/2026/09/15/44551/07/2869973.pdf", "archivo": "gm_pedimento_2869973.pdf", "fecha": "15-09-2026", "edicion": "44551" }, "geometry": { "type": "Polygon", "coordinates": [ [ [ -72.298060905778016, -35.928196931479157 ], [ -72.264842991082858, -35.927444252030185 ], [ -72.264532568804213, -35.936449886453801 ], [ -72.29775424225798, -35.937202813420726 ], [ -72.298060905778016, -35.928196931479157 ] ] ] } },
{ "type": "Feature", "properties": { "cve": "2869974", "nombre": "IRIS 213", "solicitante": "Varela Echaurren Juan Francisco", "region": "REGIÓN DEL MAULE", "provincia": "Provincia de Cauquenes", "comuna": null, "superficie_ha": 300.0, "datum_original": "PSAD56", "huso": 18, "epsg_origen": 24878, "tipo_publicacion": "pedimento", "fuente_pdf": "http://www.diariooficial.interior.gob.cl/publicaciones/2026/09/15/44551/07/2869974.pdf", "archivo": "gm_pedimento_2869974.pdf", "fecha": "15-09-2026", "edicion": "44551" }, "geometry": { "type": "Polygon", "coordinates": [ [ [ -72.267321417121707, -35.855398602467069 ], [ -72.234134747570252, -35.854638749214111 ], [ -72.23382168028543, -35.863644261121877 ], [ -72.267012094753127, -35.864404364460135 ], [ -72.267321417121707, -35.855398602467069 ] ] ] } },
{ "type": "Feature", "properties": { "cve": "2869752", "nombre": "IRIS 217", "solicitante": "Varela Echaurren Juan Francisco", "region": "REGIÓN DEL MAULE", "provincia": "Provincia de Cauquenes", "comuna": null, "superficie_ha": 300.0, "datum_original": "PSAD56", "huso": 18, "epsg_origen": 24878, "tipo_publicacion": "pedimento", "fuente_pdf": "http://www.diariooficial.interior.gob.cl/publicaciones/2026/09/15/44551/07/2869752.pdf", "archivo": "gm_pedimento_2869752.pdf", "fecha": "15-09-2026", "edicion": "44551" }, "geometry": { "type": "Polygon", "coordinates": [ [ [ -72.266083303764773, -35.891421554807451 ], [ -72.232881644597356, -35.890660700879735 ], [ -72.232568021215357, -35.899666148801586 ], [ -72.265773431935443, -35.900427253037059 ], [ -72.266083303764773, -35.891421554807451 ] ] ] } },
{ "type": "Feature", "properties": { "cve": "2869753", "nombre": "IRIS 218", "solicitante": "Varela Echaurren Juan Francisco", "region": "REGIÓN DEL MAULE", "provincia": "Provincia de Cauquenes", "comuna": null, "superficie_ha": 300.0, "datum_original": "PSAD56", "huso": 18, "epsg_origen": 24878, "tipo_publicacion": "pedimento", "fuente_pdf": "http://www.diariooficial.interior.gob.cl/publicaciones/2026/09/15/44551/07/2869753.pdf", "archivo": "gm_pedimento_2869753.pdf", "fecha": "15-09-2026", "edicion": "44551" }, "geometry": { "type": "Polygon", "coordinates": [ [ [ -72.265773431935443, -35.900427253037059 ], [ -72.232568021215357, -35.899666148801586 ], [ -72.232254258652844, -35.908671580720195 ], [ -72.265463422586578, -35.909432935319153 ], [ -72.265773431935443, -35.900427253037059 ] ] ] } },
{ "type": "Feature", "properties": { "cve": "2869754", "nombre": "IRIS 219", "solicitante": "Varela Echaurren Juan Francisco", "region": "REGIÓN DEL MAULE", "provincia": "Provincia de Cauquenes", "comuna": null, "superficie_ha": 300.0, "datum_original": "PSAD56", "huso": 18, "epsg_origen": 24878, "tipo_publicacion": "pedimento", "fuente_pdf": "http://www.diariooficial.interior.gob.cl/publicaciones/2026/09/15/44551/07/2869754.pdf", "archivo": "gm_pedimento_2869754.pdf", "fecha": "15-09-2026", "edicion": "44551" }, "geometry": { "type": "Polygon", "coordinates": [ [ [ -72.265463422586578, -35.909432935319153 ], [ -72.232254258652844, -35.908671580720195 ], [ -72.231940356847247, -35.917676996632935 ], [ -72.265153275656331, -35.918438601651076 ], [ -72.265463422586578, -35.909432935319153 ] ] ] } },
{ "type": "Feature", "properties": { "cve": "2869975", "nombre": "IRIS 220", "solicitante": "Varela Echaurren Juan Francisco", "region": "REGIÓN DEL MAULE", "provincia": "Provincia de Cauquenes", "comuna": null, "superficie_ha": 300.0, "datum_original": "PSAD56", "huso": 18, "epsg_origen": 24878, "tipo_publicacion": "pedimento", "fuente_pdf": "http://www.diariooficial.interior.gob.cl/publicaciones/2026/09/15/44551/07/2869975.pdf", "archivo": "gm_pedimento_2869975.pdf", "fecha": "15-09-2026", "edicion": "44551" }, "geometry": { "type": "Polygon", "coordinates": [ [ [ -72.265153275656331, -35.918438601651076 ], [ -72.231940356847247, -35.917676996632935 ], [ -72.23162631573598, -35.926682396537075 ], [ -72.264842991082858, -35.927444252030185 ], [ -72.265153275656331, -35.918438601651076 ] ] ] } },
{ "type": "Feature", "properties": { "cve": "2869976", "nombre": "IRIS 221", "solicitante": "Varela Echaurren Juan Francisco", "region": "REGIÓN DEL MAULE", "provincia": "Provincia de Cauquenes", "comuna": null, "superficie_ha": 300.0, "datum_original": "PSAD56", "huso": 18, "epsg_origen": 24878, "tipo_publicacion": "pedimento", "fuente_pdf": "http://www.diariooficial.interior.gob.cl/publicaciones/2026/09/15/44551/07/2869976.pdf", "archivo": "gm_pedimento_2869976.pdf", "fecha": "15-09-2026", "edicion": "44551" }, "geometry": { "type": "Polygon", "coordinates": [ [ [ -72.264842991082858, -35.927444252030185 ], [ -72.23162631573598, -35.926682396537075 ], [ -72.231312135256346, -35.935687780429937 ], [ -72.264532568804213, -35.936449886453801 ], [ -72.264842991082858, -35.927444252030185 ] ] ] } },
{ "type": "Feature", "properties": { "cve": "2869977", "nombre": "IRIS 222", "solicitante": "Varela Echaurren Juan Francisco", "region": "REGIÓN DEL MAULE", "provincia": "Provincia de Cauquenes", "comuna": null, "superficie_ha": 300.0, "datum_original": "PSAD56", "huso": 18, "epsg_origen": 24878, "tipo_publicacion": "pedimento", "fuente_pdf": "http://www.diariooficial.interior.gob.cl/publicaciones/2026/09/15/44551/07/2869977.pdf", "archivo": "gm_pedimento_2869977.pdf", "fecha": "15-09-2026", "edicion": "44551" }, "geometry": { "type": "Polygon", "coordinates": [ [ [ -72.234134747570252, -35.854638749214111 ], [ -72.20094932783536, -35.853869745092275 ], [ -72.200632516195441, -35.862875003907789 ], [ -72.23382168028543, -35.863644261121877 ], [ -72.234134747570252, -35.854638749214111 ] ] ] } },
{ "type": "Feature", "properties": { "cve": "2869978", "nombre": "IRIS 223", "solicitante": "Varela Echaurren Juan Francisco", "region": "REGIÓN DEL MAULE", "provincia": "Provincia de Cauquenes", "comuna": null, "superficie_ha": 300.0, "datum_original": "PSAD56", "huso": 18, "epsg_origen": 24878, "tipo_publicacion": "pedimento", "fuente_pdf": "http://www.diariooficial.interior.gob.cl/publicaciones/2026/09/15/44551/07/2869978.pdf", "archivo": "gm_pedimento_2869978.pdf", "fecha": "15-09-2026", "edicion": "44551" }, "geometry": { "type": "Polygon", "coordinates": [ [ [ -72.23382168028543, -35.863644261121877 ], [ -72.200632516195441, -35.862875003907789 ], [ -72.200315563967294, -35.871880246674628 ], [ -72.233508474069936, -35.872649757037209 ], [ -72.23382168028543, -35.863644261121877 ] ] ] } },
{ "type": "Feature", "properties": { "cve": "2869755", "nombre": "IRIS 227", "solicitante": "Varela Echaurren Juan Francisco", "region": "REGIÓN DEL MAULE", "provincia": "Provincia de Cauquenes", "comuna": null, "superficie_ha": 300.0, "datum_original": "PSAD56", "huso": 18, "epsg_origen": 24878, "tipo_publicacion": "pedimento", "fuente_pdf": "http://www.diariooficial.interior.gob.cl/publicaciones/2026/09/15/44551/07/2869755.pdf", "archivo": "gm_pedimento_2869755.pdf", "fecha": "15-09-2026", "edicion": "44551" }, "geometry": { "type": "Polygon", "coordinates": [ [ [ -72.232568021215357, -35.899666148801586 ], [ -72.199363863121661, -35.898895878655821 ], [ -72.199046347908663, -35.907901057200704 ], [ -72.232254258652844, -35.908671580720195 ], [ -72.232568021215357, -35.899666148801586 ] ] ] } },
{ "type": "Feature", "properties": { "cve": "2869756", "nombre": "IRIS 228", "solicitante": "Varela Echaurren Juan Francisco", "region": "REGIÓN DEL MAULE", "provincia": "Provincia de Cauquenes", "comuna": null, "superficie_ha": 300.0, "datum_original": "PSAD56", "huso": 18, "epsg_origen": 24878, "tipo_publicacion": "pedimento", "fuente_pdf": "http://www.diariooficial.interior.gob.cl/publicaciones/2026/09/15/44551/07/2869756.pdf", "archivo": "gm_pedimento_2869756.pdf", "fecha": "15-09-2026", "edicion": "44551" }, "geometry": { "type": "Polygon", "coordinates": [ [ [ -72.232254258652844, -35.908671580720195 ], [ -72.199046347908663, -35.907901057200704 ], [ -72.198728691791246, -35.916906219683298 ], [ -72.231940356847247, -35.917676996632935 ], [ -72.232254258652844, -35.908671580720195 ] ] ] } },
{ "type": "Feature", "properties": { "cve": "2869757", "nombre": "IRIS 229", "solicitante": "Varela Echaurren Juan Francisco", "region": "REGIÓN DEL MAULE", "provincia": "Provincia de Cauquenes", "comuna": null, "superficie_ha": 300.0, "datum_original": "PSAD56", "huso": 18, "epsg_origen": 24878, "tipo_publicacion": "pedimento", "fuente_pdf": "http://www.diariooficial.interior.gob.cl/publicaciones/2026/09/15/44551/07/2869757.pdf", "archivo": "gm_pedimento_2869757.pdf", "fecha": "15-09-2026", "edicion": "44551" }, "geometry": { "type": "Polygon", "coordinates": [ [ [ -72.231940356847247, -35.917676996632935 ], [ -72.198728691791246, -35.916906219683298 ], [ -72.198410894706115, -35.925911366100884 ], [ -72.23162631573598, -35.926682396537075 ], [ -72.231940356847247, -35.917676996632935 ] ] ] } },
{ "type": "Feature", "properties": { "cve": "2869979", "nombre": "IRIS 230", "solicitante": "Varela Echaurren Juan Francisco", "region": "REGIÓN DEL MAULE", "provincia": "Provincia de Cauquenes", "comuna": null, "superficie_ha": 300.0, "datum_original": "PSAD56", "huso": 18, "epsg_origen": 24878, "tipo_publicacion": "pedimento", "fuente_pdf": "http://www.diariooficial.interior.gob.cl/publicaciones/2026/09/15/44551/07/2869979.pdf", "archivo": "gm_pedimento_2869979.pdf", "fecha": "15-09-2026", "edicion": "44551" }, "geometry": { "type": "Polygon", "coordinates": [ [ [ -72.23162631573598, -35.926682396537075 ], [ -72.198410894706115, -35.925911366100884 ], [ -72.198092956589818, -35.934916496450739 ], [ -72.231312135256346, -35.935687780429937 ], [ -72.23162631573598, -35.926682396537075 ] ] ] } },
{ "type": "Feature", "properties": { "cve": "2869980", "nombre": "IRIS 231", "solicitante": "Varela Echaurren Juan Francisco", "region": "REGIÓN DEL MAULE", "provincia": "Provincia de Cauquenes", "comuna": null, "superficie_ha": 300.0, "datum_original": "PSAD56", "huso": 18, "epsg_origen": 24878, "tipo_publicacion": "pedimento", "fuente_pdf": "http://www.diariooficial.interior.gob.cl/publicaciones/2026/09/15/44551/07/2869980.pdf", "archivo": "gm_pedimento_2869980.pdf", "fecha": "15-09-2026", "edicion": "44551" }, "geometry": { "type": "Polygon", "coordinates": [ [ [ -72.20094932783536, -35.853869745092275 ], [ -72.167765172828766, -35.853091591211466 ], [ -72.167444617401642, -35.862096593928321 ], [ -72.200632516195441, -35.862875003907789 ], [ -72.20094932783536, -35.853869745092275 ] ] ] } },
{ "type": "Feature", "properties": { "cve": "2869981", "nombre": "IRIS 232", "solicitante": "Varela Echaurren Juan Francisco", "region": "REGIÓN DEL MAULE", "provincia": "Provincia de Cauquenes", "comuna": null, "superficie_ha": 300.0, "datum_original": "PSAD56", "huso": 18, "epsg_origen": 24878, "tipo_publicacion": "pedimento", "fuente_pdf": "http://www.diariooficial.interior.gob.cl/publicaciones/2026/09/15/44551/07/2869981.pdf", "archivo": "gm_pedimento_2869981.pdf", "fecha": "15-09-2026", "edicion": "44551" }, "geometry": { "type": "Polygon", "coordinates": [ [ [ -72.200632516195441, -35.862875003907789 ], [ -72.167444617401642, -35.862096593928321 ], [ -72.16712391972905, -35.87110158053958 ], [ -72.200315563967294, -35.871880246674628 ], [ -72.200632516195441, -35.862875003907789 ] ] ] } },
{ "type": "Feature", "properties": { "cve": "2869982", "nombre": "IRIS 233", "solicitante": "Varela Echaurren Juan Francisco", "region": "REGIÓN DEL MAULE", "provincia": "Provincia de Cauquenes", "comuna": null, "superficie_ha": 300.0, "datum_original": "PSAD56", "huso": 18, "epsg_origen": 24878, "tipo_publicacion": "pedimento", "fuente_pdf": "http://www.diariooficial.interior.gob.cl/publicaciones/2026/09/15/44551/07/2869982.pdf", "archivo": "gm_pedimento_2869982.pdf", "fecha": "15-09-2026", "edicion": "44551" }, "geometry": { "type": "Polygon", "coordinates": [ [ [ -72.200315563967294, -35.871880246674628 ], [ -72.16712391972905, -35.87110158053958 ], [ -72.166803079747112, -35.880106551042502 ], [ -72.199998471087738, -35.880885473390059 ], [ -72.200315563967294, -35.871880246674628 ] ] ] } },
{ "type": "Feature", "properties": { "cve": "2869758", "nombre": "IRIS 234", "solicitante": "Varela Echaurren Juan Francisco", "region": "REGIÓN DEL MAULE", "provincia": "Provincia de Cauquenes", "comuna": null, "superficie_ha": 300.0, "datum_original": "PSAD56", "huso": 18, "epsg_origen": 24878, "tipo_publicacion": "pedimento", "fuente_pdf": "http://www.diariooficial.interior.gob.cl/publicaciones/2026/09/15/44551/07/2869758.pdf", "archivo": "gm_pedimento_2869758.pdf", "fecha": "15-09-2026", "edicion": "44551" }, "geometry": { "type": "Polygon", "coordinates": [ [ [ -72.199998471087738, -35.880885473390059 ], [ -72.166803079747112, -35.880106551042502 ], [ -72.166482097391921, -35.889111505434371 ], [ -72.199681237493593, -35.889890684051366 ], [ -72.199998471087738, -35.880885473390059 ] ] ] } },
{ "type": "Feature", "properties": { "cve": "2869759", "nombre": "IRIS 235", "solicitante": "Varela Echaurren Juan Francisco", "region": "REGIÓN DEL MAULE", "provincia": "Provincia de Cauquenes", "comuna": null, "superficie_ha": 300.0, "datum_original": "PSAD56", "huso": 18, "epsg_origen": 24878, "tipo_publicacion": "pedimento", "fuente_pdf": "http://www.diariooficial.interior.gob.cl/publicaciones/2026/09/15/44551/07/2869759.pdf", "archivo": "gm_pedimento_2869759.pdf", "fecha": "15-09-2026", "edicion": "44551" }, "geometry": { "type": "Polygon", "coordinates": [ [ [ -72.199681237493593, -35.889890684051366 ], [ -72.166482097391921, -35.889111505434371 ], [ -72.166160972599471, -35.898116443712389 ], [ -72.199363863121661, -35.898895878655821 ], [ -72.199681237493593, -35.889890684051366 ] ] ] } },
{ "type": "Feature", "properties": { "cve": "2869760", "nombre": "IRIS 236", "solicitante": "Varela Echaurren Juan Francisco", "region": "REGIÓN DEL MAULE", "provincia": "Provincia de Cauquenes", "comuna": null, "superficie_ha": 300.0, "datum_original": "PSAD56", "huso": 18, "epsg_origen": 24878, "tipo_publicacion": "pedimento", "fuente_pdf": "http://www.diariooficial.interior.gob.cl/publicaciones/2026/09/15/44551/07/2869760.pdf", "archivo": "gm_pedimento_2869760.pdf", "fecha": "15-09-2026", "edicion": "44551" }, "geometry": { "type": "Polygon", "coordinates": [ [ [ -72.199363863121661, -35.898895878655821 ], [ -72.166160972599471, -35.898116443712389 ], [ -72.165839705305785, -35.907121365873799 ], [ -72.199046347908663, -35.907901057200704 ], [ -72.199363863121661, -35.898895878655821 ] ] ] } },
{ "type": "Feature", "properties": { "cve": "2869761", "nombre": "IRIS 237", "solicitante": "Varela Echaurren Juan Francisco", "region": "REGIÓN DEL MAULE", "provincia": "Provincia de Cauquenes", "comuna": null, "superficie_ha": 300.0, "datum_original": "PSAD56", "huso": 18, "epsg_origen": 24878, "tipo_publicacion": "pedimento", "fuente_pdf": "http://www.diariooficial.interior.gob.cl/publicaciones/2026/09/15/44551/07/2869761.pdf", "archivo": "gm_pedimento_2869761.pdf", "fecha": "15-09-2026", "edicion": "44551" }, "geometry": { "type": "Polygon", "coordinates": [ [ [ -72.199046347908663, -35.907901057200704 ], [ -72.165839705305785, -35.907121365873799 ], [ -72.165518295446802, -35.916126271915864 ], [ -72.198728691791246, -35.916906219683298 ], [ -72.199046347908663, -35.907901057200704 ] ] ] } },
{ "type": "Feature", "properties": { "cve": "2869762", "nombre": "IRIS 238", "solicitante": "Varela Echaurren Juan Francisco", "region": "REGIÓN DEL MAULE", "provincia": "Provincia de Cauquenes", "comuna": null, "superficie_ha": 300.0, "datum_original": "PSAD56", "huso": 18, "epsg_origen": 24878, "tipo_publicacion": "pedimento", "fuente_pdf": "http://www.diariooficial.interior.gob.cl/publicaciones/2026/09/15/44551/07/2869762.pdf", "archivo": "gm_pedimento_2869762.pdf", "fecha": "15-09-2026", "edicion": "44551" }, "geometry": { "type": "Polygon", "coordinates": [ [ [ -72.198728691791246, -35.916906219683298 ], [ -72.165518295446802, -35.916126271915864 ], [ -72.165196742958415, -35.925131161835829 ], [ -72.198410894706115, -35.925911366100884 ], [ -72.198728691791246, -35.916906219683298 ] ] ] } },
{ "type": "Feature", "properties": { "cve": "2869763", "nombre": "IRIS 239", "solicitante": "Varela Echaurren Juan Francisco", "region": "REGIÓN DEL MAULE", "provincia": "Provincia de Cauquenes", "comuna": null, "superficie_ha": 300.0, "datum_original": "PSAD56", "huso": 18, "epsg_origen": 24878, "tipo_publicacion": "pedimento", "fuente_pdf": "http://www.diariooficial.interior.gob.cl/publicaciones/2026/09/15/44551/07/2869763.pdf", "archivo": "gm_pedimento_2869763.pdf", "fecha": "15-09-2026", "edicion": "44551" }, "geometry": { "type": "Polygon", "coordinates": [ [ [ -72.198410894706115, -35.925911366100884 ], [ -72.165196742958415, -35.925131161835829 ], [ -72.164875047776476, -35.934136035630942 ], [ -72.198092956589818, -35.934916496450739 ], [ -72.198410894706115, -35.925911366100884 ] ] ] } },
{ "type": "Feature", "properties": { "cve": "2869983", "nombre": "IRIS 240", "solicitante": "Varela Echaurren Juan Francisco", "region": "REGIÓN DEL MAULE", "provincia": "Provincia de Cauquenes", "comuna": null, "superficie_ha": 300.0, "datum_original": "PSAD56", "huso": 18, "epsg_origen": 24878, "tipo_publicacion": "pedimento", "fuente_pdf": "http://www.diariooficial.interior.gob.cl/publicaciones/2026/09/15/44551/07/2869983.pdf", "archivo": "gm_pedimento_2869983.pdf", "fecha": "15-09-2026", "edicion": "44551" }, "geometry": { "type": "Polygon", "coordinates": [ [ [ -72.167765172828766, -35.853091591211466 ], [ -72.134582297458721, -35.852304288694697 ], [ -72.134257998818867, -35.86130903230702 ], [ -72.167444617401642, -35.862096593928321 ], [ -72.167765172828766, -35.853091591211466 ] ] ] } },
{ "type": "Feature", "properties": { "cve": "2869984", "nombre": "IRIS 241", "solicitante": "Varela Echaurren Juan Francisco", "region": "REGIÓN DEL MAULE", "provincia": "Provincia de Cauquenes", "comuna": null, "superficie_ha": 300.0, "datum_original": "PSAD56", "huso": 18, "epsg_origen": 24878, "tipo_publicacion": "pedimento", "fuente_pdf": "http://www.diariooficial.interior.gob.cl/publicaciones/2026/09/15/44551/07/2869984.pdf", "archivo": "gm_pedimento_2869984.pdf", "fecha": "15-09-2026", "edicion": "44551" }, "geometry": { "type": "Polygon", "coordinates": [ [ [ -72.167444617401642, -35.862096593928321 ], [ -72.134257998818867, -35.86130903230702 ], [ -72.133933556276745, -35.870313759756193 ], [ -72.16712391972905, -35.87110158053958 ], [ -72.167444617401642, -35.862096593928321 ] ] ] } },
{ "type": "Feature", "properties": { "cve": "2869985", "nombre": "IRIS 242", "solicitante": "Varela Echaurren Juan Francisco", "region": "REGIÓN DEL MAULE", "provincia": "Provincia de Cauquenes", "comuna": null, "superficie_ha": 300.0, "datum_original": "PSAD56", "huso": 18, "epsg_origen": 24878, "tipo_publicacion": "pedimento", "fuente_pdf": "http://www.diariooficial.interior.gob.cl/publicaciones/2026/09/15/44551/07/2869985.pdf", "archivo": "gm_pedimento_2869985.pdf", "fecha": "15-09-2026", "edicion": "44551" }, "geometry": { "type": "Polygon", "coordinates": [ [ [ -72.16712391972905, -35.87110158053958 ], [ -72.133933556276745, -35.870313759756193 ], [ -72.133608969767735, -35.87931847103944 ], [ -72.166803079747112, -35.880106551042502 ], [ -72.16712391972905, -35.87110158053958 ] ] ] } },
{ "type": "Feature", "properties": { "cve": "2869986", "nombre": "IRIS 243", "solicitante": "Varela Echaurren Juan Francisco", "region": "REGIÓN DEL MAULE", "provincia": "Provincia de Cauquenes", "comuna": null, "superficie_ha": 300.0, "datum_original": "PSAD56", "huso": 18, "epsg_origen": 24878, "tipo_publicacion": "pedimento", "fuente_pdf": "http://www.diariooficial.interior.gob.cl/publicaciones/2026/09/15/44551/07/2869986.pdf", "archivo": "gm_pedimento_2869986.pdf", "fecha": "15-09-2026", "edicion": "44551" }, "geometry": { "type": "Polygon", "coordinates": [ [ [ -72.166803079747112, -35.880106551042502 ], [ -72.133608969767735, -35.87931847103944 ], [ -72.133284239227166, -35.888323166153981 ], [ -72.166482097391921, -35.889111505434371 ], [ -72.166803079747112, -35.880106551042502 ] ] ] } },
{ "type": "Feature", "properties": { "cve": "2869764", "nombre": "IRIS 244", "solicitante": "Varela Echaurren Juan Francisco", "region": "REGIÓN DEL MAULE", "provincia": "Provincia de Cauquenes", "comuna": null, "superficie_ha": 300.0, "datum_original": "PSAD56", "huso": 18, "epsg_origen": 24878, "tipo_publicacion": "pedimento", "fuente_pdf": "http://www.diariooficial.interior.gob.cl/publicaciones/2026/09/15/44551/07/2869764.pdf", "archivo": "gm_pedimento_2869764.pdf", "fecha": "15-09-2026", "edicion": "44551" }, "geometry": { "type": "Polygon", "coordinates": [ [ [ -72.166482097391921, -35.889111505434371 ], [ -72.133284239227166, -35.888323166153981 ], [ -72.132959364590334, -35.897327845097038 ], [ -72.166160972599471, -35.898116443712389 ], [ -72.166482097391921, -35.889111505434371 ] ] ] } },
{ "type": "Feature", "properties": { "cve": "2869765", "nombre": "IRIS 245", "solicitante": "Varela Echaurren Juan Francisco", "region": "REGIÓN DEL MAULE", "provincia": "Provincia de Cauquenes", "comuna": null, "superficie_ha": 300.0, "datum_original": "PSAD56", "huso": 18, "epsg_origen": 24878, "tipo_publicacion": "pedimento", "fuente_pdf": "http://www.diariooficial.interior.gob.cl/publicaciones/2026/09/15/44551/07/2869765.pdf", "archivo": "gm_pedimento_2869765.pdf", "fecha": "15-09-2026", "edicion": "44551" }, "geometry": { "type": "Polygon", "coordinates": [ [ [ -72.166160972599471, -35.898116443712389 ], [ -72.132959364590334, -35.897327845097038 ], [ -72.132634345792468, -35.906332507865784 ], [ -72.165839705305785, -35.907121365873799 ], [ -72.166160972599471, -35.898116443712389 ] ] ] } },
{ "type": "Feature", "properties": { "cve": "2869766", "nombre": "IRIS 246", "solicitante": "Varela Echaurren Juan Francisco", "region": "REGIÓN DEL MAULE", "provincia": "Provincia de Cauquenes", "comuna": null, "superficie_ha": 300.0, "datum_original": "PSAD56", "huso": 18, "epsg_origen": 24878, "tipo_publicacion": "pedimento", "fuente_pdf": "http://www.diariooficial.interior.gob.cl/publicaciones/2026/09/15/44551/07/2869766.pdf", "archivo": "gm_pedimento_2869766.pdf", "fecha": "15-09-2026", "edicion": "44551" }, "geometry": { "type": "Polygon", "coordinates": [ [ [ -72.165839705305785, -35.907121365873799 ], [ -72.132634345792468, -35.906332507865784 ], [ -72.132309182768822, -35.915337154457468 ], [ -72.165518295446802, -35.916126271915864 ], [ -72.165839705305785, -35.907121365873799 ] ] ] } },
{ "type": "Feature", "properties": { "cve": "2869767", "nombre": "IRIS 247", "solicitante": "Varela Echaurren Juan Francisco", "region": "REGIÓN DEL MAULE", "provincia": "Provincia de Cauquenes", "comuna": null, "superficie_ha": 300.0, "datum_original": "PSAD56", "huso": 18, "epsg_origen": 24878, "tipo_publicacion": "pedimento", "fuente_pdf": "http://www.diariooficial.interior.gob.cl/publicaciones/2026/09/15/44551/07/2869767.pdf", "archivo": "gm_pedimento_2869767.pdf", "fecha": "15-09-2026", "edicion": "44551" }, "geometry": { "type": "Polygon", "coordinates": [ [ [ -72.165518295446802, -35.916126271915864 ], [ -72.132309182768822, -35.915337154457468 ], [ -72.131983875454509, -35.924341784869306 ], [ -72.165196742958415, -35.925131161835829 ], [ -72.165518295446802, -35.916126271915864 ] ] ] } },
{ "type": "Feature", "properties": { "cve": "2869768", "nombre": "IRIS 248", "solicitante": "Varela Echaurren Juan Francisco", "region": "REGIÓN DEL MAULE", "provincia": "Provincia de Cauquenes", "comuna": null, "superficie_ha": 300.0, "datum_original": "PSAD56", "huso": 18, "epsg_origen": 24878, "tipo_publicacion": "pedimento", "fuente_pdf": "http://www.diariooficial.interior.gob.cl/publicaciones/2026/09/15/44551/07/2869768.pdf", "archivo": "gm_pedimento_2869768.pdf", "fecha": "15-09-2026", "edicion": "44551" }, "geometry": { "type": "Polygon", "coordinates": [ [ [ -72.165196742958415, -35.925131161835829 ], [ -72.131983875454509, -35.924341784869306 ], [ -72.131658423784629, -35.933346399098497 ], [ -72.164875047776476, -35.934136035630942 ], [ -72.165196742958415, -35.925131161835829 ] ] ] } },
{ "type": "Feature", "properties": { "cve": "2869769", "nombre": "IRIS 249", "solicitante": "Varela Echaurren Juan Francisco", "region": "REGIÓN DEL MAULE", "provincia": "Provincia de Cauquenes", "comuna": null, "superficie_ha": 200.0, "datum_original": "PSAD56", "huso": 18, "epsg_origen": 24878, "tipo_publicacion": "pedimento", "fuente_pdf": "http://www.diariooficial.interior.gob.cl/publicaciones/2026/09/15/44551/07/2869769.pdf", "archivo": "gm_pedimento_2869769.pdf", "fecha": "15-09-2026", "edicion": "44551" }, "geometry": { "type": "Polygon", "coordinates": [ [ [ -72.39599005164095, -35.984489436705068 ], [ -72.373826876853585, -35.98400607614478 ], [ -72.373528192593596, -35.993012541356244 ], [ -72.395693881103256, -35.993496060778341 ], [ -72.39599005164095, -35.984489436705068 ] ] ] } },
{ "type": "Feature", "properties": { "cve": "2869987", "nombre": "IRIS 250", "solicitante": "Varela Echaurren Juan Francisco", "region": "REGIÓN DEL MAULE", "provincia": "Provincia de Cauquenes", "comuna": null, "superficie_ha": 200.0, "datum_original": "PSAD56", "huso": 18, "epsg_origen": 24878, "tipo_publicacion": "pedimento", "fuente_pdf": "http://www.diariooficial.interior.gob.cl/publicaciones/2026/09/15/44551/07/2869987.pdf", "archivo": "gm_pedimento_2869987.pdf", "fecha": "15-09-2026", "edicion": "44551" }, "geometry": { "type": "Polygon", "coordinates": [ [ [ -72.395693881103256, -35.993496060778341 ], [ -72.373528192593596, -35.993012541356244 ], [ -72.373229375757518, -36.002018990773784 ], [ -72.395397579102848, -36.002502669093211 ], [ -72.395693881103256, -35.993496060778341 ] ] ] } },
{ "type": "Feature", "properties": { "cve": "2869990", "nombre": "IRIS 251", "solicitante": "Varela Echaurren Juan Francisco", "region": "REGIÓN DEL MAULE", "provincia": "Provincia de Cauquenes", "comuna": null, "superficie_ha": 300.0, "datum_original": "PSAD56", "huso": 18, "epsg_origen": 24878, "tipo_publicacion": "pedimento", "fuente_pdf": "http://www.diariooficial.interior.gob.cl/publicaciones/2026/09/15/44551/07/2869990.pdf", "archivo": "gm_pedimento_2869990.pdf", "fecha": "15-09-2026", "edicion": "44551" }, "geometry": { "type": "Polygon", "coordinates": [ [ [ -72.373826876853585, -35.98400607614478 ], [ -72.340583109937938, -35.983273370442099 ], [ -72.340280655543069, -35.992279594845336 ], [ -72.373528192593596, -35.993012541356244 ], [ -72.373826876853585, -35.98400607614478 ] ] ] } },
{ "type": "Feature", "properties": { "cve": "2869988", "nombre": "IRIS 252", "solicitante": "Varela Echaurren Juan Francisco", "region": "REGIÓN DEL MAULE", "provincia": "Provincia de Cauquenes", "comuna": null, "superficie_ha": 300.0, "datum_original": "PSAD56", "huso": 18, "epsg_origen": 24878, "tipo_publicacion": "pedimento", "fuente_pdf": "http://www.diariooficial.interior.gob.cl/publicaciones/2026/09/15/44551/07/2869988.pdf", "archivo": "gm_pedimento_2869988.pdf", "fecha": "15-09-2026", "edicion": "44551" }, "geometry": { "type": "Polygon", "coordinates": [ [ [ -72.373528192593596, -35.993012541356244 ], [ -72.340280655543069, -35.992279594845336 ], [ -72.339978066902347, -36.00128580340089 ], [ -72.373229375757518, -36.002018990773784 ], [ -72.373528192593596, -35.993012541356244 ] ] ] } },
{ "type": "Feature", "properties": { "cve": "2869989", "nombre": "IRIS 253", "solicitante": "Varela Echaurren Juan Francisco", "region": "REGIÓN DEL MAULE", "provincia": "Provincia de Cauquenes", "comuna": null, "superficie_ha": 300.0, "datum_original": "PSAD56", "huso": 18, "epsg_origen": 24878, "tipo_publicacion": "pedimento", "fuente_pdf": "http://www.diariooficial.interior.gob.cl/publicaciones/2026/09/15/44551/07/2869989.pdf", "archivo": "gm_pedimento_2869989.pdf", "fecha": "15-09-2026", "edicion": "44551" }, "geometry": { "type": "Polygon", "coordinates": [ [ [ -72.373229375757518, -36.002018990773784 ], [ -72.339978066902347, -36.00128580340089 ], [ -72.339675343955278, -36.010291996106176 ], [ -72.372930426285578, -36.011025424394887 ], [ -72.373229375757518, -36.002018990773784 ] ] ] } },
{ "type": "Feature", "properties": { "cve": "2869722", "nombre": "IRIS 97", "solicitante": "Varela Echaurren Juan Francisco", "region": "REGIÓN DEL MAULE", "provincia": "Provincia de Cauquenes", "comuna": null, "superficie_ha": 300.0, "datum_original": "PSAD56", "huso": 18, "epsg_origen": 24878, "tipo_publicacion": "pedimento", "fuente_pdf": "http://www.diariooficial.interior.gob.cl/publicaciones/2026/09/15/44551/07/2869722.pdf", "archivo": "gm_pedimento_2869722.pdf", "fecha": "15-09-2026", "edicion": "44551" }, "geometry": { "type": "Polygon", "coordinates": [ [ [ -72.32686429481987, -35.73055661432192 ], [ -72.293727843359235, -35.729815440261746 ], [ -72.29342291785126, -35.738821589632835 ], [ -72.326563092005287, -35.739563008006222 ], [ -72.32686429481987, -35.73055661432192 ] ] ] } },
{ "type": "Feature", "properties": { "cve": "2869723", "nombre": "IRIS 98", "solicitante": "Varela Echaurren Juan Francisco", "region": "REGIÓN DEL MAULE", "provincia": "Provincia de Cauquenes", "comuna": null, "superficie_ha": 300.0, "datum_original": "PSAD56", "huso": 18, "epsg_origen": 24878, "tipo_publicacion": "pedimento", "fuente_pdf": "http://www.diariooficial.interior.gob.cl/publicaciones/2026/09/15/44551/07/2869723.pdf", "archivo": "gm_pedimento_2869723.pdf", "fecha": "15-09-2026", "edicion": "44551" }, "geometry": { "type": "Polygon", "coordinates": [ [ [ -72.326563092005287, -35.739563008006222 ], [ -72.29342291785126, -35.738821589632835 ], [ -72.293117857028008, -35.74782772314073 ], [ -72.326261755523717, -35.74856938588141 ], [ -72.326563092005287, -35.739563008006222 ] ] ] } }
]
}
