{
"type": "FeatureCollection",
"name": "boletin_mineria_20260720",
"crs": { "type": "name", "properties": { "name": "urn:ogc:def:crs:OGC:1.3:CRS84" } },
"features": [
{ "type": "Feature", "properties": { "cve": "2839614", "nombre": "LLAMA 1 1 AL 30", "solicitante": "Aciar Tapia Gilberto Hernán y otros", "region": "REGIÓN DE TARAPACÁ", "provincia": "Provincia del Tamarugal", "comuna": null, "superficie_ha": 300.0, "datum_original": "PSAD56", "huso": 19, "epsg_origen": 24879, "tipo_publicacion": "manifestacion", "fuente_pdf": "http://www.diariooficial.interior.gob.cl/publicaciones/2026/07/20/44503/07/2839614.pdf", "archivo": "gm_manifestacion_2839614.pdf", "fecha": "20-07-2026", "edicion": "44503" }, "geometry": { "type": "Polygon", "coordinates": [ [ [ -69.724745132852689, -21.276078608479136 ], [ -69.695828075292283, -21.276200517584236 ], [ -69.695870559026844, -21.285235151369235 ], [ -69.72478938174703, -21.285113185577742 ], [ -69.724745132852689, -21.276078608479136 ] ] ] } },
{ "type": "Feature", "properties": { "cve": "2839615", "nombre": "LLAMA 2 1 AL 30", "solicitante": "Aciar Tapia Gilberto Hernán y otros", "region": "REGIÓN DE TARAPACÁ", "provincia": "Provincia del Tamarugal", "comuna": null, "superficie_ha": 300.0, "datum_original": "PSAD56", "huso": 19, "epsg_origen": 24879, "tipo_publicacion": "manifestacion", "fuente_pdf": "http://www.diariooficial.interior.gob.cl/publicaciones/2026/07/20/44503/07/2839615.pdf", "archivo": "gm_manifestacion_2839615.pdf", "fecha": "20-07-2026", "edicion": "44503" }, "geometry": { "type": "Polygon", "coordinates": [ [ [ -69.695828075292283, -21.276200517584236 ], [ -69.666910816256518, -21.276317464392726 ], [ -69.666951534775734, -21.285352152556786 ], [ -69.695870559026844, -21.285235151369235 ], [ -69.695828075292283, -21.276200517584236 ] ] ] } },
{ "type": "Feature", "properties": { "cve": "2839616", "nombre": "LLAMA 3 1 AL 30", "solicitante": "Aciar Tapia Gilberto Hernán y otros", "region": "REGIÓN DE TARAPACÁ", "provincia": "Provincia del Tamarugal", "comuna": null, "superficie_ha": 300.0, "datum_original": "PSAD56", "huso": 19, "epsg_origen": 24879, "tipo_publicacion": "manifestacion", "fuente_pdf": "http://www.diariooficial.interior.gob.cl/publicaciones/2026/07/20/44503/07/2839616.pdf", "archivo": "gm_manifestacion_2839616.pdf", "fecha": "20-07-2026", "edicion": "44503" }, "geometry": { "type": "Polygon", "coordinates": [ [ [ -69.68273202026684, -21.258184411106807 ], [ -69.673094102049347, -21.25822316432988 ], [ -69.673217340043237, -21.285327223608494 ], [ -69.682857022552483, -21.285288416281951 ], [ -69.68273202026684, -21.258184411106807 ] ] ] } },
{ "type": "Feature", "properties": { "cve": "2839609", "nombre": "NARAYANA XIX 1 AL 30", "solicitante": "Ruz Prado Pedro Javier", "region": "REGIÓN DE TARAPACÁ", "provincia": "Provincia del Tamarugal", "comuna": "Pozo Almonte", "superficie_ha": 300.0, "datum_original": "PSAD56", "huso": 19, "epsg_origen": 24879, "tipo_publicacion": "manifestacion", "fuente_pdf": "http://www.diariooficial.interior.gob.cl/publicaciones/2026/07/20/44503/07/2839609.pdf", "archivo": "gm_manifestacion_2839609.pdf", "fecha": "20-07-2026", "edicion": "44503" }, "geometry": { "type": "Polygon", "coordinates": [ [ [ -69.397409819274529, -21.426247288718674 ], [ -69.368461716078514, -21.426313455547685 ], [ -69.368484387229955, -21.435348408361822 ], [ -69.397434271469265, -21.435282210940191 ], [ -69.397409819274529, -21.426247288718674 ] ] ] } },
{ "type": "Feature", "properties": { "cve": "2839610", "nombre": "NARAYANA XVIII 1 AL 30", "solicitante": "Hernández Villalobos Andrea Marta", "region": "REGIÓN DE TARAPACÁ", "provincia": "Provincia del Tamarugal", "comuna": "Pozo Almonte", "superficie_ha": 300.0, "datum_original": "PSAD56", "huso": 19, "epsg_origen": 24879, "tipo_publicacion": "manifestacion", "fuente_pdf": "http://www.diariooficial.interior.gob.cl/publicaciones/2026/07/20/44503/07/2839610.pdf", "archivo": "gm_manifestacion_2839610.pdf", "fecha": "20-07-2026", "edicion": "44503" }, "geometry": { "type": "Polygon", "coordinates": [ [ [ -69.397385379912066, -21.417212356640945 ], [ -69.36843905682467, -21.417278492880978 ], [ -69.368461716078514, -21.426313455547685 ], [ -69.397409819274529, -21.426247288718674 ], [ -69.397385379912066, -21.417212356640945 ] ] ] } },
{ "type": "Feature", "properties": { "cve": "2839611", "nombre": "NARAYANA XX 1 AL 30", "solicitante": "Ruz Hernández Benjamín Sathya", "region": "REGIÓN DE TARAPACÁ", "provincia": "Provincia del Tamarugal", "comuna": "Pozo Almonte", "superficie_ha": 300.0, "datum_original": "PSAD56", "huso": 19, "epsg_origen": 24879, "tipo_publicacion": "manifestacion", "fuente_pdf": "http://www.diariooficial.interior.gob.cl/publicaciones/2026/07/20/44503/07/2839611.pdf", "archivo": "gm_manifestacion_2839611.pdf", "fecha": "20-07-2026", "edicion": "44503" }, "geometry": { "type": "Polygon", "coordinates": [ [ [ -69.397434271469265, -21.435282210940191 ], [ -69.368484387229955, -21.435348408361822 ], [ -69.368507070282362, -21.444383351320052 ], [ -69.397458736499843, -21.444317123302152 ], [ -69.397434271469265, -21.435282210940191 ] ] ] } },
{ "type": "Feature", "properties": { "cve": "2839595", "nombre": "NUEVA TERRACOTA 1 AL 30", "solicitante": "Salt Minerals SpA", "region": "REGIÓN DE TARAPACÁ", "provincia": "Provincia del Tamarugal", "comuna": "Huara", "superficie_ha": 300.0, "datum_original": "PSAD56", "huso": 19, "epsg_origen": 24879, "tipo_publicacion": "manifestacion", "fuente_pdf": "http://www.diariooficial.interior.gob.cl/publicaciones/2026/07/20/44503/07/2839595.pdf", "archivo": "gm_manifestacion_2839595.pdf", "fecha": "20-07-2026", "edicion": "44503" }, "geometry": { "type": "Polygon", "coordinates": [ [ [ -70.090255135934342, -19.206967696574267 ], [ -70.061721197348817, -19.207135160625295 ], [ -70.06177919349048, -19.216171053943892 ], [ -70.090314689989498, -19.216003505087368 ], [ -70.090255135934342, -19.206967696574267 ] ] ] } },
{ "type": "Feature", "properties": { "cve": "2839596", "nombre": "NUEVA TERRACOTA III 1 AL 30", "solicitante": "Salt Minerals SpA", "region": "REGIÓN DE TARAPACÁ", "provincia": "Provincia del Tamarugal", "comuna": "Huara", "superficie_ha": 300.0, "datum_original": "PSAD56", "huso": 19, "epsg_origen": 24879, "tipo_publicacion": "manifestacion", "fuente_pdf": "http://www.diariooficial.interior.gob.cl/publicaciones/2026/07/20/44503/07/2839596.pdf", "archivo": "gm_manifestacion_2839596.pdf", "fecha": "20-07-2026", "edicion": "44503" }, "geometry": { "type": "Polygon", "coordinates": [ [ [ -70.118788773393376, -19.206795793591283 ], [ -70.090255135934342, -19.206967696574267 ], [ -70.090314689989498, -19.216003505087368 ], [ -70.118849885286508, -19.215831515051139 ], [ -70.118788773393376, -19.206795793591283 ] ] ] } },
{ "type": "Feature", "properties": { "cve": "2839597", "nombre": "NUEVA TERRACOTA IV 1 AL 35", "solicitante": "Salt Minerals SpA", "region": "REGIÓN DE TARAPACÁ", "provincia": "Provincia del Tamarugal", "comuna": "Huara", "superficie_ha": 280.0, "datum_original": "PSAD56", "huso": 19, "epsg_origen": 24879, "tipo_publicacion": "manifestacion", "fuente_pdf": "http://www.diariooficial.interior.gob.cl/publicaciones/2026/07/20/44503/07/2839597.pdf", "archivo": "gm_manifestacion_2839597.pdf", "fecha": "20-07-2026", "edicion": "44503" }, "geometry": { "type": "Polygon", "coordinates": [ [ [ -70.061726357684392, -19.207939355501903 ], [ -70.028436230855249, -19.208129128198991 ], [ -70.028481173363829, -19.21535791981335 ], [ -70.061772754310851, -19.215168070237407 ], [ -70.061726357684392, -19.207939355501903 ] ] ] } },
{ "type": "Feature", "properties": { "cve": "2839598", "nombre": "NUEVA TERRACOTA V 1 AL 35", "solicitante": "Salt Minerals SpA", "region": "REGIÓN DE TARAPACÁ", "provincia": "Provincia del Tamarugal", "comuna": "Huara", "superficie_ha": 280.0, "datum_original": "PSAD56", "huso": 19, "epsg_origen": 24879, "tipo_publicacion": "manifestacion", "fuente_pdf": "http://www.diariooficial.interior.gob.cl/publicaciones/2026/07/20/44503/07/2839598.pdf", "archivo": "gm_manifestacion_2839598.pdf", "fecha": "20-07-2026", "edicion": "44503" }, "geometry": { "type": "Polygon", "coordinates": [ [ [ -70.061772754310851, -19.215168070237407 ], [ -70.028481173363829, -19.21535791981335 ], [ -70.028526136076977, -19.222586705572034 ], [ -70.061819171795463, -19.222396779110735 ], [ -70.061772754310851, -19.215168070237407 ] ] ] } },
{ "type": "Feature", "properties": { "cve": "2839592", "nombre": "SAG A 1 AL 33", "solicitante": "Lastra Rojas Diego Ignacio", "region": "REGIÓN DE TARAPACÁ", "provincia": "Provincia del Tamarugal", "comuna": null, "superficie_ha": 132.0, "datum_original": "PSAD56", "huso": 19, "epsg_origen": 24879, "tipo_publicacion": "manifestacion", "fuente_pdf": "http://www.diariooficial.interior.gob.cl/publicaciones/2026/07/20/44503/07/2839592.pdf", "archivo": "gm_manifestacion_2839592.pdf", "fecha": "20-07-2026", "edicion": "44503" }, "geometry": { "type": "Polygon", "coordinates": [ [ [ -69.559975971009322, -20.249818742378622 ], [ -69.548486617760005, -20.249855040422805 ], [ -69.548521518864831, -20.259794613674803 ], [ -69.560011603108421, -20.259758296290155 ], [ -69.559975971009322, -20.249818742378622 ] ] ] } },
{ "type": "Feature", "properties": { "cve": "2839593", "nombre": "TAMBO C 1 AL 40", "solicitante": "Lastra Fonseca Edwin Gabriel", "region": "REGIÓN DE TARAPACÁ", "provincia": "Provincia del Tamarugal", "comuna": null, "superficie_ha": 200.0, "datum_original": "PSAD56", "huso": 19, "epsg_origen": 24879, "tipo_publicacion": "manifestacion", "fuente_pdf": "http://www.diariooficial.interior.gob.cl/publicaciones/2026/07/20/44503/07/2839593.pdf", "archivo": "gm_manifestacion_2839593.pdf", "fecha": "20-07-2026", "edicion": "44503" }, "geometry": { "type": "Polygon", "coordinates": [ [ [ -69.548485031841551, -20.249403241367215 ], [ -69.529336110241346, -20.249462064712297 ], [ -69.529366729273775, -20.258498069833607 ], [ -69.54851675839538, -20.258439217994972 ], [ -69.548485031841551, -20.249403241367215 ] ] ] } },
{ "type": "Feature", "properties": { "cve": "2839764", "nombre": "ANDREWS 2 DEL 1 AL 3", "solicitante": "Alday Contreras Ulises René", "region": "REGIÓN DE ANTOFAGASTA", "provincia": "Provincia de Antofagasta", "comuna": null, "superficie_ha": 30.0, "datum_original": "PSAD56", "huso": 19, "epsg_origen": 24879, "tipo_publicacion": "manifestacion", "fuente_pdf": "http://www.diariooficial.interior.gob.cl/publicaciones/2026/07/20/44503/07/2839764.pdf", "archivo": "gm_manifestacion_2839764.pdf", "fecha": "20-07-2026", "edicion": "44503" }, "geometry": { "type": "Polygon", "coordinates": [ [ [ -70.385641755504381, -23.50038762771851 ], [ -70.380746059778502, -23.500431094164835 ], [ -70.380802524946901, -23.505849193325506 ], [ -70.385698420724808, -23.505805715677777 ], [ -70.385641755504381, -23.50038762771851 ] ] ] } },
{ "type": "Feature", "properties": { "cve": "2838761", "nombre": "CAMILA 1 AL 200", "solicitante": "Delgado Camayo Vanessa", "region": "REGIÓN DE ANTOFAGASTA", "provincia": "Provincia de Antofagasta", "comuna": null, "superficie_ha": 200.0, "datum_original": "PSAD56", "huso": 19, "epsg_origen": 24879, "tipo_publicacion": "manifestacion", "fuente_pdf": "http://www.diariooficial.interior.gob.cl/publicaciones/2026/07/20/44503/07/2838761.pdf", "archivo": "gm_manifestacion_2838761.pdf", "fecha": "20-07-2026", "edicion": "44503" }, "geometry": { "type": "Polygon", "coordinates": [ [ [ -70.287096362760195, -23.028677840246988 ], [ -70.277338964435103, -23.028756903967651 ], [ -70.277509245361188, -23.046819073391532 ], [ -70.287267943564274, -23.046739940664882 ], [ -70.287096362760195, -23.028677840246988 ] ] ] } },
{ "type": "Feature", "properties": { "cve": "2839103", "nombre": "CITRO DEL 1 AL 1", "solicitante": "Hurtado David Mario Hernán", "region": "REGIÓN DE ANTOFAGASTA", "provincia": "Provincia de Antofagasta", "comuna": "Antofagasta", "superficie_ha": 1.0, "datum_original": "PSAD56", "huso": 19, "epsg_origen": 24879, "tipo_publicacion": "manifestacion", "fuente_pdf": "http://www.diariooficial.interior.gob.cl/publicaciones/2026/07/20/44503/07/2839103.pdf", "archivo": "gm_manifestacion_2839103.pdf", "fecha": "20-07-2026", "edicion": "44503" }, "geometry": { "type": "Polygon", "coordinates": [ [ [ -70.387820202260414, -23.521383309871631 ], [ -70.386840909759044, -23.521392036473458 ], [ -70.386850370424256, -23.522295048491557 ], [ -70.38782966960089, -23.5222863215152 ], [ -70.387820202260414, -23.521383309871631 ] ] ] } },
{ "type": "Feature", "properties": { "cve": "2839544", "nombre": "JOSEFA, 1 AL 7", "solicitante": "Cortés Gómez Sergio Alejandro", "region": "REGIÓN DE ANTOFAGASTA", "provincia": "Provincia de Antofagasta", "comuna": "Antofagasta", "superficie_ha": 56.0, "datum_original": "PSAD56", "huso": 19, "epsg_origen": 24879, "tipo_publicacion": "manifestacion", "fuente_pdf": "http://www.diariooficial.interior.gob.cl/publicaciones/2026/07/20/44503/07/2839544.pdf", "archivo": "gm_manifestacion_2839544.pdf", "fecha": "20-07-2026", "edicion": "44503" }, "geometry": { "type": "Polygon", "coordinates": [ [ [ -70.072037500327454, -24.234911238944036 ], [ -70.06415915328688, -24.23496651838985 ], [ -70.064211716575571, -24.241287774574189 ], [ -70.072090452579772, -24.241232478893664 ], [ -70.072037500327454, -24.234911238944036 ] ] ] } },
{ "type": "Feature", "properties": { "cve": "2838762", "nombre": "MARIA 1 AL 22", "solicitante": "Delgado Camayo Vanessa", "region": "REGIÓN DE ANTOFAGASTA", "provincia": "Provincia de Antofagasta", "comuna": null, "superficie_ha": 2.25, "datum_original": "PSAD56", "huso": 19, "epsg_origen": 24879, "tipo_publicacion": "manifestacion", "fuente_pdf": "http://www.diariooficial.interior.gob.cl/publicaciones/2026/07/20/44503/07/2838762.pdf", "archivo": "gm_manifestacion_2838762.pdf", "fecha": "20-07-2026", "edicion": "44503" }, "geometry": { "type": "Polygon", "coordinates": [ [ [ -70.304661743523596, -23.028759785238091 ], [ -70.303198145830066, -23.028771845608599 ], [ -70.303211169336478, -23.030126495959738 ], [ -70.304674781646355, -23.030114434799877 ], [ -70.304661743523596, -23.028759785238091 ] ] ] } },
{ "type": "Feature", "properties": { "cve": "2838790", "nombre": "WATON I, 1 AL 4", "solicitante": "Explotadora Arriba SpA", "region": "REGIÓN DE ANTOFAGASTA", "provincia": "Provincia de Antofagasta", "comuna": null, "superficie_ha": 4.0, "datum_original": "PSAD56", "huso": 19, "epsg_origen": 24879, "tipo_publicacion": "manifestacion", "fuente_pdf": "http://www.diariooficial.interior.gob.cl/publicaciones/2026/07/20/44503/07/2838790.pdf", "archivo": "gm_manifestacion_2838790.pdf", "fecha": "20-07-2026", "edicion": "44503" }, "geometry": { "type": "Polygon", "coordinates": [ [ [ -70.212098533325857, -25.435919547419683 ], [ -70.21010995369538, -25.435935940977746 ], [ -70.210127993736407, -25.437741630526638 ], [ -70.212116602994499, -25.437725235641807 ], [ -70.212098533325857, -25.435919547419683 ] ] ] } },
{ "type": "Feature", "properties": { "cve": "2839385", "nombre": "AVISPA 107B, 1 AL 60", "solicitante": "Minera Joy East SpA", "region": "REGIÓN DE ANTOFAGASTA", "provincia": "Provincia de Tocopilla", "comuna": "María Elena", "superficie_ha": 300.0, "datum_original": "PSAD56", "huso": 19, "epsg_origen": 24879, "tipo_publicacion": "manifestacion", "fuente_pdf": "http://www.diariooficial.interior.gob.cl/publicaciones/2026/07/20/44503/07/2839385.pdf", "archivo": "gm_manifestacion_2839385.pdf", "fecha": "20-07-2026", "edicion": "44503" }, "geometry": { "type": "Polygon", "coordinates": [ [ [ -69.370943709981447, -22.388479918252219 ], [ -69.361229322277381, -22.388501900311102 ], [ -69.361299348830073, -22.415603553406399 ], [ -69.371015619624742, -22.415581541912548 ], [ -69.370943709981447, -22.388479918252219 ] ] ] } },
{ "type": "Feature", "properties": { "cve": "2839386", "nombre": "AVISPA 108B, 1 AL 60", "solicitante": "Minera Joy East SpA", "region": "REGIÓN DE ANTOFAGASTA", "provincia": "Provincia de Tocopilla", "comuna": "María Elena", "superficie_ha": 300.0, "datum_original": "PSAD56", "huso": 19, "epsg_origen": 24879, "tipo_publicacion": "manifestacion", "fuente_pdf": "http://www.diariooficial.interior.gob.cl/publicaciones/2026/07/20/44503/07/2839386.pdf", "archivo": "gm_manifestacion_2839386.pdf", "fecha": "20-07-2026", "edicion": "44503" }, "geometry": { "type": "Polygon", "coordinates": [ [ [ -69.361229322277381, -22.388501900311102 ], [ -69.351514922632518, -22.388523299086327 ], [ -69.351583066084189, -22.415624980835549 ], [ -69.361299348830073, -22.415603553406399 ], [ -69.361229322277381, -22.388501900311102 ] ] ] } },
{ "type": "Feature", "properties": { "cve": "2839387", "nombre": "AVISPA 109B, 1 AL 60", "solicitante": "Minera Joy East SpA", "region": "REGIÓN DE ANTOFAGASTA", "provincia": "Provincia de Tocopilla", "comuna": "María Elena", "superficie_ha": 300.0, "datum_original": "PSAD56", "huso": 19, "epsg_origen": 24879, "tipo_publicacion": "manifestacion", "fuente_pdf": "http://www.diariooficial.interior.gob.cl/publicaciones/2026/07/20/44503/07/2839387.pdf", "archivo": "gm_manifestacion_2839387.pdf", "fecha": "20-07-2026", "edicion": "44503" }, "geometry": { "type": "Polygon", "coordinates": [ [ [ -69.351514922632518, -22.388523299086327 ], [ -69.341800511367921, -22.388544114574994 ], [ -69.34186677170851, -22.415645824197114 ], [ -69.351583066084189, -22.415624980835549 ], [ -69.351514922632518, -22.388523299086327 ] ] ] } },
{ "type": "Feature", "properties": { "cve": "2839364", "nombre": "AVISPA 10B, 1 AL 60", "solicitante": "Minera Joy East SpA", "region": "REGIÓN DE ANTOFAGASTA", "provincia": "Provincia de Tocopilla", "comuna": "María Elena", "superficie_ha": 300.0, "datum_original": "PSAD56", "huso": 19, "epsg_origen": 24879, "tipo_publicacion": "manifestacion", "fuente_pdf": "http://www.diariooficial.interior.gob.cl/publicaciones/2026/07/20/44503/07/2839364.pdf", "archivo": "gm_manifestacion_2839364.pdf", "fecha": "20-07-2026", "edicion": "44503" }, "geometry": { "type": "Polygon", "coordinates": [ [ [ -69.370680984750791, -22.289106513448342 ], [ -69.360973477006567, -22.289128387673387 ], [ -69.361043109958345, -22.316230376893902 ], [ -69.370752490209071, -22.316208473274294 ], [ -69.370680984750791, -22.289106513448342 ] ] ] } },
{ "type": "Feature", "properties": { "cve": "2839388", "nombre": "AVISPA 110B, 1 AL 60", "solicitante": "Minera Joy East SpA", "region": "REGIÓN DE ANTOFAGASTA", "provincia": "Provincia de Tocopilla", "comuna": "María Elena", "superficie_ha": 300.0, "datum_original": "PSAD56", "huso": 19, "epsg_origen": 24879, "tipo_publicacion": "manifestacion", "fuente_pdf": "http://www.diariooficial.interior.gob.cl/publicaciones/2026/07/20/44503/07/2839388.pdf", "archivo": "gm_manifestacion_2839388.pdf", "fecha": "20-07-2026", "edicion": "44503" }, "geometry": { "type": "Polygon", "coordinates": [ [ [ -69.341800511367921, -22.388544114574994 ], [ -69.332086088804715, -22.388564346774295 ], [ -69.332150466024402, -22.415666083488262 ], [ -69.34186677170851, -22.415645824197114 ], [ -69.341800511367921, -22.388544114574994 ] ] ] } },
{ "type": "Feature", "properties": { "cve": "2839389", "nombre": "AVISPA 111B, 1 AL 60", "solicitante": "Minera Joy East SpA", "region": "REGIÓN DE ANTOFAGASTA", "provincia": "Provincia de Tocopilla", "comuna": "María Elena", "superficie_ha": 300.0, "datum_original": "PSAD56", "huso": 19, "epsg_origen": 24879, "tipo_publicacion": "manifestacion", "fuente_pdf": "http://www.diariooficial.interior.gob.cl/publicaciones/2026/07/20/44503/07/2839389.pdf", "archivo": "gm_manifestacion_2839389.pdf", "fecha": "20-07-2026", "edicion": "44503" }, "geometry": { "type": "Polygon", "coordinates": [ [ [ -69.332086088804715, -22.388564346774295 ], [ -69.322371655264007, -22.388583995681486 ], [ -69.322434149353256, -22.415685758706246 ], [ -69.332150466024402, -22.415666083488262 ], [ -69.332086088804715, -22.388564346774295 ] ] ] } },
{ "type": "Feature", "properties": { "cve": "2839390", "nombre": "AVISPA 112B, 1 AL 60", "solicitante": "Minera Joy East SpA", "region": "REGIÓN DE ANTOFAGASTA", "provincia": "Provincia de Tocopilla", "comuna": "María Elena", "superficie_ha": 300.0, "datum_original": "PSAD56", "huso": 19, "epsg_origen": 24879, "tipo_publicacion": "manifestacion", "fuente_pdf": "http://www.diariooficial.interior.gob.cl/publicaciones/2026/07/20/44503/07/2839390.pdf", "archivo": "gm_manifestacion_2839390.pdf", "fecha": "20-07-2026", "edicion": "44503" }, "geometry": { "type": "Polygon", "coordinates": [ [ [ -69.322371655264007, -22.388583995681486 ], [ -69.312657211066892, -22.388603061293917 ], [ -69.312717822016438, -22.415704849848424 ], [ -69.322434149353256, -22.415685758706246 ], [ -69.322371655264007, -22.388583995681486 ] ] ] } },
{ "type": "Feature", "properties": { "cve": "2839391", "nombre": "AVISPA 113B, 1 AL 60", "solicitante": "Minera Joy East SpA", "region": "REGIÓN DE ANTOFAGASTA", "provincia": "Provincia de Tocopilla", "comuna": "María Elena", "superficie_ha": 300.0, "datum_original": "PSAD56", "huso": 19, "epsg_origen": 24879, "tipo_publicacion": "manifestacion", "fuente_pdf": "http://www.diariooficial.interior.gob.cl/publicaciones/2026/07/20/44503/07/2839391.pdf", "archivo": "gm_manifestacion_2839391.pdf", "fecha": "20-07-2026", "edicion": "44503" }, "geometry": { "type": "Polygon", "coordinates": [ [ [ -69.312657211066892, -22.388603061293917 ], [ -69.302942756534478, -22.388621543608998 ], [ -69.303001484335368, -22.415723356912203 ], [ -69.312717822016438, -22.415704849848424 ], [ -69.312657211066892, -22.388603061293917 ] ] ] } },
{ "type": "Feature", "properties": { "cve": "2839392", "nombre": "AVISPA 114B, 1 AL 60", "solicitante": "Minera Joy East SpA", "region": "REGIÓN DE ANTOFAGASTA", "provincia": "Provincia de Tocopilla", "comuna": "María Elena", "superficie_ha": 300.0, "datum_original": "PSAD56", "huso": 19, "epsg_origen": 24879, "tipo_publicacion": "manifestacion", "fuente_pdf": "http://www.diariooficial.interior.gob.cl/publicaciones/2026/07/20/44503/07/2839392.pdf", "archivo": "gm_manifestacion_2839392.pdf", "fecha": "20-07-2026", "edicion": "44503" }, "geometry": { "type": "Polygon", "coordinates": [ [ [ -69.302942756534478, -22.388621543608998 ], [ -69.293228291987901, -22.388639442624239 ], [ -69.293285136631454, -22.415741279895066 ], [ -69.303001484335368, -22.415723356912203 ], [ -69.302942756534478, -22.388621543608998 ] ] ] } },
{ "type": "Feature", "properties": { "cve": "2839393", "nombre": "AVISPA 115B, 1 AL 60", "solicitante": "Minera Joy East SpA", "region": "REGIÓN DE ANTOFAGASTA", "provincia": "Provincia de Tocopilla", "comuna": "María Elena", "superficie_ha": 300.0, "datum_original": "PSAD56", "huso": 19, "epsg_origen": 24879, "tipo_publicacion": "manifestacion", "fuente_pdf": "http://www.diariooficial.interior.gob.cl/publicaciones/2026/07/20/44503/07/2839393.pdf", "archivo": "gm_manifestacion_2839393.pdf", "fecha": "20-07-2026", "edicion": "44503" }, "geometry": { "type": "Polygon", "coordinates": [ [ [ -69.293228291987901, -22.388639442624239 ], [ -69.2835138177483, -22.388656758337213 ], [ -69.283568779226059, -22.415758618794598 ], [ -69.293285136631454, -22.415741279895066 ], [ -69.293228291987901, -22.388639442624239 ] ] ] } },
{ "type": "Feature", "properties": { "cve": "2839365", "nombre": "AVISPA 11B, 1 AL 60", "solicitante": "Minera Joy East SpA", "region": "REGIÓN DE ANTOFAGASTA", "provincia": "Provincia de Tocopilla", "comuna": "María Elena", "superficie_ha": 300.0, "datum_original": "PSAD56", "huso": 19, "epsg_origen": 24879, "tipo_publicacion": "manifestacion", "fuente_pdf": "http://www.diariooficial.interior.gob.cl/publicaciones/2026/07/20/44503/07/2839365.pdf", "archivo": "gm_manifestacion_2839365.pdf", "fecha": "20-07-2026", "edicion": "44503" }, "geometry": { "type": "Polygon", "coordinates": [ [ [ -69.360973477006567, -22.289128387673387 ], [ -69.35126595735936, -22.289149681476076 ], [ -69.351333717794347, -22.316251699311181 ], [ -69.361043109958345, -22.316230376893902 ], [ -69.360973477006567, -22.289128387673387 ] ] ] } },
{ "type": "Feature", "properties": { "cve": "2839395", "nombre": "AVISPA 120B, 1 AL 60", "solicitante": "Minera Joy East SpA", "region": "REGIÓN DE ANTOFAGASTA", "provincia": "Provincia de Tocopilla", "comuna": "María Elena", "superficie_ha": 300.0, "datum_original": "PSAD56", "huso": 19, "epsg_origen": 24879, "tipo_publicacion": "manifestacion", "fuente_pdf": "http://www.diariooficial.interior.gob.cl/publicaciones/2026/07/20/44503/07/2839395.pdf", "archivo": "gm_manifestacion_2839395.pdf", "fecha": "20-07-2026", "edicion": "44503" }, "geometry": { "type": "Polygon", "coordinates": [ [ [ -69.312717822016438, -22.415704849848424 ], [ -69.303001484335368, -22.415723356912203 ], [ -69.303060302344377, -22.442825078403125 ], [ -69.312778526066623, -22.442806546581362 ], [ -69.312717822016438, -22.415704849848424 ] ] ] } },
{ "type": "Feature", "properties": { "cve": "2839366", "nombre": "AVISPA 31B, 1 AL 60", "solicitante": "Minera Joy East SpA", "region": "REGIÓN DE ANTOFAGASTA", "provincia": "Provincia de Tocopilla", "comuna": "María Elena", "superficie_ha": 300.0, "datum_original": "PSAD56", "huso": 19, "epsg_origen": 24879, "tipo_publicacion": "manifestacion", "fuente_pdf": "http://www.diariooficial.interior.gob.cl/publicaciones/2026/07/20/44503/07/2839366.pdf", "archivo": "gm_manifestacion_2839366.pdf", "fecha": "20-07-2026", "edicion": "44503" }, "geometry": { "type": "Polygon", "coordinates": [ [ [ -69.409589885671949, -22.316115046833023 ], [ -69.399880556277935, -22.316139275231539 ], [ -69.399957797945831, -22.343241050593416 ], [ -69.409669002685547, -22.343216789668393 ], [ -69.409589885671949, -22.316115046833023 ] ] ] } },
{ "type": "Feature", "properties": { "cve": "2839367", "nombre": "AVISPA 32B, 1 AL 60", "solicitante": "Minera Joy East SpA", "region": "REGIÓN DE ANTOFAGASTA", "provincia": "Provincia de Tocopilla", "comuna": "María Elena", "superficie_ha": 300.0, "datum_original": "PSAD56", "huso": 19, "epsg_origen": 24879, "tipo_publicacion": "manifestacion", "fuente_pdf": "http://www.diariooficial.interior.gob.cl/publicaciones/2026/07/20/44503/07/2839367.pdf", "archivo": "gm_manifestacion_2839367.pdf", "fecha": "20-07-2026", "edicion": "44503" }, "geometry": { "type": "Polygon", "coordinates": [ [ [ -69.380461858226127, -22.316185988455334 ], [ -69.370752490209071, -22.316208473274294 ], [ -69.370824105772371, -22.343310341534306 ], [ -69.380535349168611, -22.34328782652954 ], [ -69.380461858226127, -22.316185988455334 ] ] ] } },
{ "type": "Feature", "properties": { "cve": "2839368", "nombre": "AVISPA 33B, 1 AL 60", "solicitante": "Minera Joy East SpA", "region": "REGIÓN DE ANTOFAGASTA", "provincia": "Provincia de Tocopilla", "comuna": "María Elena", "superficie_ha": 300.0, "datum_original": "PSAD56", "huso": 19, "epsg_origen": 24879, "tipo_publicacion": "manifestacion", "fuente_pdf": "http://www.diariooficial.interior.gob.cl/publicaciones/2026/07/20/44503/07/2839368.pdf", "archivo": "gm_manifestacion_2839368.pdf", "fecha": "20-07-2026", "edicion": "44503" }, "geometry": { "type": "Polygon", "coordinates": [ [ [ -69.370752490209071, -22.316208473274294 ], [ -69.361043109958345, -22.316230376893902 ], [ -69.361112850131903, -22.343332274559454 ], [ -69.370824105772371, -22.343310341534306 ], [ -69.370752490209071, -22.316208473274294 ] ] ] } },
{ "type": "Feature", "properties": { "cve": "2839369", "nombre": "AVISPA 34B, 1 AL 60", "solicitante": "Minera Joy East SpA", "region": "REGIÓN DE ANTOFAGASTA", "provincia": "Provincia de Tocopilla", "comuna": "María Elena", "superficie_ha": 300.0, "datum_original": "PSAD56", "huso": 19, "epsg_origen": 24879, "tipo_publicacion": "manifestacion", "fuente_pdf": "http://www.diariooficial.interior.gob.cl/publicaciones/2026/07/20/44503/07/2839369.pdf", "archivo": "gm_manifestacion_2839369.pdf", "fecha": "20-07-2026", "edicion": "44503" }, "geometry": { "type": "Polygon", "coordinates": [ [ [ -69.361043109958345, -22.316230376893902 ], [ -69.351333717794347, -22.316251699311181 ], [ -69.35140158256786, -22.343353625602013 ], [ -69.361112850131903, -22.343332274559454 ], [ -69.361043109958345, -22.316230376893902 ] ] ] } },
{ "type": "Feature", "properties": { "cve": "2839370", "nombre": "AVISPA 61B, 1 AL 60", "solicitante": "Minera Joy East SpA", "region": "REGIÓN DE ANTOFAGASTA", "provincia": "Provincia de Tocopilla", "comuna": "María Elena", "superficie_ha": 300.0, "datum_original": "PSAD56", "huso": 19, "epsg_origen": 24879, "tipo_publicacion": "manifestacion", "fuente_pdf": "http://www.diariooficial.interior.gob.cl/publicaciones/2026/07/20/44503/07/2839370.pdf", "archivo": "gm_manifestacion_2839370.pdf", "fecha": "20-07-2026", "edicion": "44503" }, "geometry": { "type": "Polygon", "coordinates": [ [ [ -69.370824105772371, -22.343310341534306 ], [ -69.361112850131903, -22.343332274559454 ], [ -69.361182697620109, -22.370434080583337 ], [ -69.370895831536046, -22.370412118141633 ], [ -69.370824105772371, -22.343310341534306 ] ] ] } },
{ "type": "Feature", "properties": { "cve": "2839371", "nombre": "AVISPA 62B, 1 AL 60", "solicitante": "Minera Joy East SpA", "region": "REGIÓN DE ANTOFAGASTA", "provincia": "Provincia de Tocopilla", "comuna": "María Elena", "superficie_ha": 300.0, "datum_original": "PSAD56", "huso": 19, "epsg_origen": 24879, "tipo_publicacion": "manifestacion", "fuente_pdf": "http://www.diariooficial.interior.gob.cl/publicaciones/2026/07/20/44503/07/2839371.pdf", "archivo": "gm_manifestacion_2839371.pdf", "fecha": "20-07-2026", "edicion": "44503" }, "geometry": { "type": "Polygon", "coordinates": [ [ [ -69.361112850131903, -22.343332274559454 ], [ -69.35140158256786, -22.343353625602013 ], [ -69.351469551770222, -22.370455460261919 ], [ -69.361182697620109, -22.370434080583337 ], [ -69.361112850131903, -22.343332274559454 ] ] ] } },
{ "type": "Feature", "properties": { "cve": "2839372", "nombre": "AVISPA 63B, 1 AL 60", "solicitante": "Minera Joy East SpA", "region": "REGIÓN DE ANTOFAGASTA", "provincia": "Provincia de Tocopilla", "comuna": "María Elena", "superficie_ha": 300.0, "datum_original": "PSAD56", "huso": 19, "epsg_origen": 24879, "tipo_publicacion": "manifestacion", "fuente_pdf": "http://www.diariooficial.interior.gob.cl/publicaciones/2026/07/20/44503/07/2839372.pdf", "archivo": "gm_manifestacion_2839372.pdf", "fecha": "20-07-2026", "edicion": "44503" }, "geometry": { "type": "Polygon", "coordinates": [ [ [ -69.35140158256786, -22.343353625602013 ], [ -69.341690303400853, -22.343374394659111 ], [ -69.341756394307339, -22.370476257174474 ], [ -69.351469551770222, -22.370455460261919 ], [ -69.35140158256786, -22.343353625602013 ] ] ] } },
{ "type": "Feature", "properties": { "cve": "2839373", "nombre": "AVISPA 64B, 1 AL 60", "solicitante": "Minera Joy East SpA", "region": "REGIÓN DE ANTOFAGASTA", "provincia": "Provincia de Tocopilla", "comuna": "María Elena", "superficie_ha": 300.0, "datum_original": "PSAD56", "huso": 19, "epsg_origen": 24879, "tipo_publicacion": "manifestacion", "fuente_pdf": "http://www.diariooficial.interior.gob.cl/publicaciones/2026/07/20/44503/07/2839373.pdf", "archivo": "gm_manifestacion_2839373.pdf", "fecha": "20-07-2026", "edicion": "44503" }, "geometry": { "type": "Polygon", "coordinates": [ [ [ -69.341690303400853, -22.343374394659111 ], [ -69.33197901295155, -22.343394581727924 ], [ -69.332043225552368, -22.370496471318191 ], [ -69.341756394307339, -22.370476257174474 ], [ -69.341690303400853, -22.343374394659111 ] ] ] } },
{ "type": "Feature", "properties": { "cve": "2839374", "nombre": "AVISPA 65B, 1 AL 60", "solicitante": "Minera Joy East SpA", "region": "REGIÓN DE ANTOFAGASTA", "provincia": "Provincia de Tocopilla", "comuna": "María Elena", "superficie_ha": 300.0, "datum_original": "PSAD56", "huso": 19, "epsg_origen": 24879, "tipo_publicacion": "manifestacion", "fuente_pdf": "http://www.diariooficial.interior.gob.cl/publicaciones/2026/07/20/44503/07/2839374.pdf", "archivo": "gm_manifestacion_2839374.pdf", "fecha": "20-07-2026", "edicion": "44503" }, "geometry": { "type": "Polygon", "coordinates": [ [ [ -69.33197901295155, -22.343394581727924 ], [ -69.322267711540576, -22.343414186805731 ], [ -69.322330045826234, -22.370516102690345 ], [ -69.332043225552368, -22.370496471318191 ], [ -69.33197901295155, -22.343394581727924 ] ] ] } },
{ "type": "Feature", "properties": { "cve": "2839375", "nombre": "AVISPA 66B, 1 AL 60", "solicitante": "Minera Joy East SpA", "region": "REGIÓN DE ANTOFAGASTA", "provincia": "Provincia de Tocopilla", "comuna": "María Elena", "superficie_ha": 300.0, "datum_original": "PSAD56", "huso": 19, "epsg_origen": 24879, "tipo_publicacion": "manifestacion", "fuente_pdf": "http://www.diariooficial.interior.gob.cl/publicaciones/2026/07/20/44503/07/2839375.pdf", "archivo": "gm_manifestacion_2839375.pdf", "fecha": "20-07-2026", "edicion": "44503" }, "geometry": { "type": "Polygon", "coordinates": [ [ [ -69.322267711540576, -22.343414186805731 ], [ -69.312556399488571, -22.34343320988987 ], [ -69.312616855449846, -22.370535151288266 ], [ -69.322330045826234, -22.370516102690345 ], [ -69.322267711540576, -22.343414186805731 ] ] ] } },
{ "type": "Feature", "properties": { "cve": "2839376", "nombre": "AVISPA 67B, 1 AL 60", "solicitante": "Minera Joy East SpA", "region": "REGIÓN DE ANTOFAGASTA", "provincia": "Provincia de Tocopilla", "comuna": "María Elena", "superficie_ha": 300.0, "datum_original": "PSAD56", "huso": 19, "epsg_origen": 24879, "tipo_publicacion": "manifestacion", "fuente_pdf": "http://www.diariooficial.interior.gob.cl/publicaciones/2026/07/20/44503/07/2839376.pdf", "archivo": "gm_manifestacion_2839376.pdf", "fecha": "20-07-2026", "edicion": "44503" }, "geometry": { "type": "Polygon", "coordinates": [ [ [ -69.312556399488571, -22.34343320988987 ], [ -69.302845077116217, -22.343451650977777 ], [ -69.302903654744156, -22.370553617109387 ], [ -69.312616855449846, -22.370535151288266 ], [ -69.312556399488571, -22.34343320988987 ] ] ] } },
{ "type": "Feature", "properties": { "cve": "2839377", "nombre": "AVISPA 68B, 1 AL 60", "solicitante": "Minera Joy East SpA", "region": "REGIÓN DE ANTOFAGASTA", "provincia": "Provincia de Tocopilla", "comuna": "María Elena", "superficie_ha": 300.0, "datum_original": "PSAD56", "huso": 19, "epsg_origen": 24879, "tipo_publicacion": "manifestacion", "fuente_pdf": "http://www.diariooficial.interior.gob.cl/publicaciones/2026/07/20/44503/07/2839377.pdf", "archivo": "gm_manifestacion_2839377.pdf", "fecha": "20-07-2026", "edicion": "44503" }, "geometry": { "type": "Polygon", "coordinates": [ [ [ -69.302845077116217, -22.343451650977777 ], [ -69.293133744744139, -22.343469510066946 ], [ -69.293190444030088, -22.370571500151211 ], [ -69.302903654744156, -22.370553617109387 ], [ -69.302845077116217, -22.343451650977777 ] ] ] } },
{ "type": "Feature", "properties": { "cve": "2839378", "nombre": "AVISPA 89B, 1 AL 40", "solicitante": "Minera Joy East SpA", "region": "REGIÓN DE ANTOFAGASTA", "provincia": "Provincia de Tocopilla", "comuna": "María Elena", "superficie_ha": 200.0, "datum_original": "PSAD56", "huso": 19, "epsg_origen": 24879, "tipo_publicacion": "manifestacion", "fuente_pdf": "http://www.diariooficial.interior.gob.cl/publicaciones/2026/07/20/44503/07/2839378.pdf", "archivo": "gm_manifestacion_2839378.pdf", "fecha": "20-07-2026", "edicion": "44503" }, "geometry": { "type": "Polygon", "coordinates": [ [ [ -69.361171048915722, -22.365917119280372 ], [ -69.351458216313986, -22.365938494185539 ], [ -69.351503575560514, -22.384006343203193 ], [ -69.361217661636246, -22.383984949202578 ], [ -69.361171048915722, -22.365917119280372 ] ] ] } },
{ "type": "Feature", "properties": { "cve": "2839362", "nombre": "AVISPA 8B, 1 AL 60", "solicitante": "Minera Joy East SpA", "region": "REGIÓN DE ANTOFAGASTA", "provincia": "Provincia de Tocopilla", "comuna": "María Elena", "superficie_ha": 300.0, "datum_original": "PSAD56", "huso": 19, "epsg_origen": 24879, "tipo_publicacion": "manifestacion", "fuente_pdf": "http://www.diariooficial.interior.gob.cl/publicaciones/2026/07/20/44503/07/2839362.pdf", "archivo": "gm_manifestacion_2839362.pdf", "fecha": "20-07-2026", "edicion": "44503" }, "geometry": { "type": "Polygon", "coordinates": [ [ [ -69.409510890296175, -22.289013212384795 ], [ -69.39980343336471, -22.28903740826895 ], [ -69.399880556277935, -22.316139275231539 ], [ -69.409589885671949, -22.316115046833023 ], [ -69.409510890296175, -22.289013212384795 ] ] ] } },
{ "type": "Feature", "properties": { "cve": "2839379", "nombre": "AVISPA 90B, 1 AL 40", "solicitante": "Minera Joy East SpA", "region": "REGIÓN DE ANTOFAGASTA", "provincia": "Provincia de Tocopilla", "comuna": "María Elena", "superficie_ha": 200.0, "datum_original": "PSAD56", "huso": 19, "epsg_origen": 24879, "tipo_publicacion": "manifestacion", "fuente_pdf": "http://www.diariooficial.interior.gob.cl/publicaciones/2026/07/20/44503/07/2839379.pdf", "archivo": "gm_manifestacion_2839379.pdf", "fecha": "20-07-2026", "edicion": "44503" }, "geometry": { "type": "Polygon", "coordinates": [ [ [ -69.351458216313986, -22.365938494185539 ], [ -69.341745372100931, -22.365959286454785 ], [ -69.341789477866726, -22.384027154047402 ], [ -69.351503575560514, -22.384006343203193 ], [ -69.351458216313986, -22.365938494185539 ] ] ] } },
{ "type": "Feature", "properties": { "cve": "2839380", "nombre": "AVISPA 91B, 1 AL 40", "solicitante": "Minera Joy East SpA", "region": "REGIÓN DE ANTOFAGASTA", "provincia": "Provincia de Tocopilla", "comuna": "María Elena", "superficie_ha": 200.0, "datum_original": "PSAD56", "huso": 19, "epsg_origen": 24879, "tipo_publicacion": "manifestacion", "fuente_pdf": "http://www.diariooficial.interior.gob.cl/publicaciones/2026/07/20/44503/07/2839380.pdf", "archivo": "gm_manifestacion_2839380.pdf", "fecha": "20-07-2026", "edicion": "44503" }, "geometry": { "type": "Polygon", "coordinates": [ [ [ -69.341745372100931, -22.365959286454785 ], [ -69.332032516597408, -22.365979496085323 ], [ -69.332075368875962, -22.384047381732376 ], [ -69.341789477866726, -22.384027154047402 ], [ -69.341745372100931, -22.365959286454785 ] ] ] } },
{ "type": "Feature", "properties": { "cve": "2839381", "nombre": "AVISPA 92B, 1 AL 40", "solicitante": "Minera Joy East SpA", "region": "REGIÓN DE ANTOFAGASTA", "provincia": "Provincia de Tocopilla", "comuna": "María Elena", "superficie_ha": 200.0, "datum_original": "PSAD56", "huso": 19, "epsg_origen": 24879, "tipo_publicacion": "manifestacion", "fuente_pdf": "http://www.diariooficial.interior.gob.cl/publicaciones/2026/07/20/44503/07/2839381.pdf", "archivo": "gm_manifestacion_2839381.pdf", "fecha": "20-07-2026", "edicion": "44503" }, "geometry": { "type": "Polygon", "coordinates": [ [ [ -69.332032516597408, -22.365979496085323 ], [ -69.3223196501243, -22.365999123074403 ], [ -69.322361248909274, -22.384067026255405 ], [ -69.332075368875962, -22.384047381732376 ], [ -69.332032516597408, -22.365979496085323 ] ] ] } },
{ "type": "Feature", "properties": { "cve": "2839382", "nombre": "AVISPA 93B, 1 AL 40", "solicitante": "Minera Joy East SpA", "region": "REGIÓN DE ANTOFAGASTA", "provincia": "Provincia de Tocopilla", "comuna": "María Elena", "superficie_ha": 200.0, "datum_original": "PSAD56", "huso": 19, "epsg_origen": 24879, "tipo_publicacion": "manifestacion", "fuente_pdf": "http://www.diariooficial.interior.gob.cl/publicaciones/2026/07/20/44503/07/2839382.pdf", "archivo": "gm_manifestacion_2839382.pdf", "fecha": "20-07-2026", "edicion": "44503" }, "geometry": { "type": "Polygon", "coordinates": [ [ [ -69.3223196501243, -22.365999123074403 ], [ -69.3126067730025, -22.366018167419362 ], [ -69.312647118287742, -22.384086087613809 ], [ -69.322361248909274, -22.384067026255405 ], [ -69.3223196501243, -22.365999123074403 ] ] ] } },
{ "type": "Feature", "properties": { "cve": "2839383", "nombre": "AVISPA 94B, 1 AL 40", "solicitante": "Minera Joy East SpA", "region": "REGIÓN DE ANTOFAGASTA", "provincia": "Provincia de Tocopilla", "comuna": "María Elena", "superficie_ha": 200.0, "datum_original": "PSAD56", "huso": 19, "epsg_origen": 24879, "tipo_publicacion": "manifestacion", "fuente_pdf": "http://www.diariooficial.interior.gob.cl/publicaciones/2026/07/20/44503/07/2839383.pdf", "archivo": "gm_manifestacion_2839383.pdf", "fecha": "20-07-2026", "edicion": "44503" }, "geometry": { "type": "Polygon", "coordinates": [ [ [ -69.3126067730025, -22.366018167419362 ], [ -69.302893885552876, -22.366036629117641 ], [ -69.302932977332404, -22.384104565805011 ], [ -69.312647118287742, -22.384086087613809 ], [ -69.3126067730025, -22.366018167419362 ] ] ] } },
{ "type": "Feature", "properties": { "cve": "2839384", "nombre": "AVISPA 95B, 1 AL 40", "solicitante": "Minera Joy East SpA", "region": "REGIÓN DE ANTOFAGASTA", "provincia": "Provincia de Tocopilla", "comuna": "María Elena", "superficie_ha": 200.0, "datum_original": "PSAD56", "huso": 19, "epsg_origen": 24879, "tipo_publicacion": "manifestacion", "fuente_pdf": "http://www.diariooficial.interior.gob.cl/publicaciones/2026/07/20/44503/07/2839384.pdf", "archivo": "gm_manifestacion_2839384.pdf", "fecha": "20-07-2026", "edicion": "44503" }, "geometry": { "type": "Polygon", "coordinates": [ [ [ -69.302893885552876, -22.366036629117641 ], [ -69.293180988096324, -22.366054508166723 ], [ -69.293218826364324, -22.384122460826525 ], [ -69.302932977332404, -22.384104565805011 ], [ -69.302893885552876, -22.366036629117641 ] ] ] } },
{ "type": "Feature", "properties": { "cve": "2839363", "nombre": "AVISPA 9B, 1 AL 60", "solicitante": "Minera Joy East SpA", "region": "REGIÓN DE ANTOFAGASTA", "provincia": "Provincia de Tocopilla", "comuna": "María Elena", "superficie_ha": 300.0, "datum_original": "PSAD56", "huso": 19, "epsg_origen": 24879, "tipo_publicacion": "manifestacion", "fuente_pdf": "http://www.diariooficial.interior.gob.cl/publicaciones/2026/07/20/44503/07/2839363.pdf", "archivo": "gm_manifestacion_2839363.pdf", "fecha": "20-07-2026", "edicion": "44503" }, "geometry": { "type": "Polygon", "coordinates": [ [ [ -69.380388480271947, -22.289084058803876 ], [ -69.370680984750791, -22.289106513448342 ], [ -69.370752490209071, -22.316208473274294 ], [ -69.380461858226127, -22.316185988455334 ], [ -69.380388480271947, -22.289084058803876 ] ] ] } },
{ "type": "Feature", "properties": { "cve": "2839632", "nombre": "COBA II 3, 1 AL 30", "solicitante": "Compañía Minera San Lorenzo Limitada", "region": "REGIÓN DE ATACAMA", "provincia": "Provincia de Copiapó", "comuna": "Copiapó", "superficie_ha": 300.0, "datum_original": "PSAD56", "huso": 19, "epsg_origen": 24879, "tipo_publicacion": "manifestacion", "fuente_pdf": "http://www.diariooficial.interior.gob.cl/publicaciones/2026/07/20/44503/07/2839632.pdf", "archivo": "gm_manifestacion_2839632.pdf", "fecha": "20-07-2026", "edicion": "44503" }, "geometry": { "type": "Polygon", "coordinates": [ [ [ -70.954113808936157, -27.983163602970802 ], [ -70.923624202019809, -27.983593478110432 ], [ -70.923784386358889, -27.992615681263757 ], [ -70.954276528302245, -27.992185643490931 ], [ -70.954113808936157, -27.983163602970802 ] ] ] } },
{ "type": "Feature", "properties": { "cve": "2839713", "nombre": "ESCORPION BLANCO 1 1 AL 30", "solicitante": "Villar García Rodolfo Francisco", "region": "REGIÓN DE ATACAMA", "provincia": "Provincia de Copiapó", "comuna": null, "superficie_ha": 300.0, "datum_original": "WGS84", "huso": 19, "epsg_origen": 32719, "tipo_publicacion": "manifestacion", "fuente_pdf": "http://www.diariooficial.interior.gob.cl/publicaciones/2026/07/20/44503/07/2839713.pdf", "archivo": "gm_manifestacion_2839713.pdf", "fecha": "20-07-2026", "edicion": "44503" }, "geometry": { "type": "Polygon", "coordinates": [ [ [ -69.914953138622877, -27.955005505910655 ], [ -69.904788032673707, -27.95507270560568 ], [ -69.905013957850414, -27.982151330641127 ], [ -69.915181601163525, -27.982084054581513 ], [ -69.914953138622877, -27.955005505910655 ] ] ] } },
{ "type": "Feature", "properties": { "cve": "2839714", "nombre": "ESCORPION NEGRO 1 1 AL 30", "solicitante": "Villar García Rodolfo Francisco", "region": "REGIÓN DE ATACAMA", "provincia": "Provincia de Copiapó", "comuna": null, "superficie_ha": 300.0, "datum_original": "WGS84", "huso": 19, "epsg_origen": 32719, "tipo_publicacion": "manifestacion", "fuente_pdf": "http://www.diariooficial.interior.gob.cl/publicaciones/2026/07/20/44503/07/2839714.pdf", "archivo": "gm_manifestacion_2839714.pdf", "fecha": "20-07-2026", "edicion": "44503" }, "geometry": { "type": "Polygon", "coordinates": [ [ [ -69.925118209323315, -27.954937555673311 ], [ -69.914953138622877, -27.955005505910655 ], [ -69.915181601163525, -27.982084054581513 ], [ -69.92534920919033, -27.982016027126779 ], [ -69.925118209323315, -27.954937555673311 ] ] ] } },
{ "type": "Feature", "properties": { "cve": "2839715", "nombre": "IMPERIO 1 1/30", "solicitante": "Navea Dantagnan Carlos Enrique", "region": "REGIÓN DE ATACAMA", "provincia": "Provincia de Copiapó", "comuna": "Copiapó", "superficie_ha": 300.0, "datum_original": "WGS84", "huso": 19, "epsg_origen": 32719, "tipo_publicacion": "manifestacion", "fuente_pdf": "http://www.diariooficial.interior.gob.cl/publicaciones/2026/07/20/44503/07/2839715.pdf", "archivo": "gm_manifestacion_2839715.pdf", "fecha": "20-07-2026", "edicion": "44503" }, "geometry": { "type": "Polygon", "coordinates": [ [ [ -69.03018938827087, -26.820007243560905 ], [ -69.0, -26.820010463242511 ], [ -69.0, -26.829039283143562 ], [ -69.030191781176228, -26.829036062207287 ], [ -69.03018938827087, -26.820007243560905 ] ] ] } },
{ "type": "Feature", "properties": { "cve": "2839716", "nombre": "IMPERIO 2 1/30", "solicitante": "Navea Dantagnan Carlos Enrique", "region": "REGIÓN DE ATACAMA", "provincia": "Provincia de Copiapó", "comuna": "Copiapó", "superficie_ha": 300.0, "datum_original": "WGS84", "huso": 19, "epsg_origen": 32719, "tipo_publicacion": "manifestacion", "fuente_pdf": "http://www.diariooficial.interior.gob.cl/publicaciones/2026/07/20/44503/07/2839716.pdf", "archivo": "gm_manifestacion_2839716.pdf", "fecha": "20-07-2026", "edicion": "44503" }, "geometry": { "type": "Polygon", "coordinates": [ [ [ -69.020124664951581, -26.81098020140816 ], [ -68.98993766733679, -26.810981274217252 ], [ -68.989936870076448, -26.820010105500071 ], [ -69.02012625947215, -26.820009032272822 ], [ -69.020124664951581, -26.81098020140816 ] ] ] } },
{ "type": "Feature", "properties": { "cve": "2839717", "nombre": "IMPERIO 3 1/20", "solicitante": "Navea Dantagnan Carlos Enrique", "region": "REGIÓN DE ATACAMA", "provincia": "Provincia de Copiapó", "comuna": "Copiapó", "superficie_ha": 200.0, "datum_original": "WGS84", "huso": 19, "epsg_origen": 32719, "tipo_publicacion": "manifestacion", "fuente_pdf": "http://www.diariooficial.interior.gob.cl/publicaciones/2026/07/20/44503/07/2839717.pdf", "archivo": "gm_manifestacion_2839717.pdf", "fecha": "20-07-2026", "edicion": "44503" }, "geometry": { "type": "Polygon", "coordinates": [ [ [ -68.979873740527836, -26.820009032272822 ], [ -68.959747484055242, -26.820004739364574 ], [ -68.959744293515357, -26.829033557035096 ], [ -68.979872145257389, -26.829037851616246 ], [ -68.979873740527836, -26.820009032272822 ] ] ] } },
{ "type": "Feature", "properties": { "cve": "2839718", "nombre": "IMPERIO 4 1/30", "solicitante": "Navea Dantagnan Carlos Enrique", "region": "REGIÓN DE ATACAMA", "provincia": "Provincia de Copiapó", "comuna": "Copiapó", "superficie_ha": 300.0, "datum_original": "WGS84", "huso": 19, "epsg_origen": 32719, "tipo_publicacion": "manifestacion", "fuente_pdf": "http://www.diariooficial.interior.gob.cl/publicaciones/2026/07/20/44503/07/2839718.pdf", "archivo": "gm_manifestacion_2839718.pdf", "fecha": "20-07-2026", "edicion": "44503" }, "geometry": { "type": "Polygon", "coordinates": [ [ [ -68.984904108778949, -26.829038477909432 ], [ -68.954712331400316, -26.829032036037898 ], [ -68.954708740355557, -26.838060841591702 ], [ -68.984902911763442, -26.838067285972972 ], [ -68.984904108778949, -26.829038477909432 ] ] ] } },
{ "type": "Feature", "properties": { "cve": "2839719", "nombre": "IMPERIO 5 1/30", "solicitante": "Navea Dantagnan Carlos Enrique", "region": "REGIÓN DE ATACAMA", "provincia": "Provincia de Copiapó", "comuna": "Copiapó", "superficie_ha": 300.0, "datum_original": "WGS84", "huso": 19, "epsg_origen": 32719, "tipo_publicacion": "manifestacion", "fuente_pdf": "http://www.diariooficial.interior.gob.cl/publicaciones/2026/07/20/44503/07/2839719.pdf", "archivo": "gm_manifestacion_2839719.pdf", "fecha": "20-07-2026", "edicion": "44503" }, "geometry": { "type": "Polygon", "coordinates": [ [ [ -68.984901714185142, -26.847096082509996 ], [ -68.974836190934127, -26.84709464986723 ], [ -68.974830197412061, -26.874180968618873 ], [ -68.984898118071513, -26.874182402935574 ], [ -68.984901714185142, -26.847096082509996 ] ] ] } },
{ "type": "Feature", "properties": { "cve": "2839720", "nombre": "IMPERIO 6 1/30", "solicitante": "Navea Dantagnan Carlos Enrique", "region": "REGIÓN DE ATACAMA", "provincia": "Provincia de Copiapó", "comuna": "Copiapó", "superficie_ha": 300.0, "datum_original": "WGS84", "huso": 19, "epsg_origen": 32719, "tipo_publicacion": "manifestacion", "fuente_pdf": "http://www.diariooficial.interior.gob.cl/publicaciones/2026/07/20/44503/07/2839720.pdf", "archivo": "gm_manifestacion_2839720.pdf", "fecha": "20-07-2026", "edicion": "44503" }, "geometry": { "type": "Polygon", "coordinates": [ [ [ -68.974836190934127, -26.84709464986723 ], [ -68.964770668621426, -26.847092500903333 ], [ -68.964762277691889, -26.874178817144074 ], [ -68.974830197412061, -26.874180968618873 ], [ -68.974836190934127, -26.84709464986723 ] ] ] } },
{ "type": "Feature", "properties": { "cve": "2839721", "nombre": "IMPERIO 7 1/30", "solicitante": "Navea Dantagnan Carlos Enrique", "region": "REGIÓN DE ATACAMA", "provincia": "Provincia de Copiapó", "comuna": "Copiapó", "superficie_ha": 300.0, "datum_original": "WGS84", "huso": 19, "epsg_origen": 32719, "tipo_publicacion": "manifestacion", "fuente_pdf": "http://www.diariooficial.interior.gob.cl/publicaciones/2026/07/20/44503/07/2839721.pdf", "archivo": "gm_manifestacion_2839721.pdf", "fecha": "20-07-2026", "edicion": "44503" }, "geometry": { "type": "Polygon", "coordinates": [ [ [ -68.964770668621426, -26.847092500903333 ], [ -68.954705147622377, -26.847089635618616 ], [ -68.954694359286705, -26.874175948511489 ], [ -68.964762277691889, -26.874178817144074 ], [ -68.964770668621426, -26.847092500903333 ] ] ] } },
{ "type": "Feature", "properties": { "cve": "2839722", "nombre": "IMPERIO 8 1/30", "solicitante": "Navea Dantagnan Carlos Enrique", "region": "REGIÓN DE ATACAMA", "provincia": "Provincia de Copiapó", "comuna": "Copiapó", "superficie_ha": 300.0, "datum_original": "WGS84", "huso": 19, "epsg_origen": 32719, "tipo_publicacion": "manifestacion", "fuente_pdf": "http://www.diariooficial.interior.gob.cl/publicaciones/2026/07/20/44503/07/2839722.pdf", "archivo": "gm_manifestacion_2839722.pdf", "fecha": "20-07-2026", "edicion": "44503" }, "geometry": { "type": "Polygon", "coordinates": [ [ [ -68.979865756671586, -26.86515301372453 ], [ -68.949664398251727, -26.865145486493514 ], [ -68.94966040069464, -26.874174245261148 ], [ -68.979864157647867, -26.874181775421995 ], [ -68.979865756671586, -26.86515301372453 ] ] ] } },
{ "type": "Feature", "properties": { "cve": "2839723", "nombre": "IMPERIO 9 1/30", "solicitante": "Navea Dantagnan Carlos Enrique", "region": "REGIÓN DE ATACAMA", "provincia": "Provincia de Copiapó", "comuna": "Copiapó", "superficie_ha": 300.0, "datum_original": "WGS84", "huso": 19, "epsg_origen": 32719, "tipo_publicacion": "manifestacion", "fuente_pdf": "http://www.diariooficial.interior.gob.cl/publicaciones/2026/07/20/44503/07/2839723.pdf", "archivo": "gm_manifestacion_2839723.pdf", "fecha": "20-07-2026", "edicion": "44503" }, "geometry": { "type": "Polygon", "coordinates": [ [ [ -68.979864157647867, -26.874181775421995 ], [ -68.94966040069464, -26.874174245261148 ], [ -68.949656401258991, -26.883202992491196 ], [ -68.979862557872693, -26.883210525582335 ], [ -68.979864157647867, -26.874181775421995 ] ] ] } },
{ "type": "Feature", "properties": { "cve": "2839467", "nombre": "PASTENES OESTE 6 1-10", "solicitante": "Empresa Nacional de Minería Enami", "region": "REGIÓN DE ATACAMA", "provincia": "Provincia de Chañaral", "comuna": null, "superficie_ha": 100.0, "datum_original": "PSAD56", "huso": 19, "epsg_origen": 24879, "tipo_publicacion": "manifestacion", "fuente_pdf": "http://www.diariooficial.interior.gob.cl/publicaciones/2026/07/20/44503/07/2839467.pdf", "archivo": "gm_manifestacion_2839467.pdf", "fecha": "20-07-2026", "edicion": "44503" }, "geometry": { "type": "Polygon", "coordinates": [ [ [ -70.131155051540617, -26.024389948742066 ], [ -70.121162662688306, -26.024467804963948 ], [ -70.121248473024281, -26.033495911770725 ], [ -70.131241626267496, -26.03341802455877 ], [ -70.131155051540617, -26.024389948742066 ] ] ] } },
{ "type": "Feature", "properties": { "cve": "2839408", "nombre": "EL MILAGRO UNO del 1 al 20", "solicitante": "Pérez Arancibia Yan Carlos", "region": "REGIÓN DE COQUIMBO", "provincia": "Provincia de Elqui", "comuna": null, "superficie_ha": 98.0, "datum_original": "WGS84", "huso": 19, "epsg_origen": 32719, "tipo_publicacion": "manifestacion", "fuente_pdf": "http://www.diariooficial.interior.gob.cl/publicaciones/2026/07/20/44503/07/2839408.pdf", "archivo": "gm_manifestacion_2839408.pdf", "fecha": "20-07-2026", "edicion": "44503" }, "geometry": { "type": "Polygon", "coordinates": [ [ [ -70.650507635493625, -30.124223312462089 ], [ -70.643243756872238, -30.124314428493825 ], [ -70.643452992264429, -30.136943416506345 ], [ -70.650717794779112, -30.136852254437208 ], [ -70.650507635493625, -30.124223312462089 ] ] ] } },
{ "type": "Feature", "properties": { "cve": "2839203", "nombre": "LA AMMI 1 AL 5", "solicitante": "Zuloaga Muñoz César Alexis", "region": "REGIÓN DE COQUIMBO", "provincia": "Provincia de Choapa", "comuna": null, "superficie_ha": 25.0, "datum_original": "WGS84", "huso": 19, "epsg_origen": 32719, "tipo_publicacion": "manifestacion", "fuente_pdf": "http://www.diariooficial.interior.gob.cl/publicaciones/2026/07/20/44503/07/2839203.pdf", "archivo": "gm_manifestacion_2839203.pdf", "fecha": "20-07-2026", "edicion": "44503" }, "geometry": { "type": "Polygon", "coordinates": [ [ [ -70.964457994523528, -31.535284644663335 ], [ -70.953929936669994, -31.53544597606184 ], [ -70.953976903815814, -31.537700277652512 ], [ -70.964505214339425, -31.537538932090463 ], [ -70.964457994523528, -31.535284644663335 ] ] ] } },
{ "type": "Feature", "properties": { "cve": "2838862", "nombre": "LA COLLIGUAY 1 al 40", "solicitante": "Araya Araya Alfredo Antonio", "region": "REGIÓN DE COQUIMBO", "provincia": "Provincia de Choapa", "comuna": null, "superficie_ha": 400.0, "datum_original": "WGS84", "huso": 19, "epsg_origen": 32719, "tipo_publicacion": "manifestacion", "fuente_pdf": "http://www.diariooficial.interior.gob.cl/publicaciones/2026/07/20/44503/07/2838862.pdf", "archivo": "gm_manifestacion_2838862.pdf", "fecha": "20-07-2026", "edicion": "44503" }, "geometry": { "type": "Polygon", "coordinates": [ [ [ -71.222836964564038, -31.205879733159577 ], [ -71.201857535070388, -31.20624066904417 ], [ -71.202275660006705, -31.224273142010887 ], [ -71.2232590654571, -31.223911951093868 ], [ -71.222836964564038, -31.205879733159577 ] ] ] } },
{ "type": "Feature", "properties": { "cve": "2839202", "nombre": "LA GRACIA 1 al 12", "solicitante": "Zuloaga Muñoz César Alexis", "region": "REGIÓN DE COQUIMBO", "provincia": "Provincia de Choapa", "comuna": null, "superficie_ha": 120.0, "datum_original": "WGS84", "huso": 19, "epsg_origen": 32719, "tipo_publicacion": "manifestacion", "fuente_pdf": "http://www.diariooficial.interior.gob.cl/publicaciones/2026/07/20/44503/07/2839202.pdf", "archivo": "gm_manifestacion_2839202.pdf", "fecha": "20-07-2026", "edicion": "44503" }, "geometry": { "type": "Polygon", "coordinates": [ [ [ -70.962758218499857, -31.554703848427362 ], [ -70.956440079447603, -31.554800720363819 ], [ -70.956816731722299, -31.572835027350109 ], [ -70.963136085236343, -31.572738087389908 ], [ -70.962758218499857, -31.554703848427362 ] ] ] } },
{ "type": "Feature", "properties": { "cve": "2839204", "nombre": "LA SARAI 1 al 11.5", "solicitante": "Zuloaga Muñoz César Alexis", "region": "REGIÓN DE COQUIMBO", "provincia": "Provincia de Choapa", "comuna": null, "superficie_ha": 111.5, "datum_original": "WGS84", "huso": 19, "epsg_origen": 32719, "tipo_publicacion": "manifestacion", "fuente_pdf": "http://www.diariooficial.interior.gob.cl/publicaciones/2026/07/20/44503/07/2839204.pdf", "archivo": "gm_manifestacion_2839204.pdf", "fecha": "20-07-2026", "edicion": "44503" }, "geometry": { "type": "Polygon", "coordinates": [ [ [ -70.943803710234846, -31.554993528377413 ], [ -70.933273310227591, -31.555153248507267 ], [ -70.93348077000195, -31.565207519429286 ], [ -70.944012298297409, -31.565047736777284 ], [ -70.943803710234846, -31.554993528377413 ] ] ] } },
{ "type": "Feature", "properties": { "cve": "2838779", "nombre": "PACHA 29, 1 al 40", "solicitante": "Pachón Transportes y Servicios Limitada", "region": "REGIÓN DE COQUIMBO", "provincia": "Provincia de Choapa", "comuna": "Los Vilos", "superficie_ha": 200.0, "datum_original": "PSAD56", "huso": 19, "epsg_origen": 24879, "tipo_publicacion": "manifestacion", "fuente_pdf": "http://www.diariooficial.interior.gob.cl/publicaciones/2026/07/20/44503/07/2838779.pdf", "archivo": "gm_manifestacion_2838779.pdf", "fecha": "20-07-2026", "edicion": "44503" }, "geometry": { "type": "Polygon", "coordinates": [ [ [ -71.347272053447625, -31.81539893494578 ], [ -71.336715048313863, -31.815593275941836 ], [ -71.337169420324955, -31.833622259399419 ], [ -71.347728473671808, -31.833427782599895 ], [ -71.347272053447625, -31.81539893494578 ] ] ] } },
{ "type": "Feature", "properties": { "cve": "2838780", "nombre": "PACHA 34, 1 al 60", "solicitante": "Pachón Transportes y Servicios Limitada", "region": "REGIÓN DE COQUIMBO", "provincia": "Provincia de Choapa", "comuna": "Los Vilos", "superficie_ha": 300.0, "datum_original": "PSAD56", "huso": 19, "epsg_origen": 24879, "tipo_publicacion": "manifestacion", "fuente_pdf": "http://www.diariooficial.interior.gob.cl/publicaciones/2026/07/20/44503/07/2838780.pdf", "archivo": "gm_manifestacion_2838780.pdf", "fecha": "20-07-2026", "edicion": "44503" }, "geometry": { "type": "Polygon", "coordinates": [ [ [ -65.985503928411049, -31.850486011102106 ], [ -65.953839840501672, -31.849731052582548 ], [ -65.953543412942395, -31.858740000159202 ], [ -65.985210570701426, -31.859495222119019 ], [ -65.985503928411049, -31.850486011102106 ] ] ] } },
{ "type": "Feature", "properties": { "cve": "2838781", "nombre": "PACHA 35, 1 AL 60", "solicitante": "Pachón Transportes y Servicios Limitada", "region": "REGIÓN DE COQUIMBO", "provincia": "Provincia de Choapa", "comuna": "Los Vilos", "superficie_ha": 300.0, "datum_original": "PSAD56", "huso": 19, "epsg_origen": 24879, "tipo_publicacion": "manifestacion", "fuente_pdf": "http://www.diariooficial.interior.gob.cl/publicaciones/2026/07/20/44503/07/2838781.pdf", "archivo": "gm_manifestacion_2838781.pdf", "fecha": "20-07-2026", "edicion": "44503" }, "geometry": { "type": "Polygon", "coordinates": [ [ [ -71.454148907536691, -31.862982798371768 ], [ -71.422463795684351, -31.863590595085139 ], [ -71.422699700966035, -31.872604462822245 ], [ -71.454387890886437, -31.871996453961639 ], [ -71.454148907536691, -31.862982798371768 ] ] ] } },
{ "type": "Feature", "properties": { "cve": "2838782", "nombre": "PACHA 44, 1 AL 90", "solicitante": "Pachón Transportes y Servicios Limitada", "region": "REGIÓN DE COQUIMBO", "provincia": "Provincia de Choapa", "comuna": "Los Vilos", "superficie_ha": 90.0, "datum_original": "PSAD56", "huso": 19, "epsg_origen": 24879, "tipo_publicacion": "manifestacion", "fuente_pdf": "http://www.diariooficial.interior.gob.cl/publicaciones/2026/07/20/44503/07/2838782.pdf", "archivo": "gm_manifestacion_2838782.pdf", "fecha": "20-07-2026", "edicion": "44503" }, "geometry": { "type": "Polygon", "coordinates": [ [ [ -71.321872742886001, -31.855547281366889 ], [ -71.316591871767997, -31.855643615932003 ], [ -71.316997900685749, -31.871869833045945 ], [ -71.322279695356045, -31.871773437937936 ], [ -71.321872742886001, -31.855547281366889 ] ] ] } },
{ "type": "Feature", "properties": { "cve": "2838783", "nombre": "PACHA 45, 1 AL 40", "solicitante": "Pachón Transportes y Servicios Limitada", "region": "REGIÓN DE COQUIMBO", "provincia": "Provincia de Choapa", "comuna": "Los Vilos", "superficie_ha": 200.0, "datum_original": "PSAD56", "huso": 19, "epsg_origen": 24879, "tipo_publicacion": "manifestacion", "fuente_pdf": "http://www.diariooficial.interior.gob.cl/publicaciones/2026/07/20/44503/07/2838783.pdf", "archivo": "gm_manifestacion_2838783.pdf", "fecha": "20-07-2026", "edicion": "44503" }, "geometry": { "type": "Polygon", "coordinates": [ [ [ -71.316501687554506, -31.852037783606136 ], [ -71.305940279926858, -31.852229768991197 ], [ -71.306389310447599, -31.870259041783502 ], [ -71.316952770199094, -31.870066922324696 ], [ -71.316501687554506, -31.852037783606136 ] ] ] } },
{ "type": "Feature", "properties": { "cve": "2838618", "nombre": "MINERA NAHUELBUTA DEL 1 AL 4", "solicitante": "Hermosilla Navaro Gonzalo Casimiro", "region": "REGIÓN DEL BIOBÍO", "provincia": "Provincia de Arauco", "comuna": null, "superficie_ha": 40.0, "datum_original": "PSAD56", "huso": 18, "epsg_origen": 24878, "tipo_publicacion": "manifestacion", "fuente_pdf": "http://www.diariooficial.interior.gob.cl/publicaciones/2026/07/20/44503/07/2838618.pdf", "archivo": "gm_manifestacion_2838618.pdf", "fecha": "20-07-2026", "edicion": "44503" }, "geometry": { "type": "Polygon", "coordinates": [ [ [ -73.236583148118868, -37.507622739233263 ], [ -73.230928536915158, -37.507538169767884 ], [ -73.230758382115624, -37.514745630879254 ], [ -73.236413536509176, -37.514830222234636 ], [ -73.236583148118868, -37.507622739233263 ] ] ] } },
{ "type": "Feature", "properties": { "cve": "2839343", "nombre": "CAMAN 50 C, 1 al 200", "solicitante": "AR Caman SpA", "region": "REGIÓN DE LOS RÍOS", "provincia": "Provincia de Valdivia", "comuna": null, "superficie_ha": 200.0, "datum_original": "PSAD56", "huso": 18, "epsg_origen": 24878, "tipo_publicacion": "manifestacion", "fuente_pdf": "http://www.diariooficial.interior.gob.cl/publicaciones/2026/07/20/44503/07/2839343.pdf", "archivo": "gm_manifestacion_2839343.pdf", "fecha": "20-07-2026", "edicion": "44503" }, "geometry": { "type": "Polygon", "coordinates": [ [ [ -72.90704321858918, -39.941511167255676 ], [ -72.895346011049256, -39.941299344491249 ], [ -72.894793856037154, -39.95930683525166 ], [ -72.906494126855208, -39.959518792422458 ], [ -72.90704321858918, -39.941511167255676 ] ] ] } },
{ "type": "Feature", "properties": { "cve": "2839531", "nombre": "SOFIA OCTAVA 18 1/60", "solicitante": "Andex Minerals Chile SpA", "region": "REGIÓN DE ARICA Y PARINACOTA", "provincia": "Provincia de Arica", "comuna": null, "superficie_ha": 300.0, "datum_original": "PSAD56", "huso": 19, "epsg_origen": 24879, "tipo_publicacion": "mensura", "fuente_pdf": "http://www.diariooficial.interior.gob.cl/publicaciones/2026/07/20/44503/07/2839531.pdf", "archivo": "gm_mensura_2839531.pdf", "fecha": "20-07-2026", "edicion": "44503" }, "geometry": { "type": "Polygon", "coordinates": [ [ [ -69.220013064272763, -18.796959435148615 ], [ -69.210523406450733, -18.796970374417999 ], [ -69.210557134316446, -18.824083737114641 ], [ -69.220048312443282, -18.824072780911703 ], [ -69.220013064272763, -18.796959435148615 ] ] ] } },
{ "type": "Feature", "properties": { "cve": "2839532", "nombre": "SOFIA OCTAVA 22 1/40", "solicitante": "Andex Minerals Chile SpA", "region": "REGIÓN DE ARICA Y PARINACOTA", "provincia": "Provincia de Arica", "comuna": null, "superficie_ha": 200.0, "datum_original": "PSAD56", "huso": 19, "epsg_origen": 24879, "tipo_publicacion": "mensura", "fuente_pdf": "http://www.diariooficial.interior.gob.cl/publicaciones/2026/07/20/44503/07/2839532.pdf", "archivo": "gm_mensura_2839532.pdf", "fecha": "20-07-2026", "edicion": "44503" }, "geometry": { "type": "Polygon", "coordinates": [ [ [ -69.239017878114751, -18.815011658550176 ], [ -69.220036556356092, -18.815035007833373 ], [ -69.220048312443282, -18.824072780911703 ], [ -69.239030648311143, -18.824049419591763 ], [ -69.239017878114751, -18.815011658550176 ] ] ] } },
{ "type": "Feature", "properties": { "cve": "2839533", "nombre": "SOFIA OCTAVA 24 1/60", "solicitante": "Andex Minerals Chile SpA", "region": "REGIÓN DE ARICA Y PARINACOTA", "provincia": "Provincia de Arica", "comuna": null, "superficie_ha": 300.0, "datum_original": "PSAD56", "huso": 19, "epsg_origen": 24879, "tipo_publicacion": "mensura", "fuente_pdf": "http://www.diariooficial.interior.gob.cl/publicaciones/2026/07/20/44503/07/2839533.pdf", "archivo": "gm_mensura_2839533.pdf", "fecha": "20-07-2026", "edicion": "44503" }, "geometry": { "type": "Polygon", "coordinates": [ [ [ -69.234285066982707, -18.824055441035537 ], [ -69.224793899012639, -18.824067121695695 ], [ -69.224829968926841, -18.851180379082141 ], [ -69.234322659794685, -18.851168680363152 ], [ -69.234285066982707, -18.824055441035537 ] ] ] } },
{ "type": "Feature", "properties": { "cve": "2839522", "nombre": "SOFY 21 1/60", "solicitante": "Andex Minerals Chile SpA", "region": "REGIÓN DE ARICA Y PARINACOTA", "provincia": "Provincia de Arica", "comuna": null, "superficie_ha": 300.0, "datum_original": "PSAD56", "huso": 19, "epsg_origen": 24879, "tipo_publicacion": "mensura", "fuente_pdf": "http://www.diariooficial.interior.gob.cl/publicaciones/2026/07/20/44503/07/2839522.pdf", "archivo": "gm_mensura_2839522.pdf", "fecha": "20-07-2026", "edicion": "44503" }, "geometry": { "type": "Polygon", "coordinates": [ [ [ -69.314875640652872, -18.778748052519145 ], [ -69.286409915570331, -18.778793842941791 ], [ -69.2864251861415, -18.78783160491005 ], [ -69.31489242887811, -18.787785790843103 ], [ -69.314875640652872, -18.778748052519145 ] ] ] } },
{ "type": "Feature", "properties": { "cve": "2839523", "nombre": "SOFY 25 1/60", "solicitante": "Andex Minerals Chile SpA", "region": "REGIÓN DE ARICA Y PARINACOTA", "provincia": "Provincia de Arica", "comuna": null, "superficie_ha": 200.0, "datum_original": "PSAD56", "huso": 19, "epsg_origen": 24879, "tipo_publicacion": "mensura", "fuente_pdf": "http://www.diariooficial.interior.gob.cl/publicaciones/2026/07/20/44503/07/2839523.pdf", "archivo": "gm_mensura_2839523.pdf", "fecha": "20-07-2026", "edicion": "44503" }, "geometry": { "type": "Polygon", "coordinates": [ [ [ -69.2864251861415, -18.78783160491005 ], [ -69.267446980271274, -18.787859737800741 ], [ -69.26746124719817, -18.796897505451739 ], [ -69.286440465425912, -18.796869358040365 ], [ -69.2864251861415, -18.78783160491005 ] ] ] } },
{ "type": "Feature", "properties": { "cve": "2839524", "nombre": "SOFY 27 1/60", "solicitante": "Andex Minerals Chile SpA", "region": "REGIÓN DE ARICA Y PARINACOTA", "provincia": "Provincia de Arica", "comuna": null, "superficie_ha": 300.0, "datum_original": "PSAD56", "huso": 19, "epsg_origen": 24879, "tipo_publicacion": "mensura", "fuente_pdf": "http://www.diariooficial.interior.gob.cl/publicaciones/2026/07/20/44503/07/2839524.pdf", "archivo": "gm_mensura_2839524.pdf", "fecha": "20-07-2026", "edicion": "44503" }, "geometry": { "type": "Polygon", "coordinates": [ [ [ -69.324398794990486, -18.796807276670972 ], [ -69.2959300616115, -18.796854561013404 ], [ -69.295945856075534, -18.80589229766791 ], [ -69.32441610883383, -18.805844988929934 ], [ -69.324398794990486, -18.796807276670972 ] ] ] } },
{ "type": "Feature", "properties": { "cve": "2839525", "nombre": "SOFY 30 1/60", "solicitante": "Andex Minerals Chile SpA", "region": "REGIÓN DE ARICA Y PARINACOTA", "provincia": "Provincia de Arica", "comuna": null, "superficie_ha": 300.0, "datum_original": "PSAD56", "huso": 19, "epsg_origen": 24879, "tipo_publicacion": "mensura", "fuente_pdf": "http://www.diariooficial.interior.gob.cl/publicaciones/2026/07/20/44503/07/2839525.pdf", "archivo": "gm_mensura_2839525.pdf", "fecha": "20-07-2026", "edicion": "44503" }, "geometry": { "type": "Polygon", "coordinates": [ [ [ -69.314926034068392, -18.805861240966262 ], [ -69.28645575342567, -18.805907102329137 ], [ -69.286471050142907, -18.81494483777281 ], [ -69.314942851038182, -18.814898952758313 ], [ -69.314926034068392, -18.805861240966262 ] ] ] } },
{ "type": "Feature", "properties": { "cve": "2839526", "nombre": "SOFY 31 1/60", "solicitante": "Andex Minerals Chile SpA", "region": "REGIÓN DE ARICA Y PARINACOTA", "provincia": "Provincia de Arica", "comuna": null, "superficie_ha": 300.0, "datum_original": "PSAD56", "huso": 19, "epsg_origen": 24879, "tipo_publicacion": "mensura", "fuente_pdf": "http://www.diariooficial.interior.gob.cl/publicaciones/2026/07/20/44503/07/2839526.pdf", "archivo": "gm_mensura_2839526.pdf", "fecha": "20-07-2026", "edicion": "44503" }, "geometry": { "type": "Polygon", "coordinates": [ [ [ -69.28645575342567, -18.805907102329137 ], [ -69.257985394327804, -18.805948621531304 ], [ -69.257999170773218, -18.814986378387268 ], [ -69.286471050142907, -18.81494483777281 ], [ -69.28645575342567, -18.805907102329137 ] ] ] } },
{ "type": "Feature", "properties": { "cve": "2839527", "nombre": "SOFY 34 1/60", "solicitante": "Andex Minerals Chile SpA", "region": "REGIÓN DE ARICA Y PARINACOTA", "provincia": "Provincia de Arica", "comuna": null, "superficie_ha": 300.0, "datum_original": "PSAD56", "huso": 19, "epsg_origen": 24879, "tipo_publicacion": "mensura", "fuente_pdf": "http://www.diariooficial.interior.gob.cl/publicaciones/2026/07/20/44503/07/2839527.pdf", "archivo": "gm_mensura_2839527.pdf", "fecha": "20-07-2026", "edicion": "44503" }, "geometry": { "type": "Polygon", "coordinates": [ [ [ -69.286471050142907, -18.81494483777281 ], [ -69.257999170773218, -18.814986378387268 ], [ -69.258012955071692, -18.82402412639674 ], [ -69.286486355579797, -18.823982564367782 ], [ -69.286471050142907, -18.81494483777281 ] ] ] } },
{ "type": "Feature", "properties": { "cve": "2839528", "nombre": "SOFY 36 1/60", "solicitante": "Andex Minerals Chile SpA", "region": "REGIÓN DE ARICA Y PARINACOTA", "provincia": "Provincia de Arica", "comuna": null, "superficie_ha": 300.0, "datum_original": "PSAD56", "huso": 19, "epsg_origen": 24879, "tipo_publicacion": "mensura", "fuente_pdf": "http://www.diariooficial.interior.gob.cl/publicaciones/2026/07/20/44503/07/2839528.pdf", "archivo": "gm_mensura_2839528.pdf", "fecha": "20-07-2026", "edicion": "44503" }, "geometry": { "type": "Polygon", "coordinates": [ [ [ -69.305493076174528, -18.837508991554987 ], [ -69.310214129707134, -18.823944608991724 ], [ -69.300723026886288, -18.823960153360183 ], [ -69.300771279823351, -18.851073245368781 ], [ -69.310263905493855, -18.85105767696804 ], [ -69.305493076174528, -18.837508991554987 ] ] ] } },
{ "type": "Feature", "properties": { "cve": "2839529", "nombre": "SOFY 37 1/60", "solicitante": "Andex Minerals Chile SpA", "region": "REGIÓN DE ARICA Y PARINACOTA", "provincia": "Provincia de Arica", "comuna": null, "superficie_ha": 300.0, "datum_original": "PSAD56", "huso": 19, "epsg_origen": 24879, "tipo_publicacion": "mensura", "fuente_pdf": "http://www.diariooficial.interior.gob.cl/publicaciones/2026/07/20/44503/07/2839529.pdf", "archivo": "gm_mensura_2839529.pdf", "fecha": "20-07-2026", "edicion": "44503" }, "geometry": { "type": "Polygon", "coordinates": [ [ [ -69.296001207638724, -18.837524306273735 ], [ -69.300723026886288, -18.823960153360183 ], [ -69.291231914910497, -18.82397521477159 ], [ -69.291278644991138, -18.851088330065803 ], [ -69.300771279823351, -18.851073245368781 ], [ -69.296001207638724, -18.837524306273735 ] ] ] } },
{ "type": "Feature", "properties": { "cve": "2839530", "nombre": "SOFY 40 1/60", "solicitante": "Andex Minerals Chile SpA", "region": "REGIÓN DE ARICA Y PARINACOTA", "provincia": "Provincia de Arica", "comuna": null, "superficie_ha": 300.0, "datum_original": "PSAD56", "huso": 19, "epsg_origen": 24879, "tipo_publicacion": "mensura", "fuente_pdf": "http://www.diariooficial.interior.gob.cl/publicaciones/2026/07/20/44503/07/2839530.pdf", "archivo": "gm_mensura_2839530.pdf", "fecha": "20-07-2026", "edicion": "44503" }, "geometry": { "type": "Polygon", "coordinates": [ [ [ -69.272249664649877, -18.824003888715406 ], [ -69.262758526942918, -18.824017501244033 ], [ -69.262800688415837, -18.851130681915016 ], [ -69.272293348998247, -18.851117048340811 ], [ -69.272249664649877, -18.824003888715406 ] ] ] } },
{ "type": "Feature", "properties": { "cve": "2839491", "nombre": "SOFIA OCTAVA 10 1/60", "solicitante": "Andex Minerals Chile SpA", "region": "REGIÓN DE ARICA Y PARINACOTA", "provincia": "Provincia de Parinacota", "comuna": null, "superficie_ha": 300.0, "datum_original": "PSAD56", "huso": 19, "epsg_origen": 24879, "tipo_publicacion": "mensura", "fuente_pdf": "http://www.diariooficial.interior.gob.cl/publicaciones/2026/07/20/44503/07/2839491.pdf", "archivo": "gm_mensura_2839491.pdf", "fecha": "20-07-2026", "edicion": "44503" }, "geometry": { "type": "Polygon", "coordinates": [ [ [ -69.224808403031886, -18.742602468864277 ], [ -69.215321936543177, -18.742613620678178 ], [ -69.215233807110806, -18.769851531210353 ], [ -69.224721943918126, -18.769840368129518 ], [ -69.224808403031886, -18.742602468864277 ] ] ] } },
{ "type": "Feature", "properties": { "cve": "2839492", "nombre": "SOFIA OCTAVA 15 1/60", "solicitante": "Andex Minerals Chile SpA", "region": "REGIÓN DE ARICA Y PARINACOTA", "provincia": "Provincia de Parinacota", "comuna": null, "superficie_ha": 300.0, "datum_original": "PSAD56", "huso": 19, "epsg_origen": 24879, "tipo_publicacion": "mensura", "fuente_pdf": "http://www.diariooficial.interior.gob.cl/publicaciones/2026/07/20/44503/07/2839492.pdf", "archivo": "gm_mensura_2839492.pdf", "fecha": "20-07-2026", "edicion": "44503" }, "geometry": { "type": "Polygon", "coordinates": [ [ [ -69.210489736234805, -18.769856932195903 ], [ -69.201001589718445, -18.769867373056378 ], [ -69.20103374222343, -18.796980831460559 ], [ -69.210523406450733, -18.796970374417999 ], [ -69.210489736234805, -18.769856932195903 ] ] ] } },
{ "type": "Feature", "properties": { "cve": "2839493", "nombre": "SOFIA OCTAVA 19 1/60", "solicitante": "Andex Minerals Chile SpA", "region": "REGIÓN DE ARICA Y PARINACOTA", "provincia": "Provincia de Parinacota", "comuna": null, "superficie_ha": 300.0, "datum_original": "PSAD56", "huso": 19, "epsg_origen": 24879, "tipo_publicacion": "mensura", "fuente_pdf": "http://www.diariooficial.interior.gob.cl/publicaciones/2026/07/20/44503/07/2839493.pdf", "archivo": "gm_mensura_2839493.pdf", "fecha": "20-07-2026", "edicion": "44503" }, "geometry": { "type": "Polygon", "coordinates": [ [ [ -69.210523406450733, -18.796970374417999 ], [ -69.20103374222343, -18.796980831460559 ], [ -69.201065949779618, -18.824094210344271 ], [ -69.210557134316446, -18.824083737114641 ], [ -69.210523406450733, -18.796970374417999 ] ] ] } },
{ "type": "Feature", "properties": { "cve": "2839486", "nombre": "SOFY 10 1/60", "solicitante": "Andex Minerals Chile SpA", "region": "REGIÓN DE ARICA Y PARINACOTA", "provincia": "Provincia de Parinacota", "comuna": null, "superficie_ha": 300.0, "datum_original": "PSAD56", "huso": 19, "epsg_origen": 24879, "tipo_publicacion": "mensura", "fuente_pdf": "http://www.diariooficial.interior.gob.cl/publicaciones/2026/07/20/44503/07/2839486.pdf", "archivo": "gm_mensura_2839486.pdf", "fecha": "20-07-2026", "edicion": "44503" }, "geometry": { "type": "Polygon", "coordinates": [ [ [ -69.262754197785071, -18.742553054454373 ], [ -69.253267760353623, -18.742566129126811 ], [ -69.25318631218606, -18.769803990022666 ], [ -69.262674419928942, -18.769790901037585 ], [ -69.262754197785071, -18.742553054454373 ] ] ] } },
{ "type": "Feature", "properties": { "cve": "2839487", "nombre": "SOFY 12 1/60", "solicitante": "Andex Minerals Chile SpA", "region": "REGIÓN DE ARICA Y PARINACOTA", "provincia": "Provincia de Parinacota", "comuna": null, "superficie_ha": 300.0, "datum_original": "PSAD56", "huso": 19, "epsg_origen": 24879, "tipo_publicacion": "mensura", "fuente_pdf": "http://www.diariooficial.interior.gob.cl/publicaciones/2026/07/20/44503/07/2839487.pdf", "archivo": "gm_mensura_2839487.pdf", "fecha": "20-07-2026", "edicion": "44503" }, "geometry": { "type": "Polygon", "coordinates": [ [ [ -69.243781315225405, -18.742578723087028 ], [ -69.234294862688742, -18.742590836333381 ], [ -69.234210073892143, -18.769828723570257 ], [ -69.243698196744276, -18.769816597534113 ], [ -69.243781315225405, -18.742578723087028 ] ] ] } },
{ "type": "Feature", "properties": { "cve": "2839488", "nombre": "SOFY 13 1/60", "solicitante": "Andex Minerals Chile SpA", "region": "REGIÓN DE ARICA Y PARINACOTA", "provincia": "Provincia de Parinacota", "comuna": null, "superficie_ha": 300.0, "datum_original": "PSAD56", "huso": 19, "epsg_origen": 24879, "tipo_publicacion": "mensura", "fuente_pdf": "http://www.diariooficial.interior.gob.cl/publicaciones/2026/07/20/44503/07/2839488.pdf", "archivo": "gm_mensura_2839488.pdf", "fecha": "20-07-2026", "edicion": "44503" }, "geometry": { "type": "Polygon", "coordinates": [ [ [ -69.229569956756265, -18.756153253166886 ], [ -69.234294862688742, -18.742590836333381 ], [ -69.224808403031886, -18.742602468864277 ], [ -69.224721943918126, -18.769840368129518 ], [ -69.234210073892143, -18.769828723570257 ], [ -69.229569956756265, -18.756153253166886 ] ] ] } },
{ "type": "Feature", "properties": { "cve": "2839489", "nombre": "SOFY 15 1/60", "solicitante": "Andex Minerals Chile SpA", "region": "REGIÓN DE ARICA Y PARINACOTA", "provincia": "Provincia de Parinacota", "comuna": null, "superficie_ha": 300.0, "datum_original": "PSAD56", "huso": 19, "epsg_origen": 24879, "tipo_publicacion": "mensura", "fuente_pdf": "http://www.diariooficial.interior.gob.cl/publicaciones/2026/07/20/44503/07/2839489.pdf", "archivo": "gm_mensura_2839489.pdf", "fecha": "20-07-2026", "edicion": "44503" }, "geometry": { "type": "Polygon", "coordinates": [ [ [ -69.319706671203249, -18.760539757700691 ], [ -69.291244458477664, -18.76058624035381 ], [ -69.291138694079208, -18.769748745258021 ], [ -69.319602888553078, -18.76970225628143 ], [ -69.319706671203249, -18.760539757700691 ] ] ] } },
{ "type": "Feature", "properties": { "cve": "2839490", "nombre": "SOFY 19 1/60", "solicitante": "Andex Minerals Chile SpA", "region": "REGIÓN DE ARICA Y PARINACOTA", "provincia": "Provincia de Parinacota", "comuna": null, "superficie_ha": 300.0, "datum_original": "PSAD56", "huso": 19, "epsg_origen": 24879, "tipo_publicacion": "mensura", "fuente_pdf": "http://www.diariooficial.interior.gob.cl/publicaciones/2026/07/20/44503/07/2839490.pdf", "archivo": "gm_mensura_2839490.pdf", "fecha": "20-07-2026", "edicion": "44503" }, "geometry": { "type": "Polygon", "coordinates": [ [ [ -69.291138694079208, -18.769748745258021 ], [ -69.262674419928942, -18.769790901037585 ], [ -69.262688417784034, -18.778828689831894 ], [ -69.29115420873876, -18.778786512275794 ], [ -69.291138694079208, -18.769748745258021 ] ] ] } },
{ "type": "Feature", "properties": { "cve": "2839483", "nombre": "SOFY 6 1/40", "solicitante": "Andex Minerals Chile SpA", "region": "REGIÓN DE ARICA Y PARINACOTA", "provincia": "Provincia de Parinacota", "comuna": null, "superficie_ha": 200.0, "datum_original": "PSAD56", "huso": 19, "epsg_origen": 24879, "tipo_publicacion": "mensura", "fuente_pdf": "http://www.diariooficial.interior.gob.cl/publicaciones/2026/07/20/44503/07/2839483.pdf", "archivo": "gm_mensura_2839483.pdf", "fecha": "20-07-2026", "edicion": "44503" }, "geometry": { "type": "Polygon", "coordinates": [ [ [ -69.300699864777542, -18.742495948677824 ], [ -69.291213461016014, -18.742510946181294 ], [ -69.291244458477664, -18.76058624035381 ], [ -69.300731871958348, -18.760571227335692 ], [ -69.300699864777542, -18.742495948677824 ] ] ] } },
{ "type": "Feature", "properties": { "cve": "2839484", "nombre": "SOFY 7 1/40", "solicitante": "Andex Minerals Chile SpA", "region": "REGIÓN DE ARICA Y PARINACOTA", "provincia": "Provincia de Parinacota", "comuna": null, "superficie_ha": 200.0, "datum_original": "PSAD56", "huso": 19, "epsg_origen": 24879, "tipo_publicacion": "mensura", "fuente_pdf": "http://www.diariooficial.interior.gob.cl/publicaciones/2026/07/20/44503/07/2839484.pdf", "archivo": "gm_mensura_2839484.pdf", "fecha": "20-07-2026", "edicion": "44503" }, "geometry": { "type": "Polygon", "coordinates": [ [ [ -69.291213461016014, -18.742510946181294 ], [ -69.281727048404562, -18.742525462979813 ], [ -69.281757036142736, -18.760600772169688 ], [ -69.291244458477664, -18.76058624035381 ], [ -69.291213461016014, -18.742510946181294 ] ] ] } },
{ "type": "Feature", "properties": { "cve": "2839485", "nombre": "SOFY 9 1/40", "solicitante": "Andex Minerals Chile SpA", "region": "REGIÓN DE ARICA Y PARINACOTA", "provincia": "Provincia de Parinacota", "comuna": null, "superficie_ha": 200.0, "datum_original": "PSAD56", "huso": 19, "epsg_origen": 24879, "tipo_publicacion": "mensura", "fuente_pdf": "http://www.diariooficial.interior.gob.cl/publicaciones/2026/07/20/44503/07/2839485.pdf", "archivo": "gm_mensura_2839485.pdf", "fecha": "20-07-2026", "edicion": "44503" }, "geometry": { "type": "Polygon", "coordinates": [ [ [ -69.272240627231483, -18.742539499071452 ], [ -69.262754197785071, -18.742553054454373 ], [ -69.262782166063829, -18.760628392187151 ], [ -69.272269605241974, -18.760614822781424 ], [ -69.272240627231483, -18.742539499071452 ] ] ] } },
{ "type": "Feature", "properties": { "cve": "2839568", "nombre": "OFELIA E23 1 AL 300", "solicitante": "Compañía Minera Cerro Colorado Limitada", "region": "REGIÓN DE TARAPACÁ", "provincia": "Provincia del Tamarugal", "comuna": null, "superficie_ha": 300.0, "datum_original": "PSAD56", "huso": 19, "epsg_origen": 24879, "tipo_publicacion": "mensura", "fuente_pdf": "http://www.diariooficial.interior.gob.cl/publicaciones/2026/07/20/44503/07/2839568.pdf", "archivo": "gm_mensura_2839568.pdf", "fecha": "20-07-2026", "edicion": "44503" }, "geometry": { "type": "Polygon", "coordinates": [ [ [ -69.192977526882956, -20.017013377330709 ], [ -69.164295431279299, -20.017042304503793 ], [ -69.16430481647761, -20.026078900415758 ], [ -69.192988550491947, -20.026049959094038 ], [ -69.192977526882956, -20.017013377330709 ] ] ] } },
{ "type": "Feature", "properties": { "cve": "2839569", "nombre": "OFELIA E26 1 AL 300", "solicitante": "Compañía Minera Cerro Colorado Limitada", "region": "REGIÓN DE TARAPACÁ", "provincia": "Provincia del Tamarugal", "comuna": null, "superficie_ha": 300.0, "datum_original": "PSAD56", "huso": 19, "epsg_origen": 24879, "tipo_publicacion": "mensura", "fuente_pdf": "http://www.diariooficial.interior.gob.cl/publicaciones/2026/07/20/44503/07/2839569.pdf", "archivo": "gm_mensura_2839569.pdf", "fecha": "20-07-2026", "edicion": "44503" }, "geometry": { "type": "Polygon", "coordinates": [ [ [ -69.192988550491947, -20.026049959094038 ], [ -69.16430481647761, -20.026078900415758 ], [ -69.164314206811696, -20.035115487016323 ], [ -69.192999580133261, -20.035086531544394 ], [ -69.192988550491947, -20.026049959094038 ] ] ] } },
{ "type": "Feature", "properties": { "cve": "2839576", "nombre": "BLANCA 2 A, 1 AL 20", "solicitante": "Norte Abierto SpA", "region": "REGIÓN DE ATACAMA", "provincia": "Provincia de Copiapó", "comuna": null, "superficie_ha": 100.0, "datum_original": "PSAD56", "huso": 19, "epsg_origen": 24879, "tipo_publicacion": "mensura", "fuente_pdf": "http://www.diariooficial.interior.gob.cl/publicaciones/2026/07/20/44503/07/2839576.pdf", "archivo": "gm_mensura_2839576.pdf", "fecha": "20-07-2026", "edicion": "44503" }, "geometry": { "type": "Polygon", "coordinates": [ [ [ -68.760020236345142, -26.9712651264181 ], [ -68.749943777862498, -26.971247617517381 ], [ -68.74992383028443, -26.980276166429515 ], [ -68.760001092570889, -26.98029368212692 ], [ -68.760020236345142, -26.9712651264181 ] ] ] } },
{ "type": "Feature", "properties": { "cve": "2839577", "nombre": "BRASERO 7 ZC, 1 AL 24", "solicitante": "Norte Abierto SpA", "region": "REGIÓN DE ATACAMA", "provincia": "Provincia de Copiapó", "comuna": null, "superficie_ha": 120.0, "datum_original": "PSAD56", "huso": 19, "epsg_origen": 24879, "tipo_publicacion": "mensura", "fuente_pdf": "http://www.diariooficial.interior.gob.cl/publicaciones/2026/07/20/44503/07/2839577.pdf", "archivo": "gm_mensura_2839577.pdf", "fecha": "20-07-2026", "edicion": "44503" }, "geometry": { "type": "Polygon", "coordinates": [ [ [ -69.159085529030733, -26.852074389334753 ], [ -69.128887694542684, -26.852105131459137 ], [ -69.12889178553408, -26.855716639238636 ], [ -69.159090578514991, -26.85568589232625 ], [ -69.159085529030733, -26.852074389334753 ] ] ] } },
{ "type": "Feature", "properties": { "cve": "2839649", "nombre": "YANGLU GV 1 AL 24", "solicitante": "Zhaoxuan Lu", "region": "REGIÓN DE ATACAMA", "provincia": "Provincia de Copiapó", "comuna": null, "superficie_ha": 224.0, "datum_original": "PSAD56", "huso": 19, "epsg_origen": 24879, "tipo_publicacion": "mensura", "fuente_pdf": "http://www.diariooficial.interior.gob.cl/publicaciones/2026/07/20/44503/07/2839649.pdf", "archivo": "gm_mensura_2839649.pdf", "fecha": "20-07-2026", "edicion": "44503" }, "geometry": { "type": "Polygon", "coordinates": [ [ [ -69.887561787877004, -27.362737415751834 ], [ -69.871384887575672, -27.362839309581069 ], [ -69.871483860189073, -27.375477216223466 ], [ -69.88766259729347, -27.375375267571872 ], [ -69.887561787877004, -27.362737415751834 ] ] ] } },
{ "type": "Feature", "properties": { "cve": "2839196", "nombre": "MINA LA TITAN I  1 AL 15", "solicitante": "Gallardo y Soto Minería e Inversiones Limitada", "region": "REGIÓN DE ATACAMA", "provincia": "Provincia de Chañaral", "comuna": null, "superficie_ha": 75.0, "datum_original": "PSAD56", "huso": 19, "epsg_origen": 24879, "tipo_publicacion": "mensura", "fuente_pdf": "http://www.diariooficial.interior.gob.cl/publicaciones/2026/07/20/44503/07/2839196.pdf", "archivo": "gm_mensura_2839196.pdf", "fecha": "20-07-2026", "edicion": "44503" }, "geometry": { "type": "Polygon", "coordinates": [ [ [ -69.780249151514525, -26.618693936990571 ], [ -69.77522688749626, -26.618721389531427 ], [ -69.775196446940157, -26.614207255917943 ], [ -69.770174372904322, -26.614234525877926 ], [ -69.770234866827607, -26.623262800868432 ], [ -69.780279796453613, -26.623208062306563 ], [ -69.780249151514525, -26.618693936990571 ] ] ] } },
{ "type": "Feature", "properties": { "cve": "2839197", "nombre": "MINA LA TITAN II  1 AL 10", "solicitante": "Gallardo y Soto Minería e Inversiones Limitada", "region": "REGIÓN DE ATACAMA", "provincia": "Provincia de Chañaral", "comuna": null, "superficie_ha": 50.0, "datum_original": "PSAD56", "huso": 19, "epsg_origen": 24879, "tipo_publicacion": "mensura", "fuente_pdf": "http://www.diariooficial.interior.gob.cl/publicaciones/2026/07/20/44503/07/2839197.pdf", "archivo": "gm_mensura_2839197.pdf", "fecha": "20-07-2026", "edicion": "44503" }, "geometry": { "type": "Polygon", "coordinates": [ [ [ -69.770174372904322, -26.614234525877926 ], [ -69.765152291738602, -26.61426161863259 ], [ -69.765212391292863, -26.623289904237748 ], [ -69.770234866827607, -26.623262800868432 ], [ -69.770174372904322, -26.614234525877926 ] ] ] } },
{ "type": "Feature", "properties": { "cve": "2839198", "nombre": "MINA LA TITAN III 1 AL 4", "solicitante": "Gallardo y Soto Minería e Inversiones Limitada", "region": "REGIÓN DE ATACAMA", "provincia": "Provincia de Chañaral", "comuna": null, "superficie_ha": 18.0, "datum_original": "PSAD56", "huso": 19, "epsg_origen": 24879, "tipo_publicacion": "mensura", "fuente_pdf": "http://www.diariooficial.interior.gob.cl/publicaciones/2026/07/20/44503/07/2839198.pdf", "archivo": "gm_mensura_2839198.pdf", "fecha": "20-07-2026", "edicion": "44503" }, "geometry": { "type": "Polygon", "coordinates": [ [ [ -69.773248348727904, -26.623246453754906 ], [ -69.767221382359665, -26.623279084163048 ], [ -69.767245493237013, -26.626890393439616 ], [ -69.77126359819701, -26.626868664794422 ], [ -69.77124541993085, -26.624160185565017 ], [ -69.773254423357358, -26.624149279971235 ], [ -69.773248348727904, -26.623246453754906 ] ] ] } },
{ "type": "Feature", "properties": { "cve": "2838541", "nombre": "CHOQUITA 1 AL 7", "solicitante": "Dinamarca Aguirre Erasmo Hernán", "region": "REGIÓN DE COQUIMBO", "provincia": "Provincia de Elqui", "comuna": null, "superficie_ha": 38.0, "datum_original": "PSAD56", "huso": 19, "epsg_origen": 24879, "tipo_publicacion": "mensura", "fuente_pdf": "http://www.diariooficial.interior.gob.cl/publicaciones/2026/07/20/44503/07/2838541.pdf", "archivo": "gm_mensura_2838541.pdf", "fecha": "20-07-2026", "edicion": "44503" }, "geometry": { "type": "Polygon", "coordinates": [ [ [ -71.07613296285956, -30.077812567403988 ], [ -71.070948174141265, -30.077894381653614 ], [ -71.070966965178911, -30.078796237980015 ], [ -71.06889302494217, -30.078828907659961 ], [ -71.068949346804047, -30.081534479365786 ], [ -71.073097336592454, -30.081469100236816 ], [ -71.073172594639786, -30.085076517838093 ], [ -71.076283690768562, -30.085027390584521 ], [ -71.07613296285956, -30.077812567403988 ] ] ] } },
{ "type": "Feature", "properties": { "cve": "2838365", "nombre": "RAFI 1 AL 6", "solicitante": "Rojas Lobos Ricardo Vicente", "region": "REGIÓN DE COQUIMBO", "provincia": "Provincia de Elqui", "comuna": null, "superficie_ha": 6.0, "datum_original": "PSAD56", "huso": 19, "epsg_origen": 24879, "tipo_publicacion": "mensura", "fuente_pdf": "http://www.diariooficial.interior.gob.cl/publicaciones/2026/07/20/44503/07/2838365.pdf", "archivo": "gm_mensura_2838365.pdf", "fecha": "20-07-2026", "edicion": "44503" }, "geometry": { "type": "Polygon", "coordinates": [ [ [ -71.114112301756776, -29.3037537472566 ], [ -71.11308328698145, -29.303770037350723 ], [ -71.112587355920667, -29.304680117946432 ], [ -71.112624511753367, -29.306483994582287 ], [ -71.112758287299897, -29.306481877599545 ], [ -71.113805918882136, -29.30736752608404 ], [ -71.113787329486556, -29.30646558864203 ], [ -71.114682595498991, -29.306451410806464 ], [ -71.114130891949799, -29.304655684878139 ], [ -71.114112301756776, -29.3037537472566 ] ] ] } },
{ "type": "Feature", "properties": { "cve": "2838540", "nombre": "TAPADO 2 1 AL 6", "solicitante": "Dinamarca Aguirre Erasmo Hernán", "region": "REGIÓN DE COQUIMBO", "provincia": "Provincia de Elqui", "comuna": null, "superficie_ha": 30.0, "datum_original": "PSAD56", "huso": 19, "epsg_origen": 24879, "tipo_publicacion": "mensura", "fuente_pdf": "http://www.diariooficial.interior.gob.cl/publicaciones/2026/07/20/44503/07/2838540.pdf", "archivo": "gm_mensura_2838540.pdf", "fecha": "20-07-2026", "edicion": "44503" }, "geometry": { "type": "Polygon", "coordinates": [ [ [ -71.074181963666391, -30.068821855946009 ], [ -71.068997637215645, -30.068903571221643 ], [ -71.06911024935232, -30.074314721291195 ], [ -71.074294857484801, -30.074232988305731 ], [ -71.074181963666391, -30.068821855946009 ] ] ] } },
{ "type": "Feature", "properties": { "cve": "2838788", "nombre": "ANTONELLA 1/3", "solicitante": "Astudillo Flores Jorge Sandrino", "region": "REGIÓN DE COQUIMBO", "provincia": "Provincia de Choapa", "comuna": null, "superficie_ha": 15.0, "datum_original": "PSAD56", "huso": 19, "epsg_origen": 24879, "tipo_publicacion": "mensura", "fuente_pdf": "http://www.diariooficial.interior.gob.cl/publicaciones/2026/07/20/44503/07/2838788.pdf", "archivo": "gm_mensura_2838788.pdf", "fecha": "20-07-2026", "edicion": "44503" }, "geometry": { "type": "Polygon", "coordinates": [ [ [ -71.420722325881584, -31.429376744274311 ], [ -71.415465861624753, -31.429475984395033 ], [ -71.415535232562789, -31.432180345591679 ], [ -71.420791847423516, -31.432081094998697 ], [ -71.420722325881584, -31.429376744274311 ] ] ] } },
{ "type": "Feature", "properties": { "cve": "2839500", "nombre": "GOLDEN MINE 1/20", "solicitante": "Infante Calvo Mario", "region": "REGIÓN DE COQUIMBO", "provincia": "Provincia de Choapa", "comuna": "La Serena", "superficie_ha": 100.0, "datum_original": "PSAD56", "huso": 19, "epsg_origen": 24879, "tipo_publicacion": "mensura", "fuente_pdf": "http://www.diariooficial.interior.gob.cl/publicaciones/2026/07/20/44503/07/2839500.pdf", "archivo": "gm_mensura_2839500.pdf", "fecha": "20-07-2026", "edicion": "44503" }, "geometry": { "type": "Polygon", "coordinates": [ [ [ -70.59673117610798, -32.105997271356685 ], [ -70.601949960665721, -32.101421322554685 ], [ -70.591355437778233, -32.101554892507032 ], [ -70.591511871359515, -32.110573018542496 ], [ -70.602107434628579, -32.110439402137146 ], [ -70.59673117610798, -32.105997271356685 ] ] ] } },
{ "type": "Feature", "properties": { "cve": "2839571", "nombre": "SOLANGE DEL 1 AL 10", "solicitante": "Mena Díaz Juan Ramón", "region": "REGIÓN DE VALPARAÍSO", "provincia": "Provincia de Petorca", "comuna": null, "superficie_ha": 50.0, "datum_original": "PSAD56", "huso": 19, "epsg_origen": 24879, "tipo_publicacion": "mensura", "fuente_pdf": "http://www.diariooficial.interior.gob.cl/publicaciones/2026/07/20/44503/07/2839571.pdf", "archivo": "gm_mensura_2839571.pdf", "fecha": "20-07-2026", "edicion": "44503" }, "geometry": { "type": "Polygon", "coordinates": [ [ [ -70.911738671571214, -32.509060608594083 ], [ -70.901098378116146, -32.509221878045985 ], [ -70.901193284864704, -32.513729903530894 ], [ -70.911834108718608, -32.513568606234472 ], [ -70.911738671571214, -32.509060608594083 ] ] ] } },
{ "type": "Feature", "properties": { "cve": "2839585", "nombre": "PARIS 1", "solicitante": "Pérez Vargas Miguel Ángel y otra", "region": "REGIÓN DE TARAPACÁ", "provincia": "Provincia del Tamarugal", "comuna": null, "superficie_ha": 300.0, "datum_original": "PSAD56", "huso": 19, "epsg_origen": 24879, "tipo_publicacion": "pedimento", "fuente_pdf": "http://www.diariooficial.interior.gob.cl/publicaciones/2026/07/20/44503/07/2839585.pdf", "archivo": "gm_pedimento_2839585.pdf", "fecha": "20-07-2026", "edicion": "44503" }, "geometry": { "type": "Polygon", "coordinates": [ [ [ -68.925495695690969, -19.547185476155828 ], [ -68.91596294501133, -19.547181293576653 ], [ -68.915948901491234, -19.574292574092738 ], [ -68.925483245194997, -19.574296762933976 ], [ -68.925495695690969, -19.547185476155828 ] ] ] } },
{ "type": "Feature", "properties": { "cve": "2839586", "nombre": "PARIS 4", "solicitante": "Pérez Vargas Miguel Ángel y otra", "region": "REGIÓN DE TARAPACÁ", "provincia": "Provincia del Tamarugal", "comuna": null, "superficie_ha": 300.0, "datum_original": "PSAD56", "huso": 19, "epsg_origen": 24879, "tipo_publicacion": "pedimento", "fuente_pdf": "http://www.diariooficial.interior.gob.cl/publicaciones/2026/07/20/44503/07/2839586.pdf", "archivo": "gm_pedimento_2839586.pdf", "fecha": "20-07-2026", "edicion": "44503" }, "geometry": { "type": "Polygon", "coordinates": [ [ [ -68.896897451744323, -19.547171419480428 ], [ -68.887364709746549, -19.547165727964686 ], [ -68.887345887166958, -19.57427698517629 ], [ -68.89688022218219, -19.574282685213241 ], [ -68.896897451744323, -19.547171419480428 ] ] ] } },
{ "type": "Feature", "properties": { "cve": "2839587", "nombre": "PARIS 5", "solicitante": "Pérez Vargas Miguel Ángel y otra", "region": "REGIÓN DE TARAPACÁ", "provincia": "Provincia del Tamarugal", "comuna": null, "superficie_ha": 200.0, "datum_original": "PSAD56", "huso": 19, "epsg_origen": 24879, "tipo_publicacion": "pedimento", "fuente_pdf": "http://www.diariooficial.interior.gob.cl/publicaciones/2026/07/20/44503/07/2839587.pdf", "archivo": "gm_pedimento_2839587.pdf", "fecha": "20-07-2026", "edicion": "44503" }, "geometry": { "type": "Polygon", "coordinates": [ [ [ -68.90641456038864, -19.574287881518952 ], [ -68.887345887166958, -19.57427698517629 ], [ -68.88733960600301, -19.583314052646916 ], [ -68.906409342417035, -19.583324954420537 ], [ -68.90641456038864, -19.574287881518952 ] ] ] } },
{ "type": "Feature", "properties": { "cve": "2839588", "nombre": "PARIS 6", "solicitante": "Pérez Vargas Miguel Ángel y otra", "region": "REGIÓN DE TARAPACÁ", "provincia": "Provincia del Tamarugal", "comuna": null, "superficie_ha": 200.0, "datum_original": "PSAD56", "huso": 19, "epsg_origen": 24879, "tipo_publicacion": "pedimento", "fuente_pdf": "http://www.diariooficial.interior.gob.cl/publicaciones/2026/07/20/44503/07/2839588.pdf", "archivo": "gm_pedimento_2839588.pdf", "fecha": "20-07-2026", "edicion": "44503" }, "geometry": { "type": "Polygon", "coordinates": [ [ [ -68.925483245194997, -19.574296762933976 ], [ -68.90641456038864, -19.574287881518952 ], [ -68.906409342417035, -19.583324954420537 ], [ -68.925479090418747, -19.583333840262238 ], [ -68.925483245194997, -19.574296762933976 ] ] ] } },
{ "type": "Feature", "properties": { "cve": "2839566", "nombre": "CALETA DELTA", "solicitante": "Ovalle Barros Francisco", "region": "REGIÓN DE ANTOFAGASTA", "provincia": "Provincia de Antofagasta", "comuna": null, "superficie_ha": 100.0, "datum_original": "PSAD56", "huso": 19, "epsg_origen": 24879, "tipo_publicacion": "pedimento", "fuente_pdf": "http://www.diariooficial.interior.gob.cl/publicaciones/2026/07/20/44503/07/2839566.pdf", "archivo": "gm_pedimento_2839566.pdf", "fecha": "20-07-2026", "edicion": "44503" }, "geometry": { "type": "Polygon", "coordinates": [ [ [ -70.468412219730979, -24.156835305563977 ], [ -70.458571785567941, -24.156929693947241 ], [ -70.458674335491722, -24.165958776402263 ], [ -70.468515460916421, -24.165864348326608 ], [ -70.468412219730979, -24.156835305563977 ] ] ] } },
{ "type": "Feature", "properties": { "cve": "2839122", "nombre": "EL EDÉN ALTOS JARDINES DEL SUR", "solicitante": "Peralta Olivo René Arturo", "region": "REGIÓN DE ANTOFAGASTA", "provincia": "Provincia de Antofagasta", "comuna": "Antofagasta", "superficie_ha": 300.0, "datum_original": "PSAD56", "huso": 19, "epsg_origen": 24879, "tipo_publicacion": "pedimento", "fuente_pdf": "http://www.diariooficial.interior.gob.cl/publicaciones/2026/07/20/44503/07/2839122.pdf", "archivo": "gm_pedimento_2839122.pdf", "fecha": "20-07-2026", "edicion": "44503" }, "geometry": { "type": "Polygon", "coordinates": [ [ [ -70.420263050093197, -23.805106830602735 ], [ -70.410449089457586, -23.805196867903899 ], [ -70.410741862752175, -23.832285906586748 ], [ -70.420557858852092, -23.832195754400399 ], [ -70.420263050093197, -23.805106830602735 ] ] ] } },
{ "type": "Feature", "properties": { "cve": "2839300", "nombre": "MARTINA 1 AL 20", "solicitante": "K2 SpA y otros", "region": "REGIÓN DE ANTOFAGASTA", "provincia": "Provincia de Antofagasta", "comuna": "Antofagasta", "superficie_ha": 200.0, "datum_original": "PSAD56", "huso": 19, "epsg_origen": 24879, "tipo_publicacion": "pedimento", "fuente_pdf": "http://www.diariooficial.interior.gob.cl/publicaciones/2026/07/20/44503/07/2839300.pdf", "archivo": "gm_pedimento_2839300.pdf", "fecha": "20-07-2026", "edicion": "44503" }, "geometry": { "type": "Polygon", "coordinates": [ [ [ -70.296987837368064, -23.34650797391852 ], [ -70.287207399729581, -23.346588682154376 ], [ -70.28738164358812, -23.36465004611647 ], [ -70.297163404261994, -23.364569268188621 ], [ -70.296987837368064, -23.34650797391852 ] ] ] } },
{ "type": "Feature", "properties": { "cve": "2839499", "nombre": "PIPO I", "solicitante": "Aguirre Rodríguez Francisco Javier", "region": "REGIÓN DE ATACAMA", "provincia": "Provincia de Copiapó", "comuna": "Copiapo", "superficie_ha": 200.0, "datum_original": "PSAD56", "huso": 19, "epsg_origen": 24879, "tipo_publicacion": "pedimento", "fuente_pdf": "http://www.diariooficial.interior.gob.cl/publicaciones/2026/07/20/44503/07/2839499.pdf", "archivo": "gm_pedimento_2839499.pdf", "fecha": "20-07-2026", "edicion": "44503" }, "geometry": { "type": "Polygon", "coordinates": [ [ [ -69.885150888269109, -27.177235041883172 ], [ -69.864963273514746, -27.177360979487293 ], [ -69.865032885825983, -27.186388314718307 ], [ -69.885222124769953, -27.186262328489544 ], [ -69.885150888269109, -27.177235041883172 ] ] ] } },
{ "type": "Feature", "properties": { "cve": "2839755", "nombre": "JUNCALITO 1", "solicitante": "Villar García Rodolfo Francisco", "region": "REGIÓN DE ATACAMA", "provincia": "Provincia de Chañaral", "comuna": "DIEGO DE ALMAGRO", "superficie_ha": 300.0, "datum_original": "WGS84", "huso": 19, "epsg_origen": 32719, "tipo_publicacion": "pedimento", "fuente_pdf": "http://www.diariooficial.interior.gob.cl/publicaciones/2026/07/20/44503/07/2839755.pdf", "archivo": "gm_pedimento_2839755.pdf", "fecha": "20-07-2026", "edicion": "44503" }, "geometry": { "type": "Polygon", "coordinates": [ [ [ -68.819766936591108, -26.501813020281425 ], [ -68.809731731294448, -26.501799993353274 ], [ -68.809687088103416, -26.52888748202027 ], [ -68.81972464795723, -26.528900524308305 ], [ -68.819766936591108, -26.501813020281425 ] ] ] } },
{ "type": "Feature", "properties": { "cve": "2839756", "nombre": "JUNCALITO 2", "solicitante": "Villar García Rodolfo Francisco", "region": "REGIÓN DE ATACAMA", "provincia": "Provincia de Chañaral", "comuna": null, "superficie_ha": 300.0, "datum_original": "WGS84", "huso": 19, "epsg_origen": 32719, "tipo_publicacion": "pedimento", "fuente_pdf": "http://www.diariooficial.interior.gob.cl/publicaciones/2026/07/20/44503/07/2839756.pdf", "archivo": "gm_pedimento_2839756.pdf", "fecha": "20-07-2026", "edicion": "44503" }, "geometry": { "type": "Polygon", "coordinates": [ [ [ -68.809724295154496, -26.506314581946327 ], [ -68.779617546315507, -26.506271258628285 ], [ -68.779600314779913, -26.515300410214461 ], [ -68.80970941760522, -26.515343750555171 ], [ -68.809724295154496, -26.506314581946327 ] ] ] } },
{ "type": "Feature", "properties": { "cve": "2839757", "nombre": "JUNCALITO 3", "solicitante": "Villar García Rodolfo Francisco", "region": "REGIÓN DE ATACAMA", "provincia": "Provincia de Chañaral", "comuna": null, "superficie_ha": 300.0, "datum_original": "WGS84", "huso": 19, "epsg_origen": 32719, "tipo_publicacion": "pedimento", "fuente_pdf": "http://www.diariooficial.interior.gob.cl/publicaciones/2026/07/20/44503/07/2839757.pdf", "archivo": "gm_pedimento_2839757.pdf", "fecha": "20-07-2026", "edicion": "44503" }, "geometry": { "type": "Polygon", "coordinates": [ [ [ -68.80970941760522, -26.515343750555171 ], [ -68.779600314779913, -26.515300410214461 ], [ -68.77958307510454, -26.524329550359464 ], [ -68.809694533028136, -26.524372907725446 ], [ -68.80970941760522, -26.515343750555171 ] ] ] } },
{ "type": "Feature", "properties": { "cve": "2839758", "nombre": "JUNCALITO 4", "solicitante": "Villar García Rodolfo Francisco", "region": "REGIÓN DE ATACAMA", "provincia": "Provincia de Chañaral", "comuna": null, "superficie_ha": 300.0, "datum_original": "WGS84", "huso": 19, "epsg_origen": 32719, "tipo_publicacion": "pedimento", "fuente_pdf": "http://www.diariooficial.interior.gob.cl/publicaciones/2026/07/20/44503/07/2839758.pdf", "archivo": "gm_pedimento_2839758.pdf", "fecha": "20-07-2026", "edicion": "44503" }, "geometry": { "type": "Polygon", "coordinates": [ [ [ -68.809694533028136, -26.524372907725446 ], [ -68.77958307510454, -26.524329550359464 ], [ -68.779565827286675, -26.533358679060594 ], [ -68.809679641420871, -26.533402053454441 ], [ -68.809694533028136, -26.524372907725446 ] ] ] } },
{ "type": "Feature", "properties": { "cve": "2839759", "nombre": "JUNCALITO 5", "solicitante": "Villar García Rodolfo Francisco", "region": "REGIÓN DE ATACAMA", "provincia": "Provincia de Chañaral", "comuna": null, "superficie_ha": 300.0, "datum_original": "WGS84", "huso": 19, "epsg_origen": 32719, "tipo_publicacion": "pedimento", "fuente_pdf": "http://www.diariooficial.interior.gob.cl/publicaciones/2026/07/20/44503/07/2839759.pdf", "archivo": "gm_pedimento_2839759.pdf", "fecha": "20-07-2026", "edicion": "44503" }, "geometry": { "type": "Polygon", "coordinates": [ [ [ -68.77958307510454, -26.524329550359464 ], [ -68.749471690463579, -26.52427983576241 ], [ -68.749452086459883, -26.533308944939002 ], [ -68.779565827286675, -26.533358679060594 ], [ -68.77958307510454, -26.524329550359464 ] ] ] } },
{ "type": "Feature", "properties": { "cve": "2839760", "nombre": "JUNCALITO 6", "solicitante": "Villar García Rodolfo Francisco", "region": "REGIÓN DE ATACAMA", "provincia": "Provincia de Chañaral", "comuna": null, "superficie_ha": 300.0, "datum_original": "WGS84", "huso": 19, "epsg_origen": 32719, "tipo_publicacion": "pedimento", "fuente_pdf": "http://www.diariooficial.interior.gob.cl/publicaciones/2026/07/20/44503/07/2839760.pdf", "archivo": "gm_pedimento_2839760.pdf", "fecha": "20-07-2026", "edicion": "44503" }, "geometry": { "type": "Polygon", "coordinates": [ [ [ -68.792113241508403, -26.533377524611627 ], [ -68.761999468919839, -26.533330440369383 ], [ -68.761980837862666, -26.54235954653636 ], [ -68.792096967760472, -26.542406649265672 ], [ -68.792113241508403, -26.533377524611627 ] ] ] } },
{ "type": "Feature", "properties": { "cve": "2839761", "nombre": "JUNCALITO 7", "solicitante": "Villar García Rodolfo Francisco", "region": "REGIÓN DE ATACAMA", "provincia": "Provincia de Chañaral", "comuna": null, "superficie_ha": 200.0, "datum_original": "WGS84", "huso": 19, "epsg_origen": 32719, "tipo_publicacion": "pedimento", "fuente_pdf": "http://www.diariooficial.interior.gob.cl/publicaciones/2026/07/20/44503/07/2839761.pdf", "archivo": "gm_pedimento_2839761.pdf", "fecha": "20-07-2026", "edicion": "44503" }, "geometry": { "type": "Polygon", "coordinates": [ [ [ -68.782058249615602, -26.542391655269643 ], [ -68.761980837862666, -26.54235954653636 ], [ -68.761962198008163, -26.551388641252387 ], [ -68.78204118203989, -26.551420762589753 ], [ -68.782058249615602, -26.542391655269643 ] ] ] } },
{ "type": "Feature", "properties": { "cve": "2839762", "nombre": "JUNCALITO 8", "solicitante": "Villar García Rodolfo Francisco", "region": "REGIÓN DE ATACAMA", "provincia": "Provincia de Chañaral", "comuna": null, "superficie_ha": 200.0, "datum_original": "WGS84", "huso": 19, "epsg_origen": 32719, "tipo_publicacion": "pedimento", "fuente_pdf": "http://www.diariooficial.interior.gob.cl/publicaciones/2026/07/20/44503/07/2839762.pdf", "archivo": "gm_pedimento_2839762.pdf", "fecha": "20-07-2026", "edicion": "44503" }, "geometry": { "type": "Polygon", "coordinates": [ [ [ -68.761999468919839, -26.533330440369383 ], [ -68.751961561817808, -26.53331333235392 ], [ -68.751922719007169, -26.551371519801378 ], [ -68.761962198008163, -26.551388641252387 ], [ -68.761999468919839, -26.533330440369383 ] ] ] } },
{ "type": "Feature", "properties": { "cve": "2839441", "nombre": "Caohiri 1", "solicitante": "Geostein SpA", "region": "REGIÓN DE ATACAMA", "provincia": "Provincia de Huasco", "comuna": null, "superficie_ha": 300.0, "datum_original": "PSAD56", "huso": 19, "epsg_origen": 24879, "tipo_publicacion": "pedimento", "fuente_pdf": "http://www.diariooficial.interior.gob.cl/publicaciones/2026/07/20/44503/07/2839441.pdf", "archivo": "gm_pedimento_2839441.pdf", "fecha": "20-07-2026", "edicion": "44503" }, "geometry": { "type": "Polygon", "coordinates": [ [ [ -71.110830416920919, -28.689188976074604 ], [ -71.080141568695112, -28.689664251777867 ], [ -71.080319960704642, -28.698684649004367 ], [ -71.111011436062199, -28.698209196445141 ], [ -71.110830416920919, -28.689188976074604 ] ] ] } },
{ "type": "Feature", "properties": { "cve": "2839442", "nombre": "Caohiri 2", "solicitante": "Geostein SpA", "region": "REGIÓN DE ATACAMA", "provincia": "Provincia de Huasco", "comuna": null, "superficie_ha": 300.0, "datum_original": "PSAD56", "huso": 19, "epsg_origen": 24879, "tipo_publicacion": "pedimento", "fuente_pdf": "http://www.diariooficial.interior.gob.cl/publicaciones/2026/07/20/44503/07/2839442.pdf", "archivo": "gm_pedimento_2839442.pdf", "fecha": "20-07-2026", "edicion": "44503" }, "geometry": { "type": "Polygon", "coordinates": [ [ [ -71.111011436062199, -28.698209196445141 ], [ -71.080319960704642, -28.698684649004367 ], [ -71.08049843463003, -28.70770503308869 ], [ -71.111192538324488, -28.707229403643932 ], [ -71.111011436062199, -28.698209196445141 ] ] ] } },
{ "type": "Feature", "properties": { "cve": "2838611", "nombre": "GLORIA DE ORO 1", "solicitante": "Izquierdo Frutos Felipe", "region": "REGIÓN DE COQUIMBO", "provincia": "Provincia de Elqui", "comuna": "Vicuña", "superficie_ha": 300.0, "datum_original": "PSAD56", "huso": 19, "epsg_origen": 24879, "tipo_publicacion": "pedimento", "fuente_pdf": "http://www.diariooficial.interior.gob.cl/publicaciones/2026/07/20/44503/07/2838611.pdf", "archivo": "gm_pedimento_2838611.pdf", "fecha": "20-07-2026", "edicion": "44503" }, "geometry": { "type": "Polygon", "coordinates": [ [ [ -70.030912736548501, -30.247631236456833 ], [ -70.020520214689967, -30.247712603491735 ], [ -70.02080013846836, -30.274780970131523 ], [ -70.031195509720774, -30.274699515181254 ], [ -70.030912736548501, -30.247631236456833 ] ] ] } },
{ "type": "Feature", "properties": { "cve": "2838612", "nombre": "GLORIA DE ORO 2", "solicitante": "Frutos Felipe Izquierdo", "region": "REGIÓN DE COQUIMBO", "provincia": "Provincia de Elqui", "comuna": "Vicuña", "superficie_ha": 100.0, "datum_original": "PSAD56", "huso": 19, "epsg_origen": 24879, "tipo_publicacion": "pedimento", "fuente_pdf": "http://www.diariooficial.interior.gob.cl/publicaciones/2026/07/20/44503/07/2838612.pdf", "archivo": "gm_pedimento_2838612.pdf", "fecha": "20-07-2026", "edicion": "44503" }, "geometry": { "type": "Polygon", "coordinates": [ [ [ -70.041514634330966, -30.267399062516649 ], [ -70.03112006598289, -30.267481318788441 ], [ -70.031214374925, -30.27650406299885 ], [ -70.04160989357068, -30.276421777118845 ], [ -70.041514634330966, -30.267399062516649 ] ] ] } },
{ "type": "Feature", "properties": { "cve": "2839319", "nombre": "GOLDEN 1", "solicitante": "Esquivel Lillo Alfredo Alejandro", "region": "REGIÓN DE COQUIMBO", "provincia": "Provincia de Elqui", "comuna": null, "superficie_ha": 200.0, "datum_original": "PSAD56", "huso": 19, "epsg_origen": 24879, "tipo_publicacion": "pedimento", "fuente_pdf": "http://www.diariooficial.interior.gob.cl/publicaciones/2026/07/20/44503/07/2839319.pdf", "archivo": "gm_pedimento_2839319.pdf", "fecha": "20-07-2026", "edicion": "44503" }, "geometry": { "type": "Polygon", "coordinates": [ [ [ -70.056223346523041, -29.694267361307883 ], [ -70.045888332970705, -29.694349360189936 ], [ -70.046075329102479, -29.712396335040907 ], [ -70.05641218963585, -29.712314276423566 ], [ -70.056223346523041, -29.694267361307883 ] ] ] } },
{ "type": "Feature", "properties": { "cve": "2839328", "nombre": "GOLDEN 10", "solicitante": "Esquivel Lillo Alfredo Alejandro", "region": "REGIÓN DE COQUIMBO", "provincia": "Provincia de Elqui", "comuna": null, "superficie_ha": 300.0, "datum_original": "PSAD56", "huso": 19, "epsg_origen": 24879, "tipo_publicacion": "pedimento", "fuente_pdf": "http://www.diariooficial.interior.gob.cl/publicaciones/2026/07/20/44503/07/2839328.pdf", "archivo": "gm_pedimento_2839328.pdf", "fecha": "20-07-2026", "edicion": "44503" }, "geometry": { "type": "Polygon", "coordinates": [ [ [ -70.056695776582885, -29.739384554036228 ], [ -70.046356142426788, -29.739466702295616 ], [ -70.046637339086985, -29.766536955466297 ], [ -70.056979750651067, -29.766454717517835 ], [ -70.056695776582885, -29.739384554036228 ] ] ] } },
{ "type": "Feature", "properties": { "cve": "2839329", "nombre": "GOLDEN 11", "solicitante": "Esquivel Lillo Alfredo Alejandro", "region": "REGIÓN DE COQUIMBO", "provincia": "Provincia de Elqui", "comuna": null, "superficie_ha": 300.0, "datum_original": "PSAD56", "huso": 19, "epsg_origen": 24879, "tipo_publicacion": "pedimento", "fuente_pdf": "http://www.diariooficial.interior.gob.cl/publicaciones/2026/07/20/44503/07/2839329.pdf", "archivo": "gm_pedimento_2839329.pdf", "fecha": "20-07-2026", "edicion": "44503" }, "geometry": { "type": "Polygon", "coordinates": [ [ [ -70.046356142426788, -29.739466702295616 ], [ -70.03601646567806, -29.73954804308174 ], [ -70.036294884882196, -29.76661838506006 ], [ -70.046637339086985, -29.766536955466297 ], [ -70.046356142426788, -29.739466702295616 ] ] ] } },
{ "type": "Feature", "properties": { "cve": "2839330", "nombre": "GOLDEN 12", "solicitante": "Esquivel Lillo Alfredo Alejandro", "region": "REGIÓN DE COQUIMBO", "provincia": "Provincia de Elqui", "comuna": null, "superficie_ha": 300.0, "datum_original": "PSAD56", "huso": 19, "epsg_origen": 24879, "tipo_publicacion": "pedimento", "fuente_pdf": "http://www.diariooficial.interior.gob.cl/publicaciones/2026/07/20/44503/07/2839330.pdf", "archivo": "gm_pedimento_2839330.pdf", "fecha": "20-07-2026", "edicion": "44503" }, "geometry": { "type": "Polygon", "coordinates": [ [ [ -70.03601646567806, -29.73954804308174 ], [ -70.025676746757298, -29.739628576382707 ], [ -70.025952388457782, -29.766699006287162 ], [ -70.036294884882196, -29.76661838506006 ], [ -70.03601646567806, -29.73954804308174 ] ] ] } },
{ "type": "Feature", "properties": { "cve": "2839331", "nombre": "GOLDEN 13", "solicitante": "Esquivel Lillo Alfredo Alejandro", "region": "REGIÓN DE COQUIMBO", "provincia": "Provincia de Elqui", "comuna": null, "superficie_ha": 300.0, "datum_original": "PSAD56", "huso": 19, "epsg_origen": 24879, "tipo_publicacion": "pedimento", "fuente_pdf": "http://www.diariooficial.interior.gob.cl/publicaciones/2026/07/20/44503/07/2839331.pdf", "archivo": "gm_pedimento_2839331.pdf", "fecha": "20-07-2026", "edicion": "44503" }, "geometry": { "type": "Polygon", "coordinates": [ [ [ -70.025676746757298, -29.739628576382707 ], [ -70.015336986085103, -29.739708302186699 ], [ -70.015609850234782, -29.766778819135837 ], [ -70.025952388457782, -29.766699006287162 ], [ -70.025676746757298, -29.739628576382707 ] ] ] } },
{ "type": "Feature", "properties": { "cve": "2839332", "nombre": "GOLDEN 14", "solicitante": "Esquivel Lillo Alfredo Alejandro", "region": "REGIÓN DE COQUIMBO", "provincia": "Provincia de Elqui", "comuna": null, "superficie_ha": 100.0, "datum_original": "PSAD56", "huso": 19, "epsg_origen": 24879, "tipo_publicacion": "pedimento", "fuente_pdf": "http://www.diariooficial.interior.gob.cl/publicaciones/2026/07/20/44503/07/2839332.pdf", "archivo": "gm_pedimento_2839332.pdf", "fecha": "20-07-2026", "edicion": "44503" }, "geometry": { "type": "Polygon", "coordinates": [ [ [ -70.015336986085103, -29.739708302186699 ], [ -70.004997184082086, -29.739787220482036 ], [ -70.005087172001879, -29.748810767511607 ], [ -70.015427899449875, -29.748731820500257 ], [ -70.015336986085103, -29.739708302186699 ] ] ] } },
{ "type": "Feature", "properties": { "cve": "2839333", "nombre": "GOLDEN 15", "solicitante": "Esquivel Lillo Alfredo Alejandro", "region": "REGIÓN DE COQUIMBO", "provincia": "Provincia de Elqui", "comuna": null, "superficie_ha": 100.0, "datum_original": "PSAD56", "huso": 19, "epsg_origen": 24879, "tipo_publicacion": "pedimento", "fuente_pdf": "http://www.diariooficial.interior.gob.cl/publicaciones/2026/07/20/44503/07/2839333.pdf", "archivo": "gm_pedimento_2839333.pdf", "fecha": "20-07-2026", "edicion": "44503" }, "geometry": { "type": "Polygon", "coordinates": [ [ [ -70.015518854161243, -29.757755326150765 ], [ -70.005177200847484, -29.757834301883186 ], [ -70.005267270634306, -29.766857823594311 ], [ -70.015609850234782, -29.766778819135837 ], [ -70.015518854161243, -29.757755326150765 ] ] ] } },
{ "type": "Feature", "properties": { "cve": "2839334", "nombre": "GOLDEN 16", "solicitante": "Esquivel Lillo Alfredo Alejandro", "region": "REGIÓN DE COQUIMBO", "provincia": "Provincia de Elqui", "comuna": null, "superficie_ha": 300.0, "datum_original": "PSAD56", "huso": 19, "epsg_origen": 24879, "tipo_publicacion": "pedimento", "fuente_pdf": "http://www.diariooficial.interior.gob.cl/publicaciones/2026/07/20/44503/07/2839334.pdf", "archivo": "gm_pedimento_2839334.pdf", "fecha": "20-07-2026", "edicion": "44503" }, "geometry": { "type": "Polygon", "coordinates": [ [ [ -70.046637339086985, -29.766536955466297 ], [ -70.036294884882196, -29.76661838506006 ], [ -70.036573684065388, -29.793688612935888 ], [ -70.046918919515818, -29.793607094487861 ], [ -70.046637339086985, -29.766536955466297 ] ] ] } },
{ "type": "Feature", "properties": { "cve": "2839335", "nombre": "GOLDEN 17", "solicitante": "Esquivel Lillo Alfredo Alejandro", "region": "REGIÓN DE COQUIMBO", "provincia": "Provincia de Elqui", "comuna": null, "superficie_ha": 300.0, "datum_original": "PSAD56", "huso": 19, "epsg_origen": 24879, "tipo_publicacion": "pedimento", "fuente_pdf": "http://www.diariooficial.interior.gob.cl/publicaciones/2026/07/20/44503/07/2839335.pdf", "archivo": "gm_pedimento_2839335.pdf", "fecha": "20-07-2026", "edicion": "44503" }, "geometry": { "type": "Polygon", "coordinates": [ [ [ -70.036294884882196, -29.76661838506006 ], [ -70.025952388457782, -29.766699006287162 ], [ -70.026228406347599, -29.793769322135333 ], [ -70.036573684065388, -29.793688612935888 ], [ -70.036294884882196, -29.76661838506006 ] ] ] } },
{ "type": "Feature", "properties": { "cve": "2839336", "nombre": "GOLDEN 18", "solicitante": "Esquivel Lillo Alfredo Alejandro", "region": "REGIÓN DE COQUIMBO", "provincia": "Provincia de Elqui", "comuna": null, "superficie_ha": 300.0, "datum_original": "PSAD56", "huso": 19, "epsg_origen": 24879, "tipo_publicacion": "pedimento", "fuente_pdf": "http://www.diariooficial.interior.gob.cl/publicaciones/2026/07/20/44503/07/2839336.pdf", "archivo": "gm_pedimento_2839336.pdf", "fecha": "20-07-2026", "edicion": "44503" }, "geometry": { "type": "Polygon", "coordinates": [ [ [ -70.025952388457782, -29.766699006287162 ], [ -70.015609850234782, -29.766778819135837 ], [ -70.015883086784029, -29.793849222074375 ], [ -70.026228406347599, -29.793769322135333 ], [ -70.025952388457782, -29.766699006287162 ] ] ] } },
{ "type": "Feature", "properties": { "cve": "2839337", "nombre": "GOLDEN 19", "solicitante": "Esquivel Lillo Alfredo Alejandro", "region": "REGIÓN DE COQUIMBO", "provincia": "Provincia de Elqui", "comuna": null, "superficie_ha": 100.0, "datum_original": "PSAD56", "huso": 19, "epsg_origen": 24879, "tipo_publicacion": "pedimento", "fuente_pdf": "http://www.diariooficial.interior.gob.cl/publicaciones/2026/07/20/44503/07/2839337.pdf", "archivo": "gm_pedimento_2839337.pdf", "fecha": "20-07-2026", "edicion": "44503" }, "geometry": { "type": "Polygon", "coordinates": [ [ [ -70.015746421933187, -29.780314034860471 ], [ -70.005402452113046, -29.780393082417511 ], [ -70.00549262432034, -29.789416572467132 ], [ -70.015837521480222, -29.789337496171427 ], [ -70.015746421933187, -29.780314034860471 ] ] ] } },
{ "type": "Feature", "properties": { "cve": "2839320", "nombre": "GOLDEN 2", "solicitante": "Esquivel Lillo Alfredo Alejandro", "region": "REGIÓN DE COQUIMBO", "provincia": "Provincia de Elqui", "comuna": null, "superficie_ha": 100.0, "datum_original": "PSAD56", "huso": 19, "epsg_origen": 24879, "tipo_publicacion": "pedimento", "fuente_pdf": "http://www.diariooficial.interior.gob.cl/publicaciones/2026/07/20/44503/07/2839320.pdf", "archivo": "gm_pedimento_2839320.pdf", "fecha": "20-07-2026", "edicion": "44503" }, "geometry": { "type": "Polygon", "coordinates": [ [ [ -70.045981809772144, -29.703372853948579 ], [ -70.035645830410587, -29.703454076396991 ], [ -70.03573842602448, -29.712477587065976 ], [ -70.046075329102479, -29.712396335040907 ], [ -70.045981809772144, -29.703372853948579 ] ] ] } },
{ "type": "Feature", "properties": { "cve": "2839338", "nombre": "GOLDEN 20", "solicitante": "Esquivel Lillo Alfredo Alejandro", "region": "REGIÓN DE COQUIMBO", "provincia": "Provincia de Elqui", "comuna": null, "superficie_ha": 300.0, "datum_original": "PSAD56", "huso": 19, "epsg_origen": 24879, "tipo_publicacion": "pedimento", "fuente_pdf": "http://www.diariooficial.interior.gob.cl/publicaciones/2026/07/20/44503/07/2839338.pdf", "archivo": "gm_pedimento_2839338.pdf", "fecha": "20-07-2026", "edicion": "44503" }, "geometry": { "type": "Polygon", "coordinates": [ [ [ -70.046918919515818, -29.793607094487861 ], [ -70.015883086784029, -29.793849222074375 ], [ -70.015974248461916, -29.80287266437368 ], [ -70.047012865015617, -29.802630448784015 ], [ -70.046918919515818, -29.793607094487861 ] ] ] } },
{ "type": "Feature", "properties": { "cve": "2839339", "nombre": "GOLDEN 21", "solicitante": "Esquivel Lillo Alfredo Alejandro", "region": "REGIÓN DE COQUIMBO", "provincia": "Provincia de Elqui", "comuna": null, "superficie_ha": 300.0, "datum_original": "PSAD56", "huso": 19, "epsg_origen": 24879, "tipo_publicacion": "pedimento", "fuente_pdf": "http://www.diariooficial.interior.gob.cl/publicaciones/2026/07/20/44503/07/2839339.pdf", "archivo": "gm_pedimento_2839339.pdf", "fecha": "20-07-2026", "edicion": "44503" }, "geometry": { "type": "Polygon", "coordinates": [ [ [ -70.047012865015617, -29.802630448784015 ], [ -70.015974248461916, -29.80287266437368 ], [ -70.016065451579905, -29.81189609399555 ], [ -70.047106853220612, -29.811653790387297 ], [ -70.047012865015617, -29.802630448784015 ] ] ] } },
{ "type": "Feature", "properties": { "cve": "2839340", "nombre": "GOLDEN 22", "solicitante": "Esquivel Lillo Alfredo Alejandro", "region": "REGIÓN DE COQUIMBO", "provincia": "Provincia de Elqui", "comuna": null, "superficie_ha": 100.0, "datum_original": "PSAD56", "huso": 19, "epsg_origen": 24879, "tipo_publicacion": "pedimento", "fuente_pdf": "http://www.diariooficial.interior.gob.cl/publicaciones/2026/07/20/44503/07/2839340.pdf", "archivo": "gm_pedimento_2839340.pdf", "fecha": "20-07-2026", "edicion": "44503" }, "geometry": { "type": "Polygon", "coordinates": [ [ [ -70.026412627478109, -29.811816135970819 ], [ -70.016065451579905, -29.81189609399555 ], [ -70.016156696153587, -29.820919510937578 ], [ -70.026504800851825, -29.820839523862361 ], [ -70.026412627478109, -29.811816135970819 ] ] ] } },
{ "type": "Feature", "properties": { "cve": "2839321", "nombre": "GOLDEN 3", "solicitante": "Esquivel Lillo Alfredo Alejandro", "region": "REGIÓN DE COQUIMBO", "provincia": "Provincia de Elqui", "comuna": null, "superficie_ha": 300.0, "datum_original": "PSAD56", "huso": 19, "epsg_origen": 24879, "tipo_publicacion": "pedimento", "fuente_pdf": "http://www.diariooficial.interior.gob.cl/publicaciones/2026/07/20/44503/07/2839321.pdf", "archivo": "gm_pedimento_2839321.pdf", "fecha": "20-07-2026", "edicion": "44503" }, "geometry": { "type": "Polygon", "coordinates": [ [ [ -70.05641218963585, -29.712314276423566 ], [ -70.046075329102479, -29.712396335040907 ], [ -70.046356142426788, -29.739466702295616 ], [ -70.056695776582885, -29.739384554036228 ], [ -70.05641218963585, -29.712314276423566 ] ] ] } },
{ "type": "Feature", "properties": { "cve": "2839322", "nombre": "GOLDEN 4", "solicitante": "Esquivel Lillo Alfredo Alejandro", "region": "REGIÓN DE COQUIMBO", "provincia": "Provincia de Elqui", "comuna": null, "superficie_ha": 300.0, "datum_original": "PSAD56", "huso": 19, "epsg_origen": 24879, "tipo_publicacion": "pedimento", "fuente_pdf": "http://www.diariooficial.interior.gob.cl/publicaciones/2026/07/20/44503/07/2839322.pdf", "archivo": "gm_pedimento_2839322.pdf", "fecha": "20-07-2026", "edicion": "44503" }, "geometry": { "type": "Polygon", "coordinates": [ [ [ -70.046075329102479, -29.712396335040907 ], [ -70.03573842602448, -29.712477587065976 ], [ -70.03601646567806, -29.73954804308174 ], [ -70.046356142426788, -29.739466702295616 ], [ -70.046075329102479, -29.712396335040907 ] ] ] } },
{ "type": "Feature", "properties": { "cve": "2839323", "nombre": "GOLDEN 5", "solicitante": "Esquivel Lillo Alfredo Alejandro", "region": "REGIÓN DE COQUIMBO", "provincia": "Provincia de Elqui", "comuna": null, "superficie_ha": 300.0, "datum_original": "PSAD56", "huso": 19, "epsg_origen": 24879, "tipo_publicacion": "pedimento", "fuente_pdf": "http://www.diariooficial.interior.gob.cl/publicaciones/2026/07/20/44503/07/2839323.pdf", "archivo": "gm_pedimento_2839323.pdf", "fecha": "20-07-2026", "edicion": "44503" }, "geometry": { "type": "Polygon", "coordinates": [ [ [ -70.03573842602448, -29.712477587065976 ], [ -70.025401480821941, -29.7125580324869 ], [ -70.025676746757298, -29.739628576382707 ], [ -70.03601646567806, -29.73954804308174 ], [ -70.03573842602448, -29.712477587065976 ] ] ] } },
{ "type": "Feature", "properties": { "cve": "2839324", "nombre": "GOLDEN 6", "solicitante": "Esquivel Lillo Alfredo Alejandro", "region": "REGIÓN DE COQUIMBO", "provincia": "Provincia de Elqui", "comuna": null, "superficie_ha": 300.0, "datum_original": "PSAD56", "huso": 19, "epsg_origen": 24879, "tipo_publicacion": "pedimento", "fuente_pdf": "http://www.diariooficial.interior.gob.cl/publicaciones/2026/07/20/44503/07/2839324.pdf", "archivo": "gm_pedimento_2839324.pdf", "fecha": "20-07-2026", "edicion": "44503" }, "geometry": { "type": "Polygon", "coordinates": [ [ [ -70.025401480821941, -29.7125580324869 ], [ -70.015064493915034, -29.712637671291876 ], [ -70.015336986085103, -29.739708302186699 ], [ -70.025676746757298, -29.739628576382707 ], [ -70.025401480821941, -29.7125580324869 ] ] ] } },
{ "type": "Feature", "properties": { "cve": "2839325", "nombre": "GOLDEN 7", "solicitante": "Esquivel Lillo Alfredo Alejandro", "region": "REGIÓN DE COQUIMBO", "provincia": "Provincia de Elqui", "comuna": null, "superficie_ha": 300.0, "datum_original": "PSAD56", "huso": 19, "epsg_origen": 24879, "tipo_publicacion": "pedimento", "fuente_pdf": "http://www.diariooficial.interior.gob.cl/publicaciones/2026/07/20/44503/07/2839325.pdf", "archivo": "gm_pedimento_2839325.pdf", "fecha": "20-07-2026", "edicion": "44503" }, "geometry": { "type": "Polygon", "coordinates": [ [ [ -70.015064493915034, -29.712637671291876 ], [ -70.00472746572386, -29.712716503469235 ], [ -70.004997184082086, -29.739787220482036 ], [ -70.015336986085103, -29.739708302186699 ], [ -70.015064493915034, -29.712637671291876 ] ] ] } },
{ "type": "Feature", "properties": { "cve": "2839326", "nombre": "GOLDEN 8", "solicitante": "Esquivel Lillo Alfredo Alejandro", "region": "REGIÓN DE COQUIMBO", "provincia": "Provincia de Elqui", "comuna": null, "superficie_ha": 100.0, "datum_original": "PSAD56", "huso": 19, "epsg_origen": 24879, "tipo_publicacion": "pedimento", "fuente_pdf": "http://www.diariooficial.interior.gob.cl/publicaciones/2026/07/20/44503/07/2839326.pdf", "archivo": "gm_pedimento_2839326.pdf", "fecha": "20-07-2026", "edicion": "44503" }, "geometry": { "type": "Polygon", "coordinates": [ [ [ -70.004772393232159, -29.717228297545041 ], [ -69.99443486212995, -29.717306337286288 ], [ -69.994523823393394, -29.726329944360216 ], [ -70.004862278904682, -29.726251876209151 ], [ -70.004772393232159, -29.717228297545041 ] ] ] } },
{ "type": "Feature", "properties": { "cve": "2839327", "nombre": "GOLDEN 9", "solicitante": "Esquivel Lillo Alfredo Alejandro", "region": "REGIÓN DE COQUIMBO", "provincia": "Provincia de Elqui", "comuna": null, "superficie_ha": 300.0, "datum_original": "PSAD56", "huso": 19, "epsg_origen": 24879, "tipo_publicacion": "pedimento", "fuente_pdf": "http://www.diariooficial.interior.gob.cl/publicaciones/2026/07/20/44503/07/2839327.pdf", "archivo": "gm_pedimento_2839327.pdf", "fecha": "20-07-2026", "edicion": "44503" }, "geometry": { "type": "Polygon", "coordinates": [ [ [ -70.067035367725779, -29.739301598315635 ], [ -70.056695776582885, -29.739384554036228 ], [ -70.056979750651067, -29.766454717517835 ], [ -70.06732211915336, -29.766371671226743 ], [ -70.067035367725779, -29.739301598315635 ] ] ] } },
{ "type": "Feature", "properties": { "cve": "2839308", "nombre": "RIO DORADO 1", "solicitante": "Esquivel Lillo Alfredo Alejandro", "region": "REGIÓN DE COQUIMBO", "provincia": "Provincia de Elqui", "comuna": null, "superficie_ha": 300.0, "datum_original": "PSAD56", "huso": 19, "epsg_origen": 24879, "tipo_publicacion": "pedimento", "fuente_pdf": "http://www.diariooficial.interior.gob.cl/publicaciones/2026/07/20/44503/07/2839308.pdf", "archivo": "gm_pedimento_2839308.pdf", "fecha": "20-07-2026", "edicion": "44503" }, "geometry": { "type": "Polygon", "coordinates": [ [ [ -69.982301335852156, -29.532396266797285 ], [ -69.971982582884024, -29.532472123638598 ], [ -69.972241610857964, -29.559543850513215 ], [ -69.982563112644101, -29.559467910487296 ], [ -69.982301335852156, -29.532396266797285 ] ] ] } },
{ "type": "Feature", "properties": { "cve": "2839317", "nombre": "RIO DORADO 10", "solicitante": "Esquivel Lillo Alfredo Alejandro", "region": "REGIÓN DE COQUIMBO", "provincia": "Provincia de Elqui", "comuna": null, "superficie_ha": 200.0, "datum_original": "PSAD56", "huso": 19, "epsg_origen": 24879, "tipo_publicacion": "pedimento", "fuente_pdf": "http://www.diariooficial.interior.gob.cl/publicaciones/2026/07/20/44503/07/2839317.pdf", "archivo": "gm_pedimento_2839317.pdf", "fecha": "20-07-2026", "edicion": "44503" }, "geometry": { "type": "Polygon", "coordinates": [ [ [ -69.993149461912338, -29.586462614989117 ], [ -69.982825247364829, -29.586539440799175 ], [ -69.98300020289301, -29.604587064653693 ], [ -69.993326254550794, -29.604510182748328 ], [ -69.993149461912338, -29.586462614989117 ] ] ] } },
{ "type": "Feature", "properties": { "cve": "2839318", "nombre": "RIO DORADO 11", "solicitante": "Esquivel Lillo Alfredo Alejandro", "region": "REGIÓN DE COQUIMBO", "provincia": "Provincia de Elqui", "comuna": null, "superficie_ha": 200.0, "datum_original": "PSAD56", "huso": 19, "epsg_origen": 24879, "tipo_publicacion": "pedimento", "fuente_pdf": "http://www.diariooficial.interior.gob.cl/publicaciones/2026/07/20/44503/07/2839318.pdf", "archivo": "gm_pedimento_2839318.pdf", "fecha": "20-07-2026", "edicion": "44503" }, "geometry": { "type": "Polygon", "coordinates": [ [ [ -70.003473636227639, -29.586384986634055 ], [ -69.993149461912338, -29.586462614989117 ], [ -69.993326254550794, -29.604510182748328 ], [ -70.003652265946229, -29.604432497712054 ], [ -70.003473636227639, -29.586384986634055 ] ] ] } },
{ "type": "Feature", "properties": { "cve": "2839309", "nombre": "RIO DORADO 2", "solicitante": "Esquivel Lillo Alfredo Alejandro", "region": "REGIÓN DE COQUIMBO", "provincia": "Provincia de Elqui", "comuna": null, "superficie_ha": 300.0, "datum_original": "PSAD56", "huso": 19, "epsg_origen": 24879, "tipo_publicacion": "pedimento", "fuente_pdf": "http://www.diariooficial.interior.gob.cl/publicaciones/2026/07/20/44503/07/2839309.pdf", "archivo": "gm_pedimento_2839309.pdf", "fecha": "20-07-2026", "edicion": "44503" }, "geometry": { "type": "Polygon", "coordinates": [ [ [ -69.992620049095223, -29.532319609156268 ], [ -69.982301335852156, -29.532396266797285 ], [ -69.982563112644101, -29.559467910487296 ], [ -69.992884574660621, -29.559391168783637 ], [ -69.992620049095223, -29.532319609156268 ] ] ] } },
{ "type": "Feature", "properties": { "cve": "2839310", "nombre": "RIO DORADO 3", "solicitante": "Esquivel Lillo Alfredo Alejandro", "region": "REGIÓN DE COQUIMBO", "provincia": "Provincia de Elqui", "comuna": null, "superficie_ha": 300.0, "datum_original": "PSAD56", "huso": 19, "epsg_origen": 24879, "tipo_publicacion": "pedimento", "fuente_pdf": "http://www.diariooficial.interior.gob.cl/publicaciones/2026/07/20/44503/07/2839310.pdf", "archivo": "gm_pedimento_2839310.pdf", "fecha": "20-07-2026", "edicion": "44503" }, "geometry": { "type": "Polygon", "coordinates": [ [ [ -70.002938722196177, -29.532242150726752 ], [ -69.992620049095223, -29.532319609156268 ], [ -69.992884574660621, -29.559391168783637 ], [ -70.003205996490024, -29.559313625413459 ], [ -70.002938722196177, -29.532242150726752 ] ] ] } },
{ "type": "Feature", "properties": { "cve": "2839311", "nombre": "RIO DORADO 4", "solicitante": "Esquivel Lillo Alfredo Alejandro", "region": "REGIÓN DE COQUIMBO", "provincia": "Provincia de Elqui", "comuna": null, "superficie_ha": 300.0, "datum_original": "PSAD56", "huso": 19, "epsg_origen": 24879, "tipo_publicacion": "pedimento", "fuente_pdf": "http://www.diariooficial.interior.gob.cl/publicaciones/2026/07/20/44503/07/2839311.pdf", "archivo": "gm_pedimento_2839311.pdf", "fecha": "20-07-2026", "edicion": "44503" }, "geometry": { "type": "Polygon", "coordinates": [ [ [ -70.013257354738045, -29.53216389152006 ], [ -70.002938722196177, -29.532242150726752 ], [ -70.003205996490024, -29.559313625413459 ], [ -70.013527377714823, -29.559235280388116 ], [ -70.013257354738045, -29.53216389152006 ] ] ] } },
{ "type": "Feature", "properties": { "cve": "2839312", "nombre": "RIO DORADO 5", "solicitante": "Esquivel Lillo Alfredo Alejandro", "region": "REGIÓN DE COQUIMBO", "provincia": "Provincia de Elqui", "comuna": null, "superficie_ha": 300.0, "datum_original": "PSAD56", "huso": 19, "epsg_origen": 24879, "tipo_publicacion": "pedimento", "fuente_pdf": "http://www.diariooficial.interior.gob.cl/publicaciones/2026/07/20/44503/07/2839312.pdf", "archivo": "gm_pedimento_2839312.pdf", "fecha": "20-07-2026", "edicion": "44503" }, "geometry": { "type": "Polygon", "coordinates": [ [ [ -70.023575946303751, -29.532084831547621 ], [ -70.013257354738045, -29.53216389152006 ], [ -70.013527377714823, -29.559235280388116 ], [ -70.023848717917517, -29.559156133719046 ], [ -70.023575946303751, -29.532084831547621 ] ] ] } },
{ "type": "Feature", "properties": { "cve": "2839313", "nombre": "RIO DORADO 6", "solicitante": "Esquivel Lillo Alfredo Alejandro", "region": "REGIÓN DE COQUIMBO", "provincia": "Provincia de Elqui", "comuna": null, "superficie_ha": 300.0, "datum_original": "PSAD56", "huso": 19, "epsg_origen": 24879, "tipo_publicacion": "pedimento", "fuente_pdf": "http://www.diariooficial.interior.gob.cl/publicaciones/2026/07/20/44503/07/2839313.pdf", "archivo": "gm_pedimento_2839313.pdf", "fecha": "20-07-2026", "edicion": "44503" }, "geometry": { "type": "Polygon", "coordinates": [ [ [ -69.992884574660621, -29.559391168783637 ], [ -69.982563112644101, -29.559467910487296 ], [ -69.982825247364829, -29.586539440799175 ], [ -69.993149461912338, -29.586462614989117 ], [ -69.992884574660621, -29.559391168783637 ] ] ] } },
{ "type": "Feature", "properties": { "cve": "2839314", "nombre": "RIO DORADO 7", "solicitante": "Esquivel Lillo Alfredo Alejandro", "region": "REGIÓN DE COQUIMBO", "provincia": "Provincia de Elqui", "comuna": null, "superficie_ha": 300.0, "datum_original": "PSAD56", "huso": 19, "epsg_origen": 24879, "tipo_publicacion": "pedimento", "fuente_pdf": "http://www.diariooficial.interior.gob.cl/publicaciones/2026/07/20/44503/07/2839314.pdf", "archivo": "gm_pedimento_2839314.pdf", "fecha": "20-07-2026", "edicion": "44503" }, "geometry": { "type": "Polygon", "coordinates": [ [ [ -70.003205996490024, -29.559313625413459 ], [ -69.992884574660621, -29.559391168783637 ], [ -69.993149461912338, -29.586462614989117 ], [ -70.003473636227639, -29.586384986634055 ], [ -70.003205996490024, -29.559313625413459 ] ] ] } },
{ "type": "Feature", "properties": { "cve": "2839315", "nombre": "RIO DORADO 8", "solicitante": "Esquivel Lillo Alfredo Alejandro", "region": "REGIÓN DE COQUIMBO", "provincia": "Provincia de Elqui", "comuna": null, "superficie_ha": 300.0, "datum_original": "PSAD56", "huso": 19, "epsg_origen": 24879, "tipo_publicacion": "pedimento", "fuente_pdf": "http://www.diariooficial.interior.gob.cl/publicaciones/2026/07/20/44503/07/2839315.pdf", "archivo": "gm_pedimento_2839315.pdf", "fecha": "20-07-2026", "edicion": "44503" }, "geometry": { "type": "Polygon", "coordinates": [ [ [ -70.013527377714823, -29.559235280388116 ], [ -70.003205996490024, -29.559313625413459 ], [ -70.003473636227639, -29.586384986634055 ], [ -70.013797769892719, -29.586306555745352 ], [ -70.013527377714823, -29.559235280388116 ] ] ] } },
{ "type": "Feature", "properties": { "cve": "2839316", "nombre": "RIO DORADO 9", "solicitante": "Esquivel Lillo Alfredo Alejandro", "region": "REGIÓN DE COQUIMBO", "provincia": "Provincia de Elqui", "comuna": null, "superficie_ha": 300.0, "datum_original": "PSAD56", "huso": 19, "epsg_origen": 24879, "tipo_publicacion": "pedimento", "fuente_pdf": "http://www.diariooficial.interior.gob.cl/publicaciones/2026/07/20/44503/07/2839316.pdf", "archivo": "gm_pedimento_2839316.pdf", "fecha": "20-07-2026", "edicion": "44503" }, "geometry": { "type": "Polygon", "coordinates": [ [ [ -70.023848717917517, -29.559156133719046 ], [ -70.013527377714823, -29.559235280388116 ], [ -70.013797769892719, -29.586306555745352 ], [ -70.024121862489679, -29.586227322334487 ], [ -70.023848717917517, -29.559156133719046 ] ] ] } },
{ "type": "Feature", "properties": { "cve": "2839088", "nombre": "ESMERALDA 1", "solicitante": "Agrícola Esmeralda S.A.", "region": "REGIÓN METROPOLITANA DE SANTIAGO", "provincia": "Provincia de Melipilla", "comuna": null, "superficie_ha": 200.0, "datum_original": "PSAD56", "huso": 19, "epsg_origen": 24879, "tipo_publicacion": "pedimento", "fuente_pdf": "http://www.diariooficial.interior.gob.cl/publicaciones/2026/07/20/44503/07/2839088.pdf", "archivo": "gm_pedimento_2839088.pdf", "fecha": "20-07-2026", "edicion": "44503" }, "geometry": { "type": "Polygon", "coordinates": [ [ [ -71.396350687907727, -33.682526473957694 ], [ -71.374792232905605, -33.682942844794951 ], [ -71.375040189677762, -33.691954389666243 ], [ -71.39660089041169, -33.691537877718289 ], [ -71.396350687907727, -33.682526473957694 ] ] ] } },
{ "type": "Feature", "properties": { "cve": "2839089", "nombre": "ESMERALDA 2", "solicitante": "Agrícola Esmeralda S.A.", "region": "REGIÓN METROPOLITANA DE SANTIAGO", "provincia": "Provincia de Melipilla", "comuna": null, "superficie_ha": 300.0, "datum_original": "PSAD56", "huso": 19, "epsg_origen": 24879, "tipo_publicacion": "pedimento", "fuente_pdf": "http://www.diariooficial.interior.gob.cl/publicaciones/2026/07/20/44503/07/2839089.pdf", "archivo": "gm_pedimento_2839089.pdf", "fecha": "20-07-2026", "edicion": "44503" }, "geometry": { "type": "Polygon", "coordinates": [ [ [ -71.422548603183571, -33.691031623693348 ], [ -71.390208188887058, -33.691661765378363 ], [ -71.390457836534381, -33.700673196217039 ], [ -71.422801620655108, -33.700042841003693 ], [ -71.422548603183571, -33.691031623693348 ] ] ] } },
{ "type": "Feature", "properties": { "cve": "2839090", "nombre": "ESMERALDA 3", "solicitante": "Agrícola Esmeralda S.A.", "region": "REGIÓN METROPOLITANA DE SANTIAGO", "provincia": "Provincia de Melipilla", "comuna": null, "superficie_ha": 400.0, "datum_original": "PSAD56", "huso": 19, "epsg_origen": 24879, "tipo_publicacion": "pedimento", "fuente_pdf": "http://www.diariooficial.interior.gob.cl/publicaciones/2026/07/20/44503/07/2839090.pdf", "archivo": "gm_pedimento_2839090.pdf", "fecha": "20-07-2026", "edicion": "44503" }, "geometry": { "type": "Polygon", "coordinates": [ [ [ -71.422833963934607, -33.700042206416136 ], [ -71.379708697053687, -33.700880812064348 ], [ -71.379957335235261, -33.709892298350056 ], [ -71.423087097303693, -33.709053408571314 ], [ -71.422833963934607, -33.700042206416136 ] ] ] } },
{ "type": "Feature", "properties": { "cve": "2839091", "nombre": "ESMERALDA 4", "solicitante": "Agrícola Esmeralda S.A.", "region": "REGIÓN METROPOLITANA DE SANTIAGO", "provincia": "Provincia de Melipilla", "comuna": null, "superficie_ha": 200.0, "datum_original": "PSAD56", "huso": 19, "epsg_origen": 24879, "tipo_publicacion": "pedimento", "fuente_pdf": "http://www.diariooficial.interior.gob.cl/publicaciones/2026/07/20/44503/07/2839091.pdf", "archivo": "gm_pedimento_2839091.pdf", "fecha": "20-07-2026", "edicion": "44503" }, "geometry": { "type": "Polygon", "coordinates": [ [ [ -71.41305958715914, -33.709249792224774 ], [ -71.391494721249231, -33.709669368736613 ], [ -71.391744673080879, -33.718680764615819 ], [ -71.413311787576092, -33.718261045965093 ], [ -71.41305958715914, -33.709249792224774 ] ] ] } },
{ "type": "Feature", "properties": { "cve": "2839055", "nombre": "AMARANTO 1", "solicitante": "Corporación Nacional del Cobre de Chile", "region": "REGIÓN DEL LIBERTADOR GENERAL BERNARDO O’HIGGINS", "provincia": "Provincia de Cachapoal", "comuna": null, "superficie_ha": 200.0, "datum_original": "WGS84", "huso": 19, "epsg_origen": 32719, "tipo_publicacion": "pedimento", "fuente_pdf": "http://www.diariooficial.interior.gob.cl/publicaciones/2026/07/20/44503/07/2839055.pdf", "archivo": "gm_pedimento_2839055.pdf", "fecha": "20-07-2026", "edicion": "44503" }, "geometry": { "type": "Polygon", "coordinates": [ [ [ -70.107935473160396, -34.264147172931402 ], [ -70.086214718323006, -34.264341605803118 ], [ -70.08633067789134, -34.273358504658788 ], [ -70.108053750397204, -34.273164006401032 ], [ -70.107935473160396, -34.264147172931402 ] ] ] } },
{ "type": "Feature", "properties": { "cve": "2839056", "nombre": "AMARANTO 2", "solicitante": "Corporación Nacional del Cobre de Chile", "region": "REGIÓN DEL LIBERTADOR GENERAL BERNARDO O’HIGGINS", "provincia": "Provincia de Cachapoal", "comuna": null, "superficie_ha": 400.0, "datum_original": "WGS84", "huso": 19, "epsg_origen": 32719, "tipo_publicacion": "pedimento", "fuente_pdf": "http://www.diariooficial.interior.gob.cl/publicaciones/2026/07/20/44503/07/2839056.pdf", "archivo": "gm_pedimento_2839056.pdf", "fecha": "20-07-2026", "edicion": "44503" }, "geometry": { "type": "Polygon", "coordinates": [ [ [ -70.151376348043101, -34.263746763176798 ], [ -70.107935473160396, -34.264147172931402 ], [ -70.108053750397204, -34.273164006401032 ], [ -70.151499260343812, -34.272763461993122 ], [ -70.151376348043101, -34.263746763176798 ] ] ] } },
{ "type": "Feature", "properties": { "cve": "2839057", "nombre": "AMARANTO 3", "solicitante": "Corporación Nacional del Cobre de Chile", "region": "REGIÓN DEL LIBERTADOR GENERAL BERNARDO O’HIGGINS", "provincia": "Provincia de Cachapoal", "comuna": null, "superficie_ha": 800.0, "datum_original": "WGS84", "huso": 19, "epsg_origen": 32719, "tipo_publicacion": "pedimento", "fuente_pdf": "http://www.diariooficial.interior.gob.cl/publicaciones/2026/07/20/44503/07/2839057.pdf", "archivo": "gm_pedimento_2839057.pdf", "fecha": "20-07-2026", "edicion": "44503" }, "geometry": { "type": "Polygon", "coordinates": [ [ [ -70.151499260343812, -34.272763461993122 ], [ -70.129776612587861, -34.272965658804416 ], [ -70.130259528164885, -34.309032589316089 ], [ -70.151991456166712, -34.308830120468251 ], [ -70.151499260343812, -34.272763461993122 ] ] ] } },
{ "type": "Feature", "properties": { "cve": "2839058", "nombre": "AMARANTO 4", "solicitante": "Corporación Nacional del Cobre de Chile", "region": "REGIÓN DEL LIBERTADOR GENERAL BERNARDO O’HIGGINS", "provincia": "Provincia de Cachapoal", "comuna": null, "superficie_ha": 800.0, "datum_original": "WGS84", "huso": 19, "epsg_origen": 32719, "tipo_publicacion": "pedimento", "fuente_pdf": "http://www.diariooficial.interior.gob.cl/publicaciones/2026/07/20/44503/07/2839058.pdf", "archivo": "gm_pedimento_2839058.pdf", "fecha": "20-07-2026", "edicion": "44503" }, "geometry": { "type": "Polygon", "coordinates": [ [ [ -70.129776612587861, -34.272965658804416 ], [ -70.108053750397204, -34.273164006401032 ], [ -70.108527385358897, -34.309231203771738 ], [ -70.130259528164885, -34.309032589316089 ], [ -70.129776612587861, -34.272965658804416 ] ] ] } },
{ "type": "Feature", "properties": { "cve": "2839059", "nombre": "AMARANTO 5", "solicitante": "Corporación Nacional del Cobre de Chile", "region": "REGIÓN DEL LIBERTADOR GENERAL BERNARDO O’HIGGINS", "provincia": "Provincia de Cachapoal", "comuna": null, "superficie_ha": 800.0, "datum_original": "WGS84", "huso": 19, "epsg_origen": 32719, "tipo_publicacion": "pedimento", "fuente_pdf": "http://www.diariooficial.interior.gob.cl/publicaciones/2026/07/20/44503/07/2839059.pdf", "archivo": "gm_pedimento_2839059.pdf", "fecha": "20-07-2026", "edicion": "44503" }, "geometry": { "type": "Polygon", "coordinates": [ [ [ -70.108053750397204, -34.273164006401032 ], [ -70.08633067789134, -34.273358504658788 ], [ -70.08679503187534, -34.309425963710801 ], [ -70.108527385358897, -34.309231203771738 ], [ -70.108053750397204, -34.273164006401032 ] ] ] } },
{ "type": "Feature", "properties": { "cve": "2839060", "nombre": "AMARANTO 6", "solicitante": "Corporación Nacional del Cobre de Chile", "region": "REGIÓN DEL LIBERTADOR GENERAL BERNARDO O’HIGGINS", "provincia": "Provincia de Cachapoal", "comuna": null, "superficie_ha": 600.0, "datum_original": "WGS84", "huso": 19, "epsg_origen": 32719, "tipo_publicacion": "pedimento", "fuente_pdf": "http://www.diariooficial.interior.gob.cl/publicaciones/2026/07/20/44503/07/2839060.pdf", "archivo": "gm_pedimento_2839060.pdf", "fecha": "20-07-2026", "edicion": "44503" }, "geometry": { "type": "Polygon", "coordinates": [ [ [ -70.08644668900854, -34.282375389879221 ], [ -70.053858216707241, -34.282660015162953 ], [ -70.054083432612487, -34.300693936097346 ], [ -70.086678865978342, -34.300409119407028 ], [ -70.08644668900854, -34.282375389879221 ] ] ] } },
{ "type": "Feature", "properties": { "cve": "2839061", "nombre": "AMARANTO 7", "solicitante": "Corporación Nacional del Cobre de Chile", "region": "REGIÓN DEL LIBERTADOR GENERAL BERNARDO O’HIGGINS", "provincia": "Provincia de Cachapoal", "comuna": null, "superficie_ha": 100.0, "datum_original": "WGS84", "huso": 19, "epsg_origen": 32719, "tipo_publicacion": "pedimento", "fuente_pdf": "http://www.diariooficial.interior.gob.cl/publicaciones/2026/07/20/44503/07/2839061.pdf", "archivo": "gm_pedimento_2839061.pdf", "fecha": "20-07-2026", "edicion": "44503" }, "geometry": { "type": "Polygon", "coordinates": [ [ [ -70.053970799636403, -34.291676982439554 ], [ -70.043106714835176, -34.291769963337778 ], [ -70.043218187332712, -34.300786948252657 ], [ -70.054083432612487, -34.300693936097346 ], [ -70.053970799636403, -34.291676982439554 ] ] ] } },
{ "type": "Feature", "properties": { "cve": "2839062", "nombre": "PACAY 1", "solicitante": "Corporación Nacional del Cobre de Chile", "region": "REGIÓN DEL LIBERTADOR GENERAL BERNARDO O’HIGGINS", "provincia": "Provincia de Cachapoal", "comuna": null, "superficie_ha": 200.0, "datum_original": "WGS84", "huso": 19, "epsg_origen": 32719, "tipo_publicacion": "pedimento", "fuente_pdf": "http://www.diariooficial.interior.gob.cl/publicaciones/2026/07/20/44503/07/2839062.pdf", "archivo": "gm_pedimento_2839062.pdf", "fecha": "20-07-2026", "edicion": "44503" }, "geometry": { "type": "Polygon", "coordinates": [ [ [ -70.164228199372545, -34.407909242183898 ], [ -70.142470774970903, -34.408114394590335 ], [ -70.142593397321406, -34.417130908616173 ], [ -70.164353155691842, -34.416925687358351 ], [ -70.164228199372545, -34.407909242183898 ] ] ] } },
{ "type": "Feature", "properties": { "cve": "2839063", "nombre": "PACAY 2", "solicitante": "Corporación Nacional del Cobre de Chile", "region": "REGIÓN DEL LIBERTADOR GENERAL BERNARDO O’HIGGINS", "provincia": "Provincia de Cachapoal", "comuna": null, "superficie_ha": 200.0, "datum_original": "WGS84", "huso": 19, "epsg_origen": 32719, "tipo_publicacion": "pedimento", "fuente_pdf": "http://www.diariooficial.interior.gob.cl/publicaciones/2026/07/20/44503/07/2839063.pdf", "archivo": "gm_pedimento_2839063.pdf", "fecha": "20-07-2026", "edicion": "44503" }, "geometry": { "type": "Polygon", "coordinates": [ [ [ -70.185985401730036, -34.407700221316929 ], [ -70.164228199372545, -34.407909242183898 ], [ -70.164353155691842, -34.416925687358351 ], [ -70.186112691922204, -34.416716596342042 ], [ -70.185985401730036, -34.407700221316929 ] ] ] } },
{ "type": "Feature", "properties": { "cve": "2839064", "nombre": "PACAY 3", "solicitante": "Corporación Nacional del Cobre de Chile", "region": "REGIÓN DEL LIBERTADOR GENERAL BERNARDO O’HIGGINS", "provincia": "Provincia de Cachapoal", "comuna": null, "superficie_ha": 300.0, "datum_original": "WGS84", "huso": 19, "epsg_origen": 32719, "tipo_publicacion": "pedimento", "fuente_pdf": "http://www.diariooficial.interior.gob.cl/publicaciones/2026/07/20/44503/07/2839064.pdf", "archivo": "gm_pedimento_2839064.pdf", "fecha": "20-07-2026", "edicion": "44503" }, "geometry": { "type": "Polygon", "coordinates": [ [ [ -70.196863918346722, -34.407594260251628 ], [ -70.185985401730036, -34.407700221316929 ], [ -70.186367442046546, -34.43474930520528 ], [ -70.1972494609184, -34.434643237433342 ], [ -70.196863918346722, -34.407594260251628 ] ] ] } },
{ "type": "Feature", "properties": { "cve": "2839065", "nombre": "PACAY 4", "solicitante": "Corporación Nacional del Cobre de Chile", "region": "REGIÓN DEL LIBERTADOR GENERAL BERNARDO O’HIGGINS", "provincia": "Provincia de Cachapoal", "comuna": null, "superficie_ha": 200.0, "datum_original": "WGS84", "huso": 19, "epsg_origen": 32719, "tipo_publicacion": "pedimento", "fuente_pdf": "http://www.diariooficial.interior.gob.cl/publicaciones/2026/07/20/44503/07/2839065.pdf", "archivo": "gm_pedimento_2839065.pdf", "fecha": "20-07-2026", "edicion": "44503" }, "geometry": { "type": "Polygon", "coordinates": [ [ [ -70.1972494609184, -34.434643237433342 ], [ -70.186367442046546, -34.43474930520528 ], [ -70.186622418653926, -34.452781959140374 ], [ -70.197506774956366, -34.452675820193171 ], [ -70.1972494609184, -34.434643237433342 ] ] ] } },
{ "type": "Feature", "properties": { "cve": "2839066", "nombre": "PACAY 5", "solicitante": "Corporación Nacional del Cobre de Chile", "region": "REGIÓN DEL LIBERTADOR GENERAL BERNARDO O’HIGGINS", "provincia": "Provincia de Cachapoal", "comuna": null, "superficie_ha": 800.0, "datum_original": "WGS84", "huso": 19, "epsg_origen": 32719, "tipo_publicacion": "pedimento", "fuente_pdf": "http://www.diariooficial.interior.gob.cl/publicaciones/2026/07/20/44503/07/2839066.pdf", "archivo": "gm_pedimento_2839066.pdf", "fecha": "20-07-2026", "edicion": "44503" }, "geometry": { "type": "Polygon", "coordinates": [ [ [ -70.170044307737029, -34.434906591752998 ], [ -70.148279933511731, -34.43511291885811 ], [ -70.14877374335542, -34.471178659886789 ], [ -70.170547472039715, -34.470972055815473 ], [ -70.170044307737029, -34.434906591752998 ] ] ] } },
{ "type": "Feature", "properties": { "cve": "2838640", "nombre": "TRUMA 1", "solicitante": "Critical Partners SpA", "region": "REGIÓN DE LOS LAGOS", "provincia": "Provincia de Osorno", "comuna": null, "superficie_ha": 300.0, "datum_original": "PSAD56", "huso": 18, "epsg_origen": 24878, "tipo_publicacion": "pedimento", "fuente_pdf": "http://www.diariooficial.interior.gob.cl/publicaciones/2026/07/20/44503/07/2838640.pdf", "archivo": "gm_pedimento_2838640.pdf", "fecha": "20-07-2026", "edicion": "44503" }, "geometry": { "type": "Polygon", "coordinates": [ [ [ -73.138756867850603, -40.350856004479837 ], [ -73.103449372605922, -40.350282297246963 ], [ -73.103197015398791, -40.359286553511303 ], [ -73.138509202023457, -40.359860442297226 ], [ -73.138756867850603, -40.350856004479837 ] ] ] } },
{ "type": "Feature", "properties": { "cve": "2838649", "nombre": "TRUMA 10", "solicitante": "Critical Partners SpA", "region": "REGIÓN DE LOS LAGOS", "provincia": "Provincia de Osorno", "comuna": null, "superficie_ha": 300.0, "datum_original": "PSAD56", "huso": 18, "epsg_origen": 24878, "tipo_publicacion": "pedimento", "fuente_pdf": "http://www.diariooficial.interior.gob.cl/publicaciones/2026/07/20/44503/07/2838649.pdf", "archivo": "gm_pedimento_2838649.pdf", "fecha": "20-07-2026", "edicion": "44503" }, "geometry": { "type": "Polygon", "coordinates": [ [ [ -73.102944544354969, -40.368290794304514 ], [ -73.067628689288625, -40.367705947221928 ], [ -73.067371409262307, -40.376709987487239 ], [ -73.102691959416703, -40.377295019625109 ], [ -73.102944544354969, -40.368290794304514 ] ] ] } },
{ "type": "Feature", "properties": { "cve": "2838650", "nombre": "TRUMA 11", "solicitante": "Critical Partners SpA", "region": "REGIÓN DE LOS LAGOS", "provincia": "Provincia de Osorno", "comuna": null, "superficie_ha": 300.0, "datum_original": "PSAD56", "huso": 18, "epsg_origen": 24878, "tipo_publicacion": "pedimento", "fuente_pdf": "http://www.diariooficial.interior.gob.cl/publicaciones/2026/07/20/44503/07/2838650.pdf", "archivo": "gm_pedimento_2838650.pdf", "fecha": "20-07-2026", "edicion": "44503" }, "geometry": { "type": "Polygon", "coordinates": [ [ [ -73.173336117400225, -40.378432742687316 ], [ -73.138013535143173, -40.377869271660217 ], [ -73.137765533976605, -40.386873663202941 ], [ -73.173092814468575, -40.387437312518031 ], [ -73.173336117400225, -40.378432742687316 ] ] ] } },
{ "type": "Feature", "properties": { "cve": "2838651", "nombre": "TRUMA 12", "solicitante": "Critical Partners SpA", "region": "REGIÓN DE LOS LAGOS", "provincia": "Provincia de Osorno", "comuna": null, "superficie_ha": 300.0, "datum_original": "PSAD56", "huso": 18, "epsg_origen": 24878, "tipo_publicacion": "pedimento", "fuente_pdf": "http://www.diariooficial.interior.gob.cl/publicaciones/2026/07/20/44503/07/2838651.pdf", "archivo": "gm_pedimento_2838651.pdf", "fecha": "20-07-2026", "edicion": "44503" }, "geometry": { "type": "Polygon", "coordinates": [ [ [ -73.138013535143173, -40.377869271660217 ], [ -73.102691959416703, -40.377295019625109 ], [ -73.102439260526168, -40.386299229471639 ], [ -73.137765533976605, -40.386873663202941 ], [ -73.138013535143173, -40.377869271660217 ] ] ] } },
{ "type": "Feature", "properties": { "cve": "2838652", "nombre": "TRUMA 13", "solicitante": "Critical Partners SpA", "region": "REGIÓN DE LOS LAGOS", "provincia": "Provincia de Osorno", "comuna": null, "superficie_ha": 300.0, "datum_original": "PSAD56", "huso": 18, "epsg_origen": 24878, "tipo_publicacion": "pedimento", "fuente_pdf": "http://www.diariooficial.interior.gob.cl/publicaciones/2026/07/20/44503/07/2838652.pdf", "archivo": "gm_pedimento_2838652.pdf", "fecha": "20-07-2026", "edicion": "44503" }, "geometry": { "type": "Polygon", "coordinates": [ [ [ -73.102691959416703, -40.377295019625109 ], [ -73.067371409262307, -40.376709987487239 ], [ -73.067114013168421, -40.385714012229883 ], [ -73.102439260526168, -40.386299229471639 ], [ -73.102691959416703, -40.377295019625109 ] ] ] } },
{ "type": "Feature", "properties": { "cve": "2838653", "nombre": "TRUMA 14", "solicitante": "Critical Partners SpA", "region": "REGIÓN DE LOS LAGOS", "provincia": "Provincia de Osorno", "comuna": null, "superficie_ha": 200.0, "datum_original": "PSAD56", "huso": 18, "epsg_origen": 24878, "tipo_publicacion": "pedimento", "fuente_pdf": "http://www.diariooficial.interior.gob.cl/publicaciones/2026/07/20/44503/07/2838653.pdf", "archivo": "gm_pedimento_2838653.pdf", "fecha": "20-07-2026", "edicion": "44503" }, "geometry": { "type": "Polygon", "coordinates": [ [ [ -73.067371409262307, -40.376709987487239 ], [ -73.043824954989987, -40.376313977570724 ], [ -73.043564427721137, -40.385317877017783 ], [ -73.067114013168421, -40.385714012229883 ], [ -73.067371409262307, -40.376709987487239 ] ] ] } },
{ "type": "Feature", "properties": { "cve": "2838654", "nombre": "TRUMA 15", "solicitante": "Critical Partners SpA", "region": "REGIÓN DE LOS LAGOS", "provincia": "Provincia de Osorno", "comuna": null, "superficie_ha": 300.0, "datum_original": "PSAD56", "huso": 18, "epsg_origen": 24878, "tipo_publicacion": "pedimento", "fuente_pdf": "http://www.diariooficial.interior.gob.cl/publicaciones/2026/07/20/44503/07/2838654.pdf", "archivo": "gm_pedimento_2838654.pdf", "fecha": "20-07-2026", "edicion": "44503" }, "geometry": { "type": "Polygon", "coordinates": [ [ [ -73.173092814468575, -40.387437312518031 ], [ -73.137765533976605, -40.386873663202941 ], [ -73.137517420916737, -40.3958780393179 ], [ -73.172849401760772, -40.396441866967905 ], [ -73.173092814468575, -40.387437312518031 ] ] ] } },
{ "type": "Feature", "properties": { "cve": "2838655", "nombre": "TRUMA 16", "solicitante": "Critical Partners SpA", "region": "REGIÓN DE LOS LAGOS", "provincia": "Provincia de Osorno", "comuna": null, "superficie_ha": 300.0, "datum_original": "PSAD56", "huso": 18, "epsg_origen": 24878, "tipo_publicacion": "pedimento", "fuente_pdf": "http://www.diariooficial.interior.gob.cl/publicaciones/2026/07/20/44503/07/2838655.pdf", "archivo": "gm_pedimento_2838655.pdf", "fecha": "20-07-2026", "edicion": "44503" }, "geometry": { "type": "Polygon", "coordinates": [ [ [ -73.137765533976605, -40.386873663202941 ], [ -73.102439260526168, -40.386299229471639 ], [ -73.102186447625542, -40.395303423842662 ], [ -73.137517420916737, -40.3958780393179 ], [ -73.137765533976605, -40.386873663202941 ] ] ] } },
{ "type": "Feature", "properties": { "cve": "2838657", "nombre": "TRUMA 17", "solicitante": "Critical Partners SpA", "region": "REGIÓN DE LOS LAGOS", "provincia": "Provincia de Osorno", "comuna": null, "superficie_ha": 300.0, "datum_original": "PSAD56", "huso": 18, "epsg_origen": 24878, "tipo_publicacion": "pedimento", "fuente_pdf": "http://www.diariooficial.interior.gob.cl/publicaciones/2026/07/20/44503/07/2838657.pdf", "archivo": "gm_pedimento_2838657.pdf", "fecha": "20-07-2026", "edicion": "44503" }, "geometry": { "type": "Polygon", "coordinates": [ [ [ -73.102439260526168, -40.386299229471639 ], [ -73.067114013168421, -40.385714012229883 ], [ -73.066856500948006, -40.394718021448313 ], [ -73.102186447625542, -40.395303423842662 ], [ -73.102439260526168, -40.386299229471639 ] ] ] } },
{ "type": "Feature", "properties": { "cve": "2838658", "nombre": "TRUMA 18", "solicitante": "Critical Partners SpA", "region": "REGIÓN DE LOS LAGOS", "provincia": "Provincia de Osorno", "comuna": null, "superficie_ha": 200.0, "datum_original": "PSAD56", "huso": 18, "epsg_origen": 24878, "tipo_publicacion": "pedimento", "fuente_pdf": "http://www.diariooficial.interior.gob.cl/publicaciones/2026/07/20/44503/07/2838658.pdf", "archivo": "gm_pedimento_2838658.pdf", "fecha": "20-07-2026", "edicion": "44503" }, "geometry": { "type": "Polygon", "coordinates": [ [ [ -73.067114013168421, -40.385714012229883 ], [ -73.043564427721137, -40.385317877017783 ], [ -73.043303782915061, -40.394321760907737 ], [ -73.066856500948006, -40.394718021448313 ], [ -73.067114013168421, -40.385714012229883 ] ] ] } },
{ "type": "Feature", "properties": { "cve": "2838659", "nombre": "TRUMA 19", "solicitante": "Critical Partners SpA", "region": "REGIÓN DE LOS LAGOS", "provincia": "Provincia de Osorno", "comuna": null, "superficie_ha": 300.0, "datum_original": "PSAD56", "huso": 18, "epsg_origen": 24878, "tipo_publicacion": "pedimento", "fuente_pdf": "http://www.diariooficial.interior.gob.cl/publicaciones/2026/07/20/44503/07/2838659.pdf", "archivo": "gm_pedimento_2838659.pdf", "fecha": "20-07-2026", "edicion": "44503" }, "geometry": { "type": "Polygon", "coordinates": [ [ [ -73.172849401760772, -40.396441866967905 ], [ -73.137517420916737, -40.3958780393179 ], [ -73.13726919590674, -40.4048824000037 ], [ -73.172605879221109, -40.405446406035466 ], [ -73.172849401760772, -40.396441866967905 ] ] ] } },
{ "type": "Feature", "properties": { "cve": "2838641", "nombre": "TRUMA 2", "solicitante": "Critical Partners SpA", "region": "REGIÓN DE LOS LAGOS", "provincia": "Provincia de Osorno", "comuna": null, "superficie_ha": 200.0, "datum_original": "PSAD56", "huso": 18, "epsg_origen": 24878, "tipo_publicacion": "pedimento", "fuente_pdf": "http://www.diariooficial.interior.gob.cl/publicaciones/2026/07/20/44503/07/2838641.pdf", "archivo": "gm_pedimento_2838641.pdf", "fecha": "20-07-2026", "edicion": "44503" }, "geometry": { "type": "Polygon", "coordinates": [ [ [ -73.103449372605922, -40.350282297246963 ], [ -73.07991161016524, -40.349893842432465 ], [ -73.079656125659426, -40.358897975769729 ], [ -73.103197015398791, -40.359286553511303 ], [ -73.103449372605922, -40.350282297246963 ] ] ] } },
{ "type": "Feature", "properties": { "cve": "2838660", "nombre": "TRUMA 20", "solicitante": "Critical Partners SpA", "region": "REGIÓN DE LOS LAGOS", "provincia": "Provincia de Osorno", "comuna": null, "superficie_ha": 300.0, "datum_original": "PSAD56", "huso": 18, "epsg_origen": 24878, "tipo_publicacion": "pedimento", "fuente_pdf": "http://www.diariooficial.interior.gob.cl/publicaciones/2026/07/20/44503/07/2838660.pdf", "archivo": "gm_pedimento_2838660.pdf", "fecha": "20-07-2026", "edicion": "44503" }, "geometry": { "type": "Polygon", "coordinates": [ [ [ -73.137517420916737, -40.3958780393179 ], [ -73.102186447625542, -40.395303423842662 ], [ -73.101933520656928, -40.404307602736694 ], [ -73.13726919590674, -40.4048824000037 ], [ -73.137517420916737, -40.3958780393179 ] ] ] } },
{ "type": "Feature", "properties": { "cve": "2838661", "nombre": "TRUMA 21", "solicitante": "Critical Partners SpA", "region": "REGIÓN DE LOS LAGOS", "provincia": "Provincia de Osorno", "comuna": null, "superficie_ha": 300.0, "datum_original": "PSAD56", "huso": 18, "epsg_origen": 24878, "tipo_publicacion": "pedimento", "fuente_pdf": "http://www.diariooficial.interior.gob.cl/publicaciones/2026/07/20/44503/07/2838661.pdf", "archivo": "gm_pedimento_2838661.pdf", "fecha": "20-07-2026", "edicion": "44503" }, "geometry": { "type": "Polygon", "coordinates": [ [ [ -73.102186447625542, -40.395303423842662 ], [ -73.066856500948006, -40.394718021448313 ], [ -73.066598872542144, -40.403722015141099 ], [ -73.101933520656928, -40.404307602736694 ], [ -73.102186447625542, -40.395303423842662 ] ] ] } },
{ "type": "Feature", "properties": { "cve": "2838662", "nombre": "TRUMA 22", "solicitante": "Critical Partners SpA", "region": "REGIÓN DE LOS LAGOS", "provincia": "Provincia de Osorno", "comuna": null, "superficie_ha": 200.0, "datum_original": "PSAD56", "huso": 18, "epsg_origen": 24878, "tipo_publicacion": "pedimento", "fuente_pdf": "http://www.diariooficial.interior.gob.cl/publicaciones/2026/07/20/44503/07/2838662.pdf", "archivo": "gm_pedimento_2838662.pdf", "fecha": "20-07-2026", "edicion": "44503" }, "geometry": { "type": "Polygon", "coordinates": [ [ [ -73.066856500948006, -40.394718021448313 ], [ -73.043303782915061, -40.394321760907737 ], [ -73.043043020512101, -40.403325629239085 ], [ -73.066598872542144, -40.403722015141099 ], [ -73.066856500948006, -40.394718021448313 ] ] ] } },
{ "type": "Feature", "properties": { "cve": "2838663", "nombre": "TRUMA 23", "solicitante": "Critical Partners SpA", "region": "REGIÓN DE LOS LAGOS", "provincia": "Provincia de Osorno", "comuna": null, "superficie_ha": 300.0, "datum_original": "PSAD56", "huso": 18, "epsg_origen": 24878, "tipo_publicacion": "pedimento", "fuente_pdf": "http://www.diariooficial.interior.gob.cl/publicaciones/2026/07/20/44503/07/2838663.pdf", "archivo": "gm_pedimento_2838663.pdf", "fecha": "20-07-2026", "edicion": "44503" }, "geometry": { "type": "Polygon", "coordinates": [ [ [ -73.172605879221109, -40.405446406035466 ], [ -73.13726919590674, -40.4048824000037 ], [ -73.13702085888977, -40.413886745258893 ], [ -73.172362246793796, -40.414450929719365 ], [ -73.172605879221109, -40.405446406035466 ] ] ] } },
{ "type": "Feature", "properties": { "cve": "2838664", "nombre": "TRUMA 24", "solicitante": "Critical Partners SpA", "region": "REGIÓN DE LOS LAGOS", "provincia": "Provincia de Osorno", "comuna": null, "superficie_ha": 300.0, "datum_original": "PSAD56", "huso": 18, "epsg_origen": 24878, "tipo_publicacion": "pedimento", "fuente_pdf": "http://www.diariooficial.interior.gob.cl/publicaciones/2026/07/20/44503/07/2838664.pdf", "archivo": "gm_pedimento_2838664.pdf", "fecha": "20-07-2026", "edicion": "44503" }, "geometry": { "type": "Polygon", "coordinates": [ [ [ -73.13726919590674, -40.4048824000037 ], [ -73.101933520656928, -40.404307602736694 ], [ -73.10168047956239, -40.413311766152326 ], [ -73.13702085888977, -40.413886745258893 ], [ -73.13726919590674, -40.4048824000037 ] ] ] } },
{ "type": "Feature", "properties": { "cve": "2838665", "nombre": "TRUMA 25", "solicitante": "Critical Partners SpA", "region": "REGIÓN DE LOS LAGOS", "provincia": "Provincia de Osorno", "comuna": null, "superficie_ha": 300.0, "datum_original": "PSAD56", "huso": 18, "epsg_origen": 24878, "tipo_publicacion": "pedimento", "fuente_pdf": "http://www.diariooficial.interior.gob.cl/publicaciones/2026/07/20/44503/07/2838665.pdf", "archivo": "gm_pedimento_2838665.pdf", "fecha": "20-07-2026", "edicion": "44503" }, "geometry": { "type": "Polygon", "coordinates": [ [ [ -73.101933520656928, -40.404307602736694 ], [ -73.066598872542144, -40.403722015141099 ], [ -73.066341127891789, -40.412725993306729 ], [ -73.10168047956239, -40.413311766152326 ], [ -73.101933520656928, -40.404307602736694 ] ] ] } },
{ "type": "Feature", "properties": { "cve": "2838666", "nombre": "TRUMA 26", "solicitante": "Critical Partners SpA", "region": "REGIÓN DE LOS LAGOS", "provincia": "Provincia de Osorno", "comuna": null, "superficie_ha": 200.0, "datum_original": "PSAD56", "huso": 18, "epsg_origen": 24878, "tipo_publicacion": "pedimento", "fuente_pdf": "http://www.diariooficial.interior.gob.cl/publicaciones/2026/07/20/44503/07/2838666.pdf", "archivo": "gm_pedimento_2838666.pdf", "fecha": "20-07-2026", "edicion": "44503" }, "geometry": { "type": "Polygon", "coordinates": [ [ [ -73.066598872542144, -40.403722015141099 ], [ -73.043043020512101, -40.403325629239085 ], [ -73.04278214045253, -40.412329482010264 ], [ -73.066341127891789, -40.412725993306729 ], [ -73.066598872542144, -40.403722015141099 ] ] ] } },
{ "type": "Feature", "properties": { "cve": "2838667", "nombre": "TRUMA 27", "solicitante": "Critical Partners SpA", "region": "REGIÓN DE LOS LAGOS", "provincia": "Provincia de Osorno", "comuna": null, "superficie_ha": 300.0, "datum_original": "PSAD56", "huso": 18, "epsg_origen": 24878, "tipo_publicacion": "pedimento", "fuente_pdf": "http://www.diariooficial.interior.gob.cl/publicaciones/2026/07/20/44503/07/2838667.pdf", "archivo": "gm_pedimento_2838667.pdf", "fecha": "20-07-2026", "edicion": "44503" }, "geometry": { "type": "Polygon", "coordinates": [ [ [ -73.172362246793796, -40.414450929719365 ], [ -73.13702085888977, -40.413886745258893 ], [ -73.136772409808955, -40.422891075082042 ], [ -73.172118504423025, -40.423455438018181 ], [ -73.172362246793796, -40.414450929719365 ] ] ] } },
{ "type": "Feature", "properties": { "cve": "2838668", "nombre": "TRUMA 28", "solicitante": "Critical Partners SpA", "region": "REGIÓN DE LOS LAGOS", "provincia": "Provincia de Osorno", "comuna": null, "superficie_ha": 300.0, "datum_original": "PSAD56", "huso": 18, "epsg_origen": 24878, "tipo_publicacion": "pedimento", "fuente_pdf": "http://www.diariooficial.interior.gob.cl/publicaciones/2026/07/20/44503/07/2838668.pdf", "archivo": "gm_pedimento_2838668.pdf", "fecha": "20-07-2026", "edicion": "44503" }, "geometry": { "type": "Polygon", "coordinates": [ [ [ -73.13702085888977, -40.413886745258893 ], [ -73.10168047956239, -40.413311766152326 ], [ -73.101427324283989, -40.422315914088053 ], [ -73.136772409808955, -40.422891075082042 ], [ -73.13702085888977, -40.413886745258893 ] ] ] } },
{ "type": "Feature", "properties": { "cve": "2838669", "nombre": "TRUMA 29", "solicitante": "Critical Partners SpA", "region": "REGIÓN DE LOS LAGOS", "provincia": "Provincia de Osorno", "comuna": null, "superficie_ha": 300.0, "datum_original": "PSAD56", "huso": 18, "epsg_origen": 24878, "tipo_publicacion": "pedimento", "fuente_pdf": "http://www.diariooficial.interior.gob.cl/publicaciones/2026/07/20/44503/07/2838669.pdf", "archivo": "gm_pedimento_2838669.pdf", "fecha": "20-07-2026", "edicion": "44503" }, "geometry": { "type": "Polygon", "coordinates": [ [ [ -73.10168047956239, -40.413311766152326 ], [ -73.066341127891789, -40.412725993306729 ], [ -73.066083266937937, -40.421729955943725 ], [ -73.101427324283989, -40.422315914088053 ], [ -73.10168047956239, -40.413311766152326 ] ] ] } },
{ "type": "Feature", "properties": { "cve": "2838642", "nombre": "TRUMA 3", "solicitante": "Critical Partners SpA", "region": "REGIÓN DE LOS LAGOS", "provincia": "Provincia de Osorno", "comuna": null, "superficie_ha": 300.0, "datum_original": "PSAD56", "huso": 18, "epsg_origen": 24878, "tipo_publicacion": "pedimento", "fuente_pdf": "http://www.diariooficial.interior.gob.cl/publicaciones/2026/07/20/44503/07/2838642.pdf", "archivo": "gm_pedimento_2838642.pdf", "fecha": "20-07-2026", "edicion": "44503" }, "geometry": { "type": "Polygon", "coordinates": [ [ [ -73.209136572776615, -40.360975896398784 ], [ -73.173822394157966, -40.360423556888847 ], [ -73.173579310611473, -40.369428157477117 ], [ -73.208898183734462, -40.369980671774535 ], [ -73.209136572776615, -40.360975896398784 ] ] ] } },
{ "type": "Feature", "properties": { "cve": "2838670", "nombre": "TRUMA 30", "solicitante": "Critical Partners SpA", "region": "REGIÓN DE LOS LAGOS", "provincia": "Provincia de Osorno", "comuna": null, "superficie_ha": 300.0, "datum_original": "PSAD56", "huso": 18, "epsg_origen": 24878, "tipo_publicacion": "pedimento", "fuente_pdf": "http://www.diariooficial.interior.gob.cl/publicaciones/2026/07/20/44503/07/2838670.pdf", "archivo": "gm_pedimento_2838670.pdf", "fecha": "20-07-2026", "edicion": "44503" }, "geometry": { "type": "Polygon", "coordinates": [ [ [ -73.066341127891789, -40.412725993306729 ], [ -73.031002822954591, -40.41212942764615 ], [ -73.030740256857115, -40.42113320157361 ], [ -73.066083266937937, -40.421729955943725 ], [ -73.066341127891789, -40.412725993306729 ] ] ] } },
{ "type": "Feature", "properties": { "cve": "2838671", "nombre": "TRUMA 31", "solicitante": "Critical Partners SpA", "region": "REGIÓN DE LOS LAGOS", "provincia": "Provincia de Osorno", "comuna": null, "superficie_ha": 300.0, "datum_original": "PSAD56", "huso": 18, "epsg_origen": 24878, "tipo_publicacion": "pedimento", "fuente_pdf": "http://www.diariooficial.interior.gob.cl/publicaciones/2026/07/20/44503/07/2838671.pdf", "archivo": "gm_pedimento_2838671.pdf", "fecha": "20-07-2026", "edicion": "44503" }, "geometry": { "type": "Polygon", "coordinates": [ [ [ -73.136772409808955, -40.422891075082042 ], [ -73.101427324283989, -40.422315914088053 ], [ -73.101174054763675, -40.431320046542446 ], [ -73.136523848607311, -40.431895389471748 ], [ -73.136772409808955, -40.422891075082042 ] ] ] } },
{ "type": "Feature", "properties": { "cve": "2838672", "nombre": "TRUMA 32", "solicitante": "Critical Partners SpA", "region": "REGIÓN DE LOS LAGOS", "provincia": "Provincia de Osorno", "comuna": null, "superficie_ha": 300.0, "datum_original": "PSAD56", "huso": 18, "epsg_origen": 24878, "tipo_publicacion": "pedimento", "fuente_pdf": "http://www.diariooficial.interior.gob.cl/publicaciones/2026/07/20/44503/07/2838672.pdf", "archivo": "gm_pedimento_2838672.pdf", "fecha": "20-07-2026", "edicion": "44503" }, "geometry": { "type": "Polygon", "coordinates": [ [ [ -73.101427324283989, -40.422315914088053 ], [ -73.066083266937937, -40.421729955943725 ], [ -73.0658252896215, -40.430733903050609 ], [ -73.101174054763675, -40.431320046542446 ], [ -73.101427324283989, -40.422315914088053 ] ] ] } },
{ "type": "Feature", "properties": { "cve": "2838673", "nombre": "TRUMA 33", "solicitante": "Critical Partners SpA", "region": "REGIÓN DE LOS LAGOS", "provincia": "Provincia de Osorno", "comuna": null, "superficie_ha": 300.0, "datum_original": "PSAD56", "huso": 18, "epsg_origen": 24878, "tipo_publicacion": "pedimento", "fuente_pdf": "http://www.diariooficial.interior.gob.cl/publicaciones/2026/07/20/44503/07/2838673.pdf", "archivo": "gm_pedimento_2838673.pdf", "fecha": "20-07-2026", "edicion": "44503" }, "geometry": { "type": "Polygon", "coordinates": [ [ [ -73.066083266937937, -40.421729955943725 ], [ -73.030740256857115, -40.42113320157361 ], [ -73.030477572276737, -40.430136959921256 ], [ -73.0658252896215, -40.430733903050609 ], [ -73.066083266937937, -40.421729955943725 ] ] ] } },
{ "type": "Feature", "properties": { "cve": "2838674", "nombre": "TRUMA 34", "solicitante": "Critical Partners SpA", "region": "REGIÓN DE LOS LAGOS", "provincia": "Provincia de Osorno", "comuna": null, "superficie_ha": 300.0, "datum_original": "PSAD56", "huso": 18, "epsg_origen": 24878, "tipo_publicacion": "pedimento", "fuente_pdf": "http://www.diariooficial.interior.gob.cl/publicaciones/2026/07/20/44503/07/2838674.pdf", "archivo": "gm_pedimento_2838674.pdf", "fecha": "20-07-2026", "edicion": "44503" }, "geometry": { "type": "Polygon", "coordinates": [ [ [ -73.136523848607311, -40.431895389471748 ], [ -73.101174054763675, -40.431320046542446 ], [ -73.100920670943395, -40.440324163514042 ], [ -73.13627517522788, -40.440899688426576 ], [ -73.136523848607311, -40.431895389471748 ] ] ] } },
{ "type": "Feature", "properties": { "cve": "2838675", "nombre": "TRUMA 35", "solicitante": "Critical Partners SpA", "region": "REGIÓN DE LOS LAGOS", "provincia": "Provincia de Osorno", "comuna": null, "superficie_ha": 300.0, "datum_original": "PSAD56", "huso": 18, "epsg_origen": 24878, "tipo_publicacion": "pedimento", "fuente_pdf": "http://www.diariooficial.interior.gob.cl/publicaciones/2026/07/20/44503/07/2838675.pdf", "archivo": "gm_pedimento_2838675.pdf", "fecha": "20-07-2026", "edicion": "44503" }, "geometry": { "type": "Polygon", "coordinates": [ [ [ -73.101174054763675, -40.431320046542446 ], [ -73.0658252896215, -40.430733903050609 ], [ -73.065567195883304, -40.439737834625923 ], [ -73.100920670943395, -40.440324163514042 ], [ -73.101174054763675, -40.431320046542446 ] ] ] } },
{ "type": "Feature", "properties": { "cve": "2838643", "nombre": "TRUMA 4", "solicitante": "Critical Partners SpA", "region": "REGIÓN DE LOS LAGOS", "provincia": "Provincia de Osorno", "comuna": null, "superficie_ha": 300.0, "datum_original": "PSAD56", "huso": 18, "epsg_origen": 24878, "tipo_publicacion": "pedimento", "fuente_pdf": "http://www.diariooficial.interior.gob.cl/publicaciones/2026/07/20/44503/07/2838643.pdf", "archivo": "gm_pedimento_2838643.pdf", "fecha": "20-07-2026", "edicion": "44503" }, "geometry": { "type": "Polygon", "coordinates": [ [ [ -73.173822394157966, -40.360423556888847 ], [ -73.138509202023457, -40.359860442297226 ], [ -73.138261424473228, -40.368864864691183 ], [ -73.173579310611473, -40.369428157477117 ], [ -73.173822394157966, -40.360423556888847 ] ] ] } },
{ "type": "Feature", "properties": { "cve": "2838644", "nombre": "TRUMA 5", "solicitante": "Critical Partners SpA", "region": "REGIÓN DE LOS LAGOS", "provincia": "Provincia de Osorno", "comuna": null, "superficie_ha": 300.0, "datum_original": "PSAD56", "huso": 18, "epsg_origen": 24878, "tipo_publicacion": "pedimento", "fuente_pdf": "http://www.diariooficial.interior.gob.cl/publicaciones/2026/07/20/44503/07/2838644.pdf", "archivo": "gm_pedimento_2838644.pdf", "fecha": "20-07-2026", "edicion": "44503" }, "geometry": { "type": "Polygon", "coordinates": [ [ [ -73.138509202023457, -40.359860442297226 ], [ -73.103197015398791, -40.359286553511303 ], [ -73.102944544354969, -40.368290794304514 ], [ -73.138261424473228, -40.368864864691183 ], [ -73.138509202023457, -40.359860442297226 ] ] ] } },
{ "type": "Feature", "properties": { "cve": "2838645", "nombre": "TRUMA 6", "solicitante": "Critical Partners SpA", "region": "REGIÓN DE LOS LAGOS", "provincia": "Provincia de Osorno", "comuna": null, "superficie_ha": 300.0, "datum_original": "PSAD56", "huso": 18, "epsg_origen": 24878, "tipo_publicacion": "pedimento", "fuente_pdf": "http://www.diariooficial.interior.gob.cl/publicaciones/2026/07/20/44503/07/2838645.pdf", "archivo": "gm_pedimento_2838645.pdf", "fecha": "20-07-2026", "edicion": "44503" }, "geometry": { "type": "Polygon", "coordinates": [ [ [ -73.103197015398791, -40.359286553511303 ], [ -73.067885853306208, -40.358701891435395 ], [ -73.067628689288625, -40.367705947221928 ], [ -73.102944544354969, -40.368290794304514 ], [ -73.103197015398791, -40.359286553511303 ] ] ] } },
{ "type": "Feature", "properties": { "cve": "2838646", "nombre": "TRUMA 7", "solicitante": "Critical Partners SpA", "region": "REGIÓN DE LOS LAGOS", "provincia": "Provincia de Osorno", "comuna": null, "superficie_ha": 200.0, "datum_original": "PSAD56", "huso": 18, "epsg_origen": 24878, "tipo_publicacion": "pedimento", "fuente_pdf": "http://www.diariooficial.interior.gob.cl/publicaciones/2026/07/20/44503/07/2838646.pdf", "archivo": "gm_pedimento_2838646.pdf", "fecha": "20-07-2026", "edicion": "44503" }, "geometry": { "type": "Polygon", "coordinates": [ [ [ -73.197125117536984, -40.369797698005996 ], [ -73.173579310611473, -40.369428157477117 ], [ -73.173336117400225, -40.378432742687316 ], [ -73.196885055350492, -40.37880240015047 ], [ -73.197125117536984, -40.369797698005996 ] ] ] } },
{ "type": "Feature", "properties": { "cve": "2838647", "nombre": "TRUMA 8", "solicitante": "Critical Partners SpA", "region": "REGIÓN DE LOS LAGOS", "provincia": "Provincia de Osorno", "comuna": null, "superficie_ha": 300.0, "datum_original": "PSAD56", "huso": 18, "epsg_origen": 24878, "tipo_publicacion": "pedimento", "fuente_pdf": "http://www.diariooficial.interior.gob.cl/publicaciones/2026/07/20/44503/07/2838647.pdf", "archivo": "gm_pedimento_2838647.pdf", "fecha": "20-07-2026", "edicion": "44503" }, "geometry": { "type": "Polygon", "coordinates": [ [ [ -73.173579310611473, -40.369428157477117 ], [ -73.138261424473228, -40.368864864691183 ], [ -73.138013535143173, -40.377869271660217 ], [ -73.173336117400225, -40.378432742687316 ], [ -73.173579310611473, -40.369428157477117 ] ] ] } },
{ "type": "Feature", "properties": { "cve": "2838648", "nombre": "TRUMA 9", "solicitante": "Critical Partners SpA", "region": "REGIÓN DE LOS LAGOS", "provincia": "Provincia de Osorno", "comuna": null, "superficie_ha": 300.0, "datum_original": "PSAD56", "huso": 18, "epsg_origen": 24878, "tipo_publicacion": "pedimento", "fuente_pdf": "http://www.diariooficial.interior.gob.cl/publicaciones/2026/07/20/44503/07/2838648.pdf", "archivo": "gm_pedimento_2838648.pdf", "fecha": "20-07-2026", "edicion": "44503" }, "geometry": { "type": "Polygon", "coordinates": [ [ [ -73.138261424473228, -40.368864864691183 ], [ -73.102944544354969, -40.368290794304514 ], [ -73.102691959416703, -40.377295019625109 ], [ -73.138013535143173, -40.377869271660217 ], [ -73.138261424473228, -40.368864864691183 ] ] ] } }
]
}
