{
"type": "FeatureCollection",
"name": "boletin_mineria_20260914",
"crs": { "type": "name", "properties": { "name": "urn:ogc:def:crs:OGC:1.3:CRS84" } },
"features": [
{ "type": "Feature", "properties": { "cve": "2869564", "nombre": "TALTAPE 3 1 AL 30", "solicitante": "Río Tinto Mining and Exploration Limited Agencia en Chile", "region": "REGIÓN DE ARICA Y PARINACOTA", "provincia": "Provincia de Arica", "comuna": "Camarones", "superficie_ha": 300.0, "datum_original": "PSAD56", "huso": 18, "epsg_origen": 24878, "tipo_publicacion": "manifestacion", "fuente_pdf": "http://www.diariooficial.interior.gob.cl/publicaciones/2026/09/14/44550/07/2869564.pdf", "archivo": "gm_manifestacion_2869564.pdf", "fecha": "14-09-2026", "edicion": "44550" }, "geometry": { "type": "Polygon", "coordinates": [ [ [ -76.141314837681762, -64.296678101914026 ], [ -76.120655941403641, -64.296837685263711 ], [ -76.121749517673635, -64.323751713451415 ], [ -76.142428563058303, -64.323591938886423 ], [ -76.141314837681762, -64.296678101914026 ] ] ] } },
{ "type": "Feature", "properties": { "cve": "2869469", "nombre": "NACHA 1A, 1 AL 60", "solicitante": "FRV Services Chile SpA", "region": "REGIÓN DE TARAPACÁ", "provincia": "Provincia del Tamarugal", "comuna": "Pozo Almonte", "superficie_ha": 300.0, "datum_original": "PSAD56", "huso": 19, "epsg_origen": 24879, "tipo_publicacion": "manifestacion", "fuente_pdf": "http://www.diariooficial.interior.gob.cl/publicaciones/2026/09/14/44550/07/2869469.pdf", "archivo": "gm_manifestacion_2869469.pdf", "fecha": "14-09-2026", "edicion": "44550" }, "geometry": { "type": "Polygon", "coordinates": [ [ [ -69.724774016652574, -20.377975138306919 ], [ -69.715191982349694, -20.378014670120859 ], [ -69.715317015317126, -20.405121294984106 ], [ -69.724900724437703, -20.405081706021349 ], [ -69.724774016652574, -20.377975138306919 ] ] ] } },
{ "type": "Feature", "properties": { "cve": "2869470", "nombre": "NACHA 2A, 1 AL 60", "solicitante": "FRV Services Chile SpA", "region": "REGIÓN DE TARAPACÁ", "provincia": "Provincia del Tamarugal", "comuna": "Pozo Almonte", "superficie_ha": 300.0, "datum_original": "PSAD56", "huso": 19, "epsg_origen": 24879, "tipo_publicacion": "manifestacion", "fuente_pdf": "http://www.diariooficial.interior.gob.cl/publicaciones/2026/09/14/44550/07/2869470.pdf", "archivo": "gm_manifestacion_2869470.pdf", "fecha": "14-09-2026", "edicion": "44550" }, "geometry": { "type": "Polygon", "coordinates": [ [ [ -69.715150349766205, -20.36897910945336 ], [ -69.686405785915426, -20.369094493146584 ], [ -69.686445745456822, -20.378130109429556 ], [ -69.715191982349694, -20.378014670120859 ], [ -69.715150349766205, -20.36897910945336 ] ] ] } },
{ "type": "Feature", "properties": { "cve": "2869471", "nombre": "NACHA 3A, 1 AL 40", "solicitante": "FRV Services Chile SpA", "region": "REGIÓN DE TARAPACÁ", "provincia": "Provincia del Tamarugal", "comuna": "Pozo Almonte", "superficie_ha": 200.0, "datum_original": "PSAD56", "huso": 19, "epsg_origen": 24879, "tipo_publicacion": "manifestacion", "fuente_pdf": "http://www.diariooficial.interior.gob.cl/publicaciones/2026/09/14/44550/07/2869471.pdf", "archivo": "gm_manifestacion_2869471.pdf", "fecha": "14-09-2026", "edicion": "44550" }, "geometry": { "type": "Polygon", "coordinates": [ [ [ -69.715212807090651, -20.382532446884486 ], [ -69.70563047130527, -20.382571462076434 ], [ -69.705712710057341, -20.400642582912315 ], [ -69.715296162399767, -20.400603530128095 ], [ -69.715212807090651, -20.382532446884486 ] ] ] } },
{ "type": "Feature", "properties": { "cve": "2869251", "nombre": "CETRON 1, 1 al 20", "solicitante": "Minera Centinela", "region": "REGIÓN DE ANTOFAGASTA", "provincia": "Provincia de Antofagasta", "comuna": null, "superficie_ha": 200.0, "datum_original": "PSAD56", "huso": 19, "epsg_origen": 24879, "tipo_publicacion": "manifestacion", "fuente_pdf": "http://www.diariooficial.interior.gob.cl/publicaciones/2026/09/14/44550/07/2869251.pdf", "archivo": "gm_manifestacion_2869251.pdf", "fecha": "14-09-2026", "edicion": "44550" }, "geometry": { "type": "Polygon", "coordinates": [ [ [ -69.021275895175961, -22.750258773545877 ], [ -69.001795965961136, -22.750260180109237 ], [ -69.00179608403883, -22.759293845010536 ], [ -69.021277293982024, -22.759292437827362 ], [ -69.021275895175961, -22.750258773545877 ] ] ] } },
{ "type": "Feature", "properties": { "cve": "2869252", "nombre": "CETRON 2, 1 al 30", "solicitante": "Minera Centinela", "region": "REGIÓN DE ANTOFAGASTA", "provincia": "Provincia de Antofagasta", "comuna": null, "superficie_ha": 300.0, "datum_original": "PSAD56", "huso": 19, "epsg_origen": 24879, "tipo_publicacion": "manifestacion", "fuente_pdf": "http://www.diariooficial.interior.gob.cl/publicaciones/2026/09/14/44550/07/2869252.pdf", "archivo": "gm_manifestacion_2869252.pdf", "fecha": "14-09-2026", "edicion": "44550" }, "geometry": { "type": "Polygon", "coordinates": [ [ [ -69.021277293982024, -22.759292437827362 ], [ -68.992055478815203, -22.759293657543431 ], [ -68.99205495626353, -22.768327312056229 ], [ -69.021278693498019, -22.768326091802848 ], [ -69.021277293982024, -22.759292437827362 ] ] ] } },
{ "type": "Feature", "properties": { "cve": "2869253", "nombre": "CETRON 3, 1 al 30", "solicitante": "Minera Centinela", "region": "REGIÓN DE ANTOFAGASTA", "provincia": "Provincia de Antofagasta", "comuna": null, "superficie_ha": 300.0, "datum_original": "PSAD56", "huso": 19, "epsg_origen": 24879, "tipo_publicacion": "manifestacion", "fuente_pdf": "http://www.diariooficial.interior.gob.cl/publicaciones/2026/09/14/44550/07/2869253.pdf", "archivo": "gm_manifestacion_2869253.pdf", "fecha": "14-09-2026", "edicion": "44550" }, "geometry": { "type": "Polygon", "coordinates": [ [ [ -69.021278693498019, -22.768326091802848 ], [ -68.99205495626353, -22.768327312056229 ], [ -68.992054433446711, -22.777360956259933 ], [ -69.021280093724172, -22.77735973546919 ], [ -69.021278693498019, -22.768326091802848 ] ] ] } },
{ "type": "Feature", "properties": { "cve": "2869254", "nombre": "CETRON 4, 1 al 30", "solicitante": "Minera Centinela", "region": "REGIÓN DE ANTOFAGASTA", "provincia": "Provincia de Antofagasta", "comuna": null, "superficie_ha": 300.0, "datum_original": "PSAD56", "huso": 19, "epsg_origen": 24879, "tipo_publicacion": "manifestacion", "fuente_pdf": "http://www.diariooficial.interior.gob.cl/publicaciones/2026/09/14/44550/07/2869254.pdf", "archivo": "gm_manifestacion_2869254.pdf", "fecha": "14-09-2026", "edicion": "44550" }, "geometry": { "type": "Polygon", "coordinates": [ [ [ -69.021280093724172, -22.77735973546919 ], [ -68.992054433446711, -22.777360956259933 ], [ -68.99205391036466, -22.78639459015141 ], [ -69.02128149466067, -22.786393368823223 ], [ -69.021280093724172, -22.77735973546919 ] ] ] } },
{ "type": "Feature", "properties": { "cve": "2869255", "nombre": "CETRON 5, 1 al 30", "solicitante": "Minera Centinela", "region": "REGIÓN DE ANTOFAGASTA", "provincia": "Provincia de Antofagasta", "comuna": null, "superficie_ha": 300.0, "datum_original": "PSAD56", "huso": 19, "epsg_origen": 24879, "tipo_publicacion": "manifestacion", "fuente_pdf": "http://www.diariooficial.interior.gob.cl/publicaciones/2026/09/14/44550/07/2869255.pdf", "archivo": "gm_manifestacion_2869255.pdf", "fecha": "14-09-2026", "edicion": "44550" }, "geometry": { "type": "Polygon", "coordinates": [ [ [ -69.03101993825652, -22.768324496450287 ], [ -69.021278693498019, -22.768326091802848 ], [ -69.021282896307738, -22.795426991861813 ], [ -69.031026065084021, -22.795425394401239 ], [ -69.03101993825652, -22.768324496450287 ] ] ] } },
{ "type": "Feature", "properties": { "cve": "2869256", "nombre": "CETRON 6, 1 al 30", "solicitante": "Minera Centinela", "region": "REGIÓN DE ANTOFAGASTA", "provincia": "Provincia de Antofagasta", "comuna": null, "superficie_ha": 300.0, "datum_original": "PSAD56", "huso": 19, "epsg_origen": 24879, "tipo_publicacion": "manifestacion", "fuente_pdf": "http://www.diariooficial.interior.gob.cl/publicaciones/2026/09/14/44550/07/2869256.pdf", "archivo": "gm_manifestacion_2869256.pdf", "fecha": "14-09-2026", "edicion": "44550" }, "geometry": { "type": "Polygon", "coordinates": [ [ [ -68.99205495626353, -22.768327312056229 ], [ -68.982313710616054, -22.768326530205723 ], [ -68.982310217351241, -22.795427430843883 ], [ -68.992053387017293, -22.795428213727501 ], [ -68.99205495626353, -22.768327312056229 ] ] ] } },
{ "type": "Feature", "properties": { "cve": "2869257", "nombre": "CETRON 7, 1 al 30", "solicitante": "Minera Centinela", "region": "REGIÓN DE ANTOFAGASTA", "provincia": "Provincia de Antofagasta", "comuna": null, "superficie_ha": 300.0, "datum_original": "PSAD56", "huso": 19, "epsg_origen": 24879, "tipo_publicacion": "manifestacion", "fuente_pdf": "http://www.diariooficial.interior.gob.cl/publicaciones/2026/09/14/44550/07/2869257.pdf", "archivo": "gm_manifestacion_2869257.pdf", "fecha": "14-09-2026", "edicion": "44550" }, "geometry": { "type": "Polygon", "coordinates": [ [ [ -69.031024021772438, -22.786391772065404 ], [ -69.001796438631487, -22.786394777866317 ], [ -69.001796556948989, -22.79542840152504 ], [ -69.031026065084021, -22.795425394401239 ], [ -69.031024021772438, -22.786391772065404 ] ] ] } },
{ "type": "Feature", "properties": { "cve": "2869258", "nombre": "CETRON 8, 1 al 20", "solicitante": "Minera Centinela", "region": "REGIÓN DE ANTOFAGASTA", "provincia": "Provincia de Antofagasta", "comuna": null, "superficie_ha": 200.0, "datum_original": "PSAD56", "huso": 19, "epsg_origen": 24879, "tipo_publicacion": "manifestacion", "fuente_pdf": "http://www.diariooficial.interior.gob.cl/publicaciones/2026/09/14/44550/07/2869258.pdf", "archivo": "gm_manifestacion_2869258.pdf", "fecha": "14-09-2026", "edicion": "44550" }, "geometry": { "type": "Polygon", "coordinates": [ [ [ -69.001796438631487, -22.786394777866317 ], [ -68.982311382363378, -22.786393807612203 ], [ -68.982310217351241, -22.795427430843883 ], [ -69.001796556948989, -22.79542840152504 ], [ -69.001796438631487, -22.786394777866317 ] ] ] } },
{ "type": "Feature", "properties": { "cve": "2869259", "nombre": "CETRON 9, 1 al 30", "solicitante": "Minera Centinela", "region": "REGIÓN DE ANTOFAGASTA", "provincia": "Provincia de Antofagasta", "comuna": null, "superficie_ha": 300.0, "datum_original": "PSAD56", "huso": 19, "epsg_origen": 24879, "tipo_publicacion": "manifestacion", "fuente_pdf": "http://www.diariooficial.interior.gob.cl/publicaciones/2026/09/14/44550/07/2869259.pdf", "archivo": "gm_manifestacion_2869259.pdf", "fecha": "14-09-2026", "edicion": "44550" }, "geometry": { "type": "Polygon", "coordinates": [ [ [ -69.040769232824388, -22.795423201854959 ], [ -69.011539726820942, -22.795427994236448 ], [ -69.011540487188668, -22.804461607397474 ], [ -69.040771919161742, -22.804456812907443 ], [ -69.040769232824388, -22.795423201854959 ] ] ] } },
{ "type": "Feature", "properties": { "cve": "2869367", "nombre": "COLISEO 9003 1/30", "solicitante": "Vale Exploraciones Chile Limitada", "region": "REGIÓN DE ANTOFAGASTA", "provincia": "Provincia de Antofagasta", "comuna": null, "superficie_ha": 300.0, "datum_original": "PSAD56", "huso": 19, "epsg_origen": 24879, "tipo_publicacion": "manifestacion", "fuente_pdf": "http://www.diariooficial.interior.gob.cl/publicaciones/2026/09/14/44550/07/2869367.pdf", "archivo": "gm_manifestacion_2869367.pdf", "fecha": "14-09-2026", "edicion": "44550" }, "geometry": { "type": "Polygon", "coordinates": [ [ [ -69.420268637509068, -25.648915909011084 ], [ -69.390381237696118, -25.648998852353522 ], [ -69.390410623036843, -25.658028843215131 ], [ -69.420300272421656, -25.657945866503709 ], [ -69.420268637509068, -25.648915909011084 ] ] ] } },
{ "type": "Feature", "properties": { "cve": "2868656", "nombre": "ESPEJO A14 1/60", "solicitante": "Minera Freeport-McMoran South America Limitada", "region": "REGIÓN DE ANTOFAGASTA", "provincia": "Provincia de Antofagasta", "comuna": "Sierra Gorda", "superficie_ha": 300.0, "datum_original": "PSAD56", "huso": 19, "epsg_origen": 24879, "tipo_publicacion": "manifestacion", "fuente_pdf": "http://www.diariooficial.interior.gob.cl/publicaciones/2026/09/14/44550/07/2868656.pdf", "archivo": "gm_manifestacion_2868656.pdf", "fecha": "14-09-2026", "edicion": "44550" }, "geometry": { "type": "Polygon", "coordinates": [ [ [ -69.372799698535957, -23.075025857679044 ], [ -69.363036708264261, -23.075048588881419 ], [ -69.363109489017646, -23.102147888106483 ], [ -69.372874436441805, -23.102125127182767 ], [ -69.372799698535957, -23.075025857679044 ] ] ] } },
{ "type": "Feature", "properties": { "cve": "2869435", "nombre": "MARCO POLO 1 DEL 1 AL 02", "solicitante": "Antofagasta Minerales y Energía SpA y otro", "region": "REGIÓN DE ANTOFAGASTA", "provincia": "Provincia de Antofagasta", "comuna": "Antofagasta", "superficie_ha": 20.0, "datum_original": "PSAD56", "huso": 19, "epsg_origen": 24879, "tipo_publicacion": "manifestacion", "fuente_pdf": "http://www.diariooficial.interior.gob.cl/publicaciones/2026/09/14/44550/07/2869435.pdf", "archivo": "gm_manifestacion_2869435.pdf", "fecha": "14-09-2026", "edicion": "44550" }, "geometry": { "type": "Polygon", "coordinates": [ [ [ -69.600039817520056, -24.100628386819697 ], [ -69.592168759213834, -24.100659079213266 ], [ -69.592179139497915, -24.102916981513516 ], [ -69.600050335757999, -24.102886285886804 ], [ -69.600039817520056, -24.100628386819697 ] ] ] } },
{ "type": "Feature", "properties": { "cve": "2869372", "nombre": "PORTEZUELO DEL 1 AL 6", "solicitante": "Barriga Barriga Christian Hernán", "region": "REGIÓN DE ANTOFAGASTA", "provincia": "Provincia de Antofagasta", "comuna": null, "superficie_ha": 12.0, "datum_original": "PSAD56", "huso": 19, "epsg_origen": 24879, "tipo_publicacion": "manifestacion", "fuente_pdf": "http://www.diariooficial.interior.gob.cl/publicaciones/2026/09/14/44550/07/2869372.pdf", "archivo": "gm_manifestacion_2869372.pdf", "fecha": "14-09-2026", "edicion": "44550" }, "geometry": { "type": "Polygon", "coordinates": [ [ [ -70.311196636085896, -23.695236119289625 ], [ -70.30727417097205, -23.695269289904839 ], [ -70.307301148235155, -23.697978353349821 ], [ -70.311223694237583, -23.697945178487618 ], [ -70.311196636085896, -23.695236119289625 ] ] ] } },
{ "type": "Feature", "properties": { "cve": "2869430", "nombre": "YUMA A 1 AL 60", "solicitante": "Compañía Minera Doña Inés de Collahuasi SCM", "region": "REGIÓN DE ANTOFAGASTA", "provincia": "Provincia de El Loa", "comuna": null, "superficie_ha": 600.0, "datum_original": "WGS84", "huso": 19, "epsg_origen": 32719, "tipo_publicacion": "manifestacion", "fuente_pdf": "http://www.diariooficial.interior.gob.cl/publicaciones/2026/09/14/44550/07/2869430.pdf", "archivo": "gm_manifestacion_2869430.pdf", "fecha": "14-09-2026", "edicion": "44550" }, "geometry": { "type": "Polygon", "coordinates": [ [ [ -68.490124378071613, -20.975314059769023 ], [ -68.470884397141447, -20.975255407502466 ], [ -68.4707889150163, -21.002361227081455 ], [ -68.490032367544302, -21.002419962129871 ], [ -68.490124378071613, -20.975314059769023 ] ] ] } },
{ "type": "Feature", "properties": { "cve": "2869352", "nombre": "GAMA 1", "solicitante": "Meléndez Cathalifaud Sergio", "region": "REGIÓN DE ANTOFAGASTA", "provincia": "Provincia de Tocopilla", "comuna": null, "superficie_ha": 4.0, "datum_original": "WGS84", "huso": 19, "epsg_origen": 32719, "tipo_publicacion": "manifestacion", "fuente_pdf": "http://www.diariooficial.interior.gob.cl/publicaciones/2026/09/14/44550/07/2869352.pdf", "archivo": "gm_manifestacion_2869352.pdf", "fecha": "14-09-2026", "edicion": "44550" }, "geometry": { "type": "Polygon", "coordinates": [ [ [ -70.211236312460798, -22.375117828208825 ], [ -70.207351693896101, -22.375146859909385 ], [ -70.207359485450809, -22.376050073501094 ], [ -70.211244129069684, -22.376021040504714 ], [ -70.211236312460798, -22.375117828208825 ] ] ] } },
{ "type": "Feature", "properties": { "cve": "2869353", "nombre": "GAMA 2, 1 AL 7", "solicitante": "Meléndez Cathalifaud Sergio", "region": "REGIÓN DE ANTOFAGASTA", "provincia": "Provincia de Tocopilla", "comuna": null, "superficie_ha": 14.0, "datum_original": "WGS84", "huso": 19, "epsg_origen": 32719, "tipo_publicacion": "manifestacion", "fuente_pdf": "http://www.diariooficial.interior.gob.cl/publicaciones/2026/09/14/44550/07/2869353.pdf", "archivo": "gm_manifestacion_2869353.pdf", "fecha": "14-09-2026", "edicion": "44550" }, "geometry": { "type": "Polygon", "coordinates": [ [ [ -70.209262791645529, -22.371519502899677 ], [ -70.207320531666156, -22.371534004509314 ], [ -70.207375069757006, -22.377856500374488 ], [ -70.209317417421701, -22.377841994233187 ], [ -70.209262791645529, -22.371519502899677 ] ] ] } },
{ "type": "Feature", "properties": { "cve": "2869154", "nombre": "CAMILA 1 AL 30", "solicitante": "Inversiones CGS SpA", "region": "REGIÓN DE ATACAMA", "provincia": "Provincia de Copiapó", "comuna": null, "superficie_ha": 300.0, "datum_original": "WGS84", "huso": 19, "epsg_origen": 32719, "tipo_publicacion": "manifestacion", "fuente_pdf": "http://www.diariooficial.interior.gob.cl/publicaciones/2026/09/14/44550/07/2869154.pdf", "archivo": "gm_manifestacion_2869154.pdf", "fecha": "14-09-2026", "edicion": "44550" }, "geometry": { "type": "Polygon", "coordinates": [ [ [ -70.892959012789447, -27.964837882427677 ], [ -70.872635387563349, -27.965116047971073 ], [ -70.872869171753678, -27.978649787429759 ], [ -70.893195330554306, -27.978371463957636 ], [ -70.892959012789447, -27.964837882427677 ] ] ] } },
{ "type": "Feature", "properties": { "cve": "2869057", "nombre": "WARA 1 AL 20", "solicitante": "Cerda Contreras Wilfredo", "region": "REGIÓN DE ATACAMA", "provincia": "Provincia de Copiapó", "comuna": null, "superficie_ha": 200.0, "datum_original": "WGS84", "huso": 19, "epsg_origen": 32719, "tipo_publicacion": "manifestacion", "fuente_pdf": "http://www.diariooficial.interior.gob.cl/publicaciones/2026/09/14/44550/07/2869057.pdf", "archivo": "gm_manifestacion_2869057.pdf", "fecha": "14-09-2026", "edicion": "44550" }, "geometry": { "type": "Polygon", "coordinates": [ [ [ -69.08049862982115, -26.81095874524226 ], [ -69.060373982860682, -26.810968758115902 ], [ -69.060378766418268, -26.819997584520191 ], [ -69.080505007893166, -26.819987567743727 ], [ -69.08049862982115, -26.81095874524226 ] ] ] } },
{ "type": "Feature", "properties": { "cve": "2868722", "nombre": "ALMAGRO 1 AL 20", "solicitante": "Minera Saavedra SpA", "region": "REGIÓN DE ATACAMA", "provincia": "Provincia de Chañaral", "comuna": null, "superficie_ha": 100.0, "datum_original": "PSAD56", "huso": 19, "epsg_origen": 24879, "tipo_publicacion": "manifestacion", "fuente_pdf": "http://www.diariooficial.interior.gob.cl/publicaciones/2026/09/14/44550/07/2868722.pdf", "archivo": "gm_manifestacion_2868722.pdf", "fecha": "14-09-2026", "edicion": "44550" }, "geometry": { "type": "Polygon", "coordinates": [ [ [ -69.598730707184316, -26.855889346327519 ], [ -69.588664935045031, -26.855931603959515 ], [ -69.588711660251221, -26.864959909357545 ], [ -69.598778231244552, -26.864917635273482 ], [ -69.598730707184316, -26.855889346327519 ] ] ] } },
{ "type": "Feature", "properties": { "cve": "2868723", "nombre": "CHILEAN COPPER I 1 AL 20", "solicitante": "Minera Saavedra SpA", "region": "REGIÓN DE ATACAMA", "provincia": "Provincia de Chañaral", "comuna": null, "superficie_ha": 100.0, "datum_original": "PSAD56", "huso": 19, "epsg_origen": 24879, "tipo_publicacion": "manifestacion", "fuente_pdf": "http://www.diariooficial.interior.gob.cl/publicaciones/2026/09/14/44550/07/2868723.pdf", "archivo": "gm_manifestacion_2868723.pdf", "fecha": "14-09-2026", "edicion": "44550" }, "geometry": { "type": "Polygon", "coordinates": [ [ [ -69.598778231244552, -26.864917635273482 ], [ -69.588711660251221, -26.864959909357545 ], [ -69.588758407417785, -26.873988203053738 ], [ -69.598825777640585, -26.873945912515055 ], [ -69.598778231244552, -26.864917635273482 ] ] ] } },
{ "type": "Feature", "properties": { "cve": "2868724", "nombre": "CHILENA 1 AL 20", "solicitante": "Minera Saavedra SpA", "region": "REGIÓN DE ATACAMA", "provincia": "Provincia de Chañaral", "comuna": null, "superficie_ha": 100.0, "datum_original": "PSAD56", "huso": 19, "epsg_origen": 24879, "tipo_publicacion": "manifestacion", "fuente_pdf": "http://www.diariooficial.interior.gob.cl/publicaciones/2026/09/14/44550/07/2868724.pdf", "archivo": "gm_manifestacion_2868724.pdf", "fecha": "14-09-2026", "edicion": "44550" }, "geometry": { "type": "Polygon", "coordinates": [ [ [ -69.580670049557853, -26.857418247672943 ], [ -69.570604109689143, -26.857459221988965 ], [ -69.570649404360182, -26.866487554335787 ], [ -69.580716143156764, -26.866446564067886 ], [ -69.580670049557853, -26.857418247672943 ] ] ] } },
{ "type": "Feature", "properties": { "cve": "2868725", "nombre": "MARIA INES 1 AL 20", "solicitante": "Minera Saavedra SpA", "region": "REGIÓN DE ATACAMA", "provincia": "Provincia de Chañaral", "comuna": null, "superficie_ha": 100.0, "datum_original": "PSAD56", "huso": 19, "epsg_origen": 24879, "tipo_publicacion": "manifestacion", "fuente_pdf": "http://www.diariooficial.interior.gob.cl/publicaciones/2026/09/14/44550/07/2868725.pdf", "archivo": "gm_manifestacion_2868725.pdf", "fecha": "14-09-2026", "edicion": "44550" }, "geometry": { "type": "Polygon", "coordinates": [ [ [ -69.585579910405556, -26.833472418253525 ], [ -69.575516096651938, -26.833513708148899 ], [ -69.575561733913673, -26.842542063544109 ], [ -69.585626345597149, -26.842500757564 ], [ -69.585579910405556, -26.833472418253525 ] ] ] } },
{ "type": "Feature", "properties": { "cve": "2868753", "nombre": "MENCIA 1 AL 20", "solicitante": "Saavedra López René Antonio", "region": "REGIÓN DE ATACAMA", "provincia": "Provincia de Chañaral", "comuna": null, "superficie_ha": 100.0, "datum_original": "PSAD56", "huso": 19, "epsg_origen": 24879, "tipo_publicacion": "manifestacion", "fuente_pdf": "http://www.diariooficial.interior.gob.cl/publicaciones/2026/09/14/44550/07/2868753.pdf", "archivo": "gm_manifestacion_2868753.pdf", "fecha": "14-09-2026", "edicion": "44550" }, "geometry": { "type": "Polygon", "coordinates": [ [ [ -69.611573745888506, -26.801320197604603 ], [ -69.601512818412758, -26.801363288607252 ], [ -69.601560450730162, -26.810391643098356 ], [ -69.611622174785936, -26.810348535295333 ], [ -69.611573745888506, -26.801320197604603 ] ] ] } },
{ "type": "Feature", "properties": { "cve": "2868959", "nombre": "Trinidad 1 al 100", "solicitante": "Austral Exploraciones SpA", "region": "REGIÓN DE ATACAMA", "provincia": "Provincia de Chañaral", "comuna": "Chañaral", "superficie_ha": 100.0, "datum_original": "PSAD56", "huso": 19, "epsg_origen": 24879, "tipo_publicacion": "manifestacion", "fuente_pdf": "http://www.diariooficial.interior.gob.cl/publicaciones/2026/09/14/44550/07/2868959.pdf", "archivo": "gm_manifestacion_2868959.pdf", "fecha": "14-09-2026", "edicion": "44550" }, "geometry": { "type": "Polygon", "coordinates": [ [ [ -70.556553658180803, -26.453756417042893 ], [ -70.546526241804656, -26.453865312487558 ], [ -70.546646857166422, -26.462891308164281 ], [ -70.556675054825035, -26.462782369884934 ], [ -70.556553658180803, -26.453756417042893 ] ] ] } },
{ "type": "Feature", "properties": { "cve": "2868587", "nombre": "COLORINA 1 AL 8", "solicitante": "Mascareña Santana Iván Arcadio", "region": "REGIÓN DE ATACAMA", "provincia": "Provincia de Huasco", "comuna": null, "superficie_ha": 40.0, "datum_original": "PSAD56", "huso": 19, "epsg_origen": 24879, "tipo_publicacion": "manifestacion", "fuente_pdf": "http://www.diariooficial.interior.gob.cl/publicaciones/2026/09/14/44550/07/2868587.pdf", "archivo": "gm_manifestacion_2868587.pdf", "fecha": "14-09-2026", "edicion": "44550" }, "geometry": { "type": "Polygon", "coordinates": [ [ [ -70.994506433615484, -28.616419974263394 ], [ -70.986327864829008, -28.616540083305537 ], [ -70.986412772352821, -28.621050595863768 ], [ -70.994591690176321, -28.620930464436906 ], [ -70.994506433615484, -28.616419974263394 ] ] ] } },
{ "type": "Feature", "properties": { "cve": "2868658", "nombre": "NUEVA ATARDECER I, 1 AL 10", "solicitante": "Tamblay Silva Juan Alberto", "region": "REGIÓN DE ATACAMA", "provincia": "Provincia de Huasco", "comuna": null, "superficie_ha": 30.0, "datum_original": "WGS84", "huso": 19, "epsg_origen": 32719, "tipo_publicacion": "manifestacion", "fuente_pdf": "http://www.diariooficial.interior.gob.cl/publicaciones/2026/09/14/44550/07/2868658.pdf", "archivo": "gm_manifestacion_2868658.pdf", "fecha": "14-09-2026", "edicion": "44550" }, "geometry": { "type": "Polygon", "coordinates": [ [ [ -70.896820129789972, -28.86944279250956 ], [ -70.893745592032289, -28.869486031752185 ], [ -70.89390923576093, -28.878507219903394 ], [ -70.896984038809734, -28.878463964634939 ], [ -70.896820129789972, -28.86944279250956 ] ] ] } },
{ "type": "Feature", "properties": { "cve": "2868659", "nombre": "NUEVA ATARDECER IV, 1 AL 14", "solicitante": "Tamblay Silva Juan Alberto", "region": "REGIÓN DE ATACAMA", "provincia": "Provincia de Huasco", "comuna": null, "superficie_ha": 70.0, "datum_original": "WGS84", "huso": 19, "epsg_origen": 32719, "tipo_publicacion": "manifestacion", "fuente_pdf": "http://www.diariooficial.interior.gob.cl/publicaciones/2026/09/14/44550/07/2868659.pdf", "archivo": "gm_manifestacion_2868659.pdf", "fecha": "14-09-2026", "edicion": "44550" }, "geometry": { "type": "Polygon", "coordinates": [ [ [ -70.936594054847546, -28.886021491243199 ], [ -70.922244209311174, -28.886227015199484 ], [ -70.922327309854353, -28.89073752464823 ], [ -70.936677774807166, -28.89053196262164 ], [ -70.936594054847546, -28.886021491243199 ] ] ] } },
{ "type": "Feature", "properties": { "cve": "2868588", "nombre": "ROSS 1 AL 40", "solicitante": "Mascareña Santana Iván Arcadio", "region": "REGIÓN DE ATACAMA", "provincia": "Provincia de Huasco", "comuna": "Vallenar", "superficie_ha": 40.0, "datum_original": "PSAD56", "huso": 19, "epsg_origen": 24879, "tipo_publicacion": "manifestacion", "fuente_pdf": "http://www.diariooficial.interior.gob.cl/publicaciones/2026/09/14/44550/07/2868588.pdf", "archivo": "gm_manifestacion_2868588.pdf", "fecha": "14-09-2026", "edicion": "44550" }, "geometry": { "type": "Polygon", "coordinates": [ [ [ -70.896347755906262, -28.875002179079292 ], [ -70.891223254462147, -28.875074191478163 ], [ -70.89135400339012, -28.882291138933521 ], [ -70.896478858597575, -28.88221910518455 ], [ -70.896347755906262, -28.875002179079292 ] ] ] } },
{ "type": "Feature", "properties": { "cve": "2869208", "nombre": "SAN LORENZO 1 AL 7", "solicitante": "Paredes Fredes Patricio Antonio", "region": "REGIÓN DE ATACAMA", "provincia": "Provincia de Huasco", "comuna": "Freirina", "superficie_ha": 21.0, "datum_original": "PSAD56", "huso": 19, "epsg_origen": 24879, "tipo_publicacion": "manifestacion", "fuente_pdf": "http://www.diariooficial.interior.gob.cl/publicaciones/2026/09/14/44550/07/2869208.pdf", "archivo": "gm_manifestacion_2869208.pdf", "fecha": "14-09-2026", "edicion": "44550" }, "geometry": { "type": "Polygon", "coordinates": [ [ [ -71.173277765235483, -28.855572472512161 ], [ -71.170204167742568, -28.855621988453674 ], [ -71.170335333654933, -28.861935741803812 ], [ -71.173409116558091, -28.861886213013701 ], [ -71.173277765235483, -28.855572472512161 ] ] ] } },
{ "type": "Feature", "properties": { "cve": "2869209", "nombre": "SAN LORENZO 2 1 AL 14", "solicitante": "Compañía Minera Payen Limitada", "region": "REGIÓN DE ATACAMA", "provincia": "Provincia de Huasco", "comuna": "Freirina", "superficie_ha": 98.0, "datum_original": "PSAD56", "huso": 19, "epsg_origen": 24879, "tipo_publicacion": "manifestacion", "fuente_pdf": "http://www.diariooficial.interior.gob.cl/publicaciones/2026/09/14/44550/07/2869209.pdf", "archivo": "gm_manifestacion_2869209.pdf", "fecha": "14-09-2026", "edicion": "44550" }, "geometry": { "type": "Polygon", "coordinates": [ [ [ -71.187785040754463, -28.855337812772731 ], [ -71.173441690217842, -28.855569829696623 ], [ -71.173573051428946, -28.861883569512401 ], [ -71.18791726718662, -28.861651492383896 ], [ -71.187785040754463, -28.855337812772731 ] ] ] } },
{ "type": "Feature", "properties": { "cve": "2869273", "nombre": "CONDOR 1 AL 20", "solicitante": "Araya Cáceres Miriam Angélica", "region": "REGIÓN DE COQUIMBO", "provincia": "Provincia de Elqui", "comuna": "Vicuña", "superficie_ha": 100.0, "datum_original": "PSAD56", "huso": 19, "epsg_origen": 24879, "tipo_publicacion": "manifestacion", "fuente_pdf": "http://www.diariooficial.interior.gob.cl/publicaciones/2026/09/14/44550/07/2869273.pdf", "archivo": "gm_manifestacion_2869273.pdf", "fecha": "14-09-2026", "edicion": "44550" }, "geometry": { "type": "Polygon", "coordinates": [ [ [ -70.92742757602727, -30.093583662802704 ], [ -70.917055390681995, -30.093735428391284 ], [ -70.917229489021508, -30.102754810268724 ], [ -70.927602614903961, -30.102602989881628 ], [ -70.92742757602727, -30.093583662802704 ] ] ] } },
{ "type": "Feature", "properties": { "cve": "2868511", "nombre": "DANARHY 1 AL 150", "solicitante": "Astudillo Mendoza Gustavo Rodolfo", "region": "REGIÓN DE COQUIMBO", "provincia": "Provincia de Elqui", "comuna": "La Higuera", "superficie_ha": 150.0, "datum_original": "PSAD56", "huso": 19, "epsg_origen": 24879, "tipo_publicacion": "manifestacion", "fuente_pdf": "http://www.diariooficial.interior.gob.cl/publicaciones/2026/09/14/44550/07/2868511.pdf", "archivo": "gm_manifestacion_2868511.pdf", "fecha": "14-09-2026", "edicion": "44550" }, "geometry": { "type": "Polygon", "coordinates": [ [ [ -70.94905298028182, -29.339027067774182 ], [ -70.938758201440976, -29.339177059083674 ], [ -70.939014386064429, -29.352707507976245 ], [ -70.949310523147787, -29.352557434131317 ], [ -70.94905298028182, -29.339027067774182 ] ] ] } },
{ "type": "Feature", "properties": { "cve": "2868155", "nombre": "FLOR DEL 1 AL 50", "solicitante": "Inversiones Jonicorp SpA", "region": "REGIÓN DE COQUIMBO", "provincia": "Provincia de Elqui", "comuna": null, "superficie_ha": 250.0, "datum_original": "WGS84", "huso": 19, "epsg_origen": 32719, "tipo_publicacion": "manifestacion", "fuente_pdf": "http://www.diariooficial.interior.gob.cl/publicaciones/2026/09/14/44550/07/2868155.pdf", "archivo": "gm_manifestacion_2868155.pdf", "fecha": "14-09-2026", "edicion": "44550" }, "geometry": { "type": "Polygon", "coordinates": [ [ [ -70.943963028707913, -29.468800173241767 ], [ -70.918193107360352, -29.469174216970565 ], [ -70.918362984751084, -29.478194468644531 ], [ -70.944135184831495, -29.477820288093039 ], [ -70.943963028707913, -29.468800173241767 ] ] ] } },
{ "type": "Feature", "properties": { "cve": "2868156", "nombre": "JOSEFA DEL 1 AL 30", "solicitante": "Inversiones Jonicorp SpA", "region": "REGIÓN DE COQUIMBO", "provincia": "Provincia de Elqui", "comuna": null, "superficie_ha": 150.0, "datum_original": "WGS84", "huso": 19, "epsg_origen": 32719, "tipo_publicacion": "manifestacion", "fuente_pdf": "http://www.diariooficial.interior.gob.cl/publicaciones/2026/09/14/44550/07/2868156.pdf", "archivo": "gm_manifestacion_2868156.pdf", "fecha": "14-09-2026", "edicion": "44550" }, "geometry": { "type": "Polygon", "coordinates": [ [ [ -70.938465917267152, -29.450835056657283 ], [ -70.923006696967846, -29.451059318755338 ], [ -70.923176874967538, -29.460079569471269 ], [ -70.938637461262289, -29.459855225307962 ], [ -70.938465917267152, -29.450835056657283 ] ] ] } },
{ "type": "Feature", "properties": { "cve": "2868154", "nombre": "NICOLE DEL 1 AL 30", "solicitante": "Inversiones Jonicorp SpA", "region": "REGIÓN DE COQUIMBO", "provincia": "Provincia de Elqui", "comuna": null, "superficie_ha": 150.0, "datum_original": "WGS84", "huso": 19, "epsg_origen": 32719, "tipo_publicacion": "manifestacion", "fuente_pdf": "http://www.diariooficial.interior.gob.cl/publicaciones/2026/09/14/44550/07/2868154.pdf", "archivo": "gm_manifestacion_2868154.pdf", "fecha": "14-09-2026", "edicion": "44550" }, "geometry": { "type": "Polygon", "coordinates": [ [ [ -70.938637461262289, -29.459855225307962 ], [ -70.923176874967538, -29.460079569471269 ], [ -70.923347130528825, -29.469099807058249 ], [ -70.938809083441072, -29.468875380815508 ], [ -70.938637461262289, -29.459855225307962 ] ] ] } },
{ "type": "Feature", "properties": { "cve": "2869395", "nombre": "UKELELE 1, 1 AL 10", "solicitante": "Compañía Minera Nevada SpA", "region": "REGIÓN DE COQUIMBO", "provincia": "Provincia de Elqui", "comuna": "VICUÑA", "superficie_ha": 100.0, "datum_original": "PSAD56", "huso": 19, "epsg_origen": 24879, "tipo_publicacion": "manifestacion", "fuente_pdf": "http://www.diariooficial.interior.gob.cl/publicaciones/2026/09/14/44550/07/2869395.pdf", "archivo": "gm_manifestacion_2869395.pdf", "fecha": "14-09-2026", "edicion": "44550" }, "geometry": { "type": "Polygon", "coordinates": [ [ [ -70.038316910593267, -29.862257874584969 ], [ -70.027964574162169, -29.862338888003883 ], [ -70.02805707545798, -29.871362201891476 ], [ -70.038410343037171, -29.871281159069571 ], [ -70.038316910593267, -29.862257874584969 ] ] ] } },
{ "type": "Feature", "properties": { "cve": "2869396", "nombre": "UKELELE 2, 1 AL 20", "solicitante": "Compañía Minera Nevada SpA", "region": "REGIÓN DE COQUIMBO", "provincia": "Provincia de Elqui", "comuna": "VICUÑA", "superficie_ha": 200.0, "datum_original": "PSAD56", "huso": 19, "epsg_origen": 24879, "tipo_publicacion": "manifestacion", "fuente_pdf": "http://www.diariooficial.interior.gob.cl/publicaciones/2026/09/14/44550/07/2869396.pdf", "archivo": "gm_manifestacion_2869396.pdf", "fecha": "14-09-2026", "edicion": "44550" }, "geometry": { "type": "Polygon", "coordinates": [ [ [ -70.027058721407869, -29.874979584694017 ], [ -70.016705035040957, -29.875059746179268 ], [ -70.016888147025185, -29.893106389712777 ], [ -70.02724369733059, -29.893026170049964 ], [ -70.027058721407869, -29.874979584694017 ] ] ] } },
{ "type": "Feature", "properties": { "cve": "2869556", "nombre": "TALTAPE 10, 1 AL 30", "solicitante": "Río Tinto Mining and Exploration Limited Agencia en Chile", "region": "REGIÓN DE ARICA Y PARINACOTA", "provincia": "Provincia de Arica", "comuna": null, "superficie_ha": 300.0, "datum_original": "PSAD56", "huso": 19, "epsg_origen": 24879, "tipo_publicacion": "mensura", "fuente_pdf": "http://www.diariooficial.interior.gob.cl/publicaciones/2026/09/14/44550/07/2869556.pdf", "archivo": "gm_mensura_2869556.pdf", "fecha": "14-09-2026", "edicion": "44550" }, "geometry": { "type": "Polygon", "coordinates": [ [ [ -69.543325858607517, -19.004159706583575 ], [ -69.533824870349349, -19.004187365016659 ], [ -69.533911407409832, -19.031299117955115 ], [ -69.543413935667203, -19.031271417109771 ], [ -69.543325858607517, -19.004159706583575 ] ] ] } },
{ "type": "Feature", "properties": { "cve": "2869554", "nombre": "TALTAPE 6, 1 AL 30", "solicitante": "Río Tinto Mining and Exploration Limited Agencia en Chile", "region": "REGIÓN DE ARICA Y PARINACOTA", "provincia": "Provincia de Arica", "comuna": null, "superficie_ha": 300.0, "datum_original": "PSAD56", "huso": 19, "epsg_origen": 24879, "tipo_publicacion": "mensura", "fuente_pdf": "http://www.diariooficial.interior.gob.cl/publicaciones/2026/09/14/44550/07/2869554.pdf", "archivo": "gm_mensura_2869554.pdf", "fecha": "14-09-2026", "edicion": "44550" }, "geometry": { "type": "Polygon", "coordinates": [ [ [ -69.533824870349349, -19.004187365016659 ], [ -69.524323865777532, -19.00421453557966 ], [ -69.524408862826675, -19.031326330182274 ], [ -69.533911407409832, -19.031299117955115 ], [ -69.533824870349349, -19.004187365016659 ] ] ] } },
{ "type": "Feature", "properties": { "cve": "2869555", "nombre": "TALTAPE 8, 1 AL 30", "solicitante": "Río Tinto Mining and Exploration Limited Agencia en Chile", "region": "REGIÓN DE ARICA Y PARINACOTA", "provincia": "Provincia de Arica", "comuna": null, "superficie_ha": 300.0, "datum_original": "PSAD56", "huso": 19, "epsg_origen": 24879, "tipo_publicacion": "mensura", "fuente_pdf": "http://www.diariooficial.interior.gob.cl/publicaciones/2026/09/14/44550/07/2869555.pdf", "archivo": "gm_mensura_2869555.pdf", "fecha": "14-09-2026", "edicion": "44550" }, "geometry": { "type": "Polygon", "coordinates": [ [ [ -69.51482284518238, -19.004241218268994 ], [ -69.50532180885422, -19.004267413081138 ], [ -69.505403725845071, -19.031379288767738 ], [ -69.514906302208246, -19.031353053787651 ], [ -69.51482284518238, -19.004241218268994 ] ] ] } },
{ "type": "Feature", "properties": { "cve": "2869542", "nombre": "VISVIRI E010 1/200", "solicitante": "Minera Andes del Sur SpA", "region": "REGIÓN DE ARICA Y PARINACOTA", "provincia": "Provincia de Arica", "comuna": null, "superficie_ha": 200.0, "datum_original": "PSAD56", "huso": 19, "epsg_origen": 24879, "tipo_publicacion": "mensura", "fuente_pdf": "http://www.diariooficial.interior.gob.cl/publicaciones/2026/09/14/44550/07/2869542.pdf", "archivo": "gm_mensura_2869542.pdf", "fecha": "14-09-2026", "edicion": "44550" }, "geometry": { "type": "Polygon", "coordinates": [ [ [ -69.747594616314842, -17.882675963891487 ], [ -69.728716544287465, -17.882747462698138 ], [ -69.728753414161218, -17.891785317904702 ], [ -69.747632441122462, -17.891713780585334 ], [ -69.747594616314842, -17.882675963891487 ] ] ] } },
{ "type": "Feature", "properties": { "cve": "2869363", "nombre": "NEWEN DEL 1 AL10", "solicitante": "Vergara Novoa Leslye Paola", "region": "REGIÓN DE TARAPACÁ", "provincia": "Provincia del Tamarugal", "comuna": null, "superficie_ha": 50.0, "datum_original": "WGS84", "huso": 19, "epsg_origen": 32719, "tipo_publicacion": "mensura", "fuente_pdf": "http://www.diariooficial.interior.gob.cl/publicaciones/2026/09/14/44550/07/2869363.pdf", "archivo": "gm_mensura_2869363.pdf", "fecha": "14-09-2026", "edicion": "44550" }, "geometry": { "type": "Polygon", "coordinates": [ [ [ -69.361740146415698, -21.37776491821278 ], [ -69.356917015937356, -21.377775245643608 ], [ -69.35693892580278, -21.38681030967231 ], [ -69.361762352340321, -21.386799977458203 ], [ -69.361740146415698, -21.37776491821278 ] ] ] } },
{ "type": "Feature", "properties": { "cve": "2869360", "nombre": "BOMBONERA V, DEL 1 AL 9", "solicitante": "Pringles Cristián Daniel", "region": "REGIÓN DE ANTOFAGASTA", "provincia": "Provincia de Antofagasta", "comuna": null, "superficie_ha": 5.0, "datum_original": "PSAD56", "huso": 19, "epsg_origen": 24879, "tipo_publicacion": "mensura", "fuente_pdf": "http://www.diariooficial.interior.gob.cl/publicaciones/2026/09/14/44550/07/2869360.pdf", "archivo": "gm_mensura_2869360.pdf", "fecha": "14-09-2026", "edicion": "44550" }, "geometry": { "type": "Polygon", "coordinates": [ [ [ -70.540248118799823, -24.344397092770418 ], [ -70.535320851078183, -24.344447042613247 ], [ -70.535418850950492, -24.352572729641395 ], [ -70.54034643287811, -24.352522761005293 ], [ -70.540248118799823, -24.344397092770418 ] ] ] } },
{ "type": "Feature", "properties": { "cve": "2869440", "nombre": "ESPERANZA II, 1 AL 7", "solicitante": "Inmobiliaria Agua Pura Limitada", "region": "REGIÓN DE ANTOFAGASTA", "provincia": "Provincia de Antofagasta", "comuna": null, "superficie_ha": 49.0, "datum_original": "PSAD56", "huso": 19, "epsg_origen": 24879, "tipo_publicacion": "mensura", "fuente_pdf": "http://www.diariooficial.interior.gob.cl/publicaciones/2026/09/14/44550/07/2869440.pdf", "archivo": "gm_mensura_2869440.pdf", "fecha": "14-09-2026", "edicion": "44550" }, "geometry": { "type": "Polygon", "coordinates": [ [ [ -70.419478371876281, -23.490743330896926 ], [ -70.412624992476438, -23.490805605178384 ], [ -70.412692359910793, -23.497126642195873 ], [ -70.419546065878265, -23.497064349185667 ], [ -70.419478371876281, -23.490743330896926 ] ] ] } },
{ "type": "Feature", "properties": { "cve": "2869361", "nombre": "SOLEADA 1 AL 10", "solicitante": "Geomantos Minerals SpA", "region": "REGIÓN DE ANTOFAGASTA", "provincia": "Provincia de Antofagasta", "comuna": null, "superficie_ha": 90.0, "datum_original": "PSAD56", "huso": 19, "epsg_origen": 24879, "tipo_publicacion": "mensura", "fuente_pdf": "http://www.diariooficial.interior.gob.cl/publicaciones/2026/09/14/44550/07/2869361.pdf", "archivo": "gm_mensura_2869361.pdf", "fecha": "14-09-2026", "edicion": "44550" }, "geometry": { "type": "Polygon", "coordinates": [ [ [ -70.360557134520178, -24.194859429968222 ], [ -70.350713327216781, -24.194946992347898 ], [ -70.350798948100987, -24.203073503089652 ], [ -70.360643378929709, -24.202985907608511 ], [ -70.360557134520178, -24.194859429968222 ] ] ] } },
{ "type": "Feature", "properties": { "cve": "2868661", "nombre": "ABRAN C21, 1 al 2", "solicitante": "SCM El Abra", "region": "REGIÓN DE ANTOFAGASTA", "provincia": "Provincia de Tocopilla", "comuna": null, "superficie_ha": 10.0, "datum_original": "PSAD56", "huso": 19, "epsg_origen": 24879, "tipo_publicacion": "mensura", "fuente_pdf": "http://www.diariooficial.interior.gob.cl/publicaciones/2026/09/14/44550/07/2868661.pdf", "archivo": "gm_mensura_2868661.pdf", "fecha": "14-09-2026", "edicion": "44550" }, "geometry": { "type": "Polygon", "coordinates": [ [ [ -69.496781657096633, -22.261667733169087 ], [ -69.494840567513648, -22.261673655516621 ], [ -69.49485644492394, -22.266190596266682 ], [ -69.496797596782301, -22.266184672591667 ], [ -69.496781657096633, -22.261667733169087 ] ] ] } },
{ "type": "Feature", "properties": { "cve": "2868662", "nombre": "ABRAN C43, 1 al 40", "solicitante": "SCM El Abra", "region": "REGIÓN DE ANTOFAGASTA", "provincia": "Provincia de Tocopilla", "comuna": null, "superficie_ha": 200.0, "datum_original": "PSAD56", "huso": 19, "epsg_origen": 24879, "tipo_publicacion": "mensura", "fuente_pdf": "http://www.diariooficial.interior.gob.cl/publicaciones/2026/09/14/44550/07/2868662.pdf", "archivo": "gm_mensura_2868662.pdf", "fecha": "14-09-2026", "edicion": "44550" }, "geometry": { "type": "Polygon", "coordinates": [ [ [ -69.195912830659694, -22.266826065009724 ], [ -69.176500595157407, -22.26684831210714 ], [ -69.176511926013276, -22.275882480789928 ], [ -69.195925407709552, -22.27586022372045 ], [ -69.195912830659694, -22.266826065009724 ] ] ] } },
{ "type": "Feature", "properties": { "cve": "2868580", "nombre": "CALDERA C2, 1 al 14", "solicitante": "CCM Candelaria", "region": "REGIÓN DE ATACAMA", "provincia": "Provincia de Copiapó", "comuna": null, "superficie_ha": 60.0, "datum_original": "PSAD56", "huso": 19, "epsg_origen": 24879, "tipo_publicacion": "mensura", "fuente_pdf": "http://www.diariooficial.interior.gob.cl/publicaciones/2026/09/14/44550/07/2868580.pdf", "archivo": "gm_mensura_2868580.pdf", "fecha": "14-09-2026", "edicion": "44550" }, "geometry": { "type": "Polygon", "coordinates": [ [ [ -70.840108851369649, -27.06235726115095 ], [ -70.832045263674132, -27.062462534822586 ], [ -70.832147944920237, -27.068779253909241 ], [ -70.84121998571365, -27.068660756460215 ], [ -70.841161016438164, -27.065051221783218 ], [ -70.840153046901634, -27.065064414994275 ], [ -70.840108851369649, -27.06235726115095 ] ] ] } },
{ "type": "Feature", "properties": { "cve": "2868581", "nombre": "CALDERA C2, 41 AL 60", "solicitante": "CCM Candelaria", "region": "REGIÓN DE ATACAMA", "provincia": "Provincia de Copiapó", "comuna": null, "superficie_ha": 4.0, "datum_original": "PSAD56", "huso": 19, "epsg_origen": 24879, "tipo_publicacion": "mensura", "fuente_pdf": "http://www.diariooficial.interior.gob.cl/publicaciones/2026/09/14/44550/07/2868581.pdf", "archivo": "gm_mensura_2868581.pdf", "fecha": "14-09-2026", "edicion": "44550" }, "geometry": { "type": "Polygon", "coordinates": [ [ [ -70.851258659471952, -27.063564795032224 ], [ -70.84621890003703, -27.063631047334148 ], [ -70.846233680899118, -27.064533428798306 ], [ -70.845215437659107, -27.064546793025034 ], [ -70.845230211072362, -27.065449174882215 ], [ -70.845200274350105, -27.065449567695829 ], [ -70.845244598023399, -27.06815671256772 ], [ -70.842220611005061, -27.068196362518638 ], [ -70.842294376715572, -27.072708275826511 ], [ -70.852374712263256, -27.072575831095243 ], [ -70.852256050571071, -27.065356809308945 ], [ -70.851278323608767, -27.065369684075804 ], [ -70.851263501840009, -27.064467305295036 ], [ -70.851273581422149, -27.064467172605259 ], [ -70.851258659471952, -27.063564795032224 ] ] ] } },
{ "type": "Feature", "properties": { "cve": "2868777", "nombre": "CARLONCHO A 1 AL 20", "solicitante": "Sociedad Gardner y Esteffan Limitada", "region": "REGIÓN DE ATACAMA", "provincia": "Provincia de Copiapó", "comuna": null, "superficie_ha": 200.0, "datum_original": "WGS84", "huso": 19, "epsg_origen": 32719, "tipo_publicacion": "mensura", "fuente_pdf": "http://www.diariooficial.interior.gob.cl/publicaciones/2026/09/14/44550/07/2868777.pdf", "archivo": "gm_mensura_2868777.pdf", "fecha": "14-09-2026", "edicion": "44550" }, "geometry": { "type": "Polygon", "coordinates": [ [ [ -70.039039917611035, -27.100571236264102 ], [ -70.028953471994797, -27.100645457372519 ], [ -70.029118604851618, -27.118699442223068 ], [ -70.039206668496831, -27.11862516369052 ], [ -70.039039917611035, -27.100571236264102 ] ] ] } },
{ "type": "Feature", "properties": { "cve": "2868947", "nombre": "DEL CARMEN", "solicitante": "Aciar Jeraldo Omar Eduard", "region": "REGIÓN DE ATACAMA", "provincia": "Provincia de Copiapó", "comuna": null, "superficie_ha": 1.0, "datum_original": "PSAD56", "huso": 19, "epsg_origen": 24879, "tipo_publicacion": "mensura", "fuente_pdf": "http://www.diariooficial.interior.gob.cl/publicaciones/2026/09/14/44550/07/2868947.pdf", "archivo": "gm_mensura_2868947.pdf", "fecha": "14-09-2026", "edicion": "44550" }, "geometry": { "type": "Polygon", "coordinates": [ [ [ -70.640655929592612, -27.418198277983535 ], [ -70.639644665779258, -27.418210175447609 ], [ -70.639657994221579, -27.419112610275622 ], [ -70.640669266246391, -27.419100712355121 ], [ -70.640655929592612, -27.418198277983535 ] ] ] } },
{ "type": "Feature", "properties": { "cve": "2868582", "nombre": "GAVI 1 a GAVI 40", "solicitante": "CCM Candelaria", "region": "REGIÓN DE ATACAMA", "provincia": "Provincia de Copiapó", "comuna": null, "superficie_ha": 168.0, "datum_original": "PSAD56", "huso": 19, "epsg_origen": 24879, "tipo_publicacion": "mensura", "fuente_pdf": "http://www.diariooficial.interior.gob.cl/publicaciones/2026/09/14/44550/07/2868582.pdf", "archivo": "gm_mensura_2868582.pdf", "fecha": "14-09-2026", "edicion": "44550" }, "geometry": { "type": "Polygon", "coordinates": [ [ [ -70.337854803558116, -27.471530567890326 ], [ -70.327735883831778, -27.471627424640168 ], [ -70.327952341315097, -27.489678514164599 ], [ -70.334024688308517, -27.48962044383039 ], [ -70.333937685367843, -27.482400031664699 ], [ -70.337985642741245, -27.482361182918744 ], [ -70.337854803558116, -27.471530567890326 ] ] ] } },
{ "type": "Feature", "properties": { "cve": "2868583", "nombre": "GAVI 41 a GAVI 60", "solicitante": "CCM Candelaria", "region": "REGIÓN DE ATACAMA", "provincia": "Provincia de Copiapó", "comuna": null, "superficie_ha": 100.0, "datum_original": "PSAD56", "huso": 19, "epsg_origen": 24879, "tipo_publicacion": "mensura", "fuente_pdf": "http://www.diariooficial.interior.gob.cl/publicaciones/2026/09/14/44550/07/2868583.pdf", "archivo": "gm_mensura_2868583.pdf", "fecha": "14-09-2026", "edicion": "44550" }, "geometry": { "type": "Polygon", "coordinates": [ [ [ -70.327735883831778, -27.471627424640168 ], [ -70.317616913701627, -27.471723546466848 ], [ -70.317724293173129, -27.480749134159201 ], [ -70.323796175715884, -27.480691527188334 ], [ -70.327735883831778, -27.471627424640168 ] ] ] } },
{ "type": "Feature", "properties": { "cve": "2868778", "nombre": "KIJOTERO 1 1 AL 30", "solicitante": "Sociedad Gardner y Esteffan Limitada", "region": "REGIÓN DE ATACAMA", "provincia": "Provincia de Copiapó", "comuna": null, "superficie_ha": 300.0, "datum_original": "WGS84", "huso": 19, "epsg_origen": 32719, "tipo_publicacion": "mensura", "fuente_pdf": "http://www.diariooficial.interior.gob.cl/publicaciones/2026/09/14/44550/07/2868778.pdf", "archivo": "gm_mensura_2868778.pdf", "fecha": "14-09-2026", "edicion": "44550" }, "geometry": { "type": "Polygon", "coordinates": [ [ [ -70.039290102508772, -27.127652109642383 ], [ -70.009023367148927, -27.127872857605283 ], [ -70.009104410299969, -27.136899877042293 ], [ -70.03937357558469, -27.136679043749691 ], [ -70.039290102508772, -27.127652109642383 ] ] ] } },
{ "type": "Feature", "properties": { "cve": "2869164", "nombre": "MISIA RAQUEL 1 AL 10", "solicitante": "Pérez Vargas Miguel Ángel", "region": "REGIÓN DE ATACAMA", "provincia": "Provincia de Copiapó", "comuna": null, "superficie_ha": 10.0, "datum_original": "PSAD56", "huso": 19, "epsg_origen": 24879, "tipo_publicacion": "mensura", "fuente_pdf": "http://www.diariooficial.interior.gob.cl/publicaciones/2026/09/14/44550/07/2869164.pdf", "archivo": "gm_mensura_2869164.pdf", "fecha": "14-09-2026", "edicion": "44550" }, "geometry": { "type": "Polygon", "coordinates": [ [ [ -70.103758541901541, -27.520974708658155 ], [ -70.10173368086835, -27.520990763300397 ], [ -70.101778664072597, -27.525503887016693 ], [ -70.103803607738953, -27.52548782930203 ], [ -70.103758541901541, -27.520974708658155 ] ] ] } },
{ "type": "Feature", "properties": { "cve": "2869179", "nombre": "NEGRITA III 1 AL 20", "solicitante": "Said Vitali Eduardo Ardito", "region": "REGIÓN DE ATACAMA", "provincia": "Provincia de Copiapó", "comuna": null, "superficie_ha": 100.0, "datum_original": "PSAD56", "huso": 19, "epsg_origen": 24879, "tipo_publicacion": "mensura", "fuente_pdf": "http://www.diariooficial.interior.gob.cl/publicaciones/2026/09/14/44550/07/2869179.pdf", "archivo": "gm_mensura_2869179.pdf", "fecha": "14-09-2026", "edicion": "44550" }, "geometry": { "type": "Polygon", "coordinates": [ [ [ -70.945648860949021, -27.334854480723692 ], [ -70.935545453399655, -27.334994848929764 ], [ -70.935702257745092, -27.344017839497923 ], [ -70.945806482546161, -27.343877417335626 ], [ -70.945648860949021, -27.334854480723692 ] ] ] } },
{ "type": "Feature", "properties": { "cve": "2869165", "nombre": "PATACON I AL 10", "solicitante": "Pérez Vargas Miguel Ángel", "region": "REGIÓN DE ATACAMA", "provincia": "Provincia de Copiapó", "comuna": null, "superficie_ha": 10.0, "datum_original": "PSAD56", "huso": 19, "epsg_origen": 24879, "tipo_publicacion": "mensura", "fuente_pdf": "http://www.diariooficial.interior.gob.cl/publicaciones/2026/09/14/44550/07/2869165.pdf", "archivo": "gm_mensura_2869165.pdf", "fecha": "14-09-2026", "edicion": "44550" }, "geometry": { "type": "Polygon", "coordinates": [ [ [ -70.379778582046157, -27.261704189853987 ], [ -70.36967889716351, -27.261803391989442 ], [ -70.369745266141308, -27.267218794334248 ], [ -70.379845440035837, -27.267119569271312 ], [ -70.379778582046157, -27.261704189853987 ] ] ] } },
{ "type": "Feature", "properties": { "cve": "2868779", "nombre": "SANCHO 1 AL 30", "solicitante": "Sociedad Gardner y Esteffan Limitada", "region": "REGIÓN DE ATACAMA", "provincia": "Provincia de Copiapó", "comuna": null, "superficie_ha": 214.0, "datum_original": "WGS84", "huso": 19, "epsg_origen": 32719, "tipo_publicacion": "mensura", "fuente_pdf": "http://www.diariooficial.interior.gob.cl/publicaciones/2026/09/14/44550/07/2868779.pdf", "archivo": "gm_mensura_2868779.pdf", "fecha": "14-09-2026", "edicion": "44550" }, "geometry": { "type": "Polygon", "coordinates": [ [ [ -69.988528032329725, -27.091907981968721 ], [ -69.97844220578628, -27.091978556899594 ], [ -69.978677714127315, -27.11905996997514 ], [ -69.984730670493903, -27.119017662781449 ], [ -69.984691153317172, -27.114504109496092 ], [ -69.988726288293648, -27.114475765308313 ], [ -69.98863109646642, -27.103643238521062 ], [ -69.982578974288685, -27.103685691644781 ], [ -69.982492295767997, -27.093755842417295 ], [ -69.988543884267102, -27.093713407353125 ], [ -69.988528032329725, -27.091907981968721 ] ] ] } },
{ "type": "Feature", "properties": { "cve": "2869513", "nombre": "Cordillera Dos, del 1 al 14", "solicitante": "Díaz Díaz Nelson Cristián", "region": "REGIÓN DE COQUIMBO", "provincia": "Provincia de Limarí", "comuna": null, "superficie_ha": 84.0, "datum_original": "PSAD56", "huso": 19, "epsg_origen": 24879, "tipo_publicacion": "mensura", "fuente_pdf": "http://www.diariooficial.interior.gob.cl/publicaciones/2026/09/14/44550/07/2869513.pdf", "archivo": "gm_mensura_2869513.pdf", "fecha": "14-09-2026", "edicion": "44550" }, "geometry": { "type": "Polygon", "coordinates": [ [ [ -70.506961127372605, -30.657149894732029 ], [ -70.494440146497411, -30.657294479890158 ], [ -70.494537313413844, -30.663608891755644 ], [ -70.507059107642036, -30.663464270454106 ], [ -70.506961127372605, -30.657149894732029 ] ] ] } },
{ "type": "Feature", "properties": { "cve": "2869498", "nombre": "LA CALLANADA 1 AL 29", "solicitante": "Briceño Vicencio Carolina Pilar", "region": "REGIÓN DE COQUIMBO", "provincia": "Provincia de Limarí", "comuna": null, "superficie_ha": 100.0, "datum_original": "WGS84", "huso": 19, "epsg_origen": 32719, "tipo_publicacion": "mensura", "fuente_pdf": "http://www.diariooficial.interior.gob.cl/publicaciones/2026/09/14/44550/07/2869498.pdf", "archivo": "gm_mensura_2869498.pdf", "fecha": "14-09-2026", "edicion": "44550" }, "geometry": { "type": "Polygon", "coordinates": [ [ [ -71.547984638180466, -31.140973222340545 ], [ -71.537504601972884, -31.141180239082129 ], [ -71.537744844225202, -31.150194380063212 ], [ -71.548225870034116, -31.149987290119775 ], [ -71.547984638180466, -31.140973222340545 ] ] ] } },
{ "type": "Feature", "properties": { "cve": "2869497", "nombre": "LA TUTU 1 AL 9", "solicitante": "Vicencio Cofré Johana María", "region": "REGIÓN DE COQUIMBO", "provincia": "Provincia de Limarí", "comuna": null, "superficie_ha": 36.0, "datum_original": "WGS84", "huso": 19, "epsg_origen": 32719, "tipo_publicacion": "mensura", "fuente_pdf": "http://www.diariooficial.interior.gob.cl/publicaciones/2026/09/14/44550/07/2869497.pdf", "archivo": "gm_mensura_2869497.pdf", "fecha": "14-09-2026", "edicion": "44550" }, "geometry": { "type": "Polygon", "coordinates": [ [ [ -71.539384314109, -31.133026177894362 ], [ -71.534144711417468, -31.133129419255727 ], [ -71.534288607457285, -31.138537926419254 ], [ -71.537432550355291, -31.138475993999624 ], [ -71.537504601972884, -31.141180239082129 ], [ -71.539600617867038, -31.141138903849537 ], [ -71.539384314109, -31.133026177894362 ] ] ] } },
{ "type": "Feature", "properties": { "cve": "2869575", "nombre": "PORVENIR DEL 1 AL 10", "solicitante": "Coronado Cortés Isaías", "region": "REGIÓN DE COQUIMBO", "provincia": "Provincia de Limarí", "comuna": null, "superficie_ha": null, "datum_original": "PSAD56", "huso": 19, "epsg_origen": 24879, "tipo_publicacion": "mensura", "fuente_pdf": "http://www.diariooficial.interior.gob.cl/publicaciones/2026/09/14/44550/07/2869575.pdf", "archivo": "gm_mensura_2869575.pdf", "fecha": "14-09-2026", "edicion": "44550" }, "geometry": { "type": "Polygon", "coordinates": [ [ [ -70.935032875507716, -30.928877365489438 ], [ -70.929802296059364, -30.928955550736426 ], [ -70.92998348346751, -30.937973699880462 ], [ -70.935214553264117, -30.937895486863489 ], [ -70.935032875507716, -30.928877365489438 ] ] ] } },
{ "type": "Feature", "properties": { "cve": "2868393", "nombre": "AMELIA, 1 AL 40", "solicitante": "Minera El Águila SpA", "region": "REGIÓN METROPOLITANA DE SANTIAGO", "provincia": "Provincia de Santiago", "comuna": null, "superficie_ha": 40.0, "datum_original": "PSAD56", "huso": 19, "epsg_origen": 24879, "tipo_publicacion": "mensura", "fuente_pdf": "http://www.diariooficial.interior.gob.cl/publicaciones/2026/09/14/44550/07/2868393.pdf", "archivo": "gm_mensura_2868393.pdf", "fecha": "14-09-2026", "edicion": "44550" }, "geometry": { "type": "Polygon", "coordinates": [ [ [ -70.891605831983725, -33.515806306557877 ], [ -70.896947442153731, -33.513921078838536 ], [ -70.886185707994343, -33.514085444934842 ], [ -70.886263980506598, -33.517691311341473 ], [ -70.897026160602991, -33.517526922900934 ], [ -70.891605831983725, -33.515806306557877 ] ] ] } },
{ "type": "Feature", "properties": { "cve": "2868413", "nombre": "TAMANGO 1 1/56", "solicitante": "GR Liun SpA", "region": "REGIÓN DEL MAULE", "provincia": "Provincia de Linares", "comuna": null, "superficie_ha": 56.0, "datum_original": "PSAD56", "huso": 19, "epsg_origen": 24879, "tipo_publicacion": "mensura", "fuente_pdf": "http://www.diariooficial.interior.gob.cl/publicaciones/2026/09/14/44550/07/2868413.pdf", "archivo": "gm_mensura_2868413.pdf", "fecha": "14-09-2026", "edicion": "44550" }, "geometry": { "type": "Polygon", "coordinates": [ [ [ -71.934777844365755, -36.025632642250869 ], [ -71.927018725347608, -36.02582241968225 ], [ -71.927285419920338, -36.03302572269854 ], [ -71.935045243436889, -36.032835895407658 ], [ -71.934777844365755, -36.025632642250869 ] ] ] } },
{ "type": "Feature", "properties": { "cve": "2868427", "nombre": "ELENA 19, 1 AL 64", "solicitante": "Neore SpA", "region": "REGIÓN DE ÑUBLE", "provincia": "Provincia de Itata", "comuna": null, "superficie_ha": 64.0, "datum_original": "PSAD56", "huso": 18, "epsg_origen": 24878, "tipo_publicacion": "mensura", "fuente_pdf": "http://www.diariooficial.interior.gob.cl/publicaciones/2026/09/14/44550/07/2868427.pdf", "archivo": "gm_mensura_2868427.pdf", "fecha": "14-09-2026", "edicion": "44550" }, "geometry": { "type": "Polygon", "coordinates": [ [ [ -72.711878227039108, -36.06736900988372 ], [ -72.703001503321204, -36.067199162389926 ], [ -72.702791860689587, -36.074406019971747 ], [ -72.711669392841983, -36.074575912090104 ], [ -72.711878227039108, -36.06736900988372 ] ] ] } },
{ "type": "Feature", "properties": { "cve": "2868473", "nombre": "CABRERO 4-B, 1 AL 20", "solicitante": "Wind 3 SpA", "region": "REGIÓN DEL BIOBÍO", "provincia": "Provincia de Biobío", "comuna": null, "superficie_ha": 100.0, "datum_original": "PSAD56", "huso": 18, "epsg_origen": 24878, "tipo_publicacion": "mensura", "fuente_pdf": "http://www.diariooficial.interior.gob.cl/publicaciones/2026/09/14/44550/07/2868473.pdf", "archivo": "gm_mensura_2868473.pdf", "fecha": "14-09-2026", "edicion": "44550" }, "geometry": { "type": "Polygon", "coordinates": [ [ [ -72.323887962024259, -37.046394499870807 ], [ -72.312654529173884, -37.046140426974254 ], [ -72.31233682993566, -37.055144827788787 ], [ -72.323571586934037, -37.055398983219064 ], [ -72.323887962024259, -37.046394499870807 ] ] ] } },
{ "type": "Feature", "properties": { "cve": "2868923", "nombre": "LUCAS 1 AL 12", "solicitante": "Jaramillo", "region": "REGIÓN DE LA ARAUCANÍA", "provincia": "Provincia de Cautín", "comuna": "Toltén", "superficie_ha": 96.0, "datum_original": "PSAD56", "huso": 18, "epsg_origen": 24878, "tipo_publicacion": "mensura", "fuente_pdf": "http://www.diariooficial.interior.gob.cl/publicaciones/2026/09/14/44550/07/2868923.pdf", "archivo": "gm_mensura_2868923.pdf", "fecha": "14-09-2026", "edicion": "44550" }, "geometry": { "type": "Polygon", "coordinates": [ [ [ -73.013868394776651, -39.257778638939122 ], [ -73.004601555480008, -39.257620183811397 ], [ -73.004295036364226, -39.26842670869879 ], [ -73.013563296880548, -39.268585224436364 ], [ -73.013868394776651, -39.257778638939122 ] ] ] } },
{ "type": "Feature", "properties": { "cve": "2869535", "nombre": "LAGUNA BLANCA 1", "solicitante": "Pérez Vargas Miguel Ángel", "region": "REGIÓN DE ARICA Y PARINACOTA", "provincia": "Provincia de Parinacota", "comuna": "General Lagos", "superficie_ha": 200.0, "datum_original": "PSAD56", "huso": 19, "epsg_origen": 24879, "tipo_publicacion": "pedimento", "fuente_pdf": "http://www.diariooficial.interior.gob.cl/publicaciones/2026/09/14/44550/07/2869535.pdf", "archivo": "gm_pedimento_2869535.pdf", "fecha": "14-09-2026", "edicion": "44550" }, "geometry": { "type": "Polygon", "coordinates": [ [ [ -69.666504575929935, -17.65159219313388 ], [ -69.647650406664013, -17.651655044198673 ], [ -69.647682723717068, -17.660693268996731 ], [ -69.666537833618221, -17.660630383689529 ], [ -69.666504575929935, -17.65159219313388 ] ] ] } },
{ "type": "Feature", "properties": { "cve": "2869536", "nombre": "LAGUNA BLANCA 2", "solicitante": "Pérez Vargas Miguel Ángel", "region": "REGIÓN DE ARICA Y PARINACOTA", "provincia": "Provincia de Parinacota", "comuna": "General Lagos", "superficie_ha": 200.0, "datum_original": "PSAD56", "huso": 19, "epsg_origen": 24879, "tipo_publicacion": "pedimento", "fuente_pdf": "http://www.diariooficial.interior.gob.cl/publicaciones/2026/09/14/44550/07/2869536.pdf", "archivo": "gm_pedimento_2869536.pdf", "fecha": "14-09-2026", "edicion": "44550" }, "geometry": { "type": "Polygon", "coordinates": [ [ [ -69.655159409889023, -17.642591900507576 ], [ -69.636306134259371, -17.642653636025418 ], [ -69.636337868016398, -17.651691889318752 ], [ -69.65519208373199, -17.651630120151165 ], [ -69.655159409889023, -17.642591900507576 ] ] ] } },
{ "type": "Feature", "properties": { "cve": "2869537", "nombre": "LAGUNA BLANCA 3", "solicitante": "Pérez Vargas Miguel Ángel", "region": "REGIÓN DE ARICA Y PARINACOTA", "provincia": "Provincia de Parinacota", "comuna": "General Lagos", "superficie_ha": 200.0, "datum_original": "PSAD56", "huso": 19, "epsg_origen": 24879, "tipo_publicacion": "pedimento", "fuente_pdf": "http://www.diariooficial.interior.gob.cl/publicaciones/2026/09/14/44550/07/2869537.pdf", "archivo": "gm_pedimento_2869537.pdf", "fecha": "14-09-2026", "edicion": "44550" }, "geometry": { "type": "Polygon", "coordinates": [ [ [ -69.644757980138934, -17.63358783137182 ], [ -69.625905602184304, -17.633648542574313 ], [ -69.625936800292607, -17.64268682237222 ], [ -69.644790117782975, -17.642626078063408 ], [ -69.644757980138934, -17.63358783137182 ] ] ] } },
{ "type": "Feature", "properties": { "cve": "2869538", "nombre": "LAGUNA BLANCA 4", "solicitante": "Pérez Varga Miguel Ángel", "region": "REGIÓN DE ARICA Y PARINACOTA", "provincia": "Provincia de Parinacota", "comuna": "General Lagos", "superficie_ha": 200.0, "datum_original": "PSAD56", "huso": 19, "epsg_origen": 24879, "tipo_publicacion": "pedimento", "fuente_pdf": "http://www.diariooficial.interior.gob.cl/publicaciones/2026/09/14/44550/07/2869538.pdf", "archivo": "gm_pedimento_2869538.pdf", "fecha": "14-09-2026", "edicion": "44550" }, "geometry": { "type": "Polygon", "coordinates": [ [ [ -69.633415007303284, -17.624586199153715 ], [ -69.614563523451793, -17.62464579710182 ], [ -69.614594139576667, -17.633684104702372 ], [ -69.633446562414434, -17.63362447424042 ], [ -69.633415007303284, -17.624586199153715 ] ] ] } },
{ "type": "Feature", "properties": { "cve": "2869474", "nombre": "COLOSSUS X1", "solicitante": "Invexmin Chile SpA", "region": "REGIÓN DE TARAPACÁ", "provincia": "Provincia del Tamarugal", "comuna": "Pica", "superficie_ha": 300.0, "datum_original": "PSAD56", "huso": 19, "epsg_origen": 24879, "tipo_publicacion": "pedimento", "fuente_pdf": "http://www.diariooficial.interior.gob.cl/publicaciones/2026/09/14/44550/07/2869474.pdf", "archivo": "gm_pedimento_2869474.pdf", "fecha": "14-09-2026", "edicion": "44550" }, "geometry": { "type": "Polygon", "coordinates": [ [ [ -68.724465720904234, -21.107548067262545 ], [ -68.71483699886457, -21.107532148830526 ], [ -68.714785192442562, -21.134638238435564 ], [ -68.724415663706296, -21.134654179222391 ], [ -68.724465720904234, -21.107548067262545 ] ] ] } },
{ "type": "Feature", "properties": { "cve": "2869368", "nombre": "LASTARRIA 1", "solicitante": "Compañía Minera Minerales Copiapó Limitada", "region": "REGIÓN DE ANTOFAGASTA", "provincia": "Provincia de Antofagasta", "comuna": null, "superficie_ha": 200.0, "datum_original": "PSAD56", "huso": 19, "epsg_origen": 24879, "tipo_publicacion": "pedimento", "fuente_pdf": "http://www.diariooficial.interior.gob.cl/publicaciones/2026/09/14/44550/07/2869368.pdf", "archivo": "gm_pedimento_2869368.pdf", "fecha": "14-09-2026", "edicion": "44550" }, "geometry": { "type": "Polygon", "coordinates": [ [ [ -68.525776285464445, -25.151812244202695 ], [ -68.505933037161853, -25.151747387872692 ], [ -68.5058966701435, -25.160777867748489 ], [ -68.52574137892114, -25.160842750547435 ], [ -68.525776285464445, -25.151812244202695 ] ] ] } },
{ "type": "Feature", "properties": { "cve": "2869450", "nombre": "NEGRITA", "solicitante": "Pruneda Flores Alyson Jenyffer Jesús", "region": "REGIÓN DE ANTOFAGASTA", "provincia": "Provincia de Antofagasta", "comuna": "Antofagasta", "superficie_ha": 400.0, "datum_original": "PSAD56", "huso": 19, "epsg_origen": 24879, "tipo_publicacion": "pedimento", "fuente_pdf": "http://www.diariooficial.interior.gob.cl/publicaciones/2026/09/14/44550/07/2869450.pdf", "archivo": "gm_pedimento_2869450.pdf", "fecha": "14-09-2026", "edicion": "44550" }, "geometry": { "type": "Polygon", "coordinates": [ [ [ -70.15754569359882, -24.172153535646967 ], [ -70.137859989648291, -24.172301672800234 ], [ -70.138020152928178, -24.190362091605003 ], [ -70.157708626310097, -24.190213829897729 ], [ -70.15754569359882, -24.172153535646967 ] ] ] } },
{ "type": "Feature", "properties": { "cve": "2869275", "nombre": "YARI 3", "solicitante": "Mantos SpA", "region": "REGIÓN DE ATACAMA", "provincia": "Provincia de Copiapó", "comuna": "Copiapó", "superficie_ha": 300.0, "datum_original": "PSAD56", "huso": 19, "epsg_origen": 24879, "tipo_publicacion": "pedimento", "fuente_pdf": "http://www.diariooficial.interior.gob.cl/publicaciones/2026/09/14/44550/07/2869275.pdf", "archivo": "gm_pedimento_2869275.pdf", "fecha": "14-09-2026", "edicion": "44550" }, "geometry": { "type": "Polygon", "coordinates": [ [ [ -69.59912368386793, -27.48750197268042 ], [ -69.568755876598459, -27.487629357918919 ], [ -69.5688022621747, -27.496656875321165 ], [ -69.599172545775588, -27.496529441277712 ], [ -69.59912368386793, -27.48750197268042 ] ] ] } },
{ "type": "Feature", "properties": { "cve": "2869276", "nombre": "YARI 4", "solicitante": "Mantos SpA", "region": "REGIÓN DE ATACAMA", "provincia": "Provincia de Copiapó", "comuna": "Copiapó", "superficie_ha": 100.0, "datum_original": "PSAD56", "huso": 19, "epsg_origen": 24879, "tipo_publicacion": "pedimento", "fuente_pdf": "http://www.diariooficial.interior.gob.cl/publicaciones/2026/09/14/44550/07/2869276.pdf", "archivo": "gm_pedimento_2869276.pdf", "fecha": "14-09-2026", "edicion": "44550" }, "geometry": { "type": "Polygon", "coordinates": [ [ [ -69.568755876598459, -27.487629357918919 ], [ -69.558633230447313, -27.487670347676826 ], [ -69.558678790564429, -27.496697880783454 ], [ -69.5688022621747, -27.496656875321165 ], [ -69.568755876598459, -27.487629357918919 ] ] ] } },
{ "type": "Feature", "properties": { "cve": "2869277", "nombre": "YARI 5", "solicitante": "Mantos SpA", "region": "REGIÓN DE ATACAMA", "provincia": "Provincia de Copiapó", "comuna": "Copiapó", "superficie_ha": 300.0, "datum_original": "PSAD56", "huso": 19, "epsg_origen": 24879, "tipo_publicacion": "pedimento", "fuente_pdf": "http://www.diariooficial.interior.gob.cl/publicaciones/2026/09/14/44550/07/2869277.pdf", "archivo": "gm_pedimento_2869277.pdf", "fecha": "14-09-2026", "edicion": "44550" }, "geometry": { "type": "Polygon", "coordinates": [ [ [ -69.589049140164903, -27.496572655562289 ], [ -69.558678790564429, -27.496697880783454 ], [ -69.55872437191239, -27.50572540201107 ], [ -69.589097199021268, -27.505600128823232 ], [ -69.589049140164903, -27.496572655562289 ] ] ] } },
{ "type": "Feature", "properties": { "cve": "2869278", "nombre": "YARI 6", "solicitante": "Mantos SpA", "region": "REGIÓN DE ATACAMA", "provincia": "Provincia de Copiapó", "comuna": "Copiapó", "superficie_ha": 300.0, "datum_original": "PSAD56", "huso": 19, "epsg_origen": 24879, "tipo_publicacion": "pedimento", "fuente_pdf": "http://www.diariooficial.interior.gob.cl/publicaciones/2026/09/14/44550/07/2869278.pdf", "archivo": "gm_pedimento_2869278.pdf", "fecha": "14-09-2026", "edicion": "44550" }, "geometry": { "type": "Polygon", "coordinates": [ [ [ -69.589097199021268, -27.505600128823232 ], [ -69.55872437191239, -27.50572540201107 ], [ -69.558769974498603, -27.514752911357082 ], [ -69.589145280270174, -27.514627590194941 ], [ -69.589097199021268, -27.505600128823232 ] ] ] } },
{ "type": "Feature", "properties": { "cve": "2869132", "nombre": "ANDINO 1", "solicitante": "Sáez Sáez Ana Carolina", "region": "REGIÓN DE ATACAMA", "provincia": "Provincia de Huasco", "comuna": null, "superficie_ha": 300.0, "datum_original": "PSAD56", "huso": 19, "epsg_origen": 24879, "tipo_publicacion": "pedimento", "fuente_pdf": "http://www.diariooficial.interior.gob.cl/publicaciones/2026/09/14/44550/07/2869132.pdf", "archivo": "gm_pedimento_2869132.pdf", "fecha": "14-09-2026", "edicion": "44550" }, "geometry": { "type": "Polygon", "coordinates": [ [ [ -71.192707371485085, -28.811498123741984 ], [ -71.161984390874238, -28.811993873961764 ], [ -71.16217073843498, -28.821013627535969 ], [ -71.192896362009378, -28.820517693360543 ], [ -71.192707371485085, -28.811498123741984 ] ] ] } },
{ "type": "Feature", "properties": { "cve": "2869133", "nombre": "ANDINO 2", "solicitante": "Sáez Sáez Ana Carolina", "region": "REGIÓN DE ATACAMA", "provincia": "Provincia de Huasco", "comuna": null, "superficie_ha": 200.0, "datum_original": "PSAD56", "huso": 19, "epsg_origen": 24879, "tipo_publicacion": "pedimento", "fuente_pdf": "http://www.diariooficial.interior.gob.cl/publicaciones/2026/09/14/44550/07/2869133.pdf", "archivo": "gm_pedimento_2869133.pdf", "fecha": "14-09-2026", "edicion": "44550" }, "geometry": { "type": "Polygon", "coordinates": [ [ [ -71.212236475323124, -28.766066316394959 ], [ -71.202000139970437, -28.766233583645196 ], [ -71.20237910004154, -28.784272718734986 ], [ -71.212617193552575, -28.784105327215084 ], [ -71.212236475323124, -28.766066316394959 ] ] ] } },
{ "type": "Feature", "properties": { "cve": "2869134", "nombre": "ANDINO 3", "solicitante": "Sáez Sáez Ana Carolina", "region": "REGIÓN DE ATACAMA", "provincia": "Provincia de Huasco", "comuna": null, "superficie_ha": 200.0, "datum_original": "PSAD56", "huso": 19, "epsg_origen": 24879, "tipo_publicacion": "pedimento", "fuente_pdf": "http://www.diariooficial.interior.gob.cl/publicaciones/2026/09/14/44550/07/2869134.pdf", "archivo": "gm_pedimento_2869134.pdf", "fecha": "14-09-2026", "edicion": "44550" }, "geometry": { "type": "Polygon", "coordinates": [ [ [ -71.202000139970437, -28.766233583645196 ], [ -71.191763717739292, -28.766400076383679 ], [ -71.192140919588695, -28.784439335168091 ], [ -71.20237910004154, -28.784272718734986 ], [ -71.202000139970437, -28.766233583645196 ] ] ] } },
{ "type": "Feature", "properties": { "cve": "2869135", "nombre": "ANDINO 4", "solicitante": "Sáez Sáez Ana Carolina", "region": "REGIÓN DE ATACAMA", "provincia": "Provincia de Huasco", "comuna": null, "superficie_ha": 200.0, "datum_original": "PSAD56", "huso": 19, "epsg_origen": 24879, "tipo_publicacion": "pedimento", "fuente_pdf": "http://www.diariooficial.interior.gob.cl/publicaciones/2026/09/14/44550/07/2869135.pdf", "archivo": "gm_pedimento_2869135.pdf", "fecha": "14-09-2026", "edicion": "44550" }, "geometry": { "type": "Polygon", "coordinates": [ [ [ -71.212617193552575, -28.784105327215084 ], [ -71.20237910004154, -28.784272718734986 ], [ -71.202758407880836, -28.802311800665819 ], [ -71.212998261161886, -28.802144284834551 ], [ -71.212617193552575, -28.784105327215084 ] ] ] } },
{ "type": "Feature", "properties": { "cve": "2869136", "nombre": "ANDINO 5", "solicitante": "Sáez Sáez Ana Carolina", "region": "REGIÓN DE ATACAMA", "provincia": "Provincia de Huasco", "comuna": null, "superficie_ha": 200.0, "datum_original": "PSAD56", "huso": 19, "epsg_origen": 24879, "tipo_publicacion": "pedimento", "fuente_pdf": "http://www.diariooficial.interior.gob.cl/publicaciones/2026/09/14/44550/07/2869136.pdf", "archivo": "gm_pedimento_2869136.pdf", "fecha": "14-09-2026", "edicion": "44550" }, "geometry": { "type": "Polygon", "coordinates": [ [ [ -71.20237910004154, -28.784272718734986 ], [ -71.192140919588695, -28.784439335168091 ], [ -71.192518467594581, -28.802478540835057 ], [ -71.202758407880836, -28.802311800665819 ], [ -71.20237910004154, -28.784272718734986 ] ] ] } },
{ "type": "Feature", "properties": { "cve": "2869137", "nombre": "ANDINO 6", "solicitante": "Sáez Sáez Ana Carolina", "region": "REGIÓN DE ATACAMA", "provincia": "Provincia de Huasco", "comuna": null, "superficie_ha": 200.0, "datum_original": "PSAD56", "huso": 19, "epsg_origen": 24879, "tipo_publicacion": "pedimento", "fuente_pdf": "http://www.diariooficial.interior.gob.cl/publicaciones/2026/09/14/44550/07/2869137.pdf", "archivo": "gm_pedimento_2869137.pdf", "fecha": "14-09-2026", "edicion": "44550" }, "geometry": { "type": "Polygon", "coordinates": [ [ [ -71.212998261161886, -28.802144284834551 ], [ -71.202758407880836, -28.802311800665819 ], [ -71.203138063741932, -28.820350829413591 ], [ -71.213379678405829, -28.820183189229205 ], [ -71.212998261161886, -28.802144284834551 ] ] ] } },
{ "type": "Feature", "properties": { "cve": "2869414", "nombre": "CONCILIADORA 1", "solicitante": "Solís Portales Cristián Andrés", "region": "REGIÓN DE COQUIMBO", "provincia": "Provincia de Elqui", "comuna": "Vicuña", "superficie_ha": 200.0, "datum_original": "PSAD56", "huso": 19, "epsg_origen": 24879, "tipo_publicacion": "pedimento", "fuente_pdf": "http://www.diariooficial.interior.gob.cl/publicaciones/2026/09/14/44550/07/2869414.pdf", "archivo": "gm_pedimento_2869414.pdf", "fecha": "14-09-2026", "edicion": "44550" }, "geometry": { "type": "Polygon", "coordinates": [ [ [ -70.239447212746072, -29.607673855336884 ], [ -70.218796140346967, -29.607865127346614 ], [ -70.218904687433607, -29.616888199469606 ], [ -70.239557597897658, -29.616696857673297 ], [ -70.239447212746072, -29.607673855336884 ] ] ] } },
{ "type": "Feature", "properties": { "cve": "2869415", "nombre": "CONCILIADORA 2", "solicitante": "Solís Portales Cristián Andrés", "region": "REGIÓN DE COQUIMBO", "provincia": "Provincia de Elqui", "comuna": "Vicuña", "superficie_ha": 300.0, "datum_original": "PSAD56", "huso": 19, "epsg_origen": 24879, "tipo_publicacion": "pedimento", "fuente_pdf": "http://www.diariooficial.interior.gob.cl/publicaciones/2026/09/14/44550/07/2869415.pdf", "archivo": "gm_pedimento_2869415.pdf", "fecha": "14-09-2026", "edicion": "44550" }, "geometry": { "type": "Polygon", "coordinates": [ [ [ -70.218785288355733, -29.606962819433846 ], [ -70.208459769727767, -29.607057247461647 ], [ -70.208782786128083, -29.634126532814864 ], [ -70.219111063066492, -29.634032001409153 ], [ -70.218785288355733, -29.606962819433846 ] ] ] } },
{ "type": "Feature", "properties": { "cve": "2869416", "nombre": "CONCILIADORA 3", "solicitante": "Solís Portales Cristian Andrés", "region": "REGIÓN DE COQUIMBO", "provincia": "Provincia de Elqui", "comuna": "Vicuña", "superficie_ha": 300.0, "datum_original": "PSAD56", "huso": 19, "epsg_origen": 24879, "tipo_publicacion": "pedimento", "fuente_pdf": "http://www.diariooficial.interior.gob.cl/publicaciones/2026/09/14/44550/07/2869416.pdf", "archivo": "gm_pedimento_2869416.pdf", "fecha": "14-09-2026", "edicion": "44550" }, "geometry": { "type": "Polygon", "coordinates": [ [ [ -70.208459769727767, -29.607057247461647 ], [ -70.198134202118169, -29.607150872478957 ], [ -70.198454460153002, -29.634220260331144 ], [ -70.208782786128083, -29.634126532814864 ], [ -70.208459769727767, -29.607057247461647 ] ] ] } },
{ "type": "Feature", "properties": { "cve": "2869417", "nombre": "CONCILIADORA 4", "solicitante": "Solís Portales Cristián Andrés", "region": "REGIÓN DE COQUIMBO", "provincia": "Provincia de Elqui", "comuna": "Vicuña", "superficie_ha": 100.0, "datum_original": "PSAD56", "huso": 19, "epsg_origen": 24879, "tipo_publicacion": "pedimento", "fuente_pdf": "http://www.diariooficial.interior.gob.cl/publicaciones/2026/09/14/44550/07/2869417.pdf", "archivo": "gm_pedimento_2869417.pdf", "fecha": "14-09-2026", "edicion": "44550" }, "geometry": { "type": "Polygon", "coordinates": [ [ [ -70.229231167584814, -29.61679293022393 ], [ -70.218904687433607, -29.616888199469606 ], [ -70.219013283940541, -29.625911258854998 ], [ -70.22934068355184, -29.625815954856446 ], [ -70.229231167584814, -29.61679293022393 ] ] ] } },
{ "type": "Feature", "properties": { "cve": "2868759", "nombre": "LA VIVIANA 1", "solicitante": "Godoy Saldías Jorge", "region": "REGIÓN DE COQUIMBO", "provincia": "Provincia de Limarí", "comuna": "Ovalle", "superficie_ha": 300.0, "datum_original": "PSAD56", "huso": 19, "epsg_origen": 24879, "tipo_publicacion": "pedimento", "fuente_pdf": "http://www.diariooficial.interior.gob.cl/publicaciones/2026/09/14/44550/07/2868759.pdf", "archivo": "gm_pedimento_2868759.pdf", "fecha": "14-09-2026", "edicion": "44550" }, "geometry": { "type": "Polygon", "coordinates": [ [ [ -71.67948978945995, -30.365886897868581 ], [ -71.669094481535751, -30.366099723351109 ], [ -71.669829852102723, -30.393142421213216 ], [ -71.680228015727437, -30.392929366534961 ], [ -71.67948978945995, -30.365886897868581 ] ] ] } },
{ "type": "Feature", "properties": { "cve": "2868760", "nombre": "LA VIVIANA 2", "solicitante": "Godoy Saldías Jorge", "region": "REGIÓN DE COQUIMBO", "provincia": "Provincia de Limarí", "comuna": "Ovalle", "superficie_ha": 300.0, "datum_original": "PSAD56", "huso": 19, "epsg_origen": 24879, "tipo_publicacion": "pedimento", "fuente_pdf": "http://www.diariooficial.interior.gob.cl/publicaciones/2026/09/14/44550/07/2868760.pdf", "archivo": "gm_pedimento_2868760.pdf", "fecha": "14-09-2026", "edicion": "44550" }, "geometry": { "type": "Polygon", "coordinates": [ [ [ -71.669094481535751, -30.366099723351109 ], [ -71.658699062896787, -30.366311723475295 ], [ -71.659431577635985, -30.393354649645236 ], [ -71.669829852102723, -30.393142421213216 ], [ -71.669094481535751, -30.366099723351109 ] ] ] } },
{ "type": "Feature", "properties": { "cve": "2868763", "nombre": "LA VIVIANA 3", "solicitante": "Godoy Saldías Jorge", "region": "REGIÓN DE COQUIMBO", "provincia": "Provincia de Limarí", "comuna": "Ovalle", "superficie_ha": 300.0, "datum_original": "PSAD56", "huso": 19, "epsg_origen": 24879, "tipo_publicacion": "pedimento", "fuente_pdf": "http://www.diariooficial.interior.gob.cl/publicaciones/2026/09/14/44550/07/2868763.pdf", "archivo": "gm_pedimento_2868763.pdf", "fecha": "14-09-2026", "edicion": "44550" }, "geometry": { "type": "Polygon", "coordinates": [ [ [ -71.658699062896787, -30.366311723475295 ], [ -71.648303533972296, -30.366522898209833 ], [ -71.649033192756931, -30.393566051799745 ], [ -71.659431577635985, -30.393354649645236 ], [ -71.658699062896787, -30.366311723475295 ] ] ] } },
{ "type": "Feature", "properties": { "cve": "2868764", "nombre": "LA VIVIANA 4", "solicitante": "Godoy Saldías Jorge", "region": "REGIÓN DE COQUIMBO", "provincia": "Provincia de Limarí", "comuna": "Ovalle", "superficie_ha": 200.0, "datum_original": "PSAD56", "huso": 19, "epsg_origen": 24879, "tipo_publicacion": "pedimento", "fuente_pdf": "http://www.diariooficial.interior.gob.cl/publicaciones/2026/09/14/44550/07/2868764.pdf", "archivo": "gm_pedimento_2868764.pdf", "fecha": "14-09-2026", "edicion": "44550" }, "geometry": { "type": "Polygon", "coordinates": [ [ [ -71.648303533972296, -30.366522898209833 ], [ -71.637907895191532, -30.366733247523623 ], [ -71.638392320830235, -30.384762181898065 ], [ -71.648789863235365, -30.384551681576493 ], [ -71.648303533972296, -30.366522898209833 ] ] ] } },
{ "type": "Feature", "properties": { "cve": "2868761", "nombre": "LA VIVIANA 5", "solicitante": "Godoy Saldías Jorge", "region": "REGIÓN DE COQUIMBO", "provincia": "Provincia de Limarí", "comuna": "Ovalle", "superficie_ha": 200.0, "datum_original": "PSAD56", "huso": 19, "epsg_origen": 24879, "tipo_publicacion": "pedimento", "fuente_pdf": "http://www.diariooficial.interior.gob.cl/publicaciones/2026/09/14/44550/07/2868761.pdf", "archivo": "gm_pedimento_2868761.pdf", "fecha": "14-09-2026", "edicion": "44550" }, "geometry": { "type": "Polygon", "coordinates": [ [ [ -71.63778685718701, -30.362226004999041 ], [ -71.62739158463792, -30.362435491265511 ], [ -71.627873997539098, -30.380464590332629 ], [ -71.638271173366988, -30.38025495366383 ], [ -71.63778685718701, -30.362226004999041 ] ] ] } },
{ "type": "Feature", "properties": { "cve": "2868762", "nombre": "LA VIVIANA 6", "solicitante": "Godoy Saldías Jorge", "region": "REGIÓN DE COQUIMBO", "provincia": "Provincia de Limarí", "comuna": "Ovalle", "superficie_ha": 200.0, "datum_original": "PSAD56", "huso": 19, "epsg_origen": 24879, "tipo_publicacion": "pedimento", "fuente_pdf": "http://www.diariooficial.interior.gob.cl/publicaciones/2026/09/14/44550/07/2868762.pdf", "archivo": "gm_pedimento_2868762.pdf", "fecha": "14-09-2026", "edicion": "44550" }, "geometry": { "type": "Polygon", "coordinates": [ [ [ -71.62739158463792, -30.362435491265511 ], [ -71.616996203111952, -30.362644152197248 ], [ -71.617476712650856, -30.380673401074798 ], [ -71.627873997539098, -30.380464590332629 ], [ -71.62739158463792, -30.362435491265511 ] ] ] } },
{ "type": "Feature", "properties": { "cve": "2869241", "nombre": "ANDES V", "solicitante": "Gasoducto GasAndes S.A.", "region": "REGIÓN METROPOLITANA DE SANTIAGO", "provincia": "Provincia de Maipo", "comuna": null, "superficie_ha": 100.0, "datum_original": "PSAD56", "huso": 19, "epsg_origen": 24879, "tipo_publicacion": "pedimento", "fuente_pdf": "http://www.diariooficial.interior.gob.cl/publicaciones/2026/09/14/44550/07/2869241.pdf", "archivo": "gm_pedimento_2869241.pdf", "fecha": "14-09-2026", "edicion": "44550" }, "geometry": { "type": "Polygon", "coordinates": [ [ [ -70.610001749166955, -33.801147985177899 ], [ -70.5992025494713, -33.801288470050935 ], [ -70.599370298729525, -33.810304087730366 ], [ -70.610170630024399, -33.810163555306907 ], [ -70.610001749166955, -33.801147985177899 ] ] ] } },
{ "type": "Feature", "properties": { "cve": "2868432", "nombre": "PANAMA 12", "solicitante": "Sociedad Volcania Minerals SpA", "region": "REGIÓN METROPOLITANA DE SANTIAGO", "provincia": "Provincia de Melipilla", "comuna": null, "superficie_ha": 200.0, "datum_original": "PSAD56", "huso": 19, "epsg_origen": 24879, "tipo_publicacion": "pedimento", "fuente_pdf": "http://www.diariooficial.interior.gob.cl/publicaciones/2026/09/14/44550/07/2868432.pdf", "archivo": "gm_pedimento_2868432.pdf", "fecha": "14-09-2026", "edicion": "44550" }, "geometry": { "type": "Polygon", "coordinates": [ [ [ -71.024473012228725, -33.895129414850054 ], [ -71.002855816165777, -33.895482845160899 ], [ -71.003066638360991, -33.904496320417131 ], [ -71.024686106098031, -33.904142770671179 ], [ -71.024473012228725, -33.895129414850054 ] ] ] } },
{ "type": "Feature", "properties": { "cve": "2868428", "nombre": "PANAMA 2", "solicitante": "Sociedad Volcania Minerals SpA", "region": "REGIÓN METROPOLITANA DE SANTIAGO", "provincia": "Provincia de Melipilla", "comuna": null, "superficie_ha": 200.0, "datum_original": "PSAD56", "huso": 19, "epsg_origen": 24879, "tipo_publicacion": "pedimento", "fuente_pdf": "http://www.diariooficial.interior.gob.cl/publicaciones/2026/09/14/44550/07/2868428.pdf", "archivo": "gm_pedimento_2868428.pdf", "fecha": "14-09-2026", "edicion": "44550" }, "geometry": { "type": "Polygon", "coordinates": [ [ [ -71.088999004261552, -33.880788254605498 ], [ -71.067386295927051, -33.881152870801515 ], [ -71.067603790385078, -33.890166005296003 ], [ -71.089218768422199, -33.889801265864065 ], [ -71.088999004261552, -33.880788254605498 ] ] ] } },
{ "type": "Feature", "properties": { "cve": "2868429", "nombre": "PANAMA 3", "solicitante": "Sociedad Volcania Minerals SpA", "region": "REGIÓN METROPOLITANA DE SANTIAGO", "provincia": "Provincia de Melipilla", "comuna": null, "superficie_ha": 200.0, "datum_original": "PSAD56", "huso": 19, "epsg_origen": 24879, "tipo_publicacion": "pedimento", "fuente_pdf": "http://www.diariooficial.interior.gob.cl/publicaciones/2026/09/14/44550/07/2868429.pdf", "archivo": "gm_pedimento_2868429.pdf", "fecha": "14-09-2026", "edicion": "44550" }, "geometry": { "type": "Polygon", "coordinates": [ [ [ -71.078411328010404, -33.889984109094904 ], [ -71.067603790385078, -33.890166005296003 ], [ -71.068039069471553, -33.908192230677251 ], [ -71.078848878353, -33.908010211521898 ], [ -71.078411328010404, -33.889984109094904 ] ] ] } },
{ "type": "Feature", "properties": { "cve": "2868430", "nombre": "PANAMA 6", "solicitante": "Sociedad Volcania Minerals SpA", "region": "REGIÓN METROPOLITANA DE SANTIAGO", "provincia": "Provincia de Melipilla", "comuna": null, "superficie_ha": 200.0, "datum_original": "PSAD56", "huso": 19, "epsg_origen": 24879, "tipo_publicacion": "pedimento", "fuente_pdf": "http://www.diariooficial.interior.gob.cl/publicaciones/2026/09/14/44550/07/2868430.pdf", "archivo": "gm_pedimento_2868430.pdf", "fecha": "14-09-2026", "edicion": "44550" }, "geometry": { "type": "Polygon", "coordinates": [ [ [ -71.067603790385078, -33.890166005296003 ], [ -71.045988425509933, -33.890526956496075 ], [ -71.0462037458026, -33.899540198437606 ], [ -71.067821381552861, -33.89917912525538 ], [ -71.067603790385078, -33.890166005296003 ] ] ] } },
{ "type": "Feature", "properties": { "cve": "2868431", "nombre": "PANAMA 7", "solicitante": "Sociedad Volcania Minerals SpA", "region": "REGIÓN METROPOLITANA DE SANTIAGO", "provincia": "Provincia de Melipilla", "comuna": null, "superficie_ha": 200.0, "datum_original": "PSAD56", "huso": 19, "epsg_origen": 24879, "tipo_publicacion": "pedimento", "fuente_pdf": "http://www.diariooficial.interior.gob.cl/publicaciones/2026/09/14/44550/07/2868431.pdf", "archivo": "gm_pedimento_2868431.pdf", "fecha": "14-09-2026", "edicion": "44550" }, "geometry": { "type": "Polygon", "coordinates": [ [ [ -71.045343038679349, -33.863487143620944 ], [ -71.023734098064892, -33.863843944405417 ], [ -71.023946863359839, -33.872857350498109 ], [ -71.045558071988978, -33.872500429085413 ], [ -71.045343038679349, -33.863487143620944 ] ] ] } },
{ "type": "Feature", "properties": { "cve": "2869423", "nombre": "AVENTURA 1", "solicitante": "Moya Ponce Miguel Ángel", "region": "REGIÓN DEL LIBERTADOR GENERAL BERNARDO O’HIGGINS", "provincia": "Provincia de Cachapoal", "comuna": null, "superficie_ha": 300.0, "datum_original": "PSAD56", "huso": 19, "epsg_origen": 24879, "tipo_publicacion": "pedimento", "fuente_pdf": "http://www.diariooficial.interior.gob.cl/publicaciones/2026/09/14/44550/07/2869423.pdf", "archivo": "gm_pedimento_2869423.pdf", "fecha": "14-09-2026", "edicion": "44550" }, "geometry": { "type": "Polygon", "coordinates": [ [ [ -70.744892317210471, -33.980563743289231 ], [ -70.734071230135029, -33.98071674077854 ], [ -70.734620850416405, -34.007760898354789 ], [ -70.745445363044411, -34.007607745893267 ], [ -70.744892317210471, -33.980563743289231 ] ] ] } },
{ "type": "Feature", "properties": { "cve": "2869424", "nombre": "AVENTURA 5", "solicitante": "Moya Ponce Miguel Ángel", "region": "REGIÓN DEL LIBERTADOR GENERAL BERNARDO O’HIGGINS", "provincia": "Provincia de Cachapoal", "comuna": null, "superficie_ha": 300.0, "datum_original": "PSAD56", "huso": 19, "epsg_origen": 24879, "tipo_publicacion": "pedimento", "fuente_pdf": "http://www.diariooficial.interior.gob.cl/publicaciones/2026/09/14/44550/07/2869424.pdf", "archivo": "gm_pedimento_2869424.pdf", "fecha": "14-09-2026", "edicion": "44550" }, "geometry": { "type": "Polygon", "coordinates": [ [ [ -70.744340008463524, -33.953519612835052 ], [ -70.733522342379175, -33.953672455448384 ], [ -70.734071230135029, -33.98071674077854 ], [ -70.744892317210471, -33.980563743289231 ], [ -70.744340008463524, -33.953519612835052 ] ] ] } },
{ "type": "Feature", "properties": { "cve": "2869425", "nombre": "DON RAFA 4", "solicitante": "Moya Ponce Miguel Angel", "region": "REGIÓN DEL LIBERTADOR GENERAL BERNARDO O’HIGGINS", "provincia": "Provincia de Cachapoal", "comuna": null, "superficie_ha": 200.0, "datum_original": "PSAD56", "huso": 19, "epsg_origen": 24879, "tipo_publicacion": "pedimento", "fuente_pdf": "http://www.diariooficial.interior.gob.cl/publicaciones/2026/09/14/44550/07/2869425.pdf", "archivo": "gm_pedimento_2869425.pdf", "fecha": "14-09-2026", "edicion": "44550" }, "geometry": { "type": "Polygon", "coordinates": [ [ [ -70.819869438970557, -33.943408750028631 ], [ -70.798237466514649, -33.94372667585656 ], [ -70.798427101857641, -33.952741151581471 ], [ -70.820061352488324, -33.95242311837908 ], [ -70.819869438970557, -33.943408750028631 ] ] ] } },
{ "type": "Feature", "properties": { "cve": "2869426", "nombre": "DON RAFA 8", "solicitante": "Moya Ponce Miguel Ángel", "region": "REGIÓN DEL LIBERTADOR GENERAL BERNARDO O’HIGGINS", "provincia": "Provincia de Cachapoal", "comuna": null, "superficie_ha": 300.0, "datum_original": "PSAD56", "huso": 19, "epsg_origen": 24879, "tipo_publicacion": "pedimento", "fuente_pdf": "http://www.diariooficial.interior.gob.cl/publicaciones/2026/09/14/44550/07/2869426.pdf", "archivo": "gm_pedimento_2869426.pdf", "fecha": "14-09-2026", "edicion": "44550" }, "geometry": { "type": "Polygon", "coordinates": [ [ [ -70.798427101857641, -33.952741151581471 ], [ -70.76597509474513, -33.953211077898764 ], [ -70.766161395363369, -33.962225698061083 ], [ -70.798616821525115, -33.961755613052873 ], [ -70.798427101857641, -33.952741151581471 ] ] ] } },
{ "type": "Feature", "properties": { "cve": "2869429", "nombre": "PEUMO 12", "solicitante": "Moya Ponce Miguel Ángel", "region": "REGIÓN DEL LIBERTADOR GENERAL BERNARDO O’HIGGINS", "provincia": "Provincia de Cachapoal", "comuna": null, "superficie_ha": 200.0, "datum_original": "PSAD56", "huso": 19, "epsg_origen": 24879, "tipo_publicacion": "pedimento", "fuente_pdf": "http://www.diariooficial.interior.gob.cl/publicaciones/2026/09/14/44550/07/2869429.pdf", "archivo": "gm_pedimento_2869429.pdf", "fecha": "14-09-2026", "edicion": "44550" }, "geometry": { "type": "Polygon", "coordinates": [ [ [ -70.788553588801946, -33.997971174486239 ], [ -70.766907426604419, -33.99828403646034 ], [ -70.767094141783446, -34.007298585486893 ], [ -70.788742588450305, -34.006985617930155 ], [ -70.788553588801946, -33.997971174486239 ] ] ] } },
{ "type": "Feature", "properties": { "cve": "2869427", "nombre": "PEUMO 3", "solicitante": "Moya Ponce Miguel Ángel", "region": "REGIÓN DEL LIBERTADOR GENERAL BERNARDO O’HIGGINS", "provincia": "Provincia de Cachapoal", "comuna": null, "superficie_ha": 200.0, "datum_original": "PSAD56", "huso": 19, "epsg_origen": 24879, "tipo_publicacion": "pedimento", "fuente_pdf": "http://www.diariooficial.interior.gob.cl/publicaciones/2026/09/14/44550/07/2869427.pdf", "archivo": "gm_pedimento_2869427.pdf", "fecha": "14-09-2026", "edicion": "44550" }, "geometry": { "type": "Polygon", "coordinates": [ [ [ -70.766161395363369, -33.962225698061083 ], [ -70.744524029538795, -33.962534337188444 ], [ -70.74470813244281, -33.971549047340545 ], [ -70.766347778823089, -33.971240304000553 ], [ -70.766161395363369, -33.962225698061083 ] ] ] } },
{ "type": "Feature", "properties": { "cve": "2869428", "nombre": "PEUMO 8", "solicitante": "Moya Ponce Miguel Ángel", "region": "REGIÓN DEL LIBERTADOR GENERAL BERNARDO O’HIGGINS", "provincia": "Provincia de Cachapoal", "comuna": null, "superficie_ha": 200.0, "datum_original": "PSAD56", "huso": 19, "epsg_origen": 24879, "tipo_publicacion": "pedimento", "fuente_pdf": "http://www.diariooficial.interior.gob.cl/publicaciones/2026/09/14/44550/07/2869428.pdf", "archivo": "gm_pedimento_2869428.pdf", "fecha": "14-09-2026", "edicion": "44550" }, "geometry": { "type": "Polygon", "coordinates": [ [ [ -70.787798429822985, -33.961913258198862 ], [ -70.766161395363369, -33.962225698061083 ], [ -70.766347778823089, -33.971240304000553 ], [ -70.78798709369714, -33.970927758643121 ], [ -70.787798429822985, -33.961913258198862 ] ] ] } },
{ "type": "Feature", "properties": { "cve": "2869478", "nombre": "IRIS 174", "solicitante": "Varela Echaurren Juan Francisco", "region": "REGIÓN DEL MAULE", "provincia": "Provincia de Cauquenes", "comuna": null, "superficie_ha": 300.0, "datum_original": "PSAD56", "huso": 18, "epsg_origen": 24878, "tipo_publicacion": "pedimento", "fuente_pdf": "http://www.diariooficial.interior.gob.cl/publicaciones/2026/09/14/44550/07/2869478.pdf", "archivo": "gm_pedimento_2869478.pdf", "fecha": "14-09-2026", "edicion": "44550" }, "geometry": { "type": "Polygon", "coordinates": [ [ [ -72.12612080333929, -35.780001986845001 ], [ -72.09296953728952, -35.779204590708538 ], [ -72.09264141513404, -35.788209113998683 ], [ -72.125796410396603, -35.789006772780255 ], [ -72.12612080333929, -35.780001986845001 ] ] ] } },
{ "type": "Feature", "properties": { "cve": "2869479", "nombre": "IRIS 175", "solicitante": "Varela Echaurren Juan Francisco", "region": "REGIÓN DEL MAULE", "provincia": "Provincia de Cauquenes", "comuna": null, "superficie_ha": 300.0, "datum_original": "PSAD56", "huso": 18, "epsg_origen": 24878, "tipo_publicacion": "pedimento", "fuente_pdf": "http://www.diariooficial.interior.gob.cl/publicaciones/2026/09/14/44550/07/2869479.pdf", "archivo": "gm_pedimento_2869479.pdf", "fecha": "14-09-2026", "edicion": "44550" }, "geometry": { "type": "Polygon", "coordinates": [ [ [ -72.125796410396603, -35.789006772780255 ], [ -72.09264141513404, -35.788209113998683 ], [ -72.092313147391039, -35.797213621070568 ], [ -72.125471873516759, -35.79801154255545 ], [ -72.125796410396603, -35.789006772780255 ] ] ] } },
{ "type": "Feature", "properties": { "cve": "2869480", "nombre": "IRIS 176", "solicitante": "Varela Echaurren Juan Francisco", "region": "REGIÓN DEL MAULE", "provincia": "Provincia de Cauquenes", "comuna": null, "superficie_ha": 300.0, "datum_original": "PSAD56", "huso": 18, "epsg_origen": 24878, "tipo_publicacion": "pedimento", "fuente_pdf": "http://www.diariooficial.interior.gob.cl/publicaciones/2026/09/14/44550/07/2869480.pdf", "archivo": "gm_pedimento_2869480.pdf", "fecha": "14-09-2026", "edicion": "44550" }, "geometry": { "type": "Polygon", "coordinates": [ [ [ -72.125471873516759, -35.79801154255545 ], [ -72.092313147391039, -35.797213621070568 ], [ -72.091984733995261, -35.806218111921361 ], [ -72.125147192635254, -35.807016296167767 ], [ -72.125471873516759, -35.79801154255545 ] ] ] } },
{ "type": "Feature", "properties": { "cve": "2869481", "nombre": "IRIS 184", "solicitante": "Varela Echaurren Juan Francisco", "region": "REGIÓN DEL MAULE", "provincia": "Provincia de Cauquenes", "comuna": null, "superficie_ha": 300.0, "datum_original": "PSAD56", "huso": 18, "epsg_origen": 24878, "tipo_publicacion": "pedimento", "fuente_pdf": "http://www.diariooficial.interior.gob.cl/publicaciones/2026/09/14/44550/07/2869481.pdf", "archivo": "gm_pedimento_2869481.pdf", "fecha": "14-09-2026", "edicion": "44550" }, "geometry": { "type": "Polygon", "coordinates": [ [ [ -72.093953030882474, -35.752190923556959 ], [ -72.082906624702758, -35.751923362214917 ], [ -72.081919405584941, -35.778936764838882 ], [ -72.09296953728952, -35.779204590708538 ], [ -72.093953030882474, -35.752190923556959 ] ] ] } },
{ "type": "Feature", "properties": { "cve": "2869482", "nombre": "IRIS 185", "solicitante": "Varela Echaurren Juan Francisco", "region": "REGIÓN DEL MAULE", "provincia": "Provincia de Cauquenes", "comuna": null, "superficie_ha": 300.0, "datum_original": "PSAD56", "huso": 18, "epsg_origen": 24878, "tipo_publicacion": "pedimento", "fuente_pdf": "http://www.diariooficial.interior.gob.cl/publicaciones/2026/09/14/44550/07/2869482.pdf", "archivo": "gm_pedimento_2869482.pdf", "fecha": "14-09-2026", "edicion": "44550" }, "geometry": { "type": "Polygon", "coordinates": [ [ [ -72.091984733995261, -35.806218111921361 ], [ -72.080930871817728, -35.80595002134833 ], [ -72.079941021633033, -35.832963131666418 ], [ -72.090998619238206, -35.833231487118873 ], [ -72.091984733995261, -35.806218111921361 ] ] ] } },
{ "type": "Feature", "properties": { "cve": "2869483", "nombre": "IRIS 186", "solicitante": "Varela Echaurren Juan Francisco", "region": "REGIÓN DEL MAULE", "provincia": "Provincia de Cauquenes", "comuna": null, "superficie_ha": 200.0, "datum_original": "PSAD56", "huso": 18, "epsg_origen": 24878, "tipo_publicacion": "pedimento", "fuente_pdf": "http://www.diariooficial.interior.gob.cl/publicaciones/2026/09/14/44550/07/2869483.pdf", "archivo": "gm_pedimento_2869483.pdf", "fecha": "14-09-2026", "edicion": "44550" }, "geometry": { "type": "Polygon", "coordinates": [ [ [ -72.090998619238206, -35.833231487118873 ], [ -72.079941021633033, -35.832963131666418 ], [ -72.079280389292052, -35.850971790623134 ], [ -72.090340479938234, -35.851240322759836 ], [ -72.090998619238206, -35.833231487118873 ] ] ] } },
{ "type": "Feature", "properties": { "cve": "2869484", "nombre": "IRIS 194", "solicitante": "Varela Echaurren Juan Francisco", "region": "REGIÓN DEL MAULE", "provincia": "Provincia de Cauquenes", "comuna": null, "superficie_ha": 200.0, "datum_original": "PSAD56", "huso": 18, "epsg_origen": 24878, "tipo_publicacion": "pedimento", "fuente_pdf": "http://www.diariooficial.interior.gob.cl/publicaciones/2026/09/14/44550/07/2869484.pdf", "archivo": "gm_pedimento_2869484.pdf", "fecha": "14-09-2026", "edicion": "44550" }, "geometry": { "type": "Polygon", "coordinates": [ [ [ -72.344761756016197, -35.8571360005419 ], [ -72.322635269898669, -35.856644686318127 ], [ -72.322332190286147, -35.865650858436481 ], [ -72.344461173930497, -35.866142334370672 ], [ -72.344761756016197, -35.8571360005419 ] ] ] } },
{ "type": "Feature", "properties": { "cve": "2869485", "nombre": "IRIS 195", "solicitante": "Varela Echaurren Juan Francisco", "region": "REGIÓN DEL MAULE", "provincia": "Provincia de Cauquenes", "comuna": null, "superficie_ha": 200.0, "datum_original": "PSAD56", "huso": 18, "epsg_origen": 24878, "tipo_publicacion": "pedimento", "fuente_pdf": "http://www.diariooficial.interior.gob.cl/publicaciones/2026/09/14/44550/07/2869485.pdf", "archivo": "gm_pedimento_2869485.pdf", "fecha": "14-09-2026", "edicion": "44550" }, "geometry": { "type": "Polygon", "coordinates": [ [ [ -72.344461173930497, -35.866142334370672 ], [ -72.322332190286147, -35.865650858436481 ], [ -72.322028976165171, -35.874657014709115 ], [ -72.344160458442303, -35.87514865238964 ], [ -72.344461173930497, -35.866142334370672 ] ] ] } },
{ "type": "Feature", "properties": { "cve": "2869486", "nombre": "IRIS 196", "solicitante": "Varela Echaurren Juan Francisco", "region": "REGIÓN DEL MAULE", "provincia": "Provincia de Cauquenes", "comuna": null, "superficie_ha": 200.0, "datum_original": "PSAD56", "huso": 18, "epsg_origen": 24878, "tipo_publicacion": "pedimento", "fuente_pdf": "http://www.diariooficial.interior.gob.cl/publicaciones/2026/09/14/44550/07/2869486.pdf", "archivo": "gm_pedimento_2869486.pdf", "fecha": "14-09-2026", "edicion": "44550" }, "geometry": { "type": "Polygon", "coordinates": [ [ [ -72.344160458442303, -35.87514865238964 ], [ -72.322028976165171, -35.874657014709115 ], [ -72.321725627475288, -35.883663155133384 ], [ -72.343859609491659, -35.884154954596255 ], [ -72.344160458442303, -35.87514865238964 ] ] ] } },
{ "type": "Feature", "properties": { "cve": "2869487", "nombre": "IRIS 204", "solicitante": "Varela Echaurren Juan Francisco", "region": "REGIÓN DEL MAULE", "provincia": "Provincia de Cauquenes", "comuna": null, "superficie_ha": 300.0, "datum_original": "PSAD56", "huso": 18, "epsg_origen": 24878, "tipo_publicacion": "pedimento", "fuente_pdf": "http://www.diariooficial.interior.gob.cl/publicaciones/2026/09/14/44550/07/2869487.pdf", "archivo": "gm_pedimento_2869487.pdf", "fecha": "14-09-2026", "edicion": "44550" }, "geometry": { "type": "Polygon", "coordinates": [ [ [ -72.300509321574424, -35.856149303754329 ], [ -72.267321417121707, -35.855398602467069 ], [ -72.267012094753127, -35.864404364460135 ], [ -72.300203744676622, -35.86515531282523 ], [ -72.300509321574424, -35.856149303754329 ] ] ] } },
{ "type": "Feature", "properties": { "cve": "2869488", "nombre": "IRIS 205", "solicitante": "Varela Echaurren Juan Francisco", "region": "REGIÓN DEL MAULE", "provincia": "Provincia de Cauquenes", "comuna": null, "superficie_ha": 300.0, "datum_original": "PSAD56", "huso": 18, "epsg_origen": 24878, "tipo_publicacion": "pedimento", "fuente_pdf": "http://www.diariooficial.interior.gob.cl/publicaciones/2026/09/14/44550/07/2869488.pdf", "archivo": "gm_pedimento_2869488.pdf", "fecha": "14-09-2026", "edicion": "44550" }, "geometry": { "type": "Polygon", "coordinates": [ [ [ -72.300203744676622, -35.86515531282523 ], [ -72.267012094753127, -35.864404364460135 ], [ -72.266702635111884, -35.873410110516325 ], [ -72.299898032164535, -35.874161306014138 ], [ -72.300203744676622, -35.86515531282523 ] ] ] } },
{ "type": "Feature", "properties": { "cve": "2869489", "nombre": "IRIS 206", "solicitante": "Varela Echaurren Juan Francisco", "region": "REGIÓN DEL MAULE", "provincia": "Provincia de Cauquenes", "comuna": null, "superficie_ha": 300.0, "datum_original": "PSAD56", "huso": 18, "epsg_origen": 24878, "tipo_publicacion": "pedimento", "fuente_pdf": "http://www.diariooficial.interior.gob.cl/publicaciones/2026/09/14/44550/07/2869489.pdf", "archivo": "gm_pedimento_2869489.pdf", "fecha": "14-09-2026", "edicion": "44550" }, "geometry": { "type": "Polygon", "coordinates": [ [ [ -72.299898032164535, -35.874161306014138 ], [ -72.266702635111884, -35.873410110516325 ], [ -72.266393038136329, -35.882415840632973 ], [ -72.299592183977268, -35.883167283318457 ], [ -72.299898032164535, -35.874161306014138 ] ] ] } },
{ "type": "Feature", "properties": { "cve": "2869490", "nombre": "IRIS 214", "solicitante": "Varela Echaurren Juan Francisco", "region": "REGIÓN DEL MAULE", "provincia": "Provincia de Cauquenes", "comuna": null, "superficie_ha": 300.0, "datum_original": "PSAD56", "huso": 18, "epsg_origen": 24878, "tipo_publicacion": "pedimento", "fuente_pdf": "http://www.diariooficial.interior.gob.cl/publicaciones/2026/09/14/44550/07/2869490.pdf", "archivo": "gm_pedimento_2869490.pdf", "fecha": "14-09-2026", "edicion": "44550" }, "geometry": { "type": "Polygon", "coordinates": [ [ [ -72.267012094753127, -35.864404364460135 ], [ -72.23382168028543, -35.863644261121877 ], [ -72.233508474069936, -35.872649757037209 ], [ -72.266702635111884, -35.873410110516325 ], [ -72.267012094753127, -35.864404364460135 ] ] ] } },
{ "type": "Feature", "properties": { "cve": "2869491", "nombre": "IRIS 215", "solicitante": "Varela Echaurren Juan Francisco", "region": "REGIÓN DEL MAULE", "provincia": "Provincia de Cauquenes", "comuna": null, "superficie_ha": 300.0, "datum_original": "PSAD56", "huso": 18, "epsg_origen": 24878, "tipo_publicacion": "pedimento", "fuente_pdf": "http://www.diariooficial.interior.gob.cl/publicaciones/2026/09/14/44550/07/2869491.pdf", "archivo": "gm_pedimento_2869491.pdf", "fecha": "14-09-2026", "edicion": "44550" }, "geometry": { "type": "Polygon", "coordinates": [ [ [ -72.266702635111884, -35.873410110516325 ], [ -72.233508474069936, -35.872649757037209 ], [ -72.233195128861396, -35.881655236957386 ], [ -72.266393038136329, -35.882415840632973 ], [ -72.266702635111884, -35.873410110516325 ] ] ] } },
{ "type": "Feature", "properties": { "cve": "2869492", "nombre": "IRIS 216", "solicitante": "Varela Echaurren Juan Francisco", "region": "REGIÓN DEL MAULE", "provincia": "Provincia de Cauquenes", "comuna": null, "superficie_ha": 300.0, "datum_original": "PSAD56", "huso": 18, "epsg_origen": 24878, "tipo_publicacion": "pedimento", "fuente_pdf": "http://www.diariooficial.interior.gob.cl/publicaciones/2026/09/14/44550/07/2869492.pdf", "archivo": "gm_pedimento_2869492.pdf", "fecha": "14-09-2026", "edicion": "44550" }, "geometry": { "type": "Polygon", "coordinates": [ [ [ -72.266393038136329, -35.882415840632973 ], [ -72.233195128861396, -35.881655236957386 ], [ -72.232881644597356, -35.890660700879735 ], [ -72.266083303764773, -35.891421554807451 ], [ -72.266393038136329, -35.882415840632973 ] ] ] } },
{ "type": "Feature", "properties": { "cve": "2869493", "nombre": "IRIS 224", "solicitante": "Varela Echaurren Juan Francisco", "region": "REGIÓN DEL MAULE", "provincia": "Provincia de Cauquenes", "comuna": null, "superficie_ha": 300.0, "datum_original": "PSAD56", "huso": 18, "epsg_origen": 24878, "tipo_publicacion": "pedimento", "fuente_pdf": "http://www.diariooficial.interior.gob.cl/publicaciones/2026/09/14/44550/07/2869493.pdf", "archivo": "gm_pedimento_2869493.pdf", "fecha": "14-09-2026", "edicion": "44550" }, "geometry": { "type": "Polygon", "coordinates": [ [ [ -72.233508474069936, -35.872649757037209 ], [ -72.200315563967294, -35.871880246674628 ], [ -72.199998471087738, -35.880885473390059 ], [ -72.233195128861396, -35.881655236957386 ], [ -72.233508474069936, -35.872649757037209 ] ] ] } },
{ "type": "Feature", "properties": { "cve": "2869494", "nombre": "IRIS 225", "solicitante": "Varela Echaurren Juan Francisco", "region": "REGIÓN DEL MAULE", "provincia": "Provincia de Cauquenes", "comuna": null, "superficie_ha": 300.0, "datum_original": "PSAD56", "huso": 18, "epsg_origen": 24878, "tipo_publicacion": "pedimento", "fuente_pdf": "http://www.diariooficial.interior.gob.cl/publicaciones/2026/09/14/44550/07/2869494.pdf", "archivo": "gm_pedimento_2869494.pdf", "fecha": "14-09-2026", "edicion": "44550" }, "geometry": { "type": "Polygon", "coordinates": [ [ [ -72.233195128861396, -35.881655236957386 ], [ -72.199998471087738, -35.880885473390059 ], [ -72.199681237493593, -35.889890684051366 ], [ -72.232881644597356, -35.890660700879735 ], [ -72.233195128861396, -35.881655236957386 ] ] ] } },
{ "type": "Feature", "properties": { "cve": "2869495", "nombre": "IRIS 226", "solicitante": "Varela Echaurren Juan Francisco", "region": "REGIÓN DEL MAULE", "provincia": "Provincia de Cauquenes", "comuna": null, "superficie_ha": 300.0, "datum_original": "PSAD56", "huso": 18, "epsg_origen": 24878, "tipo_publicacion": "pedimento", "fuente_pdf": "http://www.diariooficial.interior.gob.cl/publicaciones/2026/09/14/44550/07/2869495.pdf", "archivo": "gm_pedimento_2869495.pdf", "fecha": "14-09-2026", "edicion": "44550" }, "geometry": { "type": "Polygon", "coordinates": [ [ [ -72.232881644597356, -35.890660700879735 ], [ -72.199681237493593, -35.889890684051366 ], [ -72.199363863121661, -35.898895878655821 ], [ -72.232568021215357, -35.899666148801586 ], [ -72.232881644597356, -35.890660700879735 ] ] ] } },
{ "type": "Feature", "properties": { "cve": "2869103", "nombre": "VALENTINA 40", "solicitante": "Piro Vergara Alejandra Carolina", "region": "REGIÓN DE ÑUBLE", "provincia": "Provincia de Itata", "comuna": null, "superficie_ha": 300.0, "datum_original": "PSAD56", "huso": 18, "epsg_origen": 24878, "tipo_publicacion": "pedimento", "fuente_pdf": "http://www.diariooficial.interior.gob.cl/publicaciones/2026/09/14/44550/07/2869103.pdf", "archivo": "gm_pedimento_2869103.pdf", "fecha": "14-09-2026", "edicion": "44550" }, "geometry": { "type": "Polygon", "coordinates": [ [ [ -72.738052049993286, -36.622815563860854 ], [ -72.726876876639238, -36.622602805367023 ], [ -72.726082559267851, -36.649626387791322 ], [ -72.73726162951867, -36.649839354663527 ], [ -72.738052049993286, -36.622815563860854 ] ] ] } },
{ "type": "Feature", "properties": { "cve": "2869104", "nombre": "VALENTINA 41", "solicitante": "Piro Vergara Alejandra Carolina", "region": "REGIÓN DE ÑUBLE", "provincia": "Provincia de Itata", "comuna": null, "superficie_ha": 300.0, "datum_original": "PSAD56", "huso": 18, "epsg_origen": 24878, "tipo_publicacion": "pedimento", "fuente_pdf": "http://www.diariooficial.interior.gob.cl/publicaciones/2026/09/14/44550/07/2869104.pdf", "archivo": "gm_pedimento_2869104.pdf", "fecha": "14-09-2026", "edicion": "44550" }, "geometry": { "type": "Polygon", "coordinates": [ [ [ -72.726876876639238, -36.622602805367023 ], [ -72.715701820825402, -36.62238899994361 ], [ -72.714903606719162, -36.649412372965344 ], [ -72.726082559267851, -36.649626387791322 ], [ -72.726876876639238, -36.622602805367023 ] ] ] } },
{ "type": "Feature", "properties": { "cve": "2868767", "nombre": "VALENTINA 37", "solicitante": "Piro Vergara Alejandra Carolina", "region": "REGIÓN DEL BIOBÍO", "provincia": "Provincia de Concepción", "comuna": null, "superficie_ha": 300.0, "datum_original": "PSAD56", "huso": 18, "epsg_origen": 24878, "tipo_publicacion": "pedimento", "fuente_pdf": "http://www.diariooficial.interior.gob.cl/publicaciones/2026/09/14/44550/07/2868767.pdf", "archivo": "gm_pedimento_2868767.pdf", "fecha": "14-09-2026", "edicion": "44550" }, "geometry": { "type": "Polygon", "coordinates": [ [ [ -72.771682021656744, -36.619844292355914 ], [ -72.760507018395032, -36.619634702221198 ], [ -72.759724531254733, -36.646658925124306 ], [ -72.770903431202825, -36.646868720545591 ], [ -72.771682021656744, -36.619844292355914 ] ] ] } },
{ "type": "Feature", "properties": { "cve": "2868769", "nombre": "VALENTINA 38", "solicitante": "Piro Vergara Alejandra Carolina", "region": "REGIÓN DEL BIOBÍO", "provincia": "Provincia de Concepción", "comuna": null, "superficie_ha": 300.0, "datum_original": "PSAD56", "huso": 18, "epsg_origen": 24878, "tipo_publicacion": "pedimento", "fuente_pdf": "http://www.diariooficial.interior.gob.cl/publicaciones/2026/09/14/44550/07/2868769.pdf", "archivo": "gm_pedimento_2868769.pdf", "fecha": "14-09-2026", "edicion": "44550" }, "geometry": { "type": "Polygon", "coordinates": [ [ [ -72.760402747019228, -36.623237939921516 ], [ -72.749227340311862, -36.623027275390513 ], [ -72.748440816895126, -36.650051273547241 ], [ -72.759620120820713, -36.650262144408011 ], [ -72.760402747019228, -36.623237939921516 ] ] ] } },
{ "type": "Feature", "properties": { "cve": "2868768", "nombre": "VALENTINA 39", "solicitante": "Piro Vergara Alejandra Carolina", "region": "REGIÓN DEL BIOBÍO", "provincia": "Provincia de Concepción", "comuna": null, "superficie_ha": 300.0, "datum_original": "PSAD56", "huso": 18, "epsg_origen": 24878, "tipo_publicacion": "pedimento", "fuente_pdf": "http://www.diariooficial.interior.gob.cl/publicaciones/2026/09/14/44550/07/2868768.pdf", "archivo": "gm_pedimento_2868768.pdf", "fecha": "14-09-2026", "edicion": "44550" }, "geometry": { "type": "Polygon", "coordinates": [ [ [ -72.749227340311862, -36.623027275390513 ], [ -72.738052049993286, -36.622815563860854 ], [ -72.73726162951867, -36.649839354663527 ], [ -72.748440816895126, -36.650051273547241 ], [ -72.749227340311862, -36.623027275390513 ] ] ] } },
{ "type": "Feature", "properties": { "cve": "2868771", "nombre": "VALENTINA 42", "solicitante": "Piro Vergara Alejandra Carolina", "region": "REGIÓN DEL BIOBÍO", "provincia": "Provincia de Concepción", "comuna": null, "superficie_ha": 200.0, "datum_original": "PSAD56", "huso": 18, "epsg_origen": 24878, "tipo_publicacion": "pedimento", "fuente_pdf": "http://www.diariooficial.interior.gob.cl/publicaciones/2026/09/14/44550/07/2868771.pdf", "archivo": "gm_pedimento_2868771.pdf", "fecha": "14-09-2026", "edicion": "44550" }, "geometry": { "type": "Polygon", "coordinates": [ [ [ -72.770903431202825, -36.646868720545591 ], [ -72.759724531254733, -36.646658925124306 ], [ -72.759202293494738, -36.66467499698004 ], [ -72.770383794115801, -36.66488492933739 ], [ -72.770903431202825, -36.646868720545591 ] ] ] } },
{ "type": "Feature", "properties": { "cve": "2868772", "nombre": "VALENTINA 43", "solicitante": "Piro Vergara Alejandra Carolina", "region": "REGIÓN DEL BIOBÍO", "provincia": "Provincia de Concepción", "comuna": null, "superficie_ha": 300.0, "datum_original": "PSAD56", "huso": 18, "epsg_origen": 24878, "tipo_publicacion": "pedimento", "fuente_pdf": "http://www.diariooficial.interior.gob.cl/publicaciones/2026/09/14/44550/07/2868772.pdf", "archivo": "gm_pedimento_2868772.pdf", "fecha": "14-09-2026", "edicion": "44550" }, "geometry": { "type": "Polygon", "coordinates": [ [ [ -72.759620120820713, -36.650262144408011 ], [ -72.748440816895126, -36.650051273547241 ], [ -72.747653244538284, -36.677075133404514 ], [ -72.758836450871186, -36.677286210736824 ], [ -72.759620120820713, -36.650262144408011 ] ] ] } },
{ "type": "Feature", "properties": { "cve": "2868773", "nombre": "VALENTINA 44", "solicitante": "Piro Vergara Alejandra Carolina", "region": "REGIÓN DEL BIOBÍO", "provincia": "Provincia de Concepción", "comuna": null, "superficie_ha": 300.0, "datum_original": "PSAD56", "huso": 18, "epsg_origen": 24878, "tipo_publicacion": "pedimento", "fuente_pdf": "http://www.diariooficial.interior.gob.cl/publicaciones/2026/09/14/44550/07/2868773.pdf", "archivo": "gm_pedimento_2868773.pdf", "fecha": "14-09-2026", "edicion": "44550" }, "geometry": { "type": "Polygon", "coordinates": [ [ [ -72.748440816895126, -36.650051273547241 ], [ -72.73726162951867, -36.649839354663527 ], [ -72.736470154915182, -36.676863007024188 ], [ -72.747653244538284, -36.677075133404514 ], [ -72.748440816895126, -36.650051273547241 ] ] ] } },
{ "type": "Feature", "properties": { "cve": "2868774", "nombre": "VALENTINA 45", "solicitante": "Piro Vergara Alejandra Carolina", "region": "REGIÓN DEL BIOBÍO", "provincia": "Provincia de Concepción", "comuna": null, "superficie_ha": 300.0, "datum_original": "PSAD56", "huso": 18, "epsg_origen": 24878, "tipo_publicacion": "pedimento", "fuente_pdf": "http://www.diariooficial.interior.gob.cl/publicaciones/2026/09/14/44550/07/2868774.pdf", "archivo": "gm_pedimento_2868774.pdf", "fecha": "14-09-2026", "edicion": "44550" }, "geometry": { "type": "Polygon", "coordinates": [ [ [ -72.73726162951867, -36.649839354663527 ], [ -72.726082559267851, -36.649626387791322 ], [ -72.725287182579166, -36.676649831630435 ], [ -72.736470154915182, -36.676863007024188 ], [ -72.73726162951867, -36.649839354663527 ] ] ] } },
{ "type": "Feature", "properties": { "cve": "2868775", "nombre": "VALENTINA 46", "solicitante": "Piro Vergara Alejandra Carolina", "region": "REGIÓN DEL BIOBÍO", "provincia": "Provincia de Concepción", "comuna": null, "superficie_ha": 300.0, "datum_original": "PSAD56", "huso": 18, "epsg_origen": 24878, "tipo_publicacion": "pedimento", "fuente_pdf": "http://www.diariooficial.interior.gob.cl/publicaciones/2026/09/14/44550/07/2868775.pdf", "archivo": "gm_pedimento_2868775.pdf", "fecha": "14-09-2026", "edicion": "44550" }, "geometry": { "type": "Polygon", "coordinates": [ [ [ -72.726082559267851, -36.649626387791322 ], [ -72.714903606719162, -36.649412372965344 ], [ -72.714104328107553, -36.676435607257929 ], [ -72.725287182579166, -36.676649831630435 ], [ -72.726082559267851, -36.649626387791322 ] ] ] } }
]
}
