{
"type": "FeatureCollection",
"name": "boletin_mineria_20260928",
"crs": { "type": "name", "properties": { "name": "urn:ogc:def:crs:OGC:1.3:CRS84" } },
"features": [
{ "type": "Feature", "properties": { "cve": "2876586", "nombre": "ANIKA 4, 1 AL 30", "solicitante": "Antofagasta Minerals S.A.", "region": "REGIÓN DE ANTOFAGASTA", "provincia": "Provincia de Antofagasta", "comuna": null, "superficie_ha": 300.0, "datum_original": "PSAD56", "huso": 19, "epsg_origen": 24879, "tipo_publicacion": "manifestacion", "fuente_pdf": "http://www.diariooficial.interior.gob.cl/publicaciones/2026/09/28/44560/07/2876586.pdf", "archivo": "gm_manifestacion_2876586.pdf", "fecha": "28-09-2026", "edicion": "44560" }, "geometry": { "type": "Polygon", "coordinates": [ [ [ -68.884196237199632, -23.590303375365984 ], [ -68.854793561296063, -23.590278678108561 ], [ -68.854783619983081, -23.599311342160117 ], [ -68.88418830887872, -23.599336049997241 ], [ -68.884196237199632, -23.590303375365984 ] ] ] } },
{ "type": "Feature", "properties": { "cve": "2876386", "nombre": "CEMITA 1, 1 AL 20", "solicitante": "Minera Centinela", "region": "REGIÓN DE ANTOFAGASTA", "provincia": "Provincia de Antofagasta", "comuna": null, "superficie_ha": 200.0, "datum_original": "PSAD56", "huso": 19, "epsg_origen": 24879, "tipo_publicacion": "manifestacion", "fuente_pdf": "http://www.diariooficial.interior.gob.cl/publicaciones/2026/09/28/44560/07/2876386.pdf", "archivo": "gm_manifestacion_2876386.pdf", "fecha": "28-09-2026", "edicion": "44560" }, "geometry": { "type": "Polygon", "coordinates": [ [ [ -69.109375389094751, -23.296740125587696 ], [ -69.099596112708383, -23.2967466395259 ], [ -69.099609563536632, -23.314812673208852 ], [ -69.109390160644779, -23.314806153635068 ], [ -69.109375389094751, -23.296740125587696 ] ] ] } },
{ "type": "Feature", "properties": { "cve": "2876387", "nombre": "CEMITA 2, 1 AL 20", "solicitante": "Minera Centinela", "region": "REGIÓN DE ANTOFAGASTA", "provincia": "Provincia de Antofagasta", "comuna": null, "superficie_ha": 200.0, "datum_original": "PSAD56", "huso": 19, "epsg_origen": 24879, "tipo_publicacion": "manifestacion", "fuente_pdf": "http://www.diariooficial.interior.gob.cl/publicaciones/2026/09/28/44560/07/2876387.pdf", "archivo": "gm_manifestacion_2876387.pdf", "fecha": "28-09-2026", "edicion": "44560" }, "geometry": { "type": "Polygon", "coordinates": [ [ [ -69.109390160644779, -23.314806153635068 ], [ -69.099609563536632, -23.314812673208852 ], [ -69.099623027848693, -23.332878664894036 ], [ -69.109404947002616, -23.332872139683186 ], [ -69.109390160644779, -23.314806153635068 ] ] ] } },
{ "type": "Feature", "properties": { "cve": "2875888", "nombre": "MINA LORENA 1 AL 5", "solicitante": "Molina Abarzúa Hardy Alexis", "region": "REGIÓN DE ANTOFAGASTA", "provincia": "Provincia de Antofagasta", "comuna": null, "superficie_ha": 25.0, "datum_original": "WGS84", "huso": 19, "epsg_origen": 32719, "tipo_publicacion": "manifestacion", "fuente_pdf": "http://www.diariooficial.interior.gob.cl/publicaciones/2026/09/28/44560/07/2875888.pdf", "archivo": "gm_manifestacion_2875888.pdf", "fecha": "28-09-2026", "edicion": "44560" }, "geometry": { "type": "Polygon", "coordinates": [ [ [ -70.169530745688292, -25.386858523775846 ], [ -70.164561179360874, -25.386897951832474 ], [ -70.164604495910339, -25.391412323569476 ], [ -70.16957424698127, -25.391372887524316 ], [ -70.169530745688292, -25.386858523775846 ] ] ] } },
{ "type": "Feature", "properties": { "cve": "2875885", "nombre": "RIO BLANCO JULIA 1 AL 8", "solicitante": "SLM Río Blanco Primera de la Comuna de Taltal", "region": "REGIÓN DE ANTOFAGASTA", "provincia": "Provincia de Antofagasta", "comuna": null, "superficie_ha": 8.0, "datum_original": "PSAD56", "huso": 19, "epsg_origen": 24879, "tipo_publicacion": "manifestacion", "fuente_pdf": "http://www.diariooficial.interior.gob.cl/publicaciones/2026/09/28/44560/07/2875885.pdf", "archivo": "gm_manifestacion_2875885.pdf", "fecha": "28-09-2026", "edicion": "44560" }, "geometry": { "type": "Polygon", "coordinates": [ [ [ -70.270522265508703, -24.900209676494352 ], [ -70.266562529406031, -24.900243344079048 ], [ -70.266580958164724, -24.902049126715639 ], [ -70.270540751844692, -24.902015456363085 ], [ -70.270522265508703, -24.900209676494352 ] ] ] } },
{ "type": "Feature", "properties": { "cve": "2875883", "nombre": "ARCAS C56 1/60", "solicitante": "SCM El Abra", "region": "REGIÓN DE ANTOFAGASTA", "provincia": "Provincia de El Loa", "comuna": null, "superficie_ha": 300.0, "datum_original": "PSAD56", "huso": 19, "epsg_origen": 24879, "tipo_publicacion": "manifestacion", "fuente_pdf": "http://www.diariooficial.interior.gob.cl/publicaciones/2026/09/28/44560/07/2875883.pdf", "archivo": "gm_manifestacion_2875883.pdf", "fecha": "28-09-2026", "edicion": "44560" }, "geometry": { "type": "Polygon", "coordinates": [ [ [ -68.924533578250262, -21.521570060487523 ], [ -68.895566029936091, -21.521554452423128 ], [ -68.895559572751935, -21.530589474109927 ], [ -68.924528912133511, -21.530605089364993 ], [ -68.924533578250262, -21.521570060487523 ] ] ] } },
{ "type": "Feature", "properties": { "cve": "2876832", "nombre": "GALENOSA 36, 1 AL 36", "solicitante": "Sociedad Punta del Cobre S.A.", "region": "REGIÓN DE ANTOFAGASTA", "provincia": "Provincia de Tocopilla", "comuna": null, "superficie_ha": 36.0, "datum_original": "PSAD56", "huso": 19, "epsg_origen": 24879, "tipo_publicacion": "manifestacion", "fuente_pdf": "http://www.diariooficial.interior.gob.cl/publicaciones/2026/09/28/44560/07/2876832.pdf", "archivo": "gm_manifestacion_2876832.pdf", "fecha": "28-09-2026", "edicion": "44560" }, "geometry": { "type": "Polygon", "coordinates": [ [ [ -69.72811056110632, -21.950030756272902 ], [ -69.722300316027372, -21.950056398394345 ], [ -69.722327697008765, -21.955476705794467 ], [ -69.728138162295409, -21.955451056697768 ], [ -69.72811056110632, -21.950030756272902 ] ] ] } },
{ "type": "Feature", "properties": { "cve": "2876362", "nombre": "DON LORENZO I 1 AL 6", "solicitante": "Ávalos Barahona Daniel Adrián", "region": "REGIÓN DE ATACAMA", "provincia": "Provincia de Copiapó", "comuna": null, "superficie_ha": 24.0, "datum_original": "PSAD56", "huso": 19, "epsg_origen": 24879, "tipo_publicacion": "manifestacion", "fuente_pdf": "http://www.diariooficial.interior.gob.cl/publicaciones/2026/09/28/44560/07/2876362.pdf", "archivo": "gm_manifestacion_2876362.pdf", "fecha": "28-09-2026", "edicion": "44560" }, "geometry": { "type": "Polygon", "coordinates": [ [ [ -70.752143363077678, -27.972347842511066 ], [ -70.748078061648073, -27.97239956232276 ], [ -70.748165354998733, -27.977813428452166 ], [ -70.752230859183413, -27.977761696896327 ], [ -70.752143363077678, -27.972347842511066 ] ] ] } },
{ "type": "Feature", "properties": { "cve": "2876546", "nombre": "OJOS DE AGUA 1 AL 75", "solicitante": "Austral Exploraciones SpA", "region": "REGIÓN DE ATACAMA", "provincia": "Provincia de Copiapó", "comuna": "Tierra Amarilla", "superficie_ha": 75.0, "datum_original": "PSAD56", "huso": 19, "epsg_origen": 24879, "tipo_publicacion": "manifestacion", "fuente_pdf": "http://www.diariooficial.interior.gob.cl/publicaciones/2026/09/28/44560/07/2876546.pdf", "archivo": "gm_manifestacion_2876546.pdf", "fecha": "28-09-2026", "edicion": "44560" }, "geometry": { "type": "Polygon", "coordinates": [ [ [ -69.461175904236569, -27.784132851702221 ], [ -69.445950698325689, -27.78418281344624 ], [ -69.445969111567337, -27.788696465034974 ], [ -69.46119494607143, -27.788646493789724 ], [ -69.461175904236569, -27.784132851702221 ] ] ] } },
{ "type": "Feature", "properties": { "cve": "2876182", "nombre": "OLGA 1 AL 6", "solicitante": "Castillo Rojas Hugo Hernán y otro", "region": "REGIÓN DE ATACAMA", "provincia": "Provincia de Copiapó", "comuna": "Copiapó", "superficie_ha": 12.0, "datum_original": "PSAD56", "huso": 19, "epsg_origen": 24879, "tipo_publicacion": "manifestacion", "fuente_pdf": "http://www.diariooficial.interior.gob.cl/publicaciones/2026/09/28/44560/07/2876182.pdf", "archivo": "gm_manifestacion_2876182.pdf", "fecha": "28-09-2026", "edicion": "44560" }, "geometry": { "type": "Polygon", "coordinates": [ [ [ -70.347848723890138, -27.419531362442132 ], [ -70.345825900825147, -27.419550903786131 ], [ -70.345891555302032, -27.424966236504019 ], [ -70.34791447697522, -27.424946690661447 ], [ -70.347848723890138, -27.419531362442132 ] ] ] } },
{ "type": "Feature", "properties": { "cve": "2876502", "nombre": "SAL 1 AL 25", "solicitante": "Ávalos Barahona Daniel Adrián", "region": "REGIÓN DE ATACAMA", "provincia": "Provincia de Copiapó", "comuna": null, "superficie_ha": 25.0, "datum_original": "PSAD56", "huso": 19, "epsg_origen": 24879, "tipo_publicacion": "manifestacion", "fuente_pdf": "http://www.diariooficial.interior.gob.cl/publicaciones/2026/09/28/44560/07/2876502.pdf", "archivo": "gm_manifestacion_2876502.pdf", "fecha": "28-09-2026", "edicion": "44560" }, "geometry": { "type": "Polygon", "coordinates": [ [ [ -70.883200263690668, -27.227405690488055 ], [ -70.878153241734807, -27.227473462322674 ], [ -70.878228961867663, -27.231985180155753 ], [ -70.883276187007851, -27.231917395260421 ], [ -70.883200263690668, -27.227405690488055 ] ] ] } },
{ "type": "Feature", "properties": { "cve": "2876475", "nombre": "BERTA 9 1 AL 10", "solicitante": "Atacama Minerales Cuatro SpA", "region": "REGIÓN DE ATACAMA", "provincia": "Provincia de Chañaral", "comuna": null, "superficie_ha": 50.0, "datum_original": "PSAD56", "huso": 19, "epsg_origen": 24879, "tipo_publicacion": "manifestacion", "fuente_pdf": "http://www.diariooficial.interior.gob.cl/publicaciones/2026/09/28/44560/07/2876475.pdf", "archivo": "gm_manifestacion_2876475.pdf", "fecha": "28-09-2026", "edicion": "44560" }, "geometry": { "type": "Polygon", "coordinates": [ [ [ -70.050988928921299, -26.720188174117848 ], [ -70.045962598852469, -26.720225312458624 ], [ -70.046045132101199, -26.729252759907297 ], [ -70.051071858602626, -26.729215607057821 ], [ -70.050988928921299, -26.720188174117848 ] ] ] } },
{ "type": "Feature", "properties": { "cve": "2875201", "nombre": "CRISTAL I 1 AL 16", "solicitante": "Ruz Hernández Benjamín Sathya", "region": "REGIÓN DE COQUIMBO", "provincia": "Provincia de Choapa", "comuna": "Canela", "superficie_ha": 80.0, "datum_original": "PSAD56", "huso": 19, "epsg_origen": 24879, "tipo_publicacion": "manifestacion", "fuente_pdf": "http://www.diariooficial.interior.gob.cl/publicaciones/2026/09/28/44560/07/2875201.pdf", "archivo": "gm_manifestacion_2875201.pdf", "fecha": "28-09-2026", "edicion": "44560" }, "geometry": { "type": "Polygon", "coordinates": [ [ [ -71.324237584181787, -31.420791912338235 ], [ -71.318981231236208, -31.420887171612428 ], [ -71.319336423231661, -31.435311443721144 ], [ -71.324593579512864, -31.435216130816652 ], [ -71.324237584181787, -31.420791912338235 ] ] ] } },
{ "type": "Feature", "properties": { "cve": "2875396", "nombre": "LOS COPAOS 1 AL 7", "solicitante": "Cortés Araya Andrés Hernán", "region": "REGIÓN DE COQUIMBO", "provincia": "Provincia de Choapa", "comuna": "Canela", "superficie_ha": 49.0, "datum_original": "PSAD56", "huso": 19, "epsg_origen": 24879, "tipo_publicacion": "manifestacion", "fuente_pdf": "http://www.diariooficial.interior.gob.cl/publicaciones/2026/09/28/44560/07/2875396.pdf", "archivo": "gm_manifestacion_2875396.pdf", "fecha": "28-09-2026", "edicion": "44560" }, "geometry": { "type": "Polygon", "coordinates": [ [ [ -71.421324712527536, -31.425397048404076 ], [ -71.413965969360532, -31.425535943178634 ], [ -71.414127723982247, -31.43184612820059 ], [ -71.421486959069668, -31.43170719922308 ], [ -71.421324712527536, -31.425397048404076 ] ] ] } },
{ "type": "Feature", "properties": { "cve": "2876275", "nombre": "PURRANQUE D 1, 1 AL 200", "solicitante": "Minera Los Pelambres", "region": "REGIÓN DE COQUIMBO", "provincia": "Provincia de Choapa", "comuna": null, "superficie_ha": 200.0, "datum_original": "PSAD56", "huso": 19, "epsg_origen": 24879, "tipo_publicacion": "manifestacion", "fuente_pdf": "http://www.diariooficial.interior.gob.cl/publicaciones/2026/09/28/44560/07/2876275.pdf", "archivo": "gm_manifestacion_2876275.pdf", "fecha": "28-09-2026", "edicion": "44560" }, "geometry": { "type": "Polygon", "coordinates": [ [ [ -70.5892444776443, -31.961673758214353 ], [ -70.568087382494568, -31.961936867940842 ], [ -70.568240697313357, -31.970955295575919 ], [ -70.589399858923159, -31.970692094122615 ], [ -70.5892444776443, -31.961673758214353 ] ] ] } },
{ "type": "Feature", "properties": { "cve": "2876283", "nombre": "PURRANQUE D 11, 1 AL 300", "solicitante": "Minera Los Pelambres", "region": "REGIÓN DE COQUIMBO", "provincia": "Provincia de Choapa", "comuna": null, "superficie_ha": 300.0, "datum_original": "PSAD56", "huso": 19, "epsg_origen": 24879, "tipo_publicacion": "manifestacion", "fuente_pdf": "http://www.diariooficial.interior.gob.cl/publicaciones/2026/09/28/44560/07/2876283.pdf", "archivo": "gm_manifestacion_2876283.pdf", "fecha": "28-09-2026", "edicion": "44560" }, "geometry": { "type": "Polygon", "coordinates": [ [ [ -70.595229395316181, -32.001819982036231 ], [ -70.563479920661408, -32.002215260331532 ], [ -70.563633024180774, -32.011233650140795 ], [ -70.595385604715389, -32.010838234137751 ], [ -70.595229395316181, -32.001819982036231 ] ] ] } },
{ "type": "Feature", "properties": { "cve": "2876284", "nombre": "PURRANQUE D 12, 1 AL 20", "solicitante": "Minera Los Pelambres", "region": "REGIÓN DE COQUIMBO", "provincia": "Provincia de Choapa", "comuna": null, "superficie_ha": 200.0, "datum_original": "PSAD56", "huso": 19, "epsg_origen": 24879, "tipo_publicacion": "manifestacion", "fuente_pdf": "http://www.diariooficial.interior.gob.cl/publicaciones/2026/09/28/44560/07/2876284.pdf", "archivo": "gm_manifestacion_2876284.pdf", "fecha": "28-09-2026", "edicion": "44560" }, "geometry": { "type": "Polygon", "coordinates": [ [ [ -70.526414327221715, -32.00123243263134 ], [ -70.505247525841327, -32.00148535028741 ], [ -70.505394924114157, -32.010503987532218 ], [ -70.526563796261712, -32.010250981760564 ], [ -70.526414327221715, -32.00123243263134 ] ] ] } },
{ "type": "Feature", "properties": { "cve": "2876286", "nombre": "PURRANQUE D 13, 1 AL 200", "solicitante": "Minera Los Pelambres", "region": "REGIÓN DE COQUIMBO", "provincia": "Provincia de Choapa", "comuna": null, "superficie_ha": 200.0, "datum_original": "PSAD56", "huso": 19, "epsg_origen": 24879, "tipo_publicacion": "manifestacion", "fuente_pdf": "http://www.diariooficial.interior.gob.cl/publicaciones/2026/09/28/44560/07/2876286.pdf", "archivo": "gm_manifestacion_2876286.pdf", "fecha": "28-09-2026", "edicion": "44560" }, "geometry": { "type": "Polygon", "coordinates": [ [ [ -70.570446011334624, -32.009715256519613 ], [ -70.549277698249938, -32.009975580343948 ], [ -70.549429457022498, -32.018994019981342 ], [ -70.570599841575756, -32.018733605476399 ], [ -70.570446011334624, -32.009715256519613 ] ] ] } },
{ "type": "Feature", "properties": { "cve": "2876287", "nombre": "PURRANQUE D 14, 1 al 30", "solicitante": "Minera Los Pelambres", "region": "REGIÓN DE COQUIMBO", "provincia": "Provincia de Choapa", "comuna": null, "superficie_ha": 300.0, "datum_original": "PSAD56", "huso": 19, "epsg_origen": 24879, "tipo_publicacion": "manifestacion", "fuente_pdf": "http://www.diariooficial.interior.gob.cl/publicaciones/2026/09/28/44560/07/2876287.pdf", "archivo": "gm_manifestacion_2876287.pdf", "fecha": "28-09-2026", "edicion": "44560" }, "geometry": { "type": "Polygon", "coordinates": [ [ [ -70.627137555786717, -32.010434875766215 ], [ -70.595385604715389, -32.010838234137751 ], [ -70.595541884055194, -32.019856472623779 ], [ -70.627296942142465, -32.019452973752742 ], [ -70.627137555786717, -32.010434875766215 ] ] ] } },
{ "type": "Feature", "properties": { "cve": "2876288", "nombre": "PURRANQUE D 15, 1 AL 300", "solicitante": "Minera Los Pelambres", "region": "REGIÓN DE COQUIMBO", "provincia": "Provincia de Choapa", "comuna": null, "superficie_ha": 300.0, "datum_original": "PSAD56", "huso": 19, "epsg_origen": 24879, "tipo_publicacion": "manifestacion", "fuente_pdf": "http://www.diariooficial.interior.gob.cl/publicaciones/2026/09/28/44560/07/2876288.pdf", "archivo": "gm_manifestacion_2876288.pdf", "fecha": "28-09-2026", "edicion": "44560" }, "geometry": { "type": "Polygon", "coordinates": [ [ [ -70.595385604715389, -32.010838234137751 ], [ -70.563633024180774, -32.011233650140795 ], [ -70.563786196251058, -32.020252026361021 ], [ -70.595541884055194, -32.019856472623779 ], [ -70.595385604715389, -32.010838234137751 ] ] ] } },
{ "type": "Feature", "properties": { "cve": "2876289", "nombre": "PURRANQUE D 16, 1 al 30", "solicitante": "Minera Los Pelambres", "region": "REGIÓN DE COQUIMBO", "provincia": "Provincia de Choapa", "comuna": null, "superficie_ha": 300.0, "datum_original": "PSAD56", "huso": 19, "epsg_origen": 24879, "tipo_publicacion": "manifestacion", "fuente_pdf": "http://www.diariooficial.interior.gob.cl/publicaciones/2026/09/28/44560/07/2876289.pdf", "archivo": "gm_manifestacion_2876289.pdf", "fecha": "28-09-2026", "edicion": "44560" }, "geometry": { "type": "Polygon", "coordinates": [ [ [ -70.528258800683574, -32.019250903165414 ], [ -70.517673371753148, -32.019378020463506 ], [ -70.518119725292848, -32.046433659193347 ], [ -70.528708264493716, -32.04630640905004 ], [ -70.528258800683574, -32.019250903165414 ] ] ] } },
{ "type": "Feature", "properties": { "cve": "2876290", "nombre": "PURRANQUE D 17, 1 AL 30", "solicitante": "Minera Los Pelambres", "region": "REGIÓN DE COQUIMBO", "provincia": "Provincia de Choapa", "comuna": null, "superficie_ha": 300.0, "datum_original": "PSAD56", "huso": 19, "epsg_origen": 24879, "tipo_publicacion": "manifestacion", "fuente_pdf": "http://www.diariooficial.interior.gob.cl/publicaciones/2026/09/28/44560/07/2876290.pdf", "archivo": "gm_manifestacion_2876290.pdf", "fecha": "28-09-2026", "edicion": "44560" }, "geometry": { "type": "Polygon", "coordinates": [ [ [ -70.627296942142465, -32.019452973752742 ], [ -70.595541884055194, -32.019856472623779 ], [ -70.595698233363819, -32.028874697492014 ], [ -70.62745639985711, -32.028471058094539 ], [ -70.627296942142465, -32.019452973752742 ] ] ] } },
{ "type": "Feature", "properties": { "cve": "2876291", "nombre": "PURRANQUE D 18, 1 AL 300", "solicitante": "Minera Los Pelambres", "region": "REGIÓN DE COQUIMBO", "provincia": "Provincia de Choapa", "comuna": null, "superficie_ha": 300.0, "datum_original": "PSAD56", "huso": 19, "epsg_origen": 24879, "tipo_publicacion": "manifestacion", "fuente_pdf": "http://www.diariooficial.interior.gob.cl/publicaciones/2026/09/28/44560/07/2876291.pdf", "archivo": "gm_manifestacion_2876291.pdf", "fecha": "28-09-2026", "edicion": "44560" }, "geometry": { "type": "Polygon", "coordinates": [ [ [ -70.595541884055194, -32.019856472623779 ], [ -70.563786196251058, -32.020252026361021 ], [ -70.563939436899886, -32.029270388989815 ], [ -70.595698233363819, -32.028874697492014 ], [ -70.595541884055194, -32.019856472623779 ] ] ] } },
{ "type": "Feature", "properties": { "cve": "2876276", "nombre": "PURRANQUE D 2, 1 al 30", "solicitante": "Minera Los Pelambres", "region": "REGIÓN DE COQUIMBO", "provincia": "Provincia de Choapa", "comuna": null, "superficie_ha": 300.0, "datum_original": "PSAD56", "huso": 19, "epsg_origen": 24879, "tipo_publicacion": "manifestacion", "fuente_pdf": "http://www.diariooficial.interior.gob.cl/publicaciones/2026/09/28/44560/07/2876276.pdf", "archivo": "gm_manifestacion_2876276.pdf", "fecha": "28-09-2026", "edicion": "44560" }, "geometry": { "type": "Polygon", "coordinates": [ [ [ -70.621052331403376, -31.965411841194356 ], [ -70.589315789013568, -31.965813176084747 ], [ -70.589471202228012, -31.974831505750586 ], [ -70.621210844734151, -31.974430030955606 ], [ -70.621052331403376, -31.965411841194356 ] ] ] } },
{ "type": "Feature", "properties": { "cve": "2876292", "nombre": "PURRANQUE D 21, 1 AL 200", "solicitante": "Minera Los Pelambres", "region": "REGIÓN DE COQUIMBO", "provincia": "Provincia de Choapa", "comuna": null, "superficie_ha": 200.0, "datum_original": "PSAD56", "huso": 19, "epsg_origen": 24879, "tipo_publicacion": "manifestacion", "fuente_pdf": "http://www.diariooficial.interior.gob.cl/publicaciones/2026/09/28/44560/07/2876292.pdf", "archivo": "gm_manifestacion_2876292.pdf", "fecha": "28-09-2026", "edicion": "44560" }, "geometry": { "type": "Polygon", "coordinates": [ [ [ -70.54958128374173, -32.028012446039455 ], [ -70.528408554897865, -32.028269418692126 ], [ -70.528558376158912, -32.037287920654407 ], [ -70.549733178434991, -32.037030858515998 ], [ -70.54958128374173, -32.028012446039455 ] ] ] } },
{ "type": "Feature", "properties": { "cve": "2876293", "nombre": "PURRANQUE D 22, 1 AL 30", "solicitante": "Minera Los Pelambres", "region": "REGIÓN DE COQUIMBO", "provincia": "Provincia de Choapa", "comuna": null, "superficie_ha": 300.0, "datum_original": "PSAD56", "huso": 19, "epsg_origen": 24879, "tipo_publicacion": "manifestacion", "fuente_pdf": "http://www.diariooficial.interior.gob.cl/publicaciones/2026/09/28/44560/07/2876293.pdf", "archivo": "gm_manifestacion_2876293.pdf", "fecha": "28-09-2026", "edicion": "44560" }, "geometry": { "type": "Polygon", "coordinates": [ [ [ -70.622322427208033, -32.037556977554146 ], [ -70.5905610450111, -32.037959432431869 ], [ -70.590717015785756, -32.04697765321859 ], [ -70.622481509213273, -32.046575058221634 ], [ -70.622322427208033, -32.037556977554146 ] ] ] } },
{ "type": "Feature", "properties": { "cve": "2876294", "nombre": "PURRANQUE D 23, 1 AL 30", "solicitante": "Minera Los Pelambres", "region": "REGIÓN DE COQUIMBO", "provincia": "Provincia de Choapa", "comuna": null, "superficie_ha": 300.0, "datum_original": "PSAD56", "huso": 19, "epsg_origen": 24879, "tipo_publicacion": "manifestacion", "fuente_pdf": "http://www.diariooficial.interior.gob.cl/publicaciones/2026/09/28/44560/07/2876294.pdf", "archivo": "gm_manifestacion_2876294.pdf", "fecha": "28-09-2026", "edicion": "44560" }, "geometry": { "type": "Polygon", "coordinates": [ [ [ -70.5905610450111, -32.037959432431869 ], [ -70.558799034676554, -32.03835393655298 ], [ -70.558951893967375, -32.047372294692003 ], [ -70.590717015785756, -32.04697765321859 ], [ -70.5905610450111, -32.037959432431869 ] ] ] } },
{ "type": "Feature", "properties": { "cve": "2876277", "nombre": "PURRANQUE D 3, 1 al 20", "solicitante": "Minera Los Pelambres", "region": "REGIÓN DE COQUIMBO", "provincia": "Provincia de Choapa", "comuna": null, "superficie_ha": 200.0, "datum_original": "PSAD56", "huso": 19, "epsg_origen": 24879, "tipo_publicacion": "manifestacion", "fuente_pdf": "http://www.diariooficial.interior.gob.cl/publicaciones/2026/09/28/44560/07/2876277.pdf", "archivo": "gm_manifestacion_2876277.pdf", "fecha": "28-09-2026", "edicion": "44560" }, "geometry": { "type": "Polygon", "coordinates": [ [ [ -70.546975380183426, -31.964902011096228 ], [ -70.525817119774189, -31.965158100574264 ], [ -70.525966321383024, -31.974176703914974 ], [ -70.547126648749156, -31.973920525160786 ], [ -70.546975380183426, -31.964902011096228 ] ] ] } },
{ "type": "Feature", "properties": { "cve": "2876278", "nombre": "PURRANQUE D 4, 1 al 20", "solicitante": "Minera Los Pelambres", "region": "REGIÓN DE COQUIMBO", "provincia": "Provincia de Choapa", "comuna": null, "superficie_ha": 200.0, "datum_original": "PSAD56", "huso": 19, "epsg_origen": 24879, "tipo_publicacion": "manifestacion", "fuente_pdf": "http://www.diariooficial.interior.gob.cl/publicaciones/2026/09/28/44560/07/2876278.pdf", "archivo": "gm_manifestacion_2876278.pdf", "fecha": "28-09-2026", "edicion": "44560" }, "geometry": { "type": "Polygon", "coordinates": [ [ [ -70.589399858923159, -31.970692094122615 ], [ -70.568240697313357, -31.970955295575919 ], [ -70.56839408079135, -31.979973709627853 ], [ -70.589555309786022, -31.979710416430176 ], [ -70.589399858923159, -31.970692094122615 ] ] ] } },
{ "type": "Feature", "properties": { "cve": "2876279", "nombre": "PURRANQUE D 5, 1 AL 30", "solicitante": "Minera Los Pelambres", "region": "REGIÓN DE COQUIMBO", "provincia": "Provincia de Choapa", "comuna": null, "superficie_ha": 300.0, "datum_original": "PSAD56", "huso": 19, "epsg_origen": 24879, "tipo_publicacion": "manifestacion", "fuente_pdf": "http://www.diariooficial.interior.gob.cl/publicaciones/2026/09/28/44560/07/2876279.pdf", "archivo": "gm_manifestacion_2876279.pdf", "fecha": "28-09-2026", "edicion": "44560" }, "geometry": { "type": "Polygon", "coordinates": [ [ [ -70.621210844734151, -31.974430030955606 ], [ -70.589471202228012, -31.974831505750586 ], [ -70.589626685039306, -31.98384982181463 ], [ -70.621369429049139, -31.983448207088284 ], [ -70.621210844734151, -31.974430030955606 ] ] ] } },
{ "type": "Feature", "properties": { "cve": "2876280", "nombre": "PURRANQUE D 6, 1 AL 20", "solicitante": "Minera Los Pelambres", "region": "REGIÓN DE COQUIMBO", "provincia": "Provincia de Choapa", "comuna": null, "superficie_ha": 200.0, "datum_original": "PSAD56", "huso": 19, "epsg_origen": 24879, "tipo_publicacion": "manifestacion", "fuente_pdf": "http://www.diariooficial.interior.gob.cl/publicaciones/2026/09/28/44560/07/2876280.pdf", "archivo": "gm_manifestacion_2876280.pdf", "fecha": "28-09-2026", "edicion": "44560" }, "geometry": { "type": "Polygon", "coordinates": [ [ [ -70.547126648749156, -31.973920525160786 ], [ -70.525966321383024, -31.974176703914974 ], [ -70.52611558980928, -31.983195293706245 ], [ -70.547277985057391, -31.982939025658801 ], [ -70.547126648749156, -31.973920525160786 ] ] ] } },
{ "type": "Feature", "properties": { "cve": "2876281", "nombre": "PURRANQUE D 7, 1 AL 30", "solicitante": "Minera Los Pelambres", "region": "REGIÓN DE COQUIMBO", "provincia": "Provincia de Choapa", "comuna": null, "superficie_ha": 300.0, "datum_original": "PSAD56", "huso": 19, "epsg_origen": 24879, "tipo_publicacion": "manifestacion", "fuente_pdf": "http://www.diariooficial.interior.gob.cl/publicaciones/2026/09/28/44560/07/2876281.pdf", "archivo": "gm_manifestacion_2876281.pdf", "fecha": "28-09-2026", "edicion": "44560" }, "geometry": { "type": "Polygon", "coordinates": [ [ [ -70.621369429049139, -31.983448207088284 ], [ -70.589626685039306, -31.98384982181463 ], [ -70.589782237475475, -31.992868124274594 ], [ -70.621528084376862, -31.99246636959009 ], [ -70.621369429049139, -31.983448207088284 ] ] ] } },
{ "type": "Feature", "properties": { "cve": "2876282", "nombre": "PURRANQUE D 8, 1 AL 30", "solicitante": "Minera Los Pelambres", "region": "REGIÓN DE COQUIMBO", "provincia": "Provincia de Choapa", "comuna": null, "superficie_ha": 300.0, "datum_original": "PSAD56", "huso": 19, "epsg_origen": 24879, "tipo_publicacion": "manifestacion", "fuente_pdf": "http://www.diariooficial.interior.gob.cl/publicaciones/2026/09/28/44560/07/2876282.pdf", "archivo": "gm_manifestacion_2876282.pdf", "fecha": "28-09-2026", "edicion": "44560" }, "geometry": { "type": "Polygon", "coordinates": [ [ [ -70.626818997036906, -31.992398638868274 ], [ -70.595073255829433, -31.992801716321562 ], [ -70.595229395316181, -32.001819982036231 ], [ -70.626978240761105, -32.001416764137282 ], [ -70.626818997036906, -31.992398638868274 ] ] ] } },
{ "type": "Feature", "properties": { "cve": "2875442", "nombre": "SAN ROMELIO 1 AL 6", "solicitante": "Lazo Cisternas Domingo Filomeno y otro", "region": "REGIÓN DE COQUIMBO", "provincia": "Provincia de Choapa", "comuna": null, "superficie_ha": 30.0, "datum_original": "WGS84", "huso": 19, "epsg_origen": 32719, "tipo_publicacion": "manifestacion", "fuente_pdf": "http://www.diariooficial.interior.gob.cl/publicaciones/2026/09/28/44560/07/2875442.pdf", "archivo": "gm_manifestacion_2875442.pdf", "fecha": "28-09-2026", "edicion": "44560" }, "geometry": { "type": "Polygon", "coordinates": [ [ [ -71.080947013866989, -31.682717211660158 ], [ -71.075675072624335, -31.682803136133582 ], [ -71.075795514667888, -31.688212927751497 ], [ -71.081067761279911, -31.688126985222397 ], [ -71.080947013866989, -31.682717211660158 ] ] ] } },
{ "type": "Feature", "properties": { "cve": "2876081", "nombre": "DON ALFONSO 1 AL 30", "solicitante": "Arlan SpA", "region": "REGIÓN METROPOLITANA DE SANTIAGO", "provincia": "Provincia de Maipo", "comuna": null, "superficie_ha": 300.0, "datum_original": "PSAD56", "huso": 19, "epsg_origen": 24879, "tipo_publicacion": "manifestacion", "fuente_pdf": "http://www.diariooficial.interior.gob.cl/publicaciones/2026/09/28/44560/07/2876081.pdf", "archivo": "gm_manifestacion_2876081.pdf", "fecha": "28-09-2026", "edicion": "44560" }, "geometry": { "type": "Polygon", "coordinates": [ [ [ -70.773246248864666, -33.886378279822821 ], [ -70.762437231332427, -33.886533393873215 ], [ -70.76299386326707, -33.913577558671932 ], [ -70.773806290270301, -33.913422287292853 ], [ -70.773246248864666, -33.886378279822821 ] ] ] } },
{ "type": "Feature", "properties": { "cve": "2876558", "nombre": "CELOSA 3, 1 AL 18", "solicitante": "Farfán Cano Héctor Manuel", "region": "REGIÓN METROPOLITANA DE SANTIAGO", "provincia": "Provincia de Melipilla", "comuna": null, "superficie_ha": 18.0, "datum_original": "PSAD56", "huso": 19, "epsg_origen": 24879, "tipo_publicacion": "manifestacion", "fuente_pdf": "http://www.diariooficial.interior.gob.cl/publicaciones/2026/09/28/44560/07/2876558.pdf", "archivo": "gm_manifestacion_2876558.pdf", "fecha": "28-09-2026", "edicion": "44560" }, "geometry": { "type": "Polygon", "coordinates": [ [ [ -71.157172258681854, -33.263040908094396 ], [ -71.150734784057704, -33.263152462517517 ], [ -71.1508010829277, -33.265856531298525 ], [ -71.157238755619773, -33.265744965459895 ], [ -71.157172258681854, -33.263040908094396 ] ] ] } },
{ "type": "Feature", "properties": { "cve": "2875526", "nombre": "MONTE DEL SOL 10, 1 AL 20", "solicitante": "Redhill Magallanes SpA", "region": "REGIÓN DE MAGALLANES Y DE LA ANTÁRTICA CHILENA", "provincia": "Provincia de Magallanes", "comuna": null, "superficie_ha": 200.0, "datum_original": "WGS84", "huso": 19, "epsg_origen": 32719, "tipo_publicacion": "manifestacion", "fuente_pdf": "http://www.diariooficial.interior.gob.cl/publicaciones/2026/09/28/44560/07/2875526.pdf", "archivo": "gm_manifestacion_2875526.pdf", "fecha": "28-09-2026", "edicion": "44560" }, "geometry": { "type": "Polygon", "coordinates": [ [ [ -71.99338823835987, -53.635204005150456 ], [ -71.97828499774208, -53.635581029312206 ], [ -71.979551228549084, -53.653533623734354 ], [ -71.9946608670339, -53.653156353563617 ], [ -71.99338823835987, -53.635204005150456 ] ] ] } },
{ "type": "Feature", "properties": { "cve": "2875527", "nombre": "MONTE DEL SOL 13, 1 AL 20", "solicitante": "Redhill Magallanes SpA", "region": "REGIÓN DE MAGALLANES Y DE LA ANTÁRTICA CHILENA", "provincia": "Provincia de Magallanes", "comuna": null, "superficie_ha": 200.0, "datum_original": "WGS84", "huso": 19, "epsg_origen": 32719, "tipo_publicacion": "manifestacion", "fuente_pdf": "http://www.diariooficial.interior.gob.cl/publicaciones/2026/09/28/44560/07/2875527.pdf", "archivo": "gm_manifestacion_2875527.pdf", "fecha": "28-09-2026", "edicion": "44560" }, "geometry": { "type": "Polygon", "coordinates": [ [ [ -71.97828499774208, -53.635581029312206 ], [ -71.963181415492798, -53.635956149851715 ], [ -71.964441247935895, -53.653908989045092 ], [ -71.979551228549084, -53.653533623734354 ], [ -71.97828499774208, -53.635581029312206 ] ] ] } },
{ "type": "Feature", "properties": { "cve": "2875525", "nombre": "MONTE DEL SOL 3, 1 AL 30", "solicitante": "Redhill Magallanes SpA", "region": "REGIÓN DE MAGALLANES Y DE LA ANTÁRTICA CHILENA", "provincia": "Provincia de Magallanes", "comuna": null, "superficie_ha": 300.0, "datum_original": "WGS84", "huso": 18, "epsg_origen": 32718, "tipo_publicacion": "manifestacion", "fuente_pdf": "http://www.diariooficial.interior.gob.cl/publicaciones/2026/09/28/44560/07/2875525.pdf", "archivo": "gm_manifestacion_2875525.pdf", "fecha": "28-09-2026", "edicion": "44560" }, "geometry": { "type": "Polygon", "coordinates": [ [ [ -72.038636467851489, -53.605697971576149 ], [ -71.993359062790347, -53.604568027263333 ], [ -71.992720820472613, -53.613544148122678 ], [ -72.038007802376598, -53.614674460883101 ], [ -72.038636467851489, -53.605697971576149 ] ] ] } },
{ "type": "Feature", "properties": { "cve": "2875453", "nombre": "CIRO DEL 1 AL 6", "solicitante": "Almonacid Barrientos Mireya Alejandra", "region": "REGIÓN DE TARAPACÁ", "provincia": "Provincia de Iquique", "comuna": null, "superficie_ha": 60.0, "datum_original": "PSAD56", "huso": 19, "epsg_origen": 24879, "tipo_publicacion": "mensura", "fuente_pdf": "http://www.diariooficial.interior.gob.cl/publicaciones/2026/09/28/44560/07/2875453.pdf", "archivo": "gm_mensura_2875453.pdf", "fecha": "28-09-2026", "edicion": "44560" }, "geometry": { "type": "Polygon", "coordinates": [ [ [ -70.091281273329102, -20.172768978733842 ], [ -70.076928552544331, -20.17285740316283 ], [ -70.076953362562804, -20.176471351392951 ], [ -70.091306413843199, -20.176382909779679 ], [ -70.0841174094504, -20.174620307242876 ], [ -70.091281273329102, -20.172768978733842 ] ] ] } },
{ "type": "Feature", "properties": { "cve": "2875837", "nombre": "CEBADA 2 1 AL 60", "solicitante": "Minera Meridian Limitada", "region": "REGIÓN DE ANTOFAGASTA", "provincia": "Provincia de Antofagasta", "comuna": null, "superficie_ha": 300.0, "datum_original": "PSAD56", "huso": 19, "epsg_origen": 24879, "tipo_publicacion": "mensura", "fuente_pdf": "http://www.diariooficial.interior.gob.cl/publicaciones/2026/09/28/44560/07/2875837.pdf", "archivo": "gm_mensura_2875837.pdf", "fecha": "28-09-2026", "edicion": "44560" }, "geometry": { "type": "Polygon", "coordinates": [ [ [ -69.471096154980344, -24.619267115556397 ], [ -69.475984487557426, -24.605704818146055 ], [ -69.466106351200565, -24.605735729273466 ], [ -69.466206791194196, -24.632829245365567 ], [ -69.476087055969955, -24.632798295763386 ], [ -69.471096154980344, -24.619267115556397 ] ] ] } },
{ "type": "Feature", "properties": { "cve": "2875838", "nombre": "CEBADA 3 1 AL 20", "solicitante": "Minera Meridian Limitada", "region": "REGIÓN DE ANTOFAGASTA", "provincia": "Provincia de Antofagasta", "comuna": null, "superficie_ha": 100.0, "datum_original": "PSAD56", "huso": 19, "epsg_origen": 24879, "tipo_publicacion": "mensura", "fuente_pdf": "http://www.diariooficial.interior.gob.cl/publicaciones/2026/09/28/44560/07/2875838.pdf", "archivo": "gm_mensura_2875838.pdf", "fecha": "28-09-2026", "edicion": "44560" }, "geometry": { "type": "Polygon", "coordinates": [ [ [ -69.480940811083045, -24.610204702723049 ], [ -69.48586260724926, -24.605673258844892 ], [ -69.475984487557426, -24.605704818146055 ], [ -69.476018660356019, -24.614735988327229 ], [ -69.485897489169616, -24.614704415934053 ], [ -69.480940811083045, -24.610204702723049 ] ] ] } },
{ "type": "Feature", "properties": { "cve": "2875918", "nombre": "DOÑA LUCY 1/20", "solicitante": "Sánchez Fre Raúl", "region": "REGIÓN DE ANTOFAGASTA", "provincia": "Provincia de Antofagasta", "comuna": null, "superficie_ha": 10.0, "datum_original": "PSAD56", "huso": 19, "epsg_origen": 24879, "tipo_publicacion": "mensura", "fuente_pdf": "http://www.diariooficial.interior.gob.cl/publicaciones/2026/09/28/44560/07/2875918.pdf", "archivo": "gm_mensura_2875918.pdf", "fecha": "28-09-2026", "edicion": "44560" }, "geometry": { "type": "Polygon", "coordinates": [ [ [ -70.507371097482434, -24.122141559170842 ], [ -70.487695834630102, -24.12233446638189 ], [ -70.487800262836373, -24.131363471500517 ], [ -70.507476905519312, -24.131170483080449 ], [ -70.507371097482434, -24.122141559170842 ] ] ] } },
{ "type": "Feature", "properties": { "cve": "2876765", "nombre": "LINEA C 1 AL 20", "solicitante": "Minera Meridian Limitada", "region": "REGIÓN DE ANTOFAGASTA", "provincia": "Provincia de Antofagasta", "comuna": null, "superficie_ha": 100.0, "datum_original": "PSAD56", "huso": 19, "epsg_origen": 24879, "tipo_publicacion": "mensura", "fuente_pdf": "http://www.diariooficial.interior.gob.cl/publicaciones/2026/09/28/44560/07/2876765.pdf", "archivo": "gm_mensura_2876765.pdf", "fecha": "28-09-2026", "edicion": "44560" }, "geometry": { "type": "Polygon", "coordinates": [ [ [ -69.638536398973272, -24.519306921509418 ], [ -69.643448941788776, -24.514770446794991 ], [ -69.633578206993789, -24.514812202417303 ], [ -69.633623503372718, -24.523843240779584 ], [ -69.643494943737949, -24.523801467787671 ], [ -69.638536398973272, -24.519306921509418 ] ] ] } },
{ "type": "Feature", "properties": { "cve": "2875922", "nombre": "MARGARITA 56, 1 AL 60", "solicitante": "Glencore Exploraciones Limitada", "region": "REGIÓN DE ANTOFAGASTA", "provincia": "Provincia de Antofagasta", "comuna": null, "superficie_ha": 277.0, "datum_original": "WGS84", "huso": 19, "epsg_origen": 32719, "tipo_publicacion": "mensura", "fuente_pdf": "http://www.diariooficial.interior.gob.cl/publicaciones/2026/09/28/44560/07/2875922.pdf", "archivo": "gm_mensura_2875922.pdf", "fecha": "28-09-2026", "edicion": "44560" }, "geometry": { "type": "Polygon", "coordinates": [ [ [ -69.382685601486173, -23.744571836196936 ], [ -69.372873313935159, -23.744595816985747 ], [ -69.372950510654775, -23.77169295629357 ], [ -69.380801966804341, -23.771673797021105 ], [ -69.38079145045289, -23.76806085387976 ], [ -69.381772854786306, -23.768058431319933 ], [ -69.381770219249816, -23.767155195373078 ], [ -69.380788821691027, -23.767157617829746 ], [ -69.380786193059564, -23.766254381673868 ], [ -69.379804802144704, -23.766256797792664 ], [ -69.379802180417613, -23.765353561428029 ], [ -69.37882079614667, -23.765355971209484 ], [ -69.378818181323268, -23.764452734636372 ], [ -69.379799558820579, -23.764450324957554 ], [ -69.379796937353575, -23.763547088381205 ], [ -69.381759678411115, -23.763542250527042 ], [ -69.381757043528225, -23.762639014050897 ], [ -69.382738407088141, -23.762636585876354 ], [ -69.382719919166405, -23.756313928303566 ], [ -69.381738603007818, -23.756316355754212 ], [ -69.381735969170521, -23.755413118431342 ], [ -69.382717278558843, -23.755410691084101 ], [ -69.382685601486173, -23.744571836196936 ] ] ] } },
{ "type": "Feature", "properties": { "cve": "2875923", "nombre": "MARGARITA 74, 1 AL 40", "solicitante": "Glencore Exploraciones Limitada", "region": "REGIÓN DE ANTOFAGASTA", "provincia": "Provincia de Antofagasta", "comuna": null, "superficie_ha": 200.0, "datum_original": "WGS84", "huso": 19, "epsg_origen": 32719, "tipo_publicacion": "mensura", "fuente_pdf": "http://www.diariooficial.interior.gob.cl/publicaciones/2026/09/28/44560/07/2875923.pdf", "archivo": "gm_mensura_2875923.pdf", "fecha": "28-09-2026", "edicion": "44560" }, "geometry": { "type": "Polygon", "coordinates": [ [ [ -69.432105173437009, -23.85282979081088 ], [ -69.422284811466909, -23.852857024405822 ], [ -69.422343379845586, -23.870921432458832 ], [ -69.432165103739052, -23.870894175730196 ], [ -69.432105173437009, -23.85282979081088 ] ] ] } },
{ "type": "Feature", "properties": { "cve": "2875863", "nombre": "SAN SEBASTIAN DEL 1 AL 49", "solicitante": "Campusano Silva Oscar Eduardo", "region": "REGIÓN DE ANTOFAGASTA", "provincia": "Provincia de Antofagasta", "comuna": null, "superficie_ha": 490.0, "datum_original": "WGS84", "huso": 19, "epsg_origen": 32719, "tipo_publicacion": "mensura", "fuente_pdf": "http://www.diariooficial.interior.gob.cl/publicaciones/2026/09/28/44560/07/2875863.pdf", "archivo": "gm_mensura_2875863.pdf", "fecha": "28-09-2026", "edicion": "44560" }, "geometry": { "type": "Polygon", "coordinates": [ [ [ -70.453974359655604, -23.106040268884151 ], [ -70.440307033494733, -23.106165607870505 ], [ -70.440355203410547, -23.11068083561317 ], [ -70.438402655224849, -23.110698648496889 ], [ -70.43854704185776, -23.124244327284096 ], [ -70.436594295903518, -23.124262127632036 ], [ -70.436690483555253, -23.133292574506438 ], [ -70.454266302896343, -23.133131431523424 ], [ -70.453974359655604, -23.106040268884151 ] ] ] } },
{ "type": "Feature", "properties": { "cve": "2875840", "nombre": "SURPE 6 1 AL 40", "solicitante": "Minera Meridian Limitada", "region": "REGIÓN DE ANTOFAGASTA", "provincia": "Provincia de Antofagasta", "comuna": null, "superficie_ha": 200.0, "datum_original": "PSAD56", "huso": 19, "epsg_origen": 24879, "tipo_publicacion": "mensura", "fuente_pdf": "http://www.diariooficial.interior.gob.cl/publicaciones/2026/09/28/44560/07/2875840.pdf", "archivo": "gm_mensura_2875840.pdf", "fecha": "28-09-2026", "edicion": "44560" }, "geometry": { "type": "Polygon", "coordinates": [ [ [ -69.456032006557862, -24.551578588648752 ], [ -69.465889234891648, -24.54703277249201 ], [ -69.446142115468419, -24.547092488835435 ], [ -69.44617405937791, -24.556123767906858 ], [ -69.465922592578821, -24.55606402674627 ], [ -69.456032006557862, -24.551578588648752 ] ] ] } },
{ "type": "Feature", "properties": { "cve": "2875839", "nombre": "SURPE 7 1 AL 60", "solicitante": "Minera Meridian Limitada", "region": "REGIÓN DE ANTOFAGASTA", "provincia": "Provincia de Antofagasta", "comuna": null, "superficie_ha": 300.0, "datum_original": "PSAD56", "huso": 19, "epsg_origen": 24879, "tipo_publicacion": "mensura", "fuente_pdf": "http://www.diariooficial.interior.gob.cl/publicaciones/2026/09/28/44560/07/2875839.pdf", "archivo": "gm_mensura_2875839.pdf", "fecha": "28-09-2026", "edicion": "44560" }, "geometry": { "type": "Polygon", "coordinates": [ [ [ -69.460985465279819, -24.556079204550162 ], [ -69.475779800552104, -24.551517566762008 ], [ -69.446158085473385, -24.551608129739705 ], [ -69.446190037182618, -24.56063940333652 ], [ -69.475813873438028, -24.560548802727538 ], [ -69.460985465279819, -24.556079204550162 ] ] ] } },
{ "type": "Feature", "properties": { "cve": "2876737", "nombre": "MERCURIO 4R; 1 AL 300", "solicitante": "Sociedad Minera Cerro del León SpA", "region": "REGIÓN DE ANTOFAGASTA", "provincia": "Provincia de El Loa", "comuna": null, "superficie_ha": 1.0, "datum_original": "PSAD56", "huso": 19, "epsg_origen": 24879, "tipo_publicacion": "mensura", "fuente_pdf": "http://www.diariooficial.interior.gob.cl/publicaciones/2026/09/28/44560/07/2876737.pdf", "archivo": "gm_mensura_2876737.pdf", "fecha": "28-09-2026", "edicion": "44560" }, "geometry": { "type": "Polygon", "coordinates": [ [ [ -68.137792678254712, -23.073113376099137 ], [ -68.14275948289395, -23.059591495382676 ], [ -68.132998516964022, -23.059538266038416 ], [ -68.132824838257264, -23.08663504754341 ], [ -68.142587758927704, -23.086688346515846 ], [ -68.137792678254712, -23.073113376099137 ] ] ] } },
{ "type": "Feature", "properties": { "cve": "2876104", "nombre": "KIJOTE 5  1 AL 30", "solicitante": "Sociedad Gardner y Esteffan Limitada", "region": "REGIÓN DE ATACAMA", "provincia": "Provincia de Copiapó", "comuna": null, "superficie_ha": 300.0, "datum_original": "WGS84", "huso": 19, "epsg_origen": 32719, "tipo_publicacion": "mensura", "fuente_pdf": "http://www.diariooficial.interior.gob.cl/publicaciones/2026/09/28/44560/07/2876104.pdf", "archivo": "gm_mensura_2876104.pdf", "fecha": "28-09-2026", "edicion": "44560" }, "geometry": { "type": "Polygon", "coordinates": [ [ [ -70.039206668496831, -27.11862516369052 ], [ -70.008942361924966, -27.118845826337047 ], [ -70.009023367148927, -27.127872857605283 ], [ -70.039290102508772, -27.127652109642383 ], [ -70.039206668496831, -27.11862516369052 ] ] ] } },
{ "type": "Feature", "properties": { "cve": "2876585", "nombre": "PRINCESA 1 AL 5", "solicitante": "Ossandón Elgueta Patricio Happy", "region": "REGIÓN DE ATACAMA", "provincia": "Provincia de Copiapó", "comuna": null, "superficie_ha": 25.0, "datum_original": "WGS84", "huso": 19, "epsg_origen": 32719, "tipo_publicacion": "mensura", "fuente_pdf": "http://www.diariooficial.interior.gob.cl/publicaciones/2026/09/28/44560/07/2876585.pdf", "archivo": "gm_mensura_2876585.pdf", "fecha": "28-09-2026", "edicion": "44560" }, "geometry": { "type": "Polygon", "coordinates": [ [ [ -69.67472839269449, -26.621344441232871 ], [ -69.669705902304713, -26.621368174529966 ], [ -69.669732212241556, -26.625882402611794 ], [ -69.674754899907569, -26.625858664666726 ], [ -69.67472839269449, -26.621344441232871 ] ] ] } },
{ "type": "Feature", "properties": { "cve": "2876061", "nombre": "SOFIA DOS, DEL 1 AL 300", "solicitante": "Curaco SpA", "region": "REGIÓN DE ATACAMA", "provincia": "Provincia de Copiapó", "comuna": null, "superficie_ha": 300.0, "datum_original": "PSAD56", "huso": 19, "epsg_origen": 24879, "tipo_publicacion": "mensura", "fuente_pdf": "http://www.diariooficial.interior.gob.cl/publicaciones/2026/09/28/44560/07/2876061.pdf", "archivo": "gm_mensura_2876061.pdf", "fecha": "28-09-2026", "edicion": "44560" }, "geometry": { "type": "Polygon", "coordinates": [ [ [ -70.808985555027448, -27.506820914057624 ], [ -70.79886569577512, -27.506952153703708 ], [ -70.799306324741053, -27.534022528921302 ], [ -70.809428659547663, -27.533891138545638 ], [ -70.808985555027448, -27.506820914057624 ] ] ] } },
{ "type": "Feature", "properties": { "cve": "2876062", "nombre": "SOFIA TRES, DEL 1 AL 200", "solicitante": "Curaco SpA", "region": "REGIÓN DE ATACAMA", "provincia": "Provincia de Copiapó", "comuna": null, "superficie_ha": 200.0, "datum_original": "PSAD56", "huso": 19, "epsg_origen": 24879, "tipo_publicacion": "mensura", "fuente_pdf": "http://www.diariooficial.interior.gob.cl/publicaciones/2026/09/28/44560/07/2876062.pdf", "archivo": "gm_mensura_2876062.pdf", "fecha": "28-09-2026", "edicion": "44560" }, "geometry": { "type": "Polygon", "coordinates": [ [ [ -70.839645002822905, -27.524469306737764 ], [ -70.819402329742658, -27.524735666815154 ], [ -70.819550925558246, -27.533759011907744 ], [ -70.839795249655012, -27.533492549920691 ], [ -70.839645002822905, -27.524469306737764 ] ] ] } },
{ "type": "Feature", "properties": { "cve": "2876060", "nombre": "SOFIA UNO, DEL 1 AL 300", "solicitante": "Curaco SpA", "region": "REGIÓN DE ATACAMA", "provincia": "Provincia de Copiapó", "comuna": null, "superficie_ha": 300.0, "datum_original": "PSAD56", "huso": 19, "epsg_origen": 24879, "tipo_publicacion": "mensura", "fuente_pdf": "http://www.diariooficial.interior.gob.cl/publicaciones/2026/09/28/44560/07/2876060.pdf", "archivo": "gm_mensura_2876060.pdf", "fecha": "28-09-2026", "edicion": "44560" }, "geometry": { "type": "Polygon", "coordinates": [ [ [ -70.819105345555869, -27.50668893899358 ], [ -70.808985555027448, -27.506820914057624 ], [ -70.809428659547663, -27.533891138545638 ], [ -70.819550925558246, -27.533759011907744 ], [ -70.819105345555869, -27.50668893899358 ] ] ] } },
{ "type": "Feature", "properties": { "cve": "2876729", "nombre": "TIA RICA 1 AL 20", "solicitante": "Pérez López Juan Rodrigo", "region": "REGIÓN DE ATACAMA", "provincia": "Provincia de Copiapó", "comuna": null, "superficie_ha": 158.0, "datum_original": "PSAD56", "huso": 19, "epsg_origen": 24879, "tipo_publicacion": "mensura", "fuente_pdf": "http://www.diariooficial.interior.gob.cl/publicaciones/2026/09/28/44560/07/2876729.pdf", "archivo": "gm_mensura_2876729.pdf", "fecha": "28-09-2026", "edicion": "44560" }, "geometry": { "type": "Polygon", "coordinates": [ [ [ -69.773628480569343, -28.116732358328814 ], [ -69.765483937125595, -28.116778063055008 ], [ -69.765503167357338, -28.119485962109533 ], [ -69.755322205709362, -28.119542419318421 ], [ -69.755303231174224, -28.11683451387443 ], [ -69.7532670864626, -28.116845713359222 ], [ -69.753292318239744, -28.120456255399127 ], [ -69.755328531139241, -28.120445054224145 ], [ -69.75536648986018, -28.125860861114514 ], [ -69.773693273675718, -28.125758667024659 ], [ -69.773628480569343, -28.116732358328814 ] ] ] } },
{ "type": "Feature", "properties": { "cve": "2875122", "nombre": "LAS PALMAS, 1 AL 60", "solicitante": "SLM Las Palmas de Los Vilos", "region": "REGIÓN DE COQUIMBO", "provincia": "Provincia de Choapa", "comuna": null, "superficie_ha": 300.0, "datum_original": "PSAD56", "huso": 19, "epsg_origen": 24879, "tipo_publicacion": "mensura", "fuente_pdf": "http://www.diariooficial.interior.gob.cl/publicaciones/2026/09/28/44560/07/2875122.pdf", "archivo": "gm_mensura_2875122.pdf", "fecha": "28-09-2026", "edicion": "44560" }, "geometry": { "type": "Polygon", "coordinates": [ [ [ -71.094214624686359, -32.06784353255496 ], [ -71.109992492922558, -32.063072247159809 ], [ -71.078231040640659, -32.063597200377323 ], [ -71.078435016670198, -32.072612917685163 ], [ -71.110199580705896, -32.07208778183044 ], [ -71.094214624686359, -32.06784353255496 ] ] ] } },
{ "type": "Feature", "properties": { "cve": "2876318", "nombre": "PATO 1/7", "solicitante": "Bugueño Guerra Patricio", "region": "REGIÓN DE COQUIMBO", "provincia": "Provincia de Choapa", "comuna": null, "superficie_ha": 49.0, "datum_original": "PSAD56", "huso": 19, "epsg_origen": 24879, "tipo_publicacion": "mensura", "fuente_pdf": "http://www.diariooficial.interior.gob.cl/publicaciones/2026/09/28/44560/07/2876318.pdf", "archivo": "gm_mensura_2876318.pdf", "fecha": "28-09-2026", "edicion": "44560" }, "geometry": { "type": "Polygon", "coordinates": [ [ [ -71.09951054238816, -31.858692205047998 ], [ -71.092115955605664, -31.858814097927187 ], [ -71.092258544891621, -31.86512525087003 ], [ -71.0996536347551, -31.865003328200135 ], [ -71.09951054238816, -31.858692205047998 ] ] ] } },
{ "type": "Feature", "properties": { "cve": "2875827", "nombre": "La Almendrita 2 del 1-17", "solicitante": "Dusta Díaz Melitón del Carmen", "region": "REGIÓN DE VALPARAÍSO", "provincia": "Provincia de Petorca", "comuna": null, "superficie_ha": null, "datum_original": "PSAD56", "huso": 19, "epsg_origen": 24879, "tipo_publicacion": "mensura", "fuente_pdf": "http://www.diariooficial.interior.gob.cl/publicaciones/2026/09/28/44560/07/2875827.pdf", "archivo": "gm_mensura_2875827.pdf", "fecha": "28-09-2026", "edicion": "44560" }, "geometry": { "type": "Polygon", "coordinates": [ [ [ -71.165070940438028, -32.197875441917667 ], [ -71.160830049140742, -32.197948004840235 ], [ -71.161192520096037, -32.213273567287651 ], [ -71.165434121432725, -32.213200961545887 ], [ -71.165070940438028, -32.197875441917667 ] ] ] } },
{ "type": "Feature", "properties": { "cve": "2876760", "nombre": "ELECTRÓN 1", "solicitante": "Anastasia Gold SpA", "region": "REGIÓN DE ANTOFAGASTA", "provincia": "Provincia de Antofagasta", "comuna": "Antofagasta", "superficie_ha": 300.0, "datum_original": "PSAD56", "huso": 19, "epsg_origen": 24879, "tipo_publicacion": "pedimento", "fuente_pdf": "http://www.diariooficial.interior.gob.cl/publicaciones/2026/09/28/44560/07/2876760.pdf", "archivo": "gm_pedimento_2876760.pdf", "fecha": "28-09-2026", "edicion": "44560" }, "geometry": { "type": "Polygon", "coordinates": [ [ [ -68.322202222004563, -24.234648338451954 ], [ -68.312353295446584, -24.234604169645582 ], [ -68.312207643293547, -24.261697965917946 ], [ -68.322058655584883, -24.261742190332363 ], [ -68.322202222004563, -24.234648338451954 ] ] ] } },
{ "type": "Feature", "properties": { "cve": "2876761", "nombre": "ELECTRÓN 2", "solicitante": "Anastasia Gold SpA", "region": "REGIÓN DE ANTOFAGASTA", "provincia": "Provincia de Antofagasta", "comuna": "Antofagasta", "superficie_ha": 300.0, "datum_original": "PSAD56", "huso": 19, "epsg_origen": 24879, "tipo_publicacion": "pedimento", "fuente_pdf": "http://www.diariooficial.interior.gob.cl/publicaciones/2026/09/28/44560/07/2876761.pdf", "archivo": "gm_pedimento_2876761.pdf", "fecha": "28-09-2026", "edicion": "44560" }, "geometry": { "type": "Polygon", "coordinates": [ [ [ -68.312353295446584, -24.234604169645582 ], [ -68.302504392725297, -24.234559363769527 ], [ -68.302356654861143, -24.261653103631826 ], [ -68.312207643293547, -24.261697965917946 ], [ -68.312353295446584, -24.234604169645582 ] ] ] } },
{ "type": "Feature", "properties": { "cve": "2876762", "nombre": "ELECTRÓN 3", "solicitante": "Anastasia Gold SpA", "region": "REGIÓN DE ANTOFAGASTA", "provincia": "Provincia de Antofagasta", "comuna": "Antofagasta", "superficie_ha": 300.0, "datum_original": "PSAD56", "huso": 19, "epsg_origen": 24879, "tipo_publicacion": "pedimento", "fuente_pdf": "http://www.diariooficial.interior.gob.cl/publicaciones/2026/09/28/44560/07/2876762.pdf", "archivo": "gm_pedimento_2876762.pdf", "fecha": "28-09-2026", "edicion": "44560" }, "geometry": { "type": "Polygon", "coordinates": [ [ [ -68.322058655584883, -24.261742190332363 ], [ -68.312207643293547, -24.261697965917946 ], [ -68.312061776412065, -24.288791664043835 ], [ -68.321914877511389, -24.28883594408919 ], [ -68.322058655584883, -24.261742190332363 ] ] ] } },
{ "type": "Feature", "properties": { "cve": "2876763", "nombre": "ELECTRÓN 4", "solicitante": "Anastasia Gold SpA", "region": "REGIÓN DE ANTOFAGASTA", "provincia": "Provincia de Antofagasta", "comuna": "Antofagasta", "superficie_ha": 300.0, "datum_original": "PSAD56", "huso": 19, "epsg_origen": 24879, "tipo_publicacion": "pedimento", "fuente_pdf": "http://www.diariooficial.interior.gob.cl/publicaciones/2026/09/28/44560/07/2876763.pdf", "archivo": "gm_pedimento_2876763.pdf", "fecha": "28-09-2026", "edicion": "44560" }, "geometry": { "type": "Polygon", "coordinates": [ [ [ -68.312207643293547, -24.261697965917946 ], [ -68.302356654861143, -24.261653103631826 ], [ -68.302208699193983, -24.288746745324431 ], [ -68.312061776412065, -24.288791664043835 ], [ -68.312207643293547, -24.261697965917946 ] ] ] } },
{ "type": "Feature", "properties": { "cve": "2876764", "nombre": "ELECTRÓN 5", "solicitante": "Anastasia Gold SpA", "region": "REGIÓN DE ANTOFAGASTA", "provincia": "Provincia de Antofagasta", "comuna": "Antofagasta", "superficie_ha": 300.0, "datum_original": "PSAD56", "huso": 19, "epsg_origen": 24879, "tipo_publicacion": "pedimento", "fuente_pdf": "http://www.diariooficial.interior.gob.cl/publicaciones/2026/09/28/44560/07/2876764.pdf", "archivo": "gm_pedimento_2876764.pdf", "fecha": "28-09-2026", "edicion": "44560" }, "geometry": { "type": "Polygon", "coordinates": [ [ [ -68.302356654861143, -24.261653103631826 ], [ -68.292505690629341, -24.261607603480179 ], [ -68.292355646199113, -24.28870118793715 ], [ -68.302208699193983, -24.288746745324431 ], [ -68.302356654861143, -24.261653103631826 ] ] ] } },
{ "type": "Feature", "properties": { "cve": "2876754", "nombre": "GUANACO A", "solicitante": "Sáez Sáez Ana Carolina", "region": "REGIÓN DE ANTOFAGASTA", "provincia": "Provincia de Antofagasta", "comuna": null, "superficie_ha": 200.0, "datum_original": "PSAD56", "huso": 19, "epsg_origen": 24879, "tipo_publicacion": "pedimento", "fuente_pdf": "http://www.diariooficial.interior.gob.cl/publicaciones/2026/09/28/44560/07/2876754.pdf", "archivo": "gm_pedimento_2876754.pdf", "fecha": "28-09-2026", "edicion": "44560" }, "geometry": { "type": "Polygon", "coordinates": [ [ [ -68.813207452586212, -25.220455112550113 ], [ -68.793352486732999, -25.220428692602908 ], [ -68.793337228404624, -25.229459366227058 ], [ -68.813193660276283, -25.229485796935364 ], [ -68.813207452586212, -25.220455112550113 ] ] ] } },
{ "type": "Feature", "properties": { "cve": "2876755", "nombre": "GUANACO B", "solicitante": "Sáez Sáez Ana Carolina", "region": "REGIÓN DE ANTOFAGASTA", "provincia": "Provincia de Antofagasta", "comuna": null, "superficie_ha": 200.0, "datum_original": "PSAD56", "huso": 19, "epsg_origen": 24879, "tipo_publicacion": "pedimento", "fuente_pdf": "http://www.diariooficial.interior.gob.cl/publicaciones/2026/09/28/44560/07/2876755.pdf", "archivo": "gm_pedimento_2876755.pdf", "fecha": "28-09-2026", "edicion": "44560" }, "geometry": { "type": "Polygon", "coordinates": [ [ [ -68.793352486732999, -25.220428692602908 ], [ -68.773497550311916, -25.220399606129 ], [ -68.773480825974588, -25.229430267905947 ], [ -68.793337228404624, -25.229459366227058 ], [ -68.793352486732999, -25.220428692602908 ] ] ] } },
{ "type": "Feature", "properties": { "cve": "2876756", "nombre": "GUANACO C", "solicitante": "Sáez Sáez Ana Carolina", "region": "REGIÓN DE ANTOFAGASTA", "provincia": "Provincia de Antofagasta", "comuna": null, "superficie_ha": 200.0, "datum_original": "PSAD56", "huso": 19, "epsg_origen": 24879, "tipo_publicacion": "pedimento", "fuente_pdf": "http://www.diariooficial.interior.gob.cl/publicaciones/2026/09/28/44560/07/2876756.pdf", "archivo": "gm_pedimento_2876756.pdf", "fecha": "28-09-2026", "edicion": "44560" }, "geometry": { "type": "Polygon", "coordinates": [ [ [ -68.773497550311916, -25.220399606129 ], [ -68.753642646150681, -25.220367853144559 ], [ -68.753624455814816, -25.229398501988214 ], [ -68.773480825974588, -25.229430267905947 ], [ -68.773497550311916, -25.220399606129 ] ] ] } },
{ "type": "Feature", "properties": { "cve": "2876757", "nombre": "GUANACO D", "solicitante": "Sáez Sáez Ana Carolina", "region": "REGIÓN DE ANTOFAGASTA", "provincia": "Provincia de Antofagasta", "comuna": null, "superficie_ha": 200.0, "datum_original": "PSAD56", "huso": 19, "epsg_origen": 24879, "tipo_publicacion": "pedimento", "fuente_pdf": "http://www.diariooficial.interior.gob.cl/publicaciones/2026/09/28/44560/07/2876757.pdf", "archivo": "gm_pedimento_2876757.pdf", "fecha": "28-09-2026", "edicion": "44560" }, "geometry": { "type": "Polygon", "coordinates": [ [ [ -68.753642646150681, -25.220367853144559 ], [ -68.733787777076955, -25.220333433667246 ], [ -68.733768120753879, -25.229364068491542 ], [ -68.753624455814816, -25.229398501988214 ], [ -68.753642646150681, -25.220367853144559 ] ] ] } },
{ "type": "Feature", "properties": { "cve": "2876758", "nombre": "GUANACO E", "solicitante": "Sáez Sáez Ana Carolina", "region": "REGIÓN DE ANTOFAGASTA", "provincia": "Provincia de Antofagasta", "comuna": null, "superficie_ha": 100.0, "datum_original": "PSAD56", "huso": 19, "epsg_origen": 24879, "tipo_publicacion": "pedimento", "fuente_pdf": "http://www.diariooficial.interior.gob.cl/publicaciones/2026/09/28/44560/07/2876758.pdf", "archivo": "gm_pedimento_2876758.pdf", "fecha": "28-09-2026", "edicion": "44560" }, "geometry": { "type": "Polygon", "coordinates": [ [ [ -68.773546005293525, -25.194210624018453 ], [ -68.763620672707091, -25.194195099193404 ], [ -68.763603239774369, -25.203225786925319 ], [ -68.773529304336705, -25.203241318078621 ], [ -68.773546005293525, -25.194210624018453 ] ] ] } },
{ "type": "Feature", "properties": { "cve": "2876759", "nombre": "GUANACO F", "solicitante": "Sáez Sáez Ana Carolina", "region": "REGIÓN DE ANTOFAGASTA", "provincia": "Provincia de Antofagasta", "comuna": null, "superficie_ha": 200.0, "datum_original": "PSAD56", "huso": 19, "epsg_origen": 24879, "tipo_publicacion": "pedimento", "fuente_pdf": "http://www.diariooficial.interior.gob.cl/publicaciones/2026/09/28/44560/07/2876759.pdf", "archivo": "gm_pedimento_2876759.pdf", "fecha": "28-09-2026", "edicion": "44560" }, "geometry": { "type": "Polygon", "coordinates": [ [ [ -68.763596264245791, -25.206838058901752 ], [ -68.743743574938932, -25.206804992879437 ], [ -68.743724665294522, -25.21583565155467 ], [ -68.763578819534089, -25.215868731050406 ], [ -68.763596264245791, -25.206838058901752 ] ] ] } },
{ "type": "Feature", "properties": { "cve": "2876460", "nombre": "LASAR 546 A", "solicitante": "Sociedad Química y Minera de Chile S.A.", "region": "REGIÓN DE ANTOFAGASTA", "provincia": "Provincia de Antofagasta", "comuna": null, "superficie_ha": 300.0, "datum_original": "WGS84", "huso": 19, "epsg_origen": 32719, "tipo_publicacion": "pedimento", "fuente_pdf": "http://www.diariooficial.interior.gob.cl/publicaciones/2026/09/28/44560/07/2876460.pdf", "archivo": "gm_pedimento_2876460.pdf", "fecha": "28-09-2026", "edicion": "44560" }, "geometry": { "type": "Polygon", "coordinates": [ [ [ -68.697174978056637, -23.148581026771872 ], [ -68.667869694539576, -23.14852199631498 ], [ -68.667847428417133, -23.157555116102756 ], [ -68.697154676493085, -23.157614172218018 ], [ -68.697174978056637, -23.148581026771872 ] ] ] } },
{ "type": "Feature", "properties": { "cve": "2876461", "nombre": "LASAR 547 A", "solicitante": "Sociedad Química y Minera de Chile S.A.", "region": "REGIÓN DE ANTOFAGASTA", "provincia": "Provincia de Antofagasta", "comuna": null, "superficie_ha": 300.0, "datum_original": "WGS84", "huso": 19, "epsg_origen": 32719, "tipo_publicacion": "pedimento", "fuente_pdf": "http://www.diariooficial.interior.gob.cl/publicaciones/2026/09/28/44560/07/2876461.pdf", "archivo": "gm_pedimento_2876461.pdf", "fecha": "28-09-2026", "edicion": "44560" }, "geometry": { "type": "Polygon", "coordinates": [ [ [ -68.697154676493085, -23.157614172218018 ], [ -68.667847428417133, -23.157555116102756 ], [ -68.667825151098668, -23.16658822551809 ], [ -68.69713436472135, -23.166647307295058 ], [ -68.697154676493085, -23.157614172218018 ] ] ] } },
{ "type": "Feature", "properties": { "cve": "2876462", "nombre": "LASAR 548 A", "solicitante": "Sociedad Química y Minera de Chile S.A.", "region": "REGIÓN DE ANTOFAGASTA", "provincia": "Provincia de Antofagasta", "comuna": null, "superficie_ha": 300.0, "datum_original": "WGS84", "huso": 19, "epsg_origen": 32719, "tipo_publicacion": "pedimento", "fuente_pdf": "http://www.diariooficial.interior.gob.cl/publicaciones/2026/09/28/44560/07/2876462.pdf", "archivo": "gm_pedimento_2876462.pdf", "fecha": "28-09-2026", "edicion": "44560" }, "geometry": { "type": "Polygon", "coordinates": [ [ [ -68.705094201070821, -23.979605823897995 ], [ -68.675603973063389, -23.979546307960831 ], [ -68.675581348202797, -23.988578469509896 ], [ -68.705073632917134, -23.988638010621507 ], [ -68.705094201070821, -23.979605823897995 ] ] ] } },
{ "type": "Feature", "properties": { "cve": "2876463", "nombre": "LASAR 549 A", "solicitante": "Sociedad Química y Minera de Chile S.A.", "region": "REGIÓN DE ANTOFAGASTA", "provincia": "Provincia de Antofagasta", "comuna": null, "superficie_ha": 300.0, "datum_original": "WGS84", "huso": 19, "epsg_origen": 32719, "tipo_publicacion": "pedimento", "fuente_pdf": "http://www.diariooficial.interior.gob.cl/publicaciones/2026/09/28/44560/07/2876463.pdf", "archivo": "gm_pedimento_2876463.pdf", "fecha": "28-09-2026", "edicion": "44560" }, "geometry": { "type": "Polygon", "coordinates": [ [ [ -68.697114042738392, -23.175680431999901 ], [ -68.687343638698977, -23.175661335720772 ], [ -68.68728064293056, -23.202760622689034 ], [ -68.697053015491576, -23.202779743850044 ], [ -68.697114042738392, -23.175680431999901 ] ] ] } },
{ "type": "Feature", "properties": { "cve": "2876464", "nombre": "LASAR 550 A", "solicitante": "Sociedad Química y Minera de Chile S.A.", "region": "REGIÓN DE ANTOFAGASTA", "provincia": "Provincia de Antofagasta", "comuna": null, "superficie_ha": 300.0, "datum_original": "WGS84", "huso": 19, "epsg_origen": 32719, "tipo_publicacion": "pedimento", "fuente_pdf": "http://www.diariooficial.interior.gob.cl/publicaciones/2026/09/28/44560/07/2876464.pdf", "archivo": "gm_pedimento_2876464.pdf", "fecha": "28-09-2026", "edicion": "44560" }, "geometry": { "type": "Polygon", "coordinates": [ [ [ -68.706884456992086, -23.175698922073984 ], [ -68.697114042738392, -23.175680431999901 ], [ -68.697053015491576, -23.202779743850044 ], [ -68.706825398276038, -23.202798258016148 ], [ -68.706884456992086, -23.175698922073984 ] ] ] } },
{ "type": "Feature", "properties": { "cve": "2876465", "nombre": "LASAR 551 A", "solicitante": "Sociedad Química y Minera de Chile S.A.", "region": "REGIÓN DE ANTOFAGASTA", "provincia": "Provincia de Antofagasta", "comuna": null, "superficie_ha": 200.0, "datum_original": "WGS84", "huso": 19, "epsg_origen": 32719, "tipo_publicacion": "pedimento", "fuente_pdf": "http://www.diariooficial.interior.gob.cl/publicaciones/2026/09/28/44560/07/2876465.pdf", "archivo": "gm_pedimento_2876465.pdf", "fecha": "28-09-2026", "edicion": "44560" }, "geometry": { "type": "Polygon", "coordinates": [ [ [ -68.706825398276038, -23.202798258016148 ], [ -68.697053015491576, -23.202779743850044 ], [ -68.697012279548275, -23.220845899832103 ], [ -68.70678597633524, -23.220864430064786 ], [ -68.706825398276038, -23.202798258016148 ] ] ] } },
{ "type": "Feature", "properties": { "cve": "2876466", "nombre": "LASAR 552 A", "solicitante": "Sociedad Química Y Minera de Chile S.A.", "region": "REGIÓN DE ANTOFAGASTA", "provincia": "Provincia de Antofagasta", "comuna": null, "superficie_ha": 200.0, "datum_original": "WGS84", "huso": 19, "epsg_origen": 32719, "tipo_publicacion": "pedimento", "fuente_pdf": "http://www.diariooficial.interior.gob.cl/publicaciones/2026/09/28/44560/07/2876466.pdf", "archivo": "gm_pedimento_2876466.pdf", "fecha": "28-09-2026", "edicion": "44560" }, "geometry": { "type": "Polygon", "coordinates": [ [ [ -68.706943426744843, -23.148599492763346 ], [ -68.697174978056637, -23.148581026771872 ], [ -68.69713436472135, -23.166647307295058 ], [ -68.706904123457207, -23.166665789340566 ], [ -68.706943426744843, -23.148599492763346 ] ] ] } },
{ "type": "Feature", "properties": { "cve": "2876467", "nombre": "LLANO 78 A", "solicitante": "Sociedad Química y Minera de Chile S.A.", "region": "REGIÓN DE ANTOFAGASTA", "provincia": "Provincia de Antofagasta", "comuna": null, "superficie_ha": 300.0, "datum_original": "WGS84", "huso": 19, "epsg_origen": 32719, "tipo_publicacion": "pedimento", "fuente_pdf": "http://www.diariooficial.interior.gob.cl/publicaciones/2026/09/28/44560/07/2876467.pdf", "archivo": "gm_pedimento_2876467.pdf", "fecha": "28-09-2026", "edicion": "44560" }, "geometry": { "type": "Polygon", "coordinates": [ [ [ -68.577392344092047, -23.95221074228423 ], [ -68.547908781313495, -23.952126772775625 ], [ -68.547877291148751, -23.961158829529602 ], [ -68.577362907434448, -23.961242834586681 ], [ -68.577392344092047, -23.95221074228423 ] ] ] } },
{ "type": "Feature", "properties": { "cve": "2876468", "nombre": "LLANO 79 A", "solicitante": "Sociedad Química y Minera de Chile S.A.", "region": "REGIÓN DE ANTOFAGASTA", "provincia": "Provincia de Antofagasta", "comuna": null, "superficie_ha": 300.0, "datum_original": "WGS84", "huso": 19, "epsg_origen": 32719, "tipo_publicacion": "pedimento", "fuente_pdf": "http://www.diariooficial.interior.gob.cl/publicaciones/2026/09/28/44560/07/2876468.pdf", "archivo": "gm_pedimento_2876468.pdf", "fecha": "28-09-2026", "edicion": "44560" }, "geometry": { "type": "Polygon", "coordinates": [ [ [ -68.577362907434448, -23.961242834586681 ], [ -68.547877291148751, -23.961158829529602 ], [ -68.547845785422737, -23.970190875620919 ], [ -68.577333456230306, -23.970274916231297 ], [ -68.577362907434448, -23.961242834586681 ] ] ] } },
{ "type": "Feature", "properties": { "cve": "2876469", "nombre": "LLANO 80 A", "solicitante": "Sociedad Química y Minera de Chile S.A.", "region": "REGIÓN DE ANTOFAGASTA", "provincia": "Provincia de Antofagasta", "comuna": null, "superficie_ha": 300.0, "datum_original": "WGS84", "huso": 19, "epsg_origen": 32719, "tipo_publicacion": "pedimento", "fuente_pdf": "http://www.diariooficial.interior.gob.cl/publicaciones/2026/09/28/44560/07/2876469.pdf", "archivo": "gm_pedimento_2876469.pdf", "fecha": "28-09-2026", "edicion": "44560" }, "geometry": { "type": "Polygon", "coordinates": [ [ [ -68.577333456230306, -23.970274916231297 ], [ -68.547845785422737, -23.970190875620919 ], [ -68.547814264130665, -23.979222911046552 ], [ -68.577303990475158, -23.979306987215036 ], [ -68.577333456230306, -23.970274916231297 ] ] ] } },
{ "type": "Feature", "properties": { "cve": "2876470", "nombre": "LLANO 81 A", "solicitante": "Sociedad Química y Minera de Chile S.A.", "region": "REGIÓN DE ANTOFAGASTA", "provincia": "Provincia de Antofagasta", "comuna": null, "superficie_ha": 300.0, "datum_original": "WGS84", "huso": 19, "epsg_origen": 32719, "tipo_publicacion": "pedimento", "fuente_pdf": "http://www.diariooficial.interior.gob.cl/publicaciones/2026/09/28/44560/07/2876470.pdf", "archivo": "gm_pedimento_2876470.pdf", "fecha": "28-09-2026", "edicion": "44560" }, "geometry": { "type": "Polygon", "coordinates": [ [ [ -68.577303990475158, -23.979306987215036 ], [ -68.547814264130665, -23.979222911046552 ], [ -68.54778272726773, -23.988254935803472 ], [ -68.5772745101645, -23.988339047534879 ], [ -68.577303990475158, -23.979306987215036 ] ] ] } },
{ "type": "Feature", "properties": { "cve": "2876471", "nombre": "QUIMAL 47 A", "solicitante": "Sociedad Quimica y Minera de Chile S.A.", "region": "REGIÓN DE ANTOFAGASTA", "provincia": "Provincia de Antofagasta", "comuna": null, "superficie_ha": 200.0, "datum_original": "WGS84", "huso": 19, "epsg_origen": 32719, "tipo_publicacion": "pedimento", "fuente_pdf": "http://www.diariooficial.interior.gob.cl/publicaciones/2026/09/28/44560/07/2876471.pdf", "archivo": "gm_pedimento_2876471.pdf", "fecha": "28-09-2026", "edicion": "44560" }, "geometry": { "type": "Polygon", "coordinates": [ [ [ -68.765459891207811, -23.202896595984281 ], [ -68.755687454007941, -23.202881723837695 ], [ -68.75565460216454, -23.220947968317969 ], [ -68.7654283533995, -23.220962853370608 ], [ -68.765459891207811, -23.202896595984281 ] ] ] } },
{ "type": "Feature", "properties": { "cve": "2876472", "nombre": "QUIMAL 48 A", "solicitante": "Sociedad Química y Minera de Chile S.A.", "region": "REGIÓN DE ANTOFAGASTA", "provincia": "Provincia de Antofagasta", "comuna": null, "superficie_ha": 100.0, "datum_original": "WGS84", "huso": 19, "epsg_origen": 32719, "tipo_publicacion": "pedimento", "fuente_pdf": "http://www.diariooficial.interior.gob.cl/publicaciones/2026/09/28/44560/07/2876472.pdf", "archivo": "gm_pedimento_2876472.pdf", "fecha": "28-09-2026", "edicion": "44560" }, "geometry": { "type": "Polygon", "coordinates": [ [ [ -68.716578741771357, -23.211849264171907 ], [ -68.706805692253951, -23.211831349233815 ], [ -68.70678597633524, -23.220864430064786 ], [ -68.716559683021799, -23.220882352773302 ], [ -68.716578741771357, -23.211849264171907 ] ] ] } },
{ "type": "Feature", "properties": { "cve": "2876473", "nombre": "QUIMAL 51 A", "solicitante": "Sociedad Química y Minera de Chile S.A.", "region": "REGIÓN DE ANTOFAGASTA", "provincia": "Provincia de Antofagasta", "comuna": null, "superficie_ha": 300.0, "datum_original": "WGS84", "huso": 19, "epsg_origen": 32719, "tipo_publicacion": "pedimento", "fuente_pdf": "http://www.diariooficial.interior.gob.cl/publicaciones/2026/09/28/44560/07/2876473.pdf", "archivo": "gm_pedimento_2876473.pdf", "fecha": "28-09-2026", "edicion": "44560" }, "geometry": { "type": "Polygon", "coordinates": [ [ [ -68.785091344133733, -23.148725425452881 ], [ -68.775322825654982, -23.148711802868981 ], [ -68.775277615091852, -23.175811378650135 ], [ -68.785048099198619, -23.175825019000101 ], [ -68.785091344133733, -23.148725425452881 ] ] ] } },
{ "type": "Feature", "properties": { "cve": "2876474", "nombre": "QUIMAL 51 B", "solicitante": "Sociedad Química y Minera de Chile S.A.", "region": "REGIÓN DE ANTOFAGASTA", "provincia": "Provincia de Antofagasta", "comuna": null, "superficie_ha": 200.0, "datum_original": "WGS84", "huso": 19, "epsg_origen": 32719, "tipo_publicacion": "pedimento", "fuente_pdf": "http://www.diariooficial.interior.gob.cl/publicaciones/2026/09/28/44560/07/2876474.pdf", "archivo": "gm_pedimento_2876474.pdf", "fecha": "28-09-2026", "edicion": "44560" }, "geometry": { "type": "Polygon", "coordinates": [ [ [ -68.785048099198619, -23.175825019000101 ], [ -68.775277615091852, -23.175811378650135 ], [ -68.775247436827982, -23.19387771066982 ], [ -68.785019233000682, -23.193891362867685 ], [ -68.785048099198619, -23.175825019000101 ] ] ] } },
{ "type": "Feature", "properties": { "cve": "2876635", "nombre": "CAMAR V 5 A", "solicitante": "Sociedad Química y Minera de Chile S.A.", "region": "REGIÓN DE ANTOFAGASTA", "provincia": "Provincia de El Loa", "comuna": null, "superficie_ha": 300.0, "datum_original": "WGS84", "huso": 19, "epsg_origen": 32719, "tipo_publicacion": "pedimento", "fuente_pdf": "http://www.diariooficial.interior.gob.cl/publicaciones/2026/09/28/44560/07/2876635.pdf", "archivo": "gm_pedimento_2876635.pdf", "fecha": "28-09-2026", "edicion": "44560" }, "geometry": { "type": "Polygon", "coordinates": [ [ [ -67.951639327901162, -23.551825431449714 ], [ -67.922250019723521, -23.551624543819145 ], [ -67.922176361752037, -23.560655745437632 ], [ -67.95156767760939, -23.560856719210218 ], [ -67.951639327901162, -23.551825431449714 ] ] ] } },
{ "type": "Feature", "properties": { "cve": "2876636", "nombre": "CUÑA 179 A", "solicitante": "Sociedad Química y Minera de Chile S.A.", "region": "REGIÓN DE ANTOFAGASTA", "provincia": "Provincia de El Loa", "comuna": null, "superficie_ha": 300.0, "datum_original": "WGS84", "huso": 19, "epsg_origen": 32719, "tipo_publicacion": "pedimento", "fuente_pdf": "http://www.diariooficial.interior.gob.cl/publicaciones/2026/09/28/44560/07/2876636.pdf", "archivo": "gm_pedimento_2876636.pdf", "fecha": "28-09-2026", "edicion": "44560" }, "geometry": { "type": "Polygon", "coordinates": [ [ [ -68.110800358040606, -23.191526100341569 ], [ -68.101029858390149, -23.191470591324304 ], [ -68.100848597283374, -23.218566877089241 ], [ -68.110621066342418, -23.218622458386815 ], [ -68.110800358040606, -23.191526100341569 ] ] ] } },
{ "type": "Feature", "properties": { "cve": "2876637", "nombre": "CUÑA 180 A", "solicitante": "Sociedad Química y Minera de Chile S.A.", "region": "REGIÓN DE ANTOFAGASTA", "provincia": "Provincia de El Loa", "comuna": null, "superficie_ha": 300.0, "datum_original": "WGS84", "huso": 19, "epsg_origen": 32719, "tipo_publicacion": "pedimento", "fuente_pdf": "http://www.diariooficial.interior.gob.cl/publicaciones/2026/09/28/44560/07/2876637.pdf", "archivo": "gm_pedimento_2876637.pdf", "fecha": "28-09-2026", "edicion": "44560" }, "geometry": { "type": "Polygon", "coordinates": [ [ [ -68.101029858390149, -23.191470591324304 ], [ -68.091259389063694, -23.191414475885669 ], [ -68.091076158575532, -23.218510688580732 ], [ -68.100848597283374, -23.218566877089241 ], [ -68.101029858390149, -23.191470591324304 ] ] ] } },
{ "type": "Feature", "properties": { "cve": "2876638", "nombre": "CUÑA 211 A", "solicitante": "Sociedad Química y Minera de Chile S.A.", "region": "REGIÓN DE ANTOFAGASTA", "provincia": "Provincia de El Loa", "comuna": null, "superficie_ha": 300.0, "datum_original": "WGS84", "huso": 19, "epsg_origen": 32719, "tipo_publicacion": "pedimento", "fuente_pdf": "http://www.diariooficial.interior.gob.cl/publicaciones/2026/09/28/44560/07/2876638.pdf", "archivo": "gm_pedimento_2876638.pdf", "fecha": "28-09-2026", "edicion": "44560" }, "geometry": { "type": "Polygon", "coordinates": [ [ [ -68.101271115371986, -23.155342063176132 ], [ -68.071967663263365, -23.155172192929999 ], [ -68.071905430058308, -23.164204266909856 ], [ -68.101210846580855, -23.164374210967363 ], [ -68.101271115371986, -23.155342063176132 ] ] ] } },
{ "type": "Feature", "properties": { "cve": "2876639", "nombre": "CUÑA 212 A", "solicitante": "Sociedad Química y Minera de Chile S.A.", "region": "REGIÓN DE ANTOFAGASTA", "provincia": "Provincia de El Loa", "comuna": null, "superficie_ha": 300.0, "datum_original": "WGS84", "huso": 19, "epsg_origen": 32719, "tipo_publicacion": "pedimento", "fuente_pdf": "http://www.diariooficial.interior.gob.cl/publicaciones/2026/09/28/44560/07/2876639.pdf", "archivo": "gm_pedimento_2876639.pdf", "fecha": "28-09-2026", "edicion": "44560" }, "geometry": { "type": "Polygon", "coordinates": [ [ [ -68.101210846580855, -23.164374210967363 ], [ -68.071905430058308, -23.164204266909856 ], [ -68.071843165569035, -23.173236330379432 ], [ -68.101150547492864, -23.173406348257931 ], [ -68.101210846580855, -23.164374210967363 ] ] ] } },
{ "type": "Feature", "properties": { "cve": "2876640", "nombre": "CUÑA 213 A", "solicitante": "Sociedad Química y Minera de Chile S.A.", "region": "REGIÓN DE ANTOFAGASTA", "provincia": "Provincia de El Loa", "comuna": null, "superficie_ha": 300.0, "datum_original": "WGS84", "huso": 19, "epsg_origen": 32719, "tipo_publicacion": "pedimento", "fuente_pdf": "http://www.diariooficial.interior.gob.cl/publicaciones/2026/09/28/44560/07/2876640.pdf", "archivo": "gm_pedimento_2876640.pdf", "fecha": "28-09-2026", "edicion": "44560" }, "geometry": { "type": "Polygon", "coordinates": [ [ [ -68.101150547492864, -23.173406348257931 ], [ -68.071843165569035, -23.173236330379432 ], [ -68.071780869786224, -23.182268383335551 ], [ -68.101090218098975, -23.182438475044631 ], [ -68.101150547492864, -23.173406348257931 ] ] ] } },
{ "type": "Feature", "properties": { "cve": "2876641", "nombre": "CUÑA 214 A", "solicitante": "Sociedad Química y Minera de Chile S.A.", "region": "REGIÓN DE ANTOFAGASTA", "provincia": "Provincia de El Loa", "comuna": null, "superficie_ha": 300.0, "datum_original": "WGS84", "huso": 19, "epsg_origen": 32719, "tipo_publicacion": "pedimento", "fuente_pdf": "http://www.diariooficial.interior.gob.cl/publicaciones/2026/09/28/44560/07/2876641.pdf", "archivo": "gm_pedimento_2876641.pdf", "fecha": "28-09-2026", "edicion": "44560" }, "geometry": { "type": "Polygon", "coordinates": [ [ [ -68.101090218098975, -23.182438475044631 ], [ -68.071780869786224, -23.182268383335551 ], [ -68.071718542700481, -23.191300425775008 ], [ -68.101029858390149, -23.191470591324304 ], [ -68.101090218098975, -23.182438475044631 ] ] ] } },
{ "type": "Feature", "properties": { "cve": "2876642", "nombre": "CUÑA 223 A", "solicitante": "Sociedad Química y Minera de Chile S.A.", "region": "REGIÓN DE ANTOFAGASTA", "provincia": "Provincia de El Loa", "comuna": null, "superficie_ha": 300.0, "datum_original": "WGS84", "huso": 19, "epsg_origen": 32719, "tipo_publicacion": "pedimento", "fuente_pdf": "http://www.diariooficial.interior.gob.cl/publicaciones/2026/09/28/44560/07/2876642.pdf", "archivo": "gm_pedimento_2876642.pdf", "fecha": "28-09-2026", "edicion": "44560" }, "geometry": { "type": "Polygon", "coordinates": [ [ [ -68.091259389063694, -23.191414475885669 ], [ -68.081488950390664, -23.191357754033334 ], [ -68.081303750548599, -23.21845389286894 ], [ -68.091076158575532, -23.218510688580732 ], [ -68.091259389063694, -23.191414475885669 ] ] ] } },
{ "type": "Feature", "properties": { "cve": "2876643", "nombre": "CUÑA 435 A", "solicitante": "Sociedad Química y Minera de Chile S.A.", "region": "REGIÓN DE ANTOFAGASTA", "provincia": "Provincia de El Loa", "comuna": null, "superficie_ha": 300.0, "datum_original": "WGS84", "huso": 19, "epsg_origen": 32719, "tipo_publicacion": "pedimento", "fuente_pdf": "http://www.diariooficial.interior.gob.cl/publicaciones/2026/09/28/44560/07/2876643.pdf", "archivo": "gm_pedimento_2876643.pdf", "fecha": "28-09-2026", "edicion": "44560" }, "geometry": { "type": "Polygon", "coordinates": [ [ [ -68.297385512817897, -23.011812599507046 ], [ -68.268111715676753, -23.011679982439468 ], [ -68.268062974237267, -23.0207126705814 ], [ -68.29733872052141, -23.020845345556868 ], [ -68.297385512817897, -23.011812599507046 ] ] ] } },
{ "type": "Feature", "properties": { "cve": "2876644", "nombre": "CUÑA VII 325 A", "solicitante": "Sociedad Química y Minera de Chile S.A.", "region": "REGIÓN DE ANTOFAGASTA", "provincia": "Provincia de El Loa", "comuna": null, "superficie_ha": 200.0, "datum_original": "WGS84", "huso": 19, "epsg_origen": 32719, "tipo_publicacion": "pedimento", "fuente_pdf": "http://www.diariooficial.interior.gob.cl/publicaciones/2026/09/28/44560/07/2876644.pdf", "archivo": "gm_pedimento_2876644.pdf", "fecha": "28-09-2026", "edicion": "44560" }, "geometry": { "type": "Polygon", "coordinates": [ [ [ -68.10133135387531, -23.146309904887403 ], [ -68.08179699726044, -23.146197312351145 ], [ -68.08173544979671, -23.155229421701662 ], [ -68.101271115371986, -23.155342063176132 ], [ -68.10133135387531, -23.146309904887403 ] ] ] } },
{ "type": "Feature", "properties": { "cve": "2876645", "nombre": "CUÑA VIII 325 A", "solicitante": "Sociedad Química y Minera de Chile S.A.", "region": "REGIÓN DE ANTOFAGASTA", "provincia": "Provincia de El Loa", "comuna": null, "superficie_ha": 100.0, "datum_original": "WGS84", "huso": 19, "epsg_origen": 32719, "tipo_publicacion": "pedimento", "fuente_pdf": "http://www.diariooficial.interior.gob.cl/publicaciones/2026/09/28/44560/07/2876645.pdf", "archivo": "gm_pedimento_2876645.pdf", "fecha": "28-09-2026", "edicion": "44560" }, "geometry": { "type": "Polygon", "coordinates": [ [ [ -68.08179699726044, -23.146197312351145 ], [ -68.072029865193528, -23.146140108443063 ], [ -68.071967663263365, -23.155172192929999 ], [ -68.08173544979671, -23.155229421701662 ], [ -68.08179699726044, -23.146197312351145 ] ] ] } },
{ "type": "Feature", "properties": { "cve": "2875876", "nombre": "LAUTARO 2B", "solicitante": "SCM Lautaro", "region": "REGIÓN DE ANTOFAGASTA", "provincia": "Provincia de El Loa", "comuna": null, "superficie_ha": 300.0, "datum_original": "PSAD56", "huso": 19, "epsg_origen": 24879, "tipo_publicacion": "pedimento", "fuente_pdf": "http://www.diariooficial.interior.gob.cl/publicaciones/2026/09/28/44560/07/2875876.pdf", "archivo": "gm_pedimento_2875876.pdf", "fecha": "28-09-2026", "edicion": "44560" }, "geometry": { "type": "Polygon", "coordinates": [ [ [ -69.12220906478943, -22.339171510042064 ], [ -69.112497917667781, -22.339178542026833 ], [ -69.112519672986238, -22.366280850592652 ], [ -69.122232698079245, -22.366273809175045 ], [ -69.12220906478943, -22.339171510042064 ] ] ] } },
{ "type": "Feature", "properties": { "cve": "2876646", "nombre": "QUIMAL 61 A", "solicitante": "Sociedad Química y Minera de Chile S.A.", "region": "REGIÓN DE ANTOFAGASTA", "provincia": "Provincia de El Loa", "comuna": null, "superficie_ha": 200.0, "datum_original": "WGS84", "huso": 19, "epsg_origen": 32719, "tipo_publicacion": "pedimento", "fuente_pdf": "http://www.diariooficial.interior.gob.cl/publicaciones/2026/09/28/44560/07/2876646.pdf", "archivo": "gm_pedimento_2876646.pdf", "fecha": "28-09-2026", "edicion": "44560" }, "geometry": { "type": "Polygon", "coordinates": [ [ [ -68.755949083155429, -23.05835027552526 ], [ -68.736425163417351, -23.058318929090536 ], [ -68.73640757007297, -23.067352208543834 ], [ -68.755932792979451, -23.067383568645425 ], [ -68.755949083155429, -23.05835027552526 ] ] ] } },
{ "type": "Feature", "properties": { "cve": "2876647", "nombre": "QUIMAL 67 A", "solicitante": "Sociedad Química y Minera de Chile S.A.", "region": "REGIÓN DE ANTOFAGASTA", "provincia": "Provincia de El Loa", "comuna": null, "superficie_ha": 300.0, "datum_original": "WGS84", "huso": 19, "epsg_origen": 32719, "tipo_publicacion": "pedimento", "fuente_pdf": "http://www.diariooficial.interior.gob.cl/publicaciones/2026/09/28/44560/07/2876647.pdf", "archivo": "gm_pedimento_2876647.pdf", "fecha": "28-09-2026", "edicion": "44560" }, "geometry": { "type": "Polygon", "coordinates": [ [ [ -68.736583105042754, -22.977018949496685 ], [ -68.707314841042219, -22.976967610996855 ], [ -68.707295381479497, -22.986000960870214 ], [ -68.736565591361668, -22.986052321815315 ], [ -68.736583105042754, -22.977018949496685 ] ] ] } },
{ "type": "Feature", "properties": { "cve": "2876648", "nombre": "QUIMAL 74 A", "solicitante": "Sociedad Química y Minera de Chile S.A.", "region": "REGIÓN DE ANTOFAGASTA", "provincia": "Provincia de El Loa", "comuna": null, "superficie_ha": 200.0, "datum_original": "WGS84", "huso": 19, "epsg_origen": 32719, "tipo_publicacion": "pedimento", "fuente_pdf": "http://www.diariooficial.interior.gob.cl/publicaciones/2026/09/28/44560/07/2876648.pdf", "archivo": "gm_pedimento_2876648.pdf", "fecha": "28-09-2026", "edicion": "44560" }, "geometry": { "type": "Polygon", "coordinates": [ [ [ -68.775771193323564, -22.877710931433665 ], [ -68.756273166736463, -22.877682248167822 ], [ -68.756257040210684, -22.886715747275904 ], [ -68.775756356884415, -22.886744443124869 ], [ -68.775771193323564, -22.877710931433665 ] ] ] } },
{ "type": "Feature", "properties": { "cve": "2876649", "nombre": "QUIMAL 76 A", "solicitante": "Sociedad Química y Minera de Chile S.A.", "region": "REGIÓN DE ANTOFAGASTA", "provincia": "Provincia de El Loa", "comuna": null, "superficie_ha": 200.0, "datum_original": "WGS84", "huso": 19, "epsg_origen": 32719, "tipo_publicacion": "pedimento", "fuente_pdf": "http://www.diariooficial.interior.gob.cl/publicaciones/2026/09/28/44560/07/2876649.pdf", "archivo": "gm_pedimento_2876649.pdf", "fecha": "28-09-2026", "edicion": "44560" }, "geometry": { "type": "Polygon", "coordinates": [ [ [ -68.697799279796826, -22.868548391889039 ], [ -68.678302688775545, -22.868510164697849 ], [ -68.678281412774496, -22.877543613262272 ], [ -68.697779293186755, -22.877581857228598 ], [ -68.697799279796826, -22.868548391889039 ] ] ] } },
{ "type": "Feature", "properties": { "cve": "2876650", "nombre": "QUIMAL 77 A", "solicitante": "Sociedad Química y Minera de Chile S.A.", "region": "REGIÓN DE ANTOFAGASTA", "provincia": "Provincia de El Loa", "comuna": null, "superficie_ha": 200.0, "datum_original": "WGS84", "huso": 19, "epsg_origen": 32719, "tipo_publicacion": "pedimento", "fuente_pdf": "http://www.diariooficial.interior.gob.cl/publicaciones/2026/09/28/44560/07/2876650.pdf", "archivo": "gm_pedimento_2876650.pdf", "fecha": "28-09-2026", "edicion": "44560" }, "geometry": { "type": "Polygon", "coordinates": [ [ [ -68.62958589232764, -22.85937073223522 ], [ -68.610090752109613, -22.859324163812261 ], [ -68.610064976392408, -22.868357555687489 ], [ -68.629561405301274, -22.868404144552265 ], [ -68.62958589232764, -22.85937073223522 ] ] ] } },
{ "type": "Feature", "properties": { "cve": "2876674", "nombre": "SALAR 1210 A", "solicitante": "Sociedad Química y Minera de Chile S.A.", "region": "REGIÓN DE ANTOFAGASTA", "provincia": "Provincia de El Loa", "comuna": null, "superficie_ha": 300.0, "datum_original": "WGS84", "huso": 19, "epsg_origen": 32719, "tipo_publicacion": "pedimento", "fuente_pdf": "http://www.diariooficial.interior.gob.cl/publicaciones/2026/09/28/44560/07/2876674.pdf", "archivo": "gm_pedimento_2876674.pdf", "fecha": "28-09-2026", "edicion": "44560" }, "geometry": { "type": "Polygon", "coordinates": [ [ [ -68.707295381479497, -22.986000960870214 ], [ -68.697538664062051, -22.985982639177756 ], [ -68.697478278593238, -23.013082602906241 ], [ -68.707236943840158, -23.013100948625208 ], [ -68.707295381479497, -22.986000960870214 ] ] ] } },
{ "type": "Feature", "properties": { "cve": "2876675", "nombre": "SALAR 1211 A", "solicitante": "Sociedad Química y Minera de Chile S.A.", "region": "REGIÓN DE ANTOFAGASTA", "provincia": "Provincia de El Loa", "comuna": null, "superficie_ha": 300.0, "datum_original": "WGS84", "huso": 19, "epsg_origen": 32719, "tipo_publicacion": "pedimento", "fuente_pdf": "http://www.diariooficial.interior.gob.cl/publicaciones/2026/09/28/44560/07/2876675.pdf", "archivo": "gm_pedimento_2876675.pdf", "fecha": "28-09-2026", "edicion": "44560" }, "geometry": { "type": "Polygon", "coordinates": [ [ [ -68.697538664062051, -22.985982639177756 ], [ -68.687781956795291, -22.985963716800672 ], [ -68.687719623506013, -23.013063655714941 ], [ -68.697478278593238, -23.013082602906241 ], [ -68.697538664062051, -22.985982639177756 ] ] ] } },
{ "type": "Feature", "properties": { "cve": "2876676", "nombre": "SALAR 1212 A", "solicitante": "Sociedad Química y Minera de Chile S.A.", "region": "REGIÓN DE ANTOFAGASTA", "provincia": "Provincia de El Loa", "comuna": null, "superficie_ha": 300.0, "datum_original": "WGS84", "huso": 19, "epsg_origen": 32719, "tipo_publicacion": "pedimento", "fuente_pdf": "http://www.diariooficial.interior.gob.cl/publicaciones/2026/09/28/44560/07/2876676.pdf", "archivo": "gm_pedimento_2876676.pdf", "fecha": "28-09-2026", "edicion": "44560" }, "geometry": { "type": "Polygon", "coordinates": [ [ [ -68.707353730709528, -22.958900880336373 ], [ -68.697598958174765, -22.958882582661122 ], [ -68.697538664062051, -22.985982639177756 ], [ -68.707295381479497, -22.986000960870214 ], [ -68.707353730709528, -22.958900880336373 ] ] ] } },
{ "type": "Feature", "properties": { "cve": "2876677", "nombre": "SALAR 1213 A", "solicitante": "Sociedad Química y Minera de Chile S.A.", "region": "REGIÓN DE ANTOFAGASTA", "provincia": "Provincia de El Loa", "comuna": null, "superficie_ha": 300.0, "datum_original": "WGS84", "huso": 19, "epsg_origen": 32719, "tipo_publicacion": "pedimento", "fuente_pdf": "http://www.diariooficial.interior.gob.cl/publicaciones/2026/09/28/44560/07/2876677.pdf", "archivo": "gm_pedimento_2876677.pdf", "fecha": "28-09-2026", "edicion": "44560" }, "geometry": { "type": "Polygon", "coordinates": [ [ [ -68.697598958174765, -22.958882582661122 ], [ -68.687844195781665, -22.958863685088662 ], [ -68.687781956795291, -22.985963716800672 ], [ -68.697538664062051, -22.985982639177756 ], [ -68.697598958174765, -22.958882582661122 ] ] ] } },
{ "type": "Feature", "properties": { "cve": "2876678", "nombre": "SALAR 1214 A", "solicitante": "Sociedad Química y Minera de Chile S.A.", "region": "REGIÓN DE ANTOFAGASTA", "provincia": "Provincia de El Loa", "comuna": null, "superficie_ha": 300.0, "datum_original": "WGS84", "huso": 19, "epsg_origen": 32719, "tipo_publicacion": "pedimento", "fuente_pdf": "http://www.diariooficial.interior.gob.cl/publicaciones/2026/09/28/44560/07/2876678.pdf", "archivo": "gm_pedimento_2876678.pdf", "fecha": "28-09-2026", "edicion": "44560" }, "geometry": { "type": "Polygon", "coordinates": [ [ [ -68.707411991608751, -22.931800707108238 ], [ -68.697659161012496, -22.931782433440922 ], [ -68.697598958174765, -22.958882582661122 ], [ -68.707353730709528, -22.958900880336373 ], [ -68.707411991608751, -22.931800707108238 ] ] ] } },
{ "type": "Feature", "properties": { "cve": "2876679", "nombre": "SALAR 1215 A", "solicitante": "Sociedad Química y Minera de Chile S.A.", "region": "REGIÓN DE ANTOFAGASTA", "provincia": "Provincia de El Loa", "comuna": null, "superficie_ha": 300.0, "datum_original": "WGS84", "huso": 19, "epsg_origen": 32719, "tipo_publicacion": "pedimento", "fuente_pdf": "http://www.diariooficial.interior.gob.cl/publicaciones/2026/09/28/44560/07/2876679.pdf", "archivo": "gm_pedimento_2876679.pdf", "fecha": "28-09-2026", "edicion": "44560" }, "geometry": { "type": "Polygon", "coordinates": [ [ [ -68.697659161012496, -22.931782433440922 ], [ -68.687906340548906, -22.931763560663494 ], [ -68.687844195781665, -22.958863685088662 ], [ -68.697598958174765, -22.958882582661122 ], [ -68.697659161012496, -22.931782433440922 ] ] ] } },
{ "type": "Feature", "properties": { "cve": "2876680", "nombre": "SALAR 1216 A", "solicitante": "Sociedad Química y Minera de Chile S.A.", "region": "REGIÓN DE ANTOFAGASTA", "provincia": "Provincia de El Loa", "comuna": null, "superficie_ha": 300.0, "datum_original": "WGS84", "huso": 19, "epsg_origen": 32719, "tipo_publicacion": "pedimento", "fuente_pdf": "http://www.diariooficial.interior.gob.cl/publicaciones/2026/09/28/44560/07/2876680.pdf", "archivo": "gm_pedimento_2876680.pdf", "fecha": "28-09-2026", "edicion": "44560" }, "geometry": { "type": "Polygon", "coordinates": [ [ [ -68.687906340548906, -22.931763560663494 ], [ -68.678153530544819, -22.931744088778519 ], [ -68.678089443857345, -22.958844187621551 ], [ -68.687844195781665, -22.958863685088662 ], [ -68.687906340548906, -22.931763560663494 ] ] ] } },
{ "type": "Feature", "properties": { "cve": "2876681", "nombre": "SALAR 1217 A", "solicitante": "Sociedad Química y Minera de Chile S.A.", "region": "REGIÓN DE ANTOFAGASTA", "provincia": "Provincia de El Loa", "comuna": null, "superficie_ha": 300.0, "datum_original": "WGS84", "huso": 19, "epsg_origen": 32719, "tipo_publicacion": "pedimento", "fuente_pdf": "http://www.diariooficial.interior.gob.cl/publicaciones/2026/09/28/44560/07/2876681.pdf", "archivo": "gm_pedimento_2876681.pdf", "fecha": "28-09-2026", "edicion": "44560" }, "geometry": { "type": "Polygon", "coordinates": [ [ [ -68.678153530544819, -22.931744088778519 ], [ -68.668400731327068, -22.931724017788657 ], [ -68.66833470272897, -22.958824090262446 ], [ -68.678089443857345, -22.958844187621551 ], [ -68.678153530544819, -22.931744088778519 ] ] ] } },
{ "type": "Feature", "properties": { "cve": "2876682", "nombre": "SALAR 1219 A", "solicitante": "Sociedad Química y Minera de Chile S.A.", "region": "REGIÓN DE ANTOFAGASTA", "provincia": "Provincia de El Loa", "comuna": null, "superficie_ha": 300.0, "datum_original": "WGS84", "huso": 19, "epsg_origen": 32719, "tipo_publicacion": "pedimento", "fuente_pdf": "http://www.diariooficial.interior.gob.cl/publicaciones/2026/09/28/44560/07/2876682.pdf", "archivo": "gm_pedimento_2876682.pdf", "fecha": "28-09-2026", "edicion": "44560" }, "geometry": { "type": "Polygon", "coordinates": [ [ [ -68.658647943222491, -22.931703347696612 ], [ -68.648895166557935, -22.931682078505212 ], [ -68.648825254168429, -22.958782095879275 ], [ -68.658579972723615, -22.95880339301408 ], [ -68.658647943222491, -22.931703347696612 ] ] ] } },
{ "type": "Feature", "properties": { "cve": "2876683", "nombre": "SALAR 1220 A", "solicitante": "Sociedad Química y Minera de Chile S.A.", "region": "REGIÓN DE ANTOFAGASTA", "provincia": "Provincia de El Loa", "comuna": null, "superficie_ha": 300.0, "datum_original": "WGS84", "huso": 19, "epsg_origen": 32719, "tipo_publicacion": "pedimento", "fuente_pdf": "http://www.diariooficial.interior.gob.cl/publicaciones/2026/09/28/44560/07/2876683.pdf", "archivo": "gm_pedimento_2876683.pdf", "fecha": "28-09-2026", "edicion": "44560" }, "geometry": { "type": "Polygon", "coordinates": [ [ [ -68.70747016425554, -22.904700441270478 ], [ -68.697719272656215, -22.904682191601832 ], [ -68.697659161012496, -22.931782433440922 ], [ -68.707411991608751, -22.931800707108238 ], [ -68.70747016425554, -22.904700441270478 ] ] ] } },
{ "type": "Feature", "properties": { "cve": "2876684", "nombre": "SALAR 1221 A", "solicitante": "Sociedad Química y Minera de Chile S.A.", "region": "REGIÓN DE ANTOFAGASTA", "provincia": "Provincia de El Loa", "comuna": null, "superficie_ha": 300.0, "datum_original": "WGS84", "huso": 19, "epsg_origen": 32719, "tipo_publicacion": "pedimento", "fuente_pdf": "http://www.diariooficial.interior.gob.cl/publicaciones/2026/09/28/44560/07/2876684.pdf", "archivo": "gm_pedimento_2876684.pdf", "fecha": "28-09-2026", "edicion": "44560" }, "geometry": { "type": "Polygon", "coordinates": [ [ [ -68.697719272656215, -22.904682191601832 ], [ -68.68796839118059, -22.904663343609876 ], [ -68.687906340548906, -22.931763560663494 ], [ -68.697659161012496, -22.931782433440922 ], [ -68.697719272656215, -22.904682191601832 ] ] ] } },
{ "type": "Feature", "properties": { "cve": "2876685", "nombre": "SALAR 1222 A", "solicitante": "Sociedad Química y Minera de Chile S.A.", "region": "REGIÓN DE ANTOFAGASTA", "provincia": "Provincia de El Loa", "comuna": null, "superficie_ha": 300.0, "datum_original": "WGS84", "huso": 19, "epsg_origen": 32719, "tipo_publicacion": "pedimento", "fuente_pdf": "http://www.diariooficial.interior.gob.cl/publicaciones/2026/09/28/44560/07/2876685.pdf", "archivo": "gm_pedimento_2876685.pdf", "fecha": "28-09-2026", "edicion": "44560" }, "geometry": { "type": "Polygon", "coordinates": [ [ [ -68.648755235783355, -22.98588202049881 ], [ -68.638998584181223, -22.98586009473885 ], [ -68.638926511935409, -23.012959897766486 ], [ -68.648685111308453, -23.012981852279154 ], [ -68.648755235783355, -22.98588202049881 ] ] ] } },
{ "type": "Feature", "properties": { "cve": "2876686", "nombre": "SALAR 1223 A", "solicitante": "Sociedad Química y Minera de Chile S.A.", "region": "REGIÓN DE ANTOFAGASTA", "provincia": "Provincia de El Loa", "comuna": null, "superficie_ha": 300.0, "datum_original": "WGS84", "huso": 19, "epsg_origen": 32719, "tipo_publicacion": "pedimento", "fuente_pdf": "http://www.diariooficial.interior.gob.cl/publicaciones/2026/09/28/44560/07/2876686.pdf", "archivo": "gm_pedimento_2876686.pdf", "fecha": "28-09-2026", "edicion": "44560" }, "geometry": { "type": "Polygon", "coordinates": [ [ [ -68.638998584181223, -22.98586009473885 ], [ -68.629241944694257, -22.985837568310945 ], [ -68.629167924688318, -23.012937341798168 ], [ -68.638926511935409, -23.012959897766486 ], [ -68.638998584181223, -22.98586009473885 ] ] ] } },
{ "type": "Feature", "properties": { "cve": "2876687", "nombre": "SALAR 1235 A", "solicitante": "Sociedad Química y Minera de Chile S.A.", "region": "REGIÓN DE ANTOFAGASTA", "provincia": "Provincia de El Loa", "comuna": null, "superficie_ha": 300.0, "datum_original": "WGS84", "huso": 19, "epsg_origen": 32719, "tipo_publicacion": "pedimento", "fuente_pdf": "http://www.diariooficial.interior.gob.cl/publicaciones/2026/09/28/44560/07/2876687.pdf", "archivo": "gm_pedimento_2876687.pdf", "fecha": "28-09-2026", "edicion": "44560" }, "geometry": { "type": "Polygon", "coordinates": [ [ [ -68.707528248728096, -22.877600082907819 ], [ -68.697779293186755, -22.877581857228598 ], [ -68.697719272656215, -22.904682191601832 ], [ -68.70747016425554, -22.904700441270478 ], [ -68.707528248728096, -22.877600082907819 ] ] ] } },
{ "type": "Feature", "properties": { "cve": "2876688", "nombre": "SALAR 1236 A", "solicitante": "Sociedad Química y Minera de Chile S.A.", "region": "REGIÓN DE ANTOFAGASTA", "provincia": "Provincia de El Loa", "comuna": null, "superficie_ha": 300.0, "datum_original": "WGS84", "huso": 19, "epsg_origen": 32719, "tipo_publicacion": "pedimento", "fuente_pdf": "http://www.diariooficial.interior.gob.cl/publicaciones/2026/09/28/44560/07/2876688.pdf", "archivo": "gm_pedimento_2876688.pdf", "fecha": "28-09-2026", "edicion": "44560" }, "geometry": { "type": "Polygon", "coordinates": [ [ [ -68.697779293186755, -22.877581857228598 ], [ -68.688030347760147, -22.877563034012564 ], [ -68.68796839118059, -22.904663343609876 ], [ -68.697719272656215, -22.904682191601832 ], [ -68.697779293186755, -22.877581857228598 ] ] ] } },
{ "type": "Feature", "properties": { "cve": "2876689", "nombre": "SALAR 1237 A", "solicitante": "Sociedad Química y Minera de Chile S.A.", "region": "REGIÓN DE ANTOFAGASTA", "provincia": "Provincia de El Loa", "comuna": null, "superficie_ha": 300.0, "datum_original": "WGS84", "huso": 19, "epsg_origen": 32719, "tipo_publicacion": "pedimento", "fuente_pdf": "http://www.diariooficial.interior.gob.cl/publicaciones/2026/09/28/44560/07/2876689.pdf", "archivo": "gm_pedimento_2876689.pdf", "fecha": "28-09-2026", "edicion": "44560" }, "geometry": { "type": "Polygon", "coordinates": [ [ [ -68.649034673726092, -22.877481765832652 ], [ -68.639285783766951, -22.877459954972544 ], [ -68.639214147086861, -22.904560128892939 ], [ -68.648964973045864, -22.904581968461397 ], [ -68.649034673726092, -22.877481765832652 ] ] ] } },
{ "type": "Feature", "properties": { "cve": "2876690", "nombre": "SALAR 1238 A", "solicitante": "Sociedad Química y Minera de Chile S.A.", "region": "REGIÓN DE ANTOFAGASTA", "provincia": "Provincia de El Loa", "comuna": null, "superficie_ha": 300.0, "datum_original": "WGS84", "huso": 19, "epsg_origen": 32719, "tipo_publicacion": "pedimento", "fuente_pdf": "http://www.diariooficial.interior.gob.cl/publicaciones/2026/09/28/44560/07/2876690.pdf", "archivo": "gm_pedimento_2876690.pdf", "fecha": "28-09-2026", "edicion": "44560" }, "geometry": { "type": "Polygon", "coordinates": [ [ [ -68.639285783766951, -22.877459954972544 ], [ -68.629536905880073, -22.87743754659218 ], [ -68.629463333210808, -22.904537691017762 ], [ -68.639214147086861, -22.904560128892939 ], [ -68.639285783766951, -22.877459954972544 ] ] ] } },
{ "type": "Feature", "properties": { "cve": "2876691", "nombre": "SALAR 1239 A", "solicitante": "Sociedad Química y Minera de Chile S.A.", "region": "REGIÓN DE ANTOFAGASTA", "provincia": "Provincia de El Loa", "comuna": null, "superficie_ha": 300.0, "datum_original": "WGS84", "huso": 19, "epsg_origen": 32719, "tipo_publicacion": "pedimento", "fuente_pdf": "http://www.diariooficial.interior.gob.cl/publicaciones/2026/09/28/44560/07/2876691.pdf", "archivo": "gm_pedimento_2876691.pdf", "fecha": "28-09-2026", "edicion": "44560" }, "geometry": { "type": "Polygon", "coordinates": [ [ [ -68.629536905880073, -22.87743754659218 ], [ -68.619788040391697, -22.877414540694623 ], [ -68.619712531744227, -22.90451465483892 ], [ -68.629463333210808, -22.904537691017762 ], [ -68.629536905880073, -22.87743754659218 ] ] ] } },
{ "type": "Feature", "properties": { "cve": "2876692", "nombre": "SALAR 1240 A", "solicitante": "Sociedad Química y Minera de Chile S.A.", "region": "REGIÓN DE ANTOFAGASTA", "provincia": "Provincia de El Loa", "comuna": null, "superficie_ha": 300.0, "datum_original": "WGS84", "huso": 19, "epsg_origen": 32719, "tipo_publicacion": "pedimento", "fuente_pdf": "http://www.diariooficial.interior.gob.cl/publicaciones/2026/09/28/44560/07/2876692.pdf", "archivo": "gm_pedimento_2876692.pdf", "fecha": "28-09-2026", "edicion": "44560" }, "geometry": { "type": "Polygon", "coordinates": [ [ [ -68.619788040391697, -22.877414540694623 ], [ -68.610039187628061, -22.877390937282986 ], [ -68.609961743013685, -22.90449102035954 ], [ -68.619712531744227, -22.90451465483892 ], [ -68.619788040391697, -22.877414540694623 ] ] ] } },
{ "type": "Feature", "properties": { "cve": "2876693", "nombre": "SALAR 1249 A", "solicitante": "Sociedad Química y Minera de Chile S.A.", "region": "REGIÓN DE ANTOFAGASTA", "provincia": "Provincia de El Loa", "comuna": null, "superficie_ha": 300.0, "datum_original": "WGS84", "huso": 19, "epsg_origen": 32719, "tipo_publicacion": "pedimento", "fuente_pdf": "http://www.diariooficial.interior.gob.cl/publicaciones/2026/09/28/44560/07/2876693.pdf", "archivo": "gm_pedimento_2876693.pdf", "fecha": "28-09-2026", "edicion": "44560" }, "geometry": { "type": "Polygon", "coordinates": [ [ [ -68.639309638511051, -22.868426543103539 ], [ -68.610064976392408, -22.868357555687489 ], [ -68.610039187628061, -22.877390937282986 ], [ -68.639285783766951, -22.877459954972544 ], [ -68.639309638511051, -22.868426543103539 ] ] ] } },
{ "type": "Feature", "properties": { "cve": "2876694", "nombre": "SALAR 1250 A", "solicitante": "Sociedad Química y Minera de Chile S.A.", "region": "REGIÓN DE ANTOFAGASTA", "provincia": "Provincia de El Loa", "comuna": null, "superficie_ha": 300.0, "datum_original": "WGS84", "huso": 19, "epsg_origen": 32719, "tipo_publicacion": "pedimento", "fuente_pdf": "http://www.diariooficial.interior.gob.cl/publicaciones/2026/09/28/44560/07/2876694.pdf", "archivo": "gm_pedimento_2876694.pdf", "fecha": "28-09-2026", "edicion": "44560" }, "geometry": { "type": "Polygon", "coordinates": [ [ [ -68.610013385812721, -22.886424308595593 ], [ -68.580764972168396, -22.886349880672263 ], [ -68.580737221354909, -22.895383209058185 ], [ -68.60998757094255, -22.895457669622161 ], [ -68.610013385812721, -22.886424308595593 ] ] ] } },
{ "type": "Feature", "properties": { "cve": "2876695", "nombre": "SALAR 1251 A", "solicitante": "Sociedad Química y Minera de Chile S.A.", "region": "REGIÓN DE ANTOFAGASTA", "provincia": "Provincia de El Loa", "comuna": null, "superficie_ha": 300.0, "datum_original": "WGS84", "huso": 19, "epsg_origen": 32719, "tipo_publicacion": "pedimento", "fuente_pdf": "http://www.diariooficial.interior.gob.cl/publicaciones/2026/09/28/44560/07/2876695.pdf", "archivo": "gm_pedimento_2876695.pdf", "fecha": "28-09-2026", "edicion": "44560" }, "geometry": { "type": "Polygon", "coordinates": [ [ [ -68.60998757094255, -22.895457669622161 ], [ -68.580737221354909, -22.895383209058185 ], [ -68.580709456503442, -22.904416527150726 ], [ -68.609961743013685, -22.90449102035954 ], [ -68.60998757094255, -22.895457669622161 ] ] ] } },
{ "type": "Feature", "properties": { "cve": "2876696", "nombre": "SALAR 1252 A", "solicitante": "Sociedad Química y Minera de Chile S.A.", "region": "REGIÓN DE ANTOFAGASTA", "provincia": "Provincia de El Loa", "comuna": null, "superficie_ha": 300.0, "datum_original": "WGS84", "huso": 19, "epsg_origen": 32719, "tipo_publicacion": "pedimento", "fuente_pdf": "http://www.diariooficial.interior.gob.cl/publicaciones/2026/09/28/44560/07/2876696.pdf", "archivo": "gm_pedimento_2876696.pdf", "fecha": "28-09-2026", "edicion": "44560" }, "geometry": { "type": "Polygon", "coordinates": [ [ [ -68.609961743013685, -22.90449102035954 ], [ -68.580709456503442, -22.904416527150726 ], [ -68.580681677609832, -22.913449834946739 ], [ -68.609935902022258, -22.913524360804594 ], [ -68.609961743013685, -22.90449102035954 ] ] ] } },
{ "type": "Feature", "properties": { "cve": "2876697", "nombre": "SALAR 1253 A", "solicitante": "Sociedad Química y Minera de Chile S.A.", "region": "REGIÓN DE ANTOFAGASTA", "provincia": "Provincia de El Loa", "comuna": null, "superficie_ha": 300.0, "datum_original": "WGS84", "huso": 19, "epsg_origen": 32719, "tipo_publicacion": "pedimento", "fuente_pdf": "http://www.diariooficial.interior.gob.cl/publicaciones/2026/09/28/44560/07/2876697.pdf", "archivo": "gm_pedimento_2876697.pdf", "fecha": "28-09-2026", "edicion": "44560" }, "geometry": { "type": "Polygon", "coordinates": [ [ [ -68.609935902022258, -22.913524360804594 ], [ -68.580681677609832, -22.913449834946739 ], [ -68.580653884669971, -22.922483132443084 ], [ -68.609910047964433, -22.922557690954154 ], [ -68.609935902022258, -22.913524360804594 ] ] ] } },
{ "type": "Feature", "properties": { "cve": "2876698", "nombre": "SALAR 1254 A", "solicitante": "Sociedad Química y Minera de Chile S.A.", "region": "REGIÓN DE ANTOFAGASTA", "provincia": "Provincia de El Loa", "comuna": null, "superficie_ha": 300.0, "datum_original": "WGS84", "huso": 19, "epsg_origen": 32719, "tipo_publicacion": "pedimento", "fuente_pdf": "http://www.diariooficial.interior.gob.cl/publicaciones/2026/09/28/44560/07/2876698.pdf", "archivo": "gm_pedimento_2876698.pdf", "fecha": "28-09-2026", "edicion": "44560" }, "geometry": { "type": "Polygon", "coordinates": [ [ [ -68.609910047964433, -22.922557690954154 ], [ -68.580653884669971, -22.922483132443084 ], [ -68.580626077679653, -22.931516419636594 ], [ -68.609884180836332, -22.931591010805093 ], [ -68.609910047964433, -22.922557690954154 ] ] ] } },
{ "type": "Feature", "properties": { "cve": "2876699", "nombre": "SALAR 1256 A", "solicitante": "Sociedad Química y Minera de Chile S.A.", "region": "REGIÓN DE ANTOFAGASTA", "provincia": "Provincia de El Loa", "comuna": null, "superficie_ha": 300.0, "datum_original": "WGS84", "huso": 19, "epsg_origen": 32719, "tipo_publicacion": "pedimento", "fuente_pdf": "http://www.diariooficial.interior.gob.cl/publicaciones/2026/09/28/44560/07/2876699.pdf", "archivo": "gm_pedimento_2876699.pdf", "fecha": "28-09-2026", "edicion": "44560" }, "geometry": { "type": "Polygon", "coordinates": [ [ [ -68.639190244032349, -22.913593499627044 ], [ -68.609935902022258, -22.913524360804594 ], [ -68.609910047964433, -22.922557690954154 ], [ -68.639166328891335, -22.922626860069563 ], [ -68.639190244032349, -22.913593499627044 ] ] ] } },
{ "type": "Feature", "properties": { "cve": "2876700", "nombre": "SALAR 1261 A", "solicitante": "Sociedad Química y Minera de Chile S.A.", "region": "REGIÓN DE ANTOFAGASTA", "provincia": "Provincia de El Loa", "comuna": null, "superficie_ha": 400.0, "datum_original": "WGS84", "huso": 19, "epsg_origen": 32719, "tipo_publicacion": "pedimento", "fuente_pdf": "http://www.diariooficial.interior.gob.cl/publicaciones/2026/09/28/44560/07/2876700.pdf", "archivo": "gm_pedimento_2876700.pdf", "fecha": "28-09-2026", "edicion": "44560" }, "geometry": { "type": "Polygon", "coordinates": [ [ [ -68.648895166557935, -22.931682078505212 ], [ -68.629389648856147, -22.931637742835989 ], [ -68.629340463856707, -22.949704392557692 ], [ -68.648848570070911, -22.949748767056462 ], [ -68.648895166557935, -22.931682078505212 ] ] ] } },
{ "type": "Feature", "properties": { "cve": "2876701", "nombre": "SALAR 1263 A", "solicitante": "Sociedad Química y Minera de Chile S.A.", "region": "REGIÓN DE ANTOFAGASTA", "provincia": "Provincia de El Loa", "comuna": null, "superficie_ha": 200.0, "datum_original": "WGS84", "huso": 19, "epsg_origen": 32719, "tipo_publicacion": "pedimento", "fuente_pdf": "http://www.diariooficial.interior.gob.cl/publicaciones/2026/09/28/44560/07/2876701.pdf", "archivo": "gm_pedimento_2876701.pdf", "fecha": "28-09-2026", "edicion": "44560" }, "geometry": { "type": "Polygon", "coordinates": [ [ [ -68.687947718091038, -22.913696759581242 ], [ -68.6781962010661, -22.913677304745541 ], [ -68.678153530544819, -22.931744088778519 ], [ -68.687906340548906, -22.931763560663494 ], [ -68.687947718091038, -22.913696759581242 ] ] ] } },
{ "type": "Feature", "properties": { "cve": "2876652", "nombre": "SALAR 324 A", "solicitante": "Sociedad Química y Minera de Chile S.A.", "region": "REGIÓN DE ANTOFAGASTA", "provincia": "Provincia de El Loa", "comuna": null, "superficie_ha": 300.0, "datum_original": "WGS84", "huso": 19, "epsg_origen": 32719, "tipo_publicacion": "pedimento", "fuente_pdf": "http://www.diariooficial.interior.gob.cl/publicaciones/2026/09/28/44560/07/2876652.pdf", "archivo": "gm_pedimento_2876652.pdf", "fecha": "28-09-2026", "edicion": "44560" }, "geometry": { "type": "Polygon", "coordinates": [ [ [ -68.560799671280989, -23.030828920949038 ], [ -68.531520381291699, -23.030744940907141 ], [ -68.531489152711941, -23.039778044454572 ], [ -68.560770394283679, -23.039862061144753 ], [ -68.560799671280989, -23.030828920949038 ] ] ] } },
{ "type": "Feature", "properties": { "cve": "2876653", "nombre": "SALAR 330 A", "solicitante": "Sociedad Química y Minera de Chile S.A.", "region": "REGIÓN DE ANTOFAGASTA", "provincia": "Provincia de El Loa", "comuna": null, "superficie_ha": 300.0, "datum_original": "WGS84", "huso": 19, "epsg_origen": 32719, "tipo_publicacion": "pedimento", "fuente_pdf": "http://www.diariooficial.interior.gob.cl/publicaciones/2026/09/28/44560/07/2876653.pdf", "archivo": "gm_pedimento_2876653.pdf", "fecha": "28-09-2026", "edicion": "44560" }, "geometry": { "type": "Polygon", "coordinates": [ [ [ -68.560828933522089, -23.021795770409813 ], [ -68.53155159413167, -23.021711827011462 ], [ -68.531520381291699, -23.030744940907141 ], [ -68.560799671280989, -23.030828920949038 ], [ -68.560828933522089, -23.021795770409813 ] ] ] } },
{ "type": "Feature", "properties": { "cve": "2876654", "nombre": "SALAR 347 A", "solicitante": "Sociedad Química y Minera de Chile S.A.", "region": "REGIÓN DE ANTOFAGASTA", "provincia": "Provincia de El Loa", "comuna": null, "superficie_ha": 300.0, "datum_original": "WGS84", "huso": 19, "epsg_origen": 32719, "tipo_publicacion": "pedimento", "fuente_pdf": "http://www.diariooficial.interior.gob.cl/publicaciones/2026/09/28/44560/07/2876654.pdf", "archivo": "gm_pedimento_2876654.pdf", "fecha": "28-09-2026", "edicion": "44560" }, "geometry": { "type": "Polygon", "coordinates": [ [ [ -68.482859634561038, -22.994460682982581 ], [ -68.453588538024093, -22.994362428319768 ], [ -68.453552178854991, -23.003395464011341 ], [ -68.482825222924021, -23.003493761604382 ], [ -68.482859634561038, -22.994460682982581 ] ] ] } },
{ "type": "Feature", "properties": { "cve": "2876655", "nombre": "SALAR 348 A", "solicitante": "Sociedad Química y Minera de Chile S.A.", "region": "REGIÓN DE ANTOFAGASTA", "provincia": "Provincia de El Loa", "comuna": null, "superficie_ha": 300.0, "datum_original": "WGS84", "huso": 19, "epsg_origen": 32719, "tipo_publicacion": "pedimento", "fuente_pdf": "http://www.diariooficial.interior.gob.cl/publicaciones/2026/09/28/44560/07/2876655.pdf", "archivo": "gm_pedimento_2876655.pdf", "fecha": "28-09-2026", "edicion": "44560" }, "geometry": { "type": "Polygon", "coordinates": [ [ [ -68.512130887324304, -22.994553529801383 ], [ -68.482859634561038, -22.994460682982581 ], [ -68.482825222924021, -23.003493761604382 ], [ -68.512098423265698, -23.003586648990655 ], [ -68.512130887324304, -22.994553529801383 ] ] ] } },
{ "type": "Feature", "properties": { "cve": "2876656", "nombre": "SALAR 358 A", "solicitante": "Sociedad Química y Minera de Chile S.A.", "region": "REGIÓN DE ANTOFAGASTA", "provincia": "Provincia de El Loa", "comuna": null, "superficie_ha": 300.0, "datum_original": "WGS84", "huso": 19, "epsg_origen": 32719, "tipo_publicacion": "pedimento", "fuente_pdf": "http://www.diariooficial.interior.gob.cl/publicaciones/2026/09/28/44560/07/2876656.pdf", "archivo": "gm_pedimento_2876656.pdf", "fecha": "28-09-2026", "edicion": "44560" }, "geometry": { "type": "Polygon", "coordinates": [ [ [ -68.463452574231027, -22.967296567871053 ], [ -68.45369750550816, -22.967263259159068 ], [ -68.453588538024093, -22.994362428319768 ], [ -68.463345552298847, -22.994395780738301 ], [ -68.463452574231027, -22.967296567871053 ] ] ] } },
{ "type": "Feature", "properties": { "cve": "2876657", "nombre": "SALAR 359 A", "solicitante": "Sociedad Química y Minera de Chile S.A.", "region": "REGIÓN DE ANTOFAGASTA", "provincia": "Provincia de El Loa", "comuna": null, "superficie_ha": 300.0, "datum_original": "WGS84", "huso": 19, "epsg_origen": 32719, "tipo_publicacion": "pedimento", "fuente_pdf": "http://www.diariooficial.interior.gob.cl/publicaciones/2026/09/28/44560/07/2876657.pdf", "archivo": "gm_pedimento_2876657.pdf", "fecha": "28-09-2026", "edicion": "44560" }, "geometry": { "type": "Polygon", "coordinates": [ [ [ -68.473207660951289, -22.967329276507634 ], [ -68.463452574231027, -22.967296567871053 ], [ -68.463345552298847, -22.994395780738301 ], [ -68.473102584586968, -22.994428532294059 ], [ -68.473207660951289, -22.967329276507634 ] ] ] } },
{ "type": "Feature", "properties": { "cve": "2876658", "nombre": "SALAR 360 A", "solicitante": "Sociedad Química y Minera de Chile S.A.", "region": "REGIÓN DE ANTOFAGASTA", "provincia": "Provincia de El Loa", "comuna": null, "superficie_ha": 300.0, "datum_original": "WGS84", "huso": 19, "epsg_origen": 32719, "tipo_publicacion": "pedimento", "fuente_pdf": "http://www.diariooficial.interior.gob.cl/publicaciones/2026/09/28/44560/07/2876658.pdf", "archivo": "gm_pedimento_2876658.pdf", "fecha": "28-09-2026", "edicion": "44560" }, "geometry": { "type": "Polygon", "coordinates": [ [ [ -68.482962765341767, -22.967361385064368 ], [ -68.473207660951289, -22.967329276507634 ], [ -68.473102584586968, -22.994428532294059 ], [ -68.482859634561038, -22.994460682982581 ], [ -68.482962765341767, -22.967361385064368 ] ] ] } },
{ "type": "Feature", "properties": { "cve": "2876659", "nombre": "SALAR 361 A", "solicitante": "Sociedad Química y Minera de Chile S.A.", "region": "REGIÓN DE ANTOFAGASTA", "provincia": "Provincia de El Loa", "comuna": null, "superficie_ha": 300.0, "datum_original": "WGS84", "huso": 19, "epsg_origen": 32719, "tipo_publicacion": "pedimento", "fuente_pdf": "http://www.diariooficial.interior.gob.cl/publicaciones/2026/09/28/44560/07/2876659.pdf", "archivo": "gm_pedimento_2876659.pdf", "fecha": "28-09-2026", "edicion": "44560" }, "geometry": { "type": "Polygon", "coordinates": [ [ [ -68.492717887075315, -22.967392893536886 ], [ -68.482962765341767, -22.967361385064368 ], [ -68.482859634561038, -22.994460682982581 ], [ -68.492616701893581, -22.994492232799487 ], [ -68.492717887075315, -22.967392893536886 ] ] ] } },
{ "type": "Feature", "properties": { "cve": "2876660", "nombre": "SALAR 362 A", "solicitante": "Sociedad Química y Minera de Chile S.A.", "region": "REGIÓN DE ANTOFAGASTA", "provincia": "Provincia de El Loa", "comuna": null, "superficie_ha": 300.0, "datum_original": "WGS84", "huso": 19, "epsg_origen": 32719, "tipo_publicacion": "pedimento", "fuente_pdf": "http://www.diariooficial.interior.gob.cl/publicaciones/2026/09/28/44560/07/2876660.pdf", "archivo": "gm_pedimento_2876660.pdf", "fecha": "28-09-2026", "edicion": "44560" }, "geometry": { "type": "Polygon", "coordinates": [ [ [ -68.50247302582477, -22.967423801920894 ], [ -68.492717887075315, -22.967392893536886 ], [ -68.492616701893581, -22.994492232799487 ], [ -68.502373786257152, -22.994523181740494 ], [ -68.50247302582477, -22.967423801920894 ] ] ] } },
{ "type": "Feature", "properties": { "cve": "2876661", "nombre": "SALAR 383 A", "solicitante": "Sociedad Química y Minera de Chile S.A.", "region": "REGIÓN DE ANTOFAGASTA", "provincia": "Provincia de El Loa", "comuna": null, "superficie_ha": 300.0, "datum_original": "WGS84", "huso": 19, "epsg_origen": 32719, "tipo_publicacion": "pedimento", "fuente_pdf": "http://www.diariooficial.interior.gob.cl/publicaciones/2026/09/28/44560/07/2876661.pdf", "archivo": "gm_pedimento_2876661.pdf", "fecha": "28-09-2026", "edicion": "44560" }, "geometry": { "type": "Polygon", "coordinates": [ [ [ -68.478189156972817, -22.940246035824408 ], [ -68.468436004007827, -22.940213669736245 ], [ -68.468330115361923, -22.967312997199052 ], [ -68.478085210958184, -22.967345405796259 ], [ -68.478189156972817, -22.940246035824408 ] ] ] } },
{ "type": "Feature", "properties": { "cve": "2876662", "nombre": "SALAR 384 A", "solicitante": "Sociedad Química y Minera de Chile S.A.", "region": "REGIÓN DE ANTOFAGASTA", "provincia": "Provincia de El Loa", "comuna": null, "superficie_ha": 300.0, "datum_original": "WGS84", "huso": 19, "epsg_origen": 32719, "tipo_publicacion": "pedimento", "fuente_pdf": "http://www.diariooficial.interior.gob.cl/publicaciones/2026/09/28/44560/07/2876662.pdf", "archivo": "gm_pedimento_2876662.pdf", "fecha": "28-09-2026", "edicion": "44560" }, "geometry": { "type": "Polygon", "coordinates": [ [ [ -68.487942327428911, -22.940277802617619 ], [ -68.478189156972817, -22.940246035824408 ], [ -68.478085210958184, -22.967345405796259 ], [ -68.487840324061111, -22.967377214311426 ], [ -68.487942327428911, -22.940277802617619 ] ] ] } },
{ "type": "Feature", "properties": { "cve": "2876663", "nombre": "SALAR 385 A", "solicitante": "Sociedad Química y Minera de Chile S.A.", "region": "REGIÓN DE ANTOFAGASTA", "provincia": "Provincia de El Loa", "comuna": null, "superficie_ha": 300.0, "datum_original": "WGS84", "huso": 19, "epsg_origen": 32719, "tipo_publicacion": "pedimento", "fuente_pdf": "http://www.diariooficial.interior.gob.cl/publicaciones/2026/09/28/44560/07/2876663.pdf", "archivo": "gm_pedimento_2876663.pdf", "fecha": "28-09-2026", "edicion": "44560" }, "geometry": { "type": "Polygon", "coordinates": [ [ [ -68.497695515049244, -22.940308970111548 ], [ -68.487942327428911, -22.940277802617619 ], [ -68.487840324061111, -22.967377214311426 ], [ -68.497595454343497, -22.967408422740217 ], [ -68.497695515049244, -22.940308970111548 ] ] ] } },
{ "type": "Feature", "properties": { "cve": "2876664", "nombre": "SALAR 386 A", "solicitante": "Sociedad Química y Minera de Chile S.A.", "region": "REGIÓN DE ANTOFAGASTA", "provincia": "Provincia de El Loa", "comuna": null, "superficie_ha": 300.0, "datum_original": "WGS84", "huso": 19, "epsg_origen": 32719, "tipo_publicacion": "pedimento", "fuente_pdf": "http://www.diariooficial.interior.gob.cl/publicaciones/2026/09/28/44560/07/2876664.pdf", "archivo": "gm_pedimento_2876664.pdf", "fecha": "28-09-2026", "edicion": "44560" }, "geometry": { "type": "Polygon", "coordinates": [ [ [ -68.507448719506939, -22.940339538301952 ], [ -68.497695515049244, -22.940308970111548 ], [ -68.497595454343497, -22.967408422740217 ], [ -68.507350601478194, -22.967439031078399 ], [ -68.507448719506939, -22.940339538301952 ] ] ] } },
{ "type": "Feature", "properties": { "cve": "2876665", "nombre": "SALAR 406 A", "solicitante": "Sociedad Química y Minera de Chile S.A.", "region": "REGIÓN DE ANTOFAGASTA", "provincia": "Provincia de El Loa", "comuna": null, "superficie_ha": 300.0, "datum_original": "WGS84", "huso": 19, "epsg_origen": 32719, "tipo_publicacion": "pedimento", "fuente_pdf": "http://www.diariooficial.interior.gob.cl/publicaciones/2026/09/28/44560/07/2876665.pdf", "archivo": "gm_pedimento_2876665.pdf", "fecha": "28-09-2026", "edicion": "44560" }, "geometry": { "type": "Polygon", "coordinates": [ [ [ -68.458790536818469, -22.913081327221757 ], [ -68.449039359473872, -22.913047806623133 ], [ -68.448929751858685, -22.940147139692719 ], [ -68.458682868860834, -22.94018070435752 ], [ -68.458790536818469, -22.913081327221757 ] ] ] } },
{ "type": "Feature", "properties": { "cve": "2876666", "nombre": "SALAR 407 A", "solicitante": "Sociedad Química y Minera de Chile S.A.", "region": "REGIÓN DE ANTOFAGASTA", "provincia": "Provincia de El Loa", "comuna": null, "superficie_ha": 300.0, "datum_original": "WGS84", "huso": 19, "epsg_origen": 32719, "tipo_publicacion": "pedimento", "fuente_pdf": "http://www.diariooficial.interior.gob.cl/publicaciones/2026/09/28/44560/07/2876666.pdf", "archivo": "gm_pedimento_2876666.pdf", "fecha": "28-09-2026", "edicion": "44560" }, "geometry": { "type": "Polygon", "coordinates": [ [ [ -68.468541732291868, -22.913114249321072 ], [ -68.458790536818469, -22.913081327221757 ], [ -68.458682868860834, -22.94018070435752 ], [ -68.468436004007827, -22.940213669736245 ], [ -68.468541732291868, -22.913114249321072 ] ] ] } },
{ "type": "Feature", "properties": { "cve": "2876667", "nombre": "SALAR 409 A", "solicitante": "Sociedad Química y Minera de Chile S.A.", "region": "REGIÓN DE ANTOFAGASTA", "provincia": "Provincia de El Loa", "comuna": null, "superficie_ha": 300.0, "datum_original": "WGS84", "huso": 19, "epsg_origen": 32719, "tipo_publicacion": "pedimento", "fuente_pdf": "http://www.diariooficial.interior.gob.cl/publicaciones/2026/09/28/44560/07/2876667.pdf", "archivo": "gm_pedimento_2876667.pdf", "fecha": "28-09-2026", "edicion": "44560" }, "geometry": { "type": "Polygon", "coordinates": [ [ [ -68.48804417631861, -22.913178298003949 ], [ -68.478292945567432, -22.913146572916602 ], [ -68.478189156972817, -22.940246035824408 ], [ -68.487942327428911, -22.940277802617619 ], [ -68.48804417631861, -22.913178298003949 ] ] ] } },
{ "type": "Feature", "properties": { "cve": "2876668", "nombre": "SALAR 410 A", "solicitante": "Sociedad Química y Minera de Chile S.A.", "region": "REGIÓN DE ANTOFAGASTA", "provincia": "Provincia de El Loa", "comuna": null, "superficie_ha": 300.0, "datum_original": "WGS84", "huso": 19, "epsg_origen": 32719, "tipo_publicacion": "pedimento", "fuente_pdf": "http://www.diariooficial.interior.gob.cl/publicaciones/2026/09/28/44560/07/2876668.pdf", "archivo": "gm_pedimento_2876668.pdf", "fecha": "28-09-2026", "edicion": "44560" }, "geometry": { "type": "Polygon", "coordinates": [ [ [ -68.497795424218808, -22.91320942457881 ], [ -68.48804417631861, -22.913178298003949 ], [ -68.487942327428911, -22.940277802617619 ], [ -68.497695515049244, -22.940308970111548 ], [ -68.497795424218808, -22.91320942457881 ] ] ] } },
{ "type": "Feature", "properties": { "cve": "2876669", "nombre": "SALAR 435 A", "solicitante": "Sociedad Química y Minera de Chile S.A.", "region": "REGIÓN DE ANTOFAGASTA", "provincia": "Provincia de El Loa", "comuna": null, "superficie_ha": 300.0, "datum_original": "WGS84", "huso": 19, "epsg_origen": 32719, "tipo_publicacion": "pedimento", "fuente_pdf": "http://www.diariooficial.interior.gob.cl/publicaciones/2026/09/28/44560/07/2876669.pdf", "archivo": "gm_pedimento_2876669.pdf", "fecha": "28-09-2026", "edicion": "44560" }, "geometry": { "type": "Polygon", "coordinates": [ [ [ -68.449148800990884, -22.88594838065276 ], [ -68.439399578803616, -22.885914306395037 ], [ -68.439288200584599, -22.913013687529755 ], [ -68.449039359473872, -22.913047806623133 ], [ -68.449148800990884, -22.88594838065276 ] ] ] } },
{ "type": "Feature", "properties": { "cve": "2876670", "nombre": "SALAR 436 A", "solicitante": "Sociedad Química y Minera de Chile S.A.", "region": "REGIÓN DE ANTOFAGASTA", "provincia": "Provincia de El Loa", "comuna": null, "superficie_ha": 300.0, "datum_original": "WGS84", "huso": 19, "epsg_origen": 32719, "tipo_publicacion": "pedimento", "fuente_pdf": "http://www.diariooficial.interior.gob.cl/publicaciones/2026/09/28/44560/07/2876670.pdf", "archivo": "gm_pedimento_2876670.pdf", "fecha": "28-09-2026", "edicion": "44560" }, "geometry": { "type": "Polygon", "coordinates": [ [ [ -68.458898041617147, -22.885981857202193 ], [ -68.449148800990884, -22.88594838065276 ], [ -68.449039359473872, -22.913047806623133 ], [ -68.458790536818469, -22.913081327221757 ], [ -68.458898041617147, -22.885981857202193 ] ] ] } },
{ "type": "Feature", "properties": { "cve": "2876671", "nombre": "SALAR 437 A", "solicitante": "Sociedad Química y Minera de Chile S.A.", "region": "REGIÓN DE ANTOFAGASTA", "provincia": "Provincia de El Loa", "comuna": null, "superficie_ha": 300.0, "datum_original": "WGS84", "huso": 19, "epsg_origen": 32719, "tipo_publicacion": "pedimento", "fuente_pdf": "http://www.diariooficial.interior.gob.cl/publicaciones/2026/09/28/44560/07/2876671.pdf", "archivo": "gm_pedimento_2876671.pdf", "fecha": "28-09-2026", "edicion": "44560" }, "geometry": { "type": "Polygon", "coordinates": [ [ [ -68.468647300356153, -22.886014736038785 ], [ -68.458898041617147, -22.885981857202193 ], [ -68.458790536818469, -22.913081327221757 ], [ -68.468541732291868, -22.913114249321072 ], [ -68.468647300356153, -22.886014736038785 ] ] ] } },
{ "type": "Feature", "properties": { "cve": "2876672", "nombre": "SALAR 438 A", "solicitante": "Sociedad Química y Minera de Chile S.A.", "region": "REGIÓN DE ANTOFAGASTA", "provincia": "Provincia de El Loa", "comuna": null, "superficie_ha": 300.0, "datum_original": "WGS84", "huso": 19, "epsg_origen": 32719, "tipo_publicacion": "pedimento", "fuente_pdf": "http://www.diariooficial.interior.gob.cl/publicaciones/2026/09/28/44560/07/2876672.pdf", "archivo": "gm_pedimento_2876672.pdf", "fecha": "28-09-2026", "edicion": "44560" }, "geometry": { "type": "Polygon", "coordinates": [ [ [ -68.478396576881565, -22.886047017158045 ], [ -68.468647300356153, -22.886014736038785 ], [ -68.468541732291868, -22.913114249321072 ], [ -68.478292945567432, -22.913146572916602 ], [ -68.478396576881565, -22.886047017158045 ] ] ] } },
{ "type": "Feature", "properties": { "cve": "2876673", "nombre": "SALAR 439 A", "solicitante": "Sociedad Química y Minera de Chile S.A.", "region": "REGIÓN DE ANTOFAGASTA", "provincia": "Provincia de El Loa", "comuna": null, "superficie_ha": 300.0, "datum_original": "WGS84", "huso": 19, "epsg_origen": 32719, "tipo_publicacion": "pedimento", "fuente_pdf": "http://www.diariooficial.interior.gob.cl/publicaciones/2026/09/28/44560/07/2876673.pdf", "archivo": "gm_pedimento_2876673.pdf", "fecha": "28-09-2026", "edicion": "44560" }, "geometry": { "type": "Polygon", "coordinates": [ [ [ -68.488145870867115, -22.886078700555618 ], [ -68.478396576881565, -22.886047017158045 ], [ -68.478292945567432, -22.913146572916602 ], [ -68.48804417631861, -22.913178298003949 ], [ -68.488145870867115, -22.886078700555618 ] ] ] } },
{ "type": "Feature", "properties": { "cve": "2876702", "nombre": "SALAR I 160 A", "solicitante": "Sociedad Química y Minera de Chile S.A.", "region": "REGIÓN DE ANTOFAGASTA", "provincia": "Provincia de El Loa", "comuna": null, "superficie_ha": 300.0, "datum_original": "WGS84", "huso": 19, "epsg_origen": 32719, "tipo_publicacion": "pedimento", "fuente_pdf": "http://www.diariooficial.interior.gob.cl/publicaciones/2026/09/28/44560/07/2876702.pdf", "archivo": "gm_pedimento_2876702.pdf", "fecha": "28-09-2026", "edicion": "44560" }, "geometry": { "type": "Polygon", "coordinates": [ [ [ -68.681553910448514, -23.55503286269148 ], [ -68.652159289555968, -23.554969896492548 ], [ -68.652135511632551, -23.564002532655106 ], [ -68.681532141815268, -23.564065525855696 ], [ -68.681553910448514, -23.55503286269148 ] ] ] } },
{ "type": "Feature", "properties": { "cve": "2876703", "nombre": "SAN PEDRO 176 A", "solicitante": "Sociedad Química y Minera de Chile S.A.", "region": "REGIÓN DE ANTOFAGASTA", "provincia": "Provincia de El Loa", "comuna": null, "superficie_ha": 300.0, "datum_original": "WGS84", "huso": 19, "epsg_origen": 32719, "tipo_publicacion": "pedimento", "fuente_pdf": "http://www.diariooficial.interior.gob.cl/publicaciones/2026/09/28/44560/07/2876703.pdf", "archivo": "gm_pedimento_2876703.pdf", "fecha": "28-09-2026", "edicion": "44560" }, "geometry": { "type": "Polygon", "coordinates": [ [ [ -68.20007310749132, -22.966186622694789 ], [ -68.170809811866576, -22.966036296644713 ], [ -68.170754712947826, -22.975068826790832 ], [ -68.200019952576753, -22.975219218582211 ], [ -68.20007310749132, -22.966186622694789 ] ] ] } },
{ "type": "Feature", "properties": { "cve": "2875878", "nombre": "SANTA BÁRBARA 1", "solicitante": "Minera Freeport-McMoran South America Limitada", "region": "REGIÓN DE ANTOFAGASTA", "provincia": "Provincia de El Loa", "comuna": "Calama", "superficie_ha": 100.0, "datum_original": "PSAD56", "huso": 19, "epsg_origen": 24879, "tipo_publicacion": "pedimento", "fuente_pdf": "http://www.diariooficial.interior.gob.cl/publicaciones/2026/09/28/44560/07/2875878.pdf", "archivo": "gm_pedimento_2875878.pdf", "fecha": "28-09-2026", "edicion": "44560" }, "geometry": { "type": "Polygon", "coordinates": [ [ [ -68.711395721348111, -21.878210766791444 ], [ -68.701716182392957, -21.878193527243923 ], [ -68.701697402543445, -21.887228048949559 ], [ -68.711377550898177, -21.887245296334385 ], [ -68.711395721348111, -21.878210766791444 ] ] ] } },
{ "type": "Feature", "properties": { "cve": "2875879", "nombre": "SANTA BÁRBARA 2", "solicitante": "Minera Freeport-McMoran South America Limitada", "region": "REGIÓN DE ANTOFAGASTA", "provincia": "Provincia de El Loa", "comuna": "Calama", "superficie_ha": 200.0, "datum_original": "PSAD56", "huso": 19, "epsg_origen": 24879, "tipo_publicacion": "pedimento", "fuente_pdf": "http://www.diariooficial.interior.gob.cl/publicaciones/2026/09/28/44560/07/2875879.pdf", "archivo": "gm_pedimento_2875879.pdf", "fecha": "28-09-2026", "edicion": "44560" }, "geometry": { "type": "Polygon", "coordinates": [ [ [ -68.701712427202139, -21.880000432385874 ], [ -68.692032776130446, -21.879982622574325 ], [ -68.691993983559087, -21.898051635775388 ], [ -68.701674853866876, -21.89806946177994 ], [ -68.701712427202139, -21.880000432385874 ] ] ] } },
{ "type": "Feature", "properties": { "cve": "2875924", "nombre": "VIRGO 13", "solicitante": "Veth Raffo Daniela", "region": "REGIÓN DE ANTOFAGASTA", "provincia": "Provincia de El Loa", "comuna": "Calama", "superficie_ha": 200.0, "datum_original": "PSAD56", "huso": 19, "epsg_origen": 24879, "tipo_publicacion": "pedimento", "fuente_pdf": "http://www.diariooficial.interior.gob.cl/publicaciones/2026/09/28/44560/07/2875924.pdf", "archivo": "gm_pedimento_2875924.pdf", "fecha": "28-09-2026", "edicion": "44560" }, "geometry": { "type": "Polygon", "coordinates": [ [ [ -67.979888870629878, -22.383882443905005 ], [ -67.96046349881918, -22.383758800406188 ], [ -67.960396378615499, -22.392791386497294 ], [ -67.979823004137373, -22.392915085178643 ], [ -67.979888870629878, -22.383882443905005 ] ] ] } },
{ "type": "Feature", "properties": { "cve": "2876522", "nombre": "PIRCAS DORADAS 1", "solicitante": "Austral Exploraciones SpA", "region": "REGIÓN DE ATACAMA", "provincia": "Provincia de Copiapó", "comuna": null, "superficie_ha": 100.0, "datum_original": "PSAD56", "huso": 19, "epsg_origen": 24879, "tipo_publicacion": "pedimento", "fuente_pdf": "http://www.diariooficial.interior.gob.cl/publicaciones/2026/09/28/44560/07/2876522.pdf", "archivo": "gm_pedimento_2876522.pdf", "fecha": "28-09-2026", "edicion": "44560" }, "geometry": { "type": "Polygon", "coordinates": [ [ [ -71.006326525722329, -27.948119716797279 ], [ -70.996167000826475, -27.948267446475338 ], [ -70.99633297661552, -27.957289303800813 ], [ -71.006493344869781, -27.957141518187626 ], [ -71.006326525722329, -27.948119716797279 ] ] ] } },
{ "type": "Feature", "properties": { "cve": "2876523", "nombre": "PIRCAS DORADAS 2", "solicitante": "Austral Exploraciones SpA", "region": "REGIÓN DE ATACAMA", "provincia": "Provincia de Copiapó", "comuna": null, "superficie_ha": 200.0, "datum_original": "PSAD56", "huso": 19, "epsg_origen": 24879, "tipo_publicacion": "pedimento", "fuente_pdf": "http://www.diariooficial.interior.gob.cl/publicaciones/2026/09/28/44560/07/2876523.pdf", "archivo": "gm_pedimento_2876523.pdf", "fecha": "28-09-2026", "edicion": "44560" }, "geometry": { "type": "Polygon", "coordinates": [ [ [ -70.992152852812652, -27.951032893872284 ], [ -70.981992967483833, -27.951179591662989 ], [ -70.982322679669764, -27.969223441467406 ], [ -70.992484252416006, -27.969076632585654 ], [ -70.992152852812652, -27.951032893872284 ] ] ] } },
{ "type": "Feature", "properties": { "cve": "2876524", "nombre": "PIRCAS DORADAS 3", "solicitante": "Austral Exploraciones SpA", "region": "REGIÓN DE ATACAMA", "provincia": "Provincia de Copiapó", "comuna": null, "superficie_ha": 200.0, "datum_original": "PSAD56", "huso": 19, "epsg_origen": 24879, "tipo_publicacion": "pedimento", "fuente_pdf": "http://www.diariooficial.interior.gob.cl/publicaciones/2026/09/28/44560/07/2876524.pdf", "archivo": "gm_pedimento_2876524.pdf", "fecha": "28-09-2026", "edicion": "44560" }, "geometry": { "type": "Polygon", "coordinates": [ [ [ -70.986234759693602, -27.933069819181608 ], [ -70.976076518241726, -27.933215994241394 ], [ -70.976404998007894, -27.951259956156843 ], [ -70.986564925346471, -27.951113670353713 ], [ -70.986234759693602, -27.933069819181608 ] ] ] } },
{ "type": "Feature", "properties": { "cve": "2876525", "nombre": "PIRCAS DORADAS 4", "solicitante": "Austral Exploraciones SpA", "region": "REGIÓN DE ATACAMA", "provincia": "Provincia de Copiapó", "comuna": null, "superficie_ha": 300.0, "datum_original": "PSAD56", "huso": 19, "epsg_origen": 24879, "tipo_publicacion": "pedimento", "fuente_pdf": "http://www.diariooficial.interior.gob.cl/publicaciones/2026/09/28/44560/07/2876525.pdf", "archivo": "gm_pedimento_2876525.pdf", "fecha": "28-09-2026", "edicion": "44560" }, "geometry": { "type": "Polygon", "coordinates": [ [ [ -70.99843462130238, -27.905820383668871 ], [ -70.988279001235028, -27.905967327236297 ], [ -70.988774308131951, -27.933033158463214 ], [ -70.998932454004262, -27.932886047785672 ], [ -70.99843462130238, -27.905820383668871 ] ] ] } },
{ "type": "Feature", "properties": { "cve": "2876526", "nombre": "PIRCAS DORADAS 5", "solicitante": "Austral Exploraciones SpA", "region": "REGIÓN DE ATACAMA", "provincia": "Provincia de Copiapó", "comuna": null, "superficie_ha": 200.0, "datum_original": "PSAD56", "huso": 19, "epsg_origen": 24879, "tipo_publicacion": "pedimento", "fuente_pdf": "http://www.diariooficial.interior.gob.cl/publicaciones/2026/09/28/44560/07/2876526.pdf", "archivo": "gm_pedimento_2876526.pdf", "fecha": "28-09-2026", "edicion": "44560" }, "geometry": { "type": "Polygon", "coordinates": [ [ [ -70.988155282020998, -27.899200851413195 ], [ -70.967845074850089, -27.899492412709247 ], [ -70.968008360767854, -27.908514489397916 ], [ -70.988320250526414, -27.908222817576203 ], [ -70.988155282020998, -27.899200851413195 ] ] ] } },
{ "type": "Feature", "properties": { "cve": "2876527", "nombre": "PIRCAS DORADAS 6", "solicitante": "Austral Exploraciones SpA", "region": "REGIÓN DE ATACAMA", "provincia": "Provincia de Copiapó", "comuna": null, "superficie_ha": 100.0, "datum_original": "PSAD56", "huso": 19, "epsg_origen": 24879, "tipo_publicacion": "pedimento", "fuente_pdf": "http://www.diariooficial.interior.gob.cl/publicaciones/2026/09/28/44560/07/2876527.pdf", "archivo": "gm_pedimento_2876527.pdf", "fecha": "28-09-2026", "edicion": "44560" }, "geometry": { "type": "Polygon", "coordinates": [ [ [ -71.01000614777324, -27.927310274935223 ], [ -70.999848591938402, -27.927458175313671 ], [ -71.000014728042814, -27.936480039811439 ], [ -71.010173126328212, -27.936332083405354 ], [ -71.01000614777324, -27.927310274935223 ] ] ] } },
{ "type": "Feature", "properties": { "cve": "2876492", "nombre": "CARMEN E", "solicitante": "Panaust Ido SpA", "region": "REGIÓN DE ATACAMA", "provincia": "Provincia de Chañaral", "comuna": "DIEGO DE ALMAGRO", "superficie_ha": 100.0, "datum_original": "PSAD56", "huso": 19, "epsg_origen": 24879, "tipo_publicacion": "pedimento", "fuente_pdf": "http://www.diariooficial.interior.gob.cl/publicaciones/2026/09/28/44560/07/2876492.pdf", "archivo": "gm_pedimento_2876492.pdf", "fecha": "28-09-2026", "edicion": "44560" }, "geometry": { "type": "Polygon", "coordinates": [ [ [ -69.957979475447601, -26.838212292249157 ], [ -69.947916120707077, -26.838280077184528 ], [ -69.947991301906356, -26.84730764294158 ], [ -69.958055454496503, -26.847239831605755 ], [ -69.957979475447601, -26.838212292249157 ] ] ] } },
{ "type": "Feature", "properties": { "cve": "2876599", "nombre": "LEO 1", "solicitante": "Veth Raffo Daniela", "region": "REGIÓN DE ATACAMA", "provincia": "Provincia de Chañaral", "comuna": "DIEGO DE ALMAGRO", "superficie_ha": 300.0, "datum_original": "PSAD56", "huso": 19, "epsg_origen": 24879, "tipo_publicacion": "pedimento", "fuente_pdf": "http://www.diariooficial.interior.gob.cl/publicaciones/2026/09/28/44560/07/2876599.pdf", "archivo": "gm_pedimento_2876599.pdf", "fecha": "28-09-2026", "edicion": "44560" }, "geometry": { "type": "Polygon", "coordinates": [ [ [ -68.831614078154487, -26.250848227991781 ], [ -68.801573378613696, -26.250809880301102 ], [ -68.801558038412324, -26.259839383059507 ], [ -68.831601060346131, -26.259877745922765 ], [ -68.831614078154487, -26.250848227991781 ] ] ] } },
{ "type": "Feature", "properties": { "cve": "2876600", "nombre": "LEO 2", "solicitante": "Veth Raffo Daniela", "region": "REGIÓN DE ATACAMA", "provincia": "Provincia de Chañaral", "comuna": "DIEGO DE ALMAGRO", "superficie_ha": 300.0, "datum_original": "PSAD56", "huso": 19, "epsg_origen": 24879, "tipo_publicacion": "pedimento", "fuente_pdf": "http://www.diariooficial.interior.gob.cl/publicaciones/2026/09/28/44560/07/2876600.pdf", "archivo": "gm_pedimento_2876600.pdf", "fecha": "28-09-2026", "edicion": "44560" }, "geometry": { "type": "Polygon", "coordinates": [ [ [ -68.831601060346131, -26.259877745922765 ], [ -68.801558038412324, -26.259839383059507 ], [ -68.801542690936131, -26.268868874362294 ], [ -68.83158803636428, -26.268907252400428 ], [ -68.831601060346131, -26.259877745922765 ] ] ] } },
{ "type": "Feature", "properties": { "cve": "2876601", "nombre": "LEO 3", "solicitante": "Veth Raffo Daniela", "region": "REGIÓN DE ATACAMA", "provincia": "Provincia de Chañaral", "comuna": null, "superficie_ha": 300.0, "datum_original": "PSAD56", "huso": 19, "epsg_origen": 24879, "tipo_publicacion": "pedimento", "fuente_pdf": "http://www.diariooficial.interior.gob.cl/publicaciones/2026/09/28/44560/07/2876601.pdf", "archivo": "gm_pedimento_2876601.pdf", "fecha": "28-09-2026", "edicion": "44560" }, "geometry": { "type": "Polygon", "coordinates": [ [ [ -68.83158803636428, -26.268907252400428 ], [ -68.801542690936131, -26.268868874362294 ], [ -68.801527336182644, -26.277898354206712 ], [ -68.831575006206904, -26.277936747422011 ], [ -68.83158803636428, -26.268907252400428 ] ] ] } },
{ "type": "Feature", "properties": { "cve": "2876602", "nombre": "LEO 4", "solicitante": "Veth Raffo Daniela", "region": "REGIÓN DE ATACAMA", "provincia": "Provincia de Chañaral", "comuna": "DIEGO DE ALMAGRO", "superficie_ha": 300.0, "datum_original": "PSAD56", "huso": 19, "epsg_origen": 24879, "tipo_publicacion": "pedimento", "fuente_pdf": "http://www.diariooficial.interior.gob.cl/publicaciones/2026/09/28/44560/07/2876602.pdf", "archivo": "gm_pedimento_2876602.pdf", "fecha": "28-09-2026", "edicion": "44560" }, "geometry": { "type": "Polygon", "coordinates": [ [ [ -68.80156724340597, -26.254421682778965 ], [ -68.791553381341828, -26.254407502191089 ], [ -68.79150500625795, -26.281495945514774 ], [ -68.801521192243086, -26.281510142935531 ], [ -68.80156724340597, -26.254421682778965 ] ] ] } },
{ "type": "Feature", "properties": { "cve": "2876603", "nombre": "LEO 5", "solicitante": "Veth Raffo Daniela", "region": "REGIÓN DE ATACAMA", "provincia": "Provincia de Chañaral", "comuna": "DIEGO DE ALMAGRO", "superficie_ha": 300.0, "datum_original": "PSAD56", "huso": 19, "epsg_origen": 24879, "tipo_publicacion": "pedimento", "fuente_pdf": "http://www.diariooficial.interior.gob.cl/publicaciones/2026/09/28/44560/07/2876603.pdf", "archivo": "gm_pedimento_2876603.pdf", "fecha": "28-09-2026", "edicion": "44560" }, "geometry": { "type": "Polygon", "coordinates": [ [ [ -68.791553381341828, -26.254407502191089 ], [ -68.781539526918337, -26.254392623605764 ], [ -68.781488827921152, -26.28148104926801 ], [ -68.79150500625795, -26.281495945514774 ], [ -68.791553381341828, -26.254407502191089 ] ] ] } },
{ "type": "Feature", "properties": { "cve": "2876604", "nombre": "LEO 6", "solicitante": "Veth Raffo Daniela", "region": "REGIÓN DE ATACAMA", "provincia": "Provincia de Chañaral", "comuna": "DIEGO DE ALMAGRO", "superficie_ha": 300.0, "datum_original": "PSAD56", "huso": 19, "epsg_origen": 24879, "tipo_publicacion": "pedimento", "fuente_pdf": "http://www.diariooficial.interior.gob.cl/publicaciones/2026/09/28/44560/07/2876604.pdf", "archivo": "gm_pedimento_2876604.pdf", "fecha": "28-09-2026", "edicion": "44560" }, "geometry": { "type": "Polygon", "coordinates": [ [ [ -68.781539526918337, -26.254392623605764 ], [ -68.771525680502492, -26.254377047025066 ], [ -68.771472657600071, -26.281465454197356 ], [ -68.781488827921152, -26.28148104926801 ], [ -68.781539526918337, -26.254392623605764 ] ] ] } },
{ "type": "Feature", "properties": { "cve": "2876605", "nombre": "LEO 7", "solicitante": "Veth Raffo Daniela", "region": "REGIÓN DE ATACAMA", "provincia": "Provincia de Chañaral", "comuna": "DIEGO DE ALMAGRO", "superficie_ha": 300.0, "datum_original": "PSAD56", "huso": 19, "epsg_origen": 24879, "tipo_publicacion": "pedimento", "fuente_pdf": "http://www.diariooficial.interior.gob.cl/publicaciones/2026/09/28/44560/07/2876605.pdf", "archivo": "gm_pedimento_2876605.pdf", "fecha": "28-09-2026", "edicion": "44560" }, "geometry": { "type": "Polygon", "coordinates": [ [ [ -68.771525680502492, -26.254377047025066 ], [ -68.761511842461388, -26.254360772451207 ], [ -68.761456495662131, -26.281449160304984 ], [ -68.771472657600071, -26.281465454197356 ], [ -68.771525680502492, -26.254377047025066 ] ] ] } },
{ "type": "Feature", "properties": { "cve": "2876606", "nombre": "LEO 8", "solicitante": "Veth Raffo Daniela", "region": "REGIÓN DE ATACAMA", "provincia": "Provincia de Chañaral", "comuna": "DIEGO DE ALMAGRO", "superficie_ha": 300.0, "datum_original": "PSAD56", "huso": 19, "epsg_origen": 24879, "tipo_publicacion": "pedimento", "fuente_pdf": "http://www.diariooficial.interior.gob.cl/publicaciones/2026/09/28/44560/07/2876606.pdf", "archivo": "gm_pedimento_2876606.pdf", "fecha": "28-09-2026", "edicion": "44560" }, "geometry": { "type": "Polygon", "coordinates": [ [ [ -68.786496916110536, -26.281488584744512 ], [ -68.756448417951631, -26.281440751301364 ], [ -68.75642956383949, -26.290470187666998 ], [ -68.786480388103286, -26.290518040020075 ], [ -68.786496916110536, -26.281488584744512 ] ] ] } },
{ "type": "Feature", "properties": { "cve": "2876851", "nombre": "CATALINA 10", "solicitante": "Exploraciones Huasco SpA", "region": "REGIÓN DE ATACAMA", "provincia": "Provincia de Huasco", "comuna": null, "superficie_ha": 300.0, "datum_original": "WGS84", "huso": 19, "epsg_origen": 32719, "tipo_publicacion": "pedimento", "fuente_pdf": "http://www.diariooficial.interior.gob.cl/publicaciones/2026/09/28/44560/07/2876851.pdf", "archivo": "gm_pedimento_2876851.pdf", "fecha": "28-09-2026", "edicion": "44560" }, "geometry": { "type": "Polygon", "coordinates": [ [ [ -71.074681104504421, -29.049986048446129 ], [ -71.064415929743589, -29.050144320921245 ], [ -71.064955326512603, -29.077204322405766 ], [ -71.075223178708328, -29.077045874642312 ], [ -71.074681104504421, -29.049986048446129 ] ] ] } },
{ "type": "Feature", "properties": { "cve": "2876852", "nombre": "CATALINA 11", "solicitante": "Exploraciones Huasco SpA", "region": "REGIÓN DE ATACAMA", "provincia": "Provincia de Huasco", "comuna": null, "superficie_ha": 200.0, "datum_original": "WGS84", "huso": 19, "epsg_origen": 32719, "tipo_publicacion": "pedimento", "fuente_pdf": "http://www.diariooficial.interior.gob.cl/publicaciones/2026/09/28/44560/07/2876852.pdf", "archivo": "gm_pedimento_2876852.pdf", "fecha": "28-09-2026", "edicion": "44560" }, "geometry": { "type": "Polygon", "coordinates": [ [ [ -71.085127697477702, -29.058846888566279 ], [ -71.074861713270948, -29.059006003665679 ], [ -71.075223178708328, -29.077045874642312 ], [ -71.085490948218606, -29.076886642095616 ], [ -71.085127697477702, -29.058846888566279 ] ] ] } },
{ "type": "Feature", "properties": { "cve": "2876847", "nombre": "CATALINA 6", "solicitante": "Exploraciones Huasco SpA", "region": "REGIÓN DE ATACAMA", "provincia": "Provincia de Huasco", "comuna": null, "superficie_ha": 300.0, "datum_original": "WGS84", "huso": 19, "epsg_origen": 32719, "tipo_publicacion": "pedimento", "fuente_pdf": "http://www.diariooficial.interior.gob.cl/publicaciones/2026/09/28/44560/07/2876847.pdf", "archivo": "gm_pedimento_2876847.pdf", "fecha": "28-09-2026", "edicion": "44560" }, "geometry": { "type": "Polygon", "coordinates": [ [ [ -71.062659050761596, -28.961747492321532 ], [ -71.05240251485624, -28.961904411702012 ], [ -71.052936832791843, -28.988964973353713 ], [ -71.063196034255213, -28.988807879842103 ], [ -71.062659050761596, -28.961747492321532 ] ] ] } },
{ "type": "Feature", "properties": { "cve": "2876848", "nombre": "CATALINA 7", "solicitante": "Exploraciones Huasco SpA", "region": "REGIÓN DE ATACAMA", "provincia": "Provincia de Huasco", "comuna": null, "superficie_ha": 200.0, "datum_original": "WGS84", "huso": 19, "epsg_origen": 32719, "tipo_publicacion": "pedimento", "fuente_pdf": "http://www.diariooficial.interior.gob.cl/publicaciones/2026/09/28/44560/07/2876848.pdf", "archivo": "gm_pedimento_2876848.pdf", "fecha": "28-09-2026", "edicion": "44560" }, "geometry": { "type": "Polygon", "coordinates": [ [ [ -71.052313533188567, -28.957394306626984 ], [ -71.04205735971685, -28.957550416008669 ], [ -71.04241163234488, -28.975590932144591 ], [ -71.052669582102439, -28.975434707272569 ], [ -71.052313533188567, -28.957394306626984 ] ] ] } },
{ "type": "Feature", "properties": { "cve": "2876849", "nombre": "CATALINA 8", "solicitante": "Exploraciones Huasco SpA", "region": "REGIÓN DE ATACAMA", "provincia": "Provincia de Huasco", "comuna": null, "superficie_ha": 100.0, "datum_original": "WGS84", "huso": 19, "epsg_origen": 32719, "tipo_publicacion": "pedimento", "fuente_pdf": "http://www.diariooficial.interior.gob.cl/publicaciones/2026/09/28/44560/07/2876849.pdf", "archivo": "gm_pedimento_2876849.pdf", "fecha": "28-09-2026", "edicion": "44560" }, "geometry": { "type": "Polygon", "coordinates": [ [ [ -71.074139773648952, -29.022926103897444 ], [ -71.063877272655091, -29.023084201173457 ], [ -71.064056742881533, -29.032104254224905 ], [ -71.074320134723763, -29.031946098559096 ], [ -71.074139773648952, -29.022926103897444 ] ] ] } },
{ "type": "Feature", "properties": { "cve": "2876850", "nombre": "CATALINA 9", "solicitante": "Exploraciones Huasco SpA", "region": "REGIÓN DE ATACAMA", "provincia": "Provincia de Huasco", "comuna": null, "superficie_ha": 200.0, "datum_original": "WGS84", "huso": 19, "epsg_origen": 32719, "tipo_publicacion": "pedimento", "fuente_pdf": "http://www.diariooficial.interior.gob.cl/publicaciones/2026/09/28/44560/07/2876850.pdf", "archivo": "gm_pedimento_2876850.pdf", "fecha": "28-09-2026", "edicion": "44560" }, "geometry": { "type": "Polygon", "coordinates": [ [ [ -71.069188449093886, -29.032025274310609 ], [ -71.058925016137593, -29.032183038299113 ], [ -71.059283311517689, -29.050223163183279 ], [ -71.06954852742281, -29.050065282674566 ], [ -71.069188449093886, -29.032025274310609 ] ] ] } },
{ "type": "Feature", "properties": { "cve": "2876285", "nombre": "SOBEK 8D", "solicitante": "Minera Mirasol Chile Limitada", "region": "REGIÓN DE ATACAMA", "provincia": "Provincia de Huasco", "comuna": "Alto del Carmen", "superficie_ha": 100.0, "datum_original": "WGS84", "huso": 19, "epsg_origen": 32719, "tipo_publicacion": "pedimento", "fuente_pdf": "http://www.diariooficial.interior.gob.cl/publicaciones/2026/09/28/44560/07/2876285.pdf", "archivo": "gm_pedimento_2876285.pdf", "fecha": "28-09-2026", "edicion": "44560" }, "geometry": { "type": "Polygon", "coordinates": [ [ [ -69.700581147973878, -28.597735946370257 ], [ -69.69035430079083, -28.597788389482925 ], [ -69.690413298909419, -28.606814232476836 ], [ -69.700641019912382, -28.606761769797924 ], [ -69.700581147973878, -28.597735946370257 ] ] ] } },
{ "type": "Feature", "properties": { "cve": "2876045", "nombre": "HANAN 1", "solicitante": "Invexmin Chile SpA", "region": "REGIÓN DE COQUIMBO", "provincia": "Provincia de Elqui", "comuna": null, "superficie_ha": 300.0, "datum_original": "PSAD56", "huso": 19, "epsg_origen": 24879, "tipo_publicacion": "pedimento", "fuente_pdf": "http://www.diariooficial.interior.gob.cl/publicaciones/2026/09/28/44560/07/2876045.pdf", "archivo": "gm_pedimento_2876045.pdf", "fecha": "28-09-2026", "edicion": "44560" }, "geometry": { "type": "Polygon", "coordinates": [ [ [ -70.382370046870847, -29.736383632461212 ], [ -70.351355647997622, -29.736703942001608 ], [ -70.351476628959929, -29.745726367150425 ], [ -70.382493802285367, -29.745405941066171 ], [ -70.382370046870847, -29.736383632461212 ] ] ] } },
{ "type": "Feature", "properties": { "cve": "2876046", "nombre": "HANAN 2", "solicitante": "Invexmin Chile SpA", "region": "REGIÓN DE COQUIMBO", "provincia": "Provincia de Elqui", "comuna": null, "superficie_ha": 300.0, "datum_original": "PSAD56", "huso": 19, "epsg_origen": 24879, "tipo_publicacion": "pedimento", "fuente_pdf": "http://www.diariooficial.interior.gob.cl/publicaciones/2026/09/28/44560/07/2876046.pdf", "archivo": "gm_pedimento_2876046.pdf", "fecha": "28-09-2026", "edicion": "44560" }, "geometry": { "type": "Polygon", "coordinates": [ [ [ -70.361815742311165, -29.74562036579692 ], [ -70.351476628959929, -29.745726367150425 ], [ -70.351839902024622, -29.772793565461516 ], [ -70.362181792413651, -29.772687448404383 ], [ -70.361815742311165, -29.74562036579692 ] ] ] } },
{ "type": "Feature", "properties": { "cve": "2876047", "nombre": "HANAN 3", "solicitante": "Invexmin Chile SpA", "region": "REGIÓN DE COQUIMBO", "provincia": "Provincia de Elqui", "comuna": null, "superficie_ha": 300.0, "datum_original": "PSAD56", "huso": 19, "epsg_origen": 24879, "tipo_publicacion": "pedimento", "fuente_pdf": "http://www.diariooficial.interior.gob.cl/publicaciones/2026/09/28/44560/07/2876047.pdf", "archivo": "gm_pedimento_2876047.pdf", "fecha": "28-09-2026", "edicion": "44560" }, "geometry": { "type": "Polygon", "coordinates": [ [ [ -70.393082278560414, -29.76334201741313 ], [ -70.362059720241845, -29.763665100400374 ], [ -70.362181792413651, -29.772687448404383 ], [ -70.393207128906056, -29.772364247930962 ], [ -70.393082278560414, -29.76334201741313 ] ] ] } },
{ "type": "Feature", "properties": { "cve": "2876048", "nombre": "HANAN 4", "solicitante": "Invexmin Chile SpA", "region": "REGIÓN DE COQUIMBO", "provincia": "Provincia de Elqui", "comuna": null, "superficie_ha": 300.0, "datum_original": "PSAD56", "huso": 19, "epsg_origen": 24879, "tipo_publicacion": "pedimento", "fuente_pdf": "http://www.diariooficial.interior.gob.cl/publicaciones/2026/09/28/44560/07/2876048.pdf", "archivo": "gm_pedimento_2876048.pdf", "fecha": "28-09-2026", "edicion": "44560" }, "geometry": { "type": "Polygon", "coordinates": [ [ [ -70.392708067877805, -29.736275248550438 ], [ -70.382370046870847, -29.736383632461212 ], [ -70.382741481966363, -29.763450519649766 ], [ -70.393082278560414, -29.76334201741313 ], [ -70.392708067877805, -29.736275248550438 ] ] ] } },
{ "type": "Feature", "properties": { "cve": "2876505", "nombre": "LILY 1", "solicitante": "Kazazian Segovia Shahan Hagop", "region": "REGIÓN DE COQUIMBO", "provincia": "Provincia de Choapa", "comuna": null, "superficie_ha": 100.0, "datum_original": "PSAD56", "huso": 19, "epsg_origen": 24879, "tipo_publicacion": "pedimento", "fuente_pdf": "http://www.diariooficial.interior.gob.cl/publicaciones/2026/09/28/44560/07/2876505.pdf", "archivo": "gm_pedimento_2876505.pdf", "fecha": "28-09-2026", "edicion": "44560" }, "geometry": { "type": "Polygon", "coordinates": [ [ [ -70.873475361444136, -32.03134329868697 ], [ -70.862890434818098, -32.031499273386565 ], [ -70.863073055900898, -32.040516206772303 ], [ -70.873659018702668, -32.040360177769912 ], [ -70.873475361444136, -32.03134329868697 ] ] ] } },
{ "type": "Feature", "properties": { "cve": "2875750", "nombre": "SHOKAKU 4", "solicitante": "Veth Raffo Daniela", "region": "REGIÓN DE COQUIMBO", "provincia": "Provincia de Choapa", "comuna": null, "superficie_ha": 300.0, "datum_original": "PSAD56", "huso": 19, "epsg_origen": 24879, "tipo_publicacion": "pedimento", "fuente_pdf": "http://www.diariooficial.interior.gob.cl/publicaciones/2026/09/28/44560/07/2875750.pdf", "archivo": "gm_pedimento_2875750.pdf", "fecha": "28-09-2026", "edicion": "44560" }, "geometry": { "type": "Polygon", "coordinates": [ [ [ -70.377807646760488, -31.973923092433527 ], [ -70.346064684664555, -31.974263702134035 ], [ -70.346196359165731, -31.983283004215323 ], [ -70.377942424048939, -31.982942275783344 ], [ -70.377807646760488, -31.973923092433527 ] ] ] } },
{ "type": "Feature", "properties": { "cve": "2875751", "nombre": "SHOKAKU 5", "solicitante": "Veth Raffo Daniela", "region": "REGIÓN DE COQUIMBO", "provincia": "Provincia de Choapa", "comuna": null, "superficie_ha": 300.0, "datum_original": "PSAD56", "huso": 19, "epsg_origen": 24879, "tipo_publicacion": "pedimento", "fuente_pdf": "http://www.diariooficial.interior.gob.cl/publicaciones/2026/09/28/44560/07/2875751.pdf", "archivo": "gm_pedimento_2875751.pdf", "fecha": "28-09-2026", "edicion": "44560" }, "geometry": { "type": "Polygon", "coordinates": [ [ [ -70.377942424048939, -31.982942275783344 ], [ -70.346196359165731, -31.983283004215323 ], [ -70.34632809263708, -31.992302292881231 ], [ -70.378077261696447, -31.991961445695054 ], [ -70.377942424048939, -31.982942275783344 ] ] ] } },
{ "type": "Feature", "properties": { "cve": "2875752", "nombre": "SHOKAKU 6", "solicitante": "Veth Raffo Daniela", "region": "REGIÓN DE COQUIMBO", "provincia": "Provincia de Choapa", "comuna": null, "superficie_ha": 300.0, "datum_original": "PSAD56", "huso": 19, "epsg_origen": 24879, "tipo_publicacion": "pedimento", "fuente_pdf": "http://www.diariooficial.interior.gob.cl/publicaciones/2026/09/28/44560/07/2875752.pdf", "archivo": "gm_pedimento_2875752.pdf", "fecha": "28-09-2026", "edicion": "44560" }, "geometry": { "type": "Polygon", "coordinates": [ [ [ -70.378077261696447, -31.991961445695054 ], [ -70.34632809263708, -31.992302292881231 ], [ -70.346459885102334, -32.001321568129555 ], [ -70.378212159727312, -32.000980602166393 ], [ -70.378077261696447, -31.991961445695054 ] ] ] } },
{ "type": "Feature", "properties": { "cve": "2875753", "nombre": "SHOKAKU 7", "solicitante": "Veth Raffo Daniela", "region": "REGIÓN DE COQUIMBO", "provincia": "Provincia de Choapa", "comuna": null, "superficie_ha": 300.0, "datum_original": "PSAD56", "huso": 19, "epsg_origen": 24879, "tipo_publicacion": "pedimento", "fuente_pdf": "http://www.diariooficial.interior.gob.cl/publicaciones/2026/09/28/44560/07/2875753.pdf", "archivo": "gm_pedimento_2875753.pdf", "fecha": "28-09-2026", "edicion": "44560" }, "geometry": { "type": "Polygon", "coordinates": [ [ [ -70.378212159727312, -32.000980602166393 ], [ -70.346459885102334, -32.001321568129555 ], [ -70.346591736585282, -32.010340829958025 ], [ -70.378347118165848, -32.009999745195181 ], [ -70.378212159727312, -32.000980602166393 ] ] ] } },
{ "type": "Feature", "properties": { "cve": "2875747", "nombre": "SHUKAKU 1", "solicitante": "Veth Raffo Daniela", "region": "REGIÓN DE COQUIMBO", "provincia": "Provincia de Choapa", "comuna": null, "superficie_ha": 300.0, "datum_original": "PSAD56", "huso": 19, "epsg_origen": 24879, "tipo_publicacion": "pedimento", "fuente_pdf": "http://www.diariooficial.interior.gob.cl/publicaciones/2026/09/28/44560/07/2875747.pdf", "archivo": "gm_pedimento_2875747.pdf", "fecha": "28-09-2026", "edicion": "44560" }, "geometry": { "type": "Polygon", "coordinates": [ [ [ -70.377403676806708, -31.946865461777616 ], [ -70.345670014744897, -31.947205715420093 ], [ -70.345801512477834, -31.956225057734205 ], [ -70.377538273163623, -31.955884685428419 ], [ -70.377403676806708, -31.946865461777616 ] ] ] } },
{ "type": "Feature", "properties": { "cve": "2875757", "nombre": "SHUKAKU 10", "solicitante": "Veth Raffo Daniela", "region": "REGIÓN DE COQUIMBO", "provincia": "Provincia de Choapa", "comuna": null, "superficie_ha": 300.0, "datum_original": "PSAD56", "huso": 19, "epsg_origen": 24879, "tipo_publicacion": "pedimento", "fuente_pdf": "http://www.diariooficial.interior.gob.cl/publicaciones/2026/09/28/44560/07/2875757.pdf", "archivo": "gm_pedimento_2875757.pdf", "fecha": "28-09-2026", "edicion": "44560" }, "geometry": { "type": "Polygon", "coordinates": [ [ [ -70.387981444253342, -31.946750282665128 ], [ -70.377403676806708, -31.946865461777616 ], [ -70.377807646760488, -31.973923092433527 ], [ -70.388388514073753, -31.973807792792538 ], [ -70.387981444253342, -31.946750282665128 ] ] ] } },
{ "type": "Feature", "properties": { "cve": "2875758", "nombre": "SHUKAKU 11", "solicitante": "Veth Raffo Daniela", "region": "REGIÓN DE COQUIMBO", "provincia": "Provincia de Choapa", "comuna": null, "superficie_ha": 300.0, "datum_original": "PSAD56", "huso": 19, "epsg_origen": 24879, "tipo_publicacion": "pedimento", "fuente_pdf": "http://www.diariooficial.interior.gob.cl/publicaciones/2026/09/28/44560/07/2875758.pdf", "archivo": "gm_pedimento_2875758.pdf", "fecha": "28-09-2026", "edicion": "44560" }, "geometry": { "type": "Polygon", "coordinates": [ [ [ -70.398969320589757, -31.973691611643424 ], [ -70.388388514073753, -31.973807792792538 ], [ -70.388796131071871, -32.000865181927722 ], [ -70.399380041545697, -32.000748879259163 ], [ -70.398969320589757, -31.973691611643424 ] ] ] } },
{ "type": "Feature", "properties": { "cve": "2875759", "nombre": "SHUKAKU 12", "solicitante": "Veth Raffo Daniela", "region": "REGIÓN DE COQUIMBO", "provincia": "Provincia de Choapa", "comuna": null, "superficie_ha": 300.0, "datum_original": "PSAD56", "huso": 19, "epsg_origen": 24879, "tipo_publicacion": "pedimento", "fuente_pdf": "http://www.diariooficial.interior.gob.cl/publicaciones/2026/09/28/44560/07/2875759.pdf", "archivo": "gm_pedimento_2875759.pdf", "fecha": "28-09-2026", "edicion": "44560" }, "geometry": { "type": "Polygon", "coordinates": [ [ [ -70.388388514073753, -31.973807792792538 ], [ -70.377807646760488, -31.973923092433527 ], [ -70.378212159727312, -32.000980602166393 ], [ -70.388796131071871, -32.000865181927722 ], [ -70.388388514073753, -31.973807792792538 ] ] ] } },
{ "type": "Feature", "properties": { "cve": "2875760", "nombre": "SHUKAKU 13", "solicitante": "Veth Raffo Daniela", "region": "REGIÓN DE COQUIMBO", "provincia": "Provincia de Choapa", "comuna": null, "superficie_ha": 300.0, "datum_original": "PSAD56", "huso": 19, "epsg_origen": 24879, "tipo_publicacion": "pedimento", "fuente_pdf": "http://www.diariooficial.interior.gob.cl/publicaciones/2026/09/28/44560/07/2875760.pdf", "archivo": "gm_pedimento_2875760.pdf", "fecha": "28-09-2026", "edicion": "44560" }, "geometry": { "type": "Polygon", "coordinates": [ [ [ -70.346064684664555, -31.974263702134035 ], [ -70.335483578789777, -31.97437547556957 ], [ -70.335875674908024, -32.001433458475667 ], [ -70.346459885102334, -32.001321568129555 ], [ -70.346064684664555, -31.974263702134035 ] ] ] } },
{ "type": "Feature", "properties": { "cve": "2875748", "nombre": "SHUKAKU 2", "solicitante": "Veth Raffo Daniela", "region": "REGIÓN DE COQUIMBO", "provincia": "Provincia de Choapa", "comuna": null, "superficie_ha": 300.0, "datum_original": "PSAD56", "huso": 19, "epsg_origen": 24879, "tipo_publicacion": "pedimento", "fuente_pdf": "http://www.diariooficial.interior.gob.cl/publicaciones/2026/09/28/44560/07/2875748.pdf", "archivo": "gm_pedimento_2875748.pdf", "fecha": "28-09-2026", "edicion": "44560" }, "geometry": { "type": "Polygon", "coordinates": [ [ [ -70.377538273163623, -31.955884685428419 ], [ -70.345801512477834, -31.956225057734205 ], [ -70.345933069109833, -31.96524438663959 ], [ -70.377672929806806, -31.964903895647804 ], [ -70.377538273163623, -31.955884685428419 ] ] ] } },
{ "type": "Feature", "properties": { "cve": "2875749", "nombre": "SHUKAKU 3", "solicitante": "Veth Raffo Daniela", "region": "REGIÓN DE COQUIMBO", "provincia": "Provincia de Choapa", "comuna": null, "superficie_ha": 300.0, "datum_original": "PSAD56", "huso": 19, "epsg_origen": 24879, "tipo_publicacion": "pedimento", "fuente_pdf": "http://www.diariooficial.interior.gob.cl/publicaciones/2026/09/28/44560/07/2875749.pdf", "archivo": "gm_pedimento_2875749.pdf", "fecha": "28-09-2026", "edicion": "44560" }, "geometry": { "type": "Polygon", "coordinates": [ [ [ -70.377672929806806, -31.964903895647804 ], [ -70.345933069109833, -31.96524438663959 ], [ -70.346064684664555, -31.974263702134035 ], [ -70.377807646760488, -31.973923092433527 ], [ -70.377672929806806, -31.964903895647804 ] ] ] } },
{ "type": "Feature", "properties": { "cve": "2875754", "nombre": "SHUKAKU 8", "solicitante": "Veth Raffo Daniela", "region": "REGIÓN DE COQUIMBO", "provincia": "Provincia de Choapa", "comuna": null, "superficie_ha": 300.0, "datum_original": "PSAD56", "huso": 19, "epsg_origen": 24879, "tipo_publicacion": "pedimento", "fuente_pdf": "http://www.diariooficial.interior.gob.cl/publicaciones/2026/09/28/44560/07/2875754.pdf", "archivo": "gm_pedimento_2875754.pdf", "fecha": "28-09-2026", "edicion": "44560" }, "geometry": { "type": "Polygon", "coordinates": [ [ [ -70.378347118165848, -32.009999745195181 ], [ -70.346591736585282, -32.010340829958025 ], [ -70.34672364710967, -32.019360078364485 ], [ -70.378482137036428, -32.01901887477915 ], [ -70.378347118165848, -32.009999745195181 ] ] ] } },
{ "type": "Feature", "properties": { "cve": "2875756", "nombre": "SHUKAKU 9", "solicitante": "Veth Raffo Daniela", "region": "REGIÓN DE COQUIMBO", "provincia": "Provincia de Choapa", "comuna": null, "superficie_ha": 300.0, "datum_original": "PSAD56", "huso": 19, "epsg_origen": 24879, "tipo_publicacion": "pedimento", "fuente_pdf": "http://www.diariooficial.interior.gob.cl/publicaciones/2026/09/28/44560/07/2875756.pdf", "archivo": "gm_pedimento_2875756.pdf", "fecha": "28-09-2026", "edicion": "44560" }, "geometry": { "type": "Polygon", "coordinates": [ [ [ -70.378482137036428, -32.01901887477915 ], [ -70.34672364710967, -32.019360078364485 ], [ -70.346855616699287, -32.028379313346726 ], [ -70.378617216363324, -32.028037990916111 ], [ -70.378482137036428, -32.01901887477915 ] ] ] } },
{ "type": "Feature", "properties": { "cve": "2876874", "nombre": "COPAYAPU 10A", "solicitante": "Andina Minergy SpA y otros", "region": "REGIÓN DE COQUIMBO", "provincia": "Provincia de Limarí", "comuna": "Monte Patria", "superficie_ha": 300.0, "datum_original": "WGS84", "huso": 19, "epsg_origen": 32719, "tipo_publicacion": "pedimento", "fuente_pdf": "http://www.diariooficial.interior.gob.cl/publicaciones/2026/09/28/44560/07/2876874.pdf", "archivo": "gm_pedimento_2876874.pdf", "fecha": "28-09-2026", "edicion": "44560" }, "geometry": { "type": "Polygon", "coordinates": [ [ [ -70.264283008039115, -30.681618787763586 ], [ -70.25384513164343, -30.681719962473668 ], [ -70.254195091868937, -30.708784406155623 ], [ -70.26463587969171, -30.708683123074497 ], [ -70.264283008039115, -30.681618787763586 ] ] ] } },
{ "type": "Feature", "properties": { "cve": "2876875", "nombre": "COPAYAPU 11A", "solicitante": "Andina Minergy SpA y otros", "region": "REGIÓN DE COQUIMBO", "provincia": "Provincia de Limarí", "comuna": "Monte Patria", "superficie_ha": 200.0, "datum_original": "WGS84", "huso": 19, "epsg_origen": 32719, "tipo_publicacion": "pedimento", "fuente_pdf": "http://www.diariooficial.interior.gob.cl/publicaciones/2026/09/28/44560/07/2876875.pdf", "archivo": "gm_pedimento_2876875.pdf", "fecha": "28-09-2026", "edicion": "44560" }, "geometry": { "type": "Polygon", "coordinates": [ [ [ -70.263709436231721, -30.717714711971858 ], [ -70.242825854658463, -30.717916342973048 ], [ -70.242941597079565, -30.726937824768466 ], [ -70.263827122256671, -30.726736121839771 ], [ -70.263709436231721, -30.717714711971858 ] ] ] } },
{ "type": "Feature", "properties": { "cve": "2876876", "nombre": "COPAYAPU 12A", "solicitante": "Andina Minergy SpA y otros", "region": "REGIÓN DE COQUIMBO", "provincia": "Provincia de Limarí", "comuna": "Monte Patria", "superficie_ha": 200.0, "datum_original": "WGS84", "huso": 19, "epsg_origen": 32719, "tipo_publicacion": "pedimento", "fuente_pdf": "http://www.diariooficial.interior.gob.cl/publicaciones/2026/09/28/44560/07/2876876.pdf", "archivo": "gm_pedimento_2876876.pdf", "fecha": "28-09-2026", "edicion": "44560" }, "geometry": { "type": "Polygon", "coordinates": [ [ [ -70.268004201913485, -30.726695378139144 ], [ -70.247118718940541, -30.72689775292919 ], [ -70.24723490249346, -30.735919207486582 ], [ -70.268122329930577, -30.735716760516357 ], [ -70.268004201913485, -30.726695378139144 ] ] ] } },
{ "type": "Feature", "properties": { "cve": "2876877", "nombre": "COPAYAPU 13A", "solicitante": "Andina Minergy SpA y otros", "region": "REGIÓN DE COQUIMBO", "provincia": "Provincia de Limarí", "comuna": "Monte Patria", "superficie_ha": 200.0, "datum_original": "WGS84", "huso": 19, "epsg_origen": 32719, "tipo_publicacion": "pedimento", "fuente_pdf": "http://www.diariooficial.interior.gob.cl/publicaciones/2026/09/28/44560/07/2876877.pdf", "archivo": "gm_pedimento_2876877.pdf", "fecha": "28-09-2026", "edicion": "44560" }, "geometry": { "type": "Polygon", "coordinates": [ [ [ -70.29587976186464, -30.780554794622947 ], [ -70.285431346655287, -30.780658807612049 ], [ -70.285671416513054, -30.798701286400338 ], [ -70.296121781764285, -30.79859719928664 ], [ -70.29587976186464, -30.780554794622947 ] ] ] } },
{ "type": "Feature", "properties": { "cve": "2876878", "nombre": "COPAYAPU 14A", "solicitante": "Andina Minergy SpA y otros", "region": "REGIÓN DE COQUIMBO", "provincia": "Provincia de Limarí", "comuna": "Monte Patria", "superficie_ha": 300.0, "datum_original": "WGS84", "huso": 19, "epsg_origen": 32719, "tipo_publicacion": "pedimento", "fuente_pdf": "http://www.diariooficial.interior.gob.cl/publicaciones/2026/09/28/44560/07/2876878.pdf", "archivo": "gm_pedimento_2876878.pdf", "fecha": "28-09-2026", "edicion": "44560" }, "geometry": { "type": "Polygon", "coordinates": [ [ [ -70.307305323520026, -30.85261894764178 ], [ -70.296849152303281, -30.852724101257667 ], [ -70.297213575972251, -30.879787376615774 ], [ -70.307672683413628, -30.879682110739296 ], [ -70.307305323520026, -30.85261894764178 ] ] ] } },
{ "type": "Feature", "properties": { "cve": "2876865", "nombre": "COPAYAPU 1A", "solicitante": "Andina Minergy SpA y otros", "region": "REGIÓN DE COQUIMBO", "provincia": "Provincia de Limarí", "comuna": "Monte Patria", "superficie_ha": 300.0, "datum_original": "WGS84", "huso": 19, "epsg_origen": 32719, "tipo_publicacion": "pedimento", "fuente_pdf": "http://www.diariooficial.interior.gob.cl/publicaciones/2026/09/28/44560/07/2876865.pdf", "archivo": "gm_pedimento_2876865.pdf", "fecha": "28-09-2026", "edicion": "44560" }, "geometry": { "type": "Polygon", "coordinates": [ [ [ -70.299937794843061, -30.771491746870126 ], [ -70.268595375224464, -30.771802160363645 ], [ -70.268713769957785, -30.780823477898352 ], [ -70.300059112699643, -30.780512953787895 ], [ -70.299937794843061, -30.771491746870126 ] ] ] } },
{ "type": "Feature", "properties": { "cve": "2876866", "nombre": "COPAYAPU 2A", "solicitante": "Andina Minergy SpA y otro", "region": "REGIÓN DE COQUIMBO", "provincia": "Provincia de Limarí", "comuna": "Monte Patria", "superficie_ha": 300.0, "datum_original": "WGS84", "huso": 19, "epsg_origen": 32719, "tipo_publicacion": "pedimento", "fuente_pdf": "http://www.diariooficial.interior.gob.cl/publicaciones/2026/09/28/44560/07/2876866.pdf", "archivo": "gm_pedimento_2876866.pdf", "fecha": "28-09-2026", "edicion": "44560" }, "geometry": { "type": "Polygon", "coordinates": [ [ [ -70.299816531688634, -30.76247052695901 ], [ -70.268477033875783, -30.76278082985576 ], [ -70.268595375224464, -30.771802160363645 ], [ -70.299937794843061, -30.771491746870126 ], [ -70.299816531688634, -30.76247052695901 ] ] ] } },
{ "type": "Feature", "properties": { "cve": "2876867", "nombre": "COPAYAPU 3A", "solicitante": "Andina Minergy SpA y otros", "region": "REGIÓN DE COQUIMBO", "provincia": "Provincia de Limarí", "comuna": "Monte Patria", "superficie_ha": 300.0, "datum_original": "WGS84", "huso": 19, "epsg_origen": 32719, "tipo_publicacion": "pedimento", "fuente_pdf": "http://www.diariooficial.interior.gob.cl/publicaciones/2026/09/28/44560/07/2876867.pdf", "archivo": "gm_pedimento_2876867.pdf", "fecha": "28-09-2026", "edicion": "44560" }, "geometry": { "type": "Polygon", "coordinates": [ [ [ -70.299695323215104, -30.75344929405685 ], [ -70.268358745891035, -30.75375948637701 ], [ -70.268477033875783, -30.76278082985576 ], [ -70.299816531688634, -30.76247052695901 ], [ -70.299695323215104, -30.75344929405685 ] ] ] } },
{ "type": "Feature", "properties": { "cve": "2876868", "nombre": "COPAYAPU 4A", "solicitante": "Andina Minergy SpA y otros", "region": "REGIÓN DE COQUIMBO", "provincia": "Provincia de Limarí", "comuna": "Monte Patria", "superficie_ha": 300.0, "datum_original": "WGS84", "huso": 19, "epsg_origen": 32719, "tipo_publicacion": "pedimento", "fuente_pdf": "http://www.diariooficial.interior.gob.cl/publicaciones/2026/09/28/44560/07/2876868.pdf", "archivo": "gm_pedimento_2876868.pdf", "fecha": "28-09-2026", "edicion": "44560" }, "geometry": { "type": "Polygon", "coordinates": [ [ [ -70.299574169401296, -30.744428048166039 ], [ -70.268240511249545, -30.744738129929765 ], [ -70.268358745891035, -30.75375948637701 ], [ -70.299695323215104, -30.75344929405685 ], [ -70.299574169401296, -30.744428048166039 ] ] ] } },
{ "type": "Feature", "properties": { "cve": "2876869", "nombre": "COPAYAPU 5A", "solicitante": "Andina Minergy SpA y otros", "region": "REGIÓN DE COQUIMBO", "provincia": "Provincia de Limarí", "comuna": "Monte Patria", "superficie_ha": 300.0, "datum_original": "WGS84", "huso": 19, "epsg_origen": 32719, "tipo_publicacion": "pedimento", "fuente_pdf": "http://www.diariooficial.interior.gob.cl/publicaciones/2026/09/28/44560/07/2876869.pdf", "archivo": "gm_pedimento_2876869.pdf", "fecha": "28-09-2026", "edicion": "44560" }, "geometry": { "type": "Polygon", "coordinates": [ [ [ -70.293186961112539, -30.735469388392424 ], [ -70.261856123926606, -30.735777847458309 ], [ -70.261973721651827, -30.744799238655514 ], [ -70.29330747673167, -30.744490669592427 ], [ -70.293186961112539, -30.735469388392424 ] ] ] } },
{ "type": "Feature", "properties": { "cve": "2876870", "nombre": "COPAYAPU 6A", "solicitante": "Andina Minergy SpA y otros", "region": "REGIÓN DE COQUIMBO", "provincia": "Provincia de Limarí", "comuna": "Monte Patria", "superficie_ha": 300.0, "datum_original": "WGS84", "huso": 19, "epsg_origen": 32719, "tipo_publicacion": "pedimento", "fuente_pdf": "http://www.diariooficial.interior.gob.cl/publicaciones/2026/09/28/44560/07/2876870.pdf", "archivo": "gm_pedimento_2876870.pdf", "fecha": "28-09-2026", "edicion": "44560" }, "geometry": { "type": "Polygon", "coordinates": [ [ [ -70.294110755511923, -30.726437685742631 ], [ -70.262782851013725, -30.726746286769597 ], [ -70.262900492922469, -30.735767687304161 ], [ -70.294231313992867, -30.7354589762102 ], [ -70.294110755511923, -30.726437685742631 ] ] ] } },
{ "type": "Feature", "properties": { "cve": "2876871", "nombre": "COPAYAPU 7A", "solicitante": "Andina Minergy SpA y otros", "region": "REGIÓN DE COQUIMBO", "provincia": "Provincia de Limarí", "comuna": "Monte Patria", "superficie_ha": 200.0, "datum_original": "WGS84", "huso": 19, "epsg_origen": 32719, "tipo_publicacion": "pedimento", "fuente_pdf": "http://www.diariooficial.interior.gob.cl/publicaciones/2026/09/28/44560/07/2876871.pdf", "archivo": "gm_pedimento_2876871.pdf", "fecha": "28-09-2026", "edicion": "44560" }, "geometry": { "type": "Polygon", "coordinates": [ [ [ -70.284592805463816, -30.717509722909796 ], [ -70.263709436231721, -30.717714711971858 ], [ -70.263827122256671, -30.726736121839771 ], [ -70.284712435010263, -30.726531059652576 ], [ -70.284592805463816, -30.717509722909796 ] ] ] } },
{ "type": "Feature", "properties": { "cve": "2876872", "nombre": "COPAYAPU 8A", "solicitante": "Andina Minergy SpA y otros", "region": "REGIÓN DE COQUIMBO", "provincia": "Provincia de Limarí", "comuna": "Monte Patria", "superficie_ha": 300.0, "datum_original": "WGS84", "huso": 19, "epsg_origen": 32719, "tipo_publicacion": "pedimento", "fuente_pdf": "http://www.diariooficial.interior.gob.cl/publicaciones/2026/09/28/44560/07/2876872.pdf", "archivo": "gm_pedimento_2876872.pdf", "fecha": "28-09-2026", "edicion": "44560" }, "geometry": { "type": "Polygon", "coordinates": [ [ [ -70.280296961710491, -30.70852962493057 ], [ -70.248974678178712, -30.70883473298607 ], [ -70.249090951217696, -30.717856206276252 ], [ -70.280416148772943, -30.717550989361268 ], [ -70.280296961710491, -30.70852962493057 ] ] ] } },
{ "type": "Feature", "properties": { "cve": "2876873", "nombre": "COPAYAPU 9A", "solicitante": "Andina Minergy SpA y otros", "region": "REGIÓN DE COQUIMBO", "provincia": "Provincia de Limarí", "comuna": "Monte Patria", "superficie_ha": 300.0, "datum_original": "WGS84", "huso": 19, "epsg_origen": 32719, "tipo_publicacion": "pedimento", "fuente_pdf": "http://www.diariooficial.interior.gob.cl/publicaciones/2026/09/28/44560/07/2876873.pdf", "archivo": "gm_pedimento_2876873.pdf", "fecha": "28-09-2026", "edicion": "44560" }, "geometry": { "type": "Polygon", "coordinates": [ [ [ -70.274720831387924, -30.681516774736814 ], [ -70.264283008039115, -30.681618787763586 ], [ -70.26463587969171, -30.708683123074497 ], [ -70.275076614405947, -30.708581000778985 ], [ -70.274720831387924, -30.681516774736814 ] ] ] } },
{ "type": "Feature", "properties": { "cve": "2875731", "nombre": "ANITA 1", "solicitante": "Ureta Álamos Luis Fernando", "region": "REGIÓN DE VALPARAÍSO", "provincia": "Provincia de Petorca", "comuna": "Petorca", "superficie_ha": 200.0, "datum_original": "PSAD56", "huso": 19, "epsg_origen": 24879, "tipo_publicacion": "pedimento", "fuente_pdf": "http://www.diariooficial.interior.gob.cl/publicaciones/2026/09/28/44560/07/2875731.pdf", "archivo": "gm_pedimento_2875731.pdf", "fecha": "28-09-2026", "edicion": "44560" }, "geometry": { "type": "Polygon", "coordinates": [ [ [ -71.171541400509724, -32.251425313361644 ], [ -71.160932971714203, -32.251607264535188 ], [ -71.16136034217557, -32.269637178179153 ], [ -71.171970865002564, -32.269455100801082 ], [ -71.171541400509724, -32.251425313361644 ] ] ] } },
{ "type": "Feature", "properties": { "cve": "2875732", "nombre": "ANITA 2", "solicitante": "Ureta Álamos Luis Fernando", "region": "REGIÓN DE VALPARAÍSO", "provincia": "Provincia de Petorca", "comuna": "Petorca", "superficie_ha": 100.0, "datum_original": "PSAD56", "huso": 19, "epsg_origen": 24879, "tipo_publicacion": "pedimento", "fuente_pdf": "http://www.diariooficial.interior.gob.cl/publicaciones/2026/09/28/44560/07/2875732.pdf", "archivo": "gm_pedimento_2875732.pdf", "fecha": "28-09-2026", "edicion": "44560" }, "geometry": { "type": "Polygon", "coordinates": [ [ [ -71.169848768103336, -32.269491587502991 ], [ -71.159238226129617, -32.269673486814227 ], [ -71.159451845113239, -32.278688434857273 ], [ -71.170063434811738, -32.278506472487145 ], [ -71.169848768103336, -32.269491587502991 ] ] ] } },
{ "type": "Feature", "properties": { "cve": "2875728", "nombre": "CARBONATOS", "solicitante": "Ramos Peña Víctor Manuel", "region": "REGIÓN DE VALPARAÍSO", "provincia": "Provincia de Petorca", "comuna": "Petorca", "superficie_ha": 200.0, "datum_original": "PSAD56", "huso": 19, "epsg_origen": 24879, "tipo_publicacion": "pedimento", "fuente_pdf": "http://www.diariooficial.interior.gob.cl/publicaciones/2026/09/28/44560/07/2875728.pdf", "archivo": "gm_pedimento_2875728.pdf", "fecha": "28-09-2026", "edicion": "44560" }, "geometry": { "type": "Polygon", "coordinates": [ [ [ -71.181934098770853, -32.242227620780454 ], [ -71.160719429707086, -32.242592286352355 ], [ -71.160932971714203, -32.251607264535188 ], [ -71.182149733368831, -32.251242472487156 ], [ -71.181934098770853, -32.242227620780454 ] ] ] } },
{ "type": "Feature", "properties": { "cve": "2875729", "nombre": "LAS MARIAS", "solicitante": "Peña Díaz María Angélica", "region": "REGIÓN DE VALPARAÍSO", "provincia": "Provincia de Petorca", "comuna": "Petorca", "superficie_ha": 100.0, "datum_original": "PSAD56", "huso": 19, "epsg_origen": 24879, "tipo_publicacion": "pedimento", "fuente_pdf": "http://www.diariooficial.interior.gob.cl/publicaciones/2026/09/28/44560/07/2875729.pdf", "archivo": "gm_pedimento_2875729.pdf", "fecha": "28-09-2026", "edicion": "44560" }, "geometry": { "type": "Polygon", "coordinates": [ [ [ -71.170688068135576, -32.233402758985932 ], [ -71.160081727678175, -32.233584548439794 ], [ -71.16029513241979, -32.242599543376173 ], [ -71.170902518726635, -32.242417690862872 ], [ -71.170688068135576, -32.233402758985932 ] ] ] } },
{ "type": "Feature", "properties": { "cve": "2875730", "nombre": "REZE", "solicitante": "Ramos Peña Cristóbal Ignacio", "region": "REGIÓN DE VALPARAÍSO", "provincia": "Provincia de Petorca", "comuna": "Petorca", "superficie_ha": 100.0, "datum_original": "PSAD56", "huso": 19, "epsg_origen": 24879, "tipo_publicacion": "pedimento", "fuente_pdf": "http://www.diariooficial.interior.gob.cl/publicaciones/2026/09/28/44560/07/2875730.pdf", "archivo": "gm_pedimento_2875730.pdf", "fecha": "28-09-2026", "edicion": "44560" }, "geometry": { "type": "Polygon", "coordinates": [ [ [ -71.178552637502023, -32.278360261335031 ], [ -71.16794112453384, -32.278542936212567 ], [ -71.168155677566745, -32.287557819578346 ], [ -71.178768238696307, -32.287375081382933 ], [ -71.178552637502023, -32.278360261335031 ] ] ] } },
{ "type": "Feature", "properties": { "cve": "2876591", "nombre": "SANTA CLARA", "solicitante": "Cruzat González Gonzalo Alejandro", "region": "REGIÓN DE VALPARAÍSO", "provincia": "Provincia de San Felipe de Aconcagua", "comuna": null, "superficie_ha": 100.0, "datum_original": "WGS84", "huso": 19, "epsg_origen": 32719, "tipo_publicacion": "pedimento", "fuente_pdf": "http://www.diariooficial.interior.gob.cl/publicaciones/2026/09/28/44560/07/2876591.pdf", "archivo": "gm_pedimento_2876591.pdf", "fecha": "28-09-2026", "edicion": "44560" }, "geometry": { "type": "Polygon", "coordinates": [ [ [ -71.001877095449188, -32.963324631280678 ], [ -70.99118320411057, -32.963495622939405 ], [ -70.99138554423692, -32.97251058214546 ], [ -71.002080520502901, -32.972339531876941 ], [ -71.001877095449188, -32.963324631280678 ] ] ] } },
{ "type": "Feature", "properties": { "cve": "2876427", "nombre": "ESCALONES 1", "solicitante": "Culpeo Mining Chile SpA", "region": "REGIÓN METROPOLITANA DE SANTIAGO", "provincia": "Provincia Cordillera", "comuna": null, "superficie_ha": 200.0, "datum_original": "PSAD56", "huso": 19, "epsg_origen": 24879, "tipo_publicacion": "pedimento", "fuente_pdf": "http://www.diariooficial.interior.gob.cl/publicaciones/2026/09/28/44560/07/2876427.pdf", "archivo": "gm_pedimento_2876427.pdf", "fecha": "28-09-2026", "edicion": "44560" }, "geometry": { "type": "Polygon", "coordinates": [ [ [ -69.976834772225487, -34.025132498356413 ], [ -69.966004590963834, -34.025218047197988 ], [ -69.966209027776912, -34.043253084129994 ], [ -69.977041500160311, -34.043167477544443 ], [ -69.976834772225487, -34.025132498356413 ] ] ] } },
{ "type": "Feature", "properties": { "cve": "2876436", "nombre": "ESCALONES 10", "solicitante": "Culpeo Mining Chile SpA", "region": "REGIÓN METROPOLITANA DE SANTIAGO", "provincia": "Provincia Cordillera", "comuna": null, "superficie_ha": 300.0, "datum_original": "PSAD56", "huso": 19, "epsg_origen": 24879, "tipo_publicacion": "pedimento", "fuente_pdf": "http://www.diariooficial.interior.gob.cl/publicaciones/2026/09/28/44560/07/2876436.pdf", "archivo": "gm_pedimento_2876436.pdf", "fecha": "28-09-2026", "edicion": "44560" }, "geometry": { "type": "Polygon", "coordinates": [ [ [ -69.977248412017104, -34.061202402243936 ], [ -69.944743979369065, -34.061456530940418 ], [ -69.94484406222567, -34.07047405856548 ], [ -69.977351936965391, -34.070219844155936 ], [ -69.977248412017104, -34.061202402243936 ] ] ] } },
{ "type": "Feature", "properties": { "cve": "2876437", "nombre": "ESCALONES 11", "solicitante": "Culpeo Mining Chile SpA", "region": "REGIÓN METROPOLITANA DE SANTIAGO", "provincia": "Provincia Cordillera", "comuna": null, "superficie_ha": 300.0, "datum_original": "PSAD56", "huso": 19, "epsg_origen": 24879, "tipo_publicacion": "pedimento", "fuente_pdf": "http://www.diariooficial.interior.gob.cl/publicaciones/2026/09/28/44560/07/2876437.pdf", "archivo": "gm_pedimento_2876437.pdf", "fecha": "28-09-2026", "edicion": "44560" }, "geometry": { "type": "Polygon", "coordinates": [ [ [ -69.923074134304485, -34.061621176044007 ], [ -69.890569041957463, -34.06186098240137 ], [ -69.890663387616897, -34.070878646441656 ], [ -69.923171922337787, -34.070638759201159 ], [ -69.923074134304485, -34.061621176044007 ] ] ] } },
{ "type": "Feature", "properties": { "cve": "2876438", "nombre": "ESCALONES 12", "solicitante": "Culpeo Mining Chile SpA", "region": "REGIÓN METROPOLITANA DE SANTIAGO", "provincia": "Provincia Cordillera", "comuna": null, "superficie_ha": 300.0, "datum_original": "PSAD56", "huso": 19, "epsg_origen": 24879, "tipo_publicacion": "pedimento", "fuente_pdf": "http://www.diariooficial.interior.gob.cl/publicaciones/2026/09/28/44560/07/2876438.pdf", "archivo": "gm_pedimento_2876438.pdf", "fecha": "28-09-2026", "edicion": "44560" }, "geometry": { "type": "Polygon", "coordinates": [ [ [ -69.890569041957463, -34.06186098240137 ], [ -69.858063572149476, -34.062092194902753 ], [ -69.858154475273636, -34.071109936928025 ], [ -69.890663387616897, -34.070878646441656 ], [ -69.890569041957463, -34.06186098240137 ] ] ] } },
{ "type": "Feature", "properties": { "cve": "2876439", "nombre": "ESCALONES 13", "solicitante": "Culpeo Mining Chile SpA", "region": "REGIÓN METROPOLITANA DE SANTIAGO", "provincia": "Provincia Cordillera", "comuna": null, "superficie_ha": 200.0, "datum_original": "PSAD56", "huso": 19, "epsg_origen": 24879, "tipo_publicacion": "pedimento", "fuente_pdf": "http://www.diariooficial.interior.gob.cl/publicaciones/2026/09/28/44560/07/2876439.pdf", "archivo": "gm_pedimento_2876439.pdf", "fecha": "28-09-2026", "edicion": "44560" }, "geometry": { "type": "Polygon", "coordinates": [ [ [ -69.977351936965391, -34.070219844155936 ], [ -69.966516024077947, -34.07030553740244 ], [ -69.966720915893148, -34.088340438146012 ], [ -69.977559125000141, -34.0882546870955 ], [ -69.977351936965391, -34.070219844155936 ] ] ] } },
{ "type": "Feature", "properties": { "cve": "2876440", "nombre": "ESCALONES 14", "solicitante": "Culpeo Mining Chile SpA", "region": "REGIÓN METROPOLITANA DE SANTIAGO", "provincia": "Provincia Cordillera", "comuna": null, "superficie_ha": 300.0, "datum_original": "PSAD56", "huso": 19, "epsg_origen": 24879, "tipo_publicacion": "pedimento", "fuente_pdf": "http://www.diariooficial.interior.gob.cl/publicaciones/2026/09/28/44560/07/2876440.pdf", "archivo": "gm_pedimento_2876440.pdf", "fecha": "28-09-2026", "edicion": "44560" }, "geometry": { "type": "Polygon", "coordinates": [ [ [ -69.966516024077947, -34.07030553740244 ], [ -69.934008014281119, -34.070556886455726 ], [ -69.934106993734474, -34.079574428403888 ], [ -69.966618447211104, -34.079322994585894 ], [ -69.966516024077947, -34.07030553740244 ] ] ] } },
{ "type": "Feature", "properties": { "cve": "2876441", "nombre": "ESCALONES 15", "solicitante": "Culpeo Mining Chile SpA", "region": "REGIÓN METROPOLITANA DE SANTIAGO", "provincia": "Provincia Cordillera", "comuna": null, "superficie_ha": 300.0, "datum_original": "PSAD56", "huso": 19, "epsg_origen": 24879, "tipo_publicacion": "pedimento", "fuente_pdf": "http://www.diariooficial.interior.gob.cl/publicaciones/2026/09/28/44560/07/2876441.pdf", "archivo": "gm_pedimento_2876441.pdf", "fecha": "28-09-2026", "edicion": "44560" }, "geometry": { "type": "Polygon", "coordinates": [ [ [ -69.934008014281119, -34.070556886455726 ], [ -69.923171922337787, -34.070638759201159 ], [ -69.923465547445133, -34.097691427076334 ], [ -69.934305084713458, -34.097609471481292 ], [ -69.934008014281119, -34.070556886455726 ] ] ] } },
{ "type": "Feature", "properties": { "cve": "2876442", "nombre": "ESCALONES 16", "solicitante": "Culpeo Mining Chile SpA", "region": "REGIÓN METROPOLITANA DE SANTIAGO", "provincia": "Provincia Cordillera", "comuna": null, "superficie_ha": 300.0, "datum_original": "PSAD56", "huso": 19, "epsg_origen": 24879, "tipo_publicacion": "pedimento", "fuente_pdf": "http://www.diariooficial.interior.gob.cl/publicaciones/2026/09/28/44560/07/2876442.pdf", "archivo": "gm_pedimento_2876442.pdf", "fecha": "28-09-2026", "edicion": "44560" }, "geometry": { "type": "Polygon", "coordinates": [ [ [ -69.923171922337787, -34.070638759201159 ], [ -69.890663387616897, -34.070878646441656 ], [ -69.890757775234633, -34.079896296900579 ], [ -69.923269753859927, -34.079656328760123 ], [ -69.923171922337787, -34.070638759201159 ] ] ] } },
{ "type": "Feature", "properties": { "cve": "2876443", "nombre": "ESCALONES 17", "solicitante": "Culpeo Mining Chile SpA", "region": "REGIÓN METROPOLITANA DE SANTIAGO", "provincia": "Provincia Cordillera", "comuna": null, "superficie_ha": 300.0, "datum_original": "PSAD56", "huso": 19, "epsg_origen": 24879, "tipo_publicacion": "pedimento", "fuente_pdf": "http://www.diariooficial.interior.gob.cl/publicaciones/2026/09/28/44560/07/2876443.pdf", "archivo": "gm_pedimento_2876443.pdf", "fecha": "28-09-2026", "edicion": "44560" }, "geometry": { "type": "Polygon", "coordinates": [ [ [ -69.890663387616897, -34.070878646441656 ], [ -69.858154475273636, -34.071109936928025 ], [ -69.858245418825405, -34.080127665388147 ], [ -69.890757775234633, -34.079896296900579 ], [ -69.890663387616897, -34.070878646441656 ] ] ] } },
{ "type": "Feature", "properties": { "cve": "2876444", "nombre": "ESCALONES 18", "solicitante": "Culpeo Mining Chile SpA", "region": "REGIÓN METROPOLITANA DE SANTIAGO", "provincia": "Provincia Cordillera", "comuna": null, "superficie_ha": 300.0, "datum_original": "PSAD56", "huso": 19, "epsg_origen": 24879, "tipo_publicacion": "pedimento", "fuente_pdf": "http://www.diariooficial.interior.gob.cl/publicaciones/2026/09/28/44560/07/2876444.pdf", "archivo": "gm_pedimento_2876444.pdf", "fecha": "28-09-2026", "edicion": "44560" }, "geometry": { "type": "Polygon", "coordinates": [ [ [ -69.966618447211104, -34.079322994585894 ], [ -69.934106993734474, -34.079574428403888 ], [ -69.934206017205639, -34.088591956746335 ], [ -69.966720915893148, -34.088340438146012 ], [ -69.966618447211104, -34.079322994585894 ] ] ] } },
{ "type": "Feature", "properties": { "cve": "2876445", "nombre": "ESCALONES 19", "solicitante": "Culpeo Mining Chile SpA", "region": "REGIÓN METROPOLITANA DE SANTIAGO", "provincia": "Provincia Cordillera", "comuna": null, "superficie_ha": 300.0, "datum_original": "PSAD56", "huso": 19, "epsg_origen": 24879, "tipo_publicacion": "pedimento", "fuente_pdf": "http://www.diariooficial.interior.gob.cl/publicaciones/2026/09/28/44560/07/2876445.pdf", "archivo": "gm_pedimento_2876445.pdf", "fecha": "28-09-2026", "edicion": "44560" }, "geometry": { "type": "Polygon", "coordinates": [ [ [ -69.923269753859927, -34.079656328760123 ], [ -69.890757775234633, -34.079896296900579 ], [ -69.890852204828619, -34.088913933776361 ], [ -69.923367628889508, -34.088673884719107 ], [ -69.923269753859927, -34.079656328760123 ] ] ] } },
{ "type": "Feature", "properties": { "cve": "2876428", "nombre": "ESCALONES 2", "solicitante": "Culpeo Mining Chile SpA", "region": "REGIÓN METROPOLITANA DE SANTIAGO", "provincia": "Provincia Cordillera", "comuna": null, "superficie_ha": 300.0, "datum_original": "PSAD56", "huso": 19, "epsg_origen": 24879, "tipo_publicacion": "pedimento", "fuente_pdf": "http://www.diariooficial.interior.gob.cl/publicaciones/2026/09/28/44560/07/2876428.pdf", "archivo": "gm_pedimento_2876428.pdf", "fecha": "28-09-2026", "edicion": "44560" }, "geometry": { "type": "Polygon", "coordinates": [ [ [ -69.966004590963834, -34.025218047197988 ], [ -69.933513776623229, -34.025468972691812 ], [ -69.933612536269592, -34.034486582641698 ], [ -69.966106786644573, -34.034235572471182 ], [ -69.966004590963834, -34.025218047197988 ] ] ] } },
{ "type": "Feature", "properties": { "cve": "2876446", "nombre": "ESCALONES 20", "solicitante": "Culpeo Mining Chile SpA", "region": "REGIÓN METROPOLITANA DE SANTIAGO", "provincia": "Provincia Cordillera", "comuna": null, "superficie_ha": 300.0, "datum_original": "PSAD56", "huso": 19, "epsg_origen": 24879, "tipo_publicacion": "pedimento", "fuente_pdf": "http://www.diariooficial.interior.gob.cl/publicaciones/2026/09/28/44560/07/2876446.pdf", "archivo": "gm_pedimento_2876446.pdf", "fecha": "28-09-2026", "edicion": "44560" }, "geometry": { "type": "Polygon", "coordinates": [ [ [ -69.890757775234633, -34.079896296900579 ], [ -69.858245418825405, -34.080127665388147 ], [ -69.858336402822104, -34.089145380281359 ], [ -69.890852204828619, -34.088913933776361 ], [ -69.890757775234633, -34.079896296900579 ] ] ] } },
{ "type": "Feature", "properties": { "cve": "2876429", "nombre": "ESCALONES 3", "solicitante": "Culpeo Mining Chile SpA", "region": "REGIÓN METROPOLITANA DE SANTIAGO", "provincia": "Provincia Cordillera", "comuna": null, "superficie_ha": 300.0, "datum_original": "PSAD56", "huso": 19, "epsg_origen": 24879, "tipo_publicacion": "pedimento", "fuente_pdf": "http://www.diariooficial.interior.gob.cl/publicaciones/2026/09/28/44560/07/2876429.pdf", "archivo": "gm_pedimento_2876429.pdf", "fecha": "28-09-2026", "edicion": "44560" }, "geometry": { "type": "Polygon", "coordinates": [ [ [ -69.966106786644573, -34.034235572471182 ], [ -69.933612536269592, -34.034486582641698 ], [ -69.933711339839789, -34.043504178994816 ], [ -69.966209027776912, -34.043253084129994 ], [ -69.966106786644573, -34.034235572471182 ] ] ] } },
{ "type": "Feature", "properties": { "cve": "2876430", "nombre": "ESCALONES 4", "solicitante": "Culpeo Mining Chile SpA", "region": "REGIÓN METROPOLITANA DE SANTIAGO", "provincia": "Provincia Cordillera", "comuna": null, "superficie_ha": 300.0, "datum_original": "PSAD56", "huso": 19, "epsg_origen": 24879, "tipo_publicacion": "pedimento", "fuente_pdf": "http://www.diariooficial.interior.gob.cl/publicaciones/2026/09/28/44560/07/2876430.pdf", "archivo": "gm_pedimento_2876430.pdf", "fecha": "28-09-2026", "edicion": "44560" }, "geometry": { "type": "Polygon", "coordinates": [ [ [ -69.879454580630181, -34.03488585561481 ], [ -69.868622863333883, -34.034962848500008 ], [ -69.868898769842247, -34.062016078962131 ], [ -69.879733926614918, -34.061939008124327 ], [ -69.879454580630181, -34.03488585561481 ] ] ] } },
{ "type": "Feature", "properties": { "cve": "2876431", "nombre": "ESCALONES 5", "solicitante": "Culpeo Mining Chile SpA", "region": "REGIÓN METROPOLITANA DE SANTIAGO", "provincia": "Provincia Cordillera", "comuna": null, "superficie_ha": 300.0, "datum_original": "PSAD56", "huso": 19, "epsg_origen": 24879, "tipo_publicacion": "pedimento", "fuente_pdf": "http://www.diariooficial.interior.gob.cl/publicaciones/2026/09/28/44560/07/2876431.pdf", "archivo": "gm_pedimento_2876431.pdf", "fecha": "28-09-2026", "edicion": "44560" }, "geometry": { "type": "Polygon", "coordinates": [ [ [ -69.868622863333883, -34.034962848500008 ], [ -69.857791105169923, -34.035038887453723 ], [ -69.858063572149476, -34.062092194902753 ], [ -69.868898769842247, -34.062016078962131 ], [ -69.868622863333883, -34.034962848500008 ] ] ] } },
{ "type": "Feature", "properties": { "cve": "2876432", "nombre": "ESCALONES 6", "solicitante": "Culpeo Mining Chile SpA", "region": "REGIÓN METROPOLITANA DE SANTIAGO", "provincia": "Provincia Cordillera", "comuna": null, "superficie_ha": 300.0, "datum_original": "PSAD56", "huso": 19, "epsg_origen": 24879, "tipo_publicacion": "pedimento", "fuente_pdf": "http://www.diariooficial.interior.gob.cl/publicaciones/2026/09/28/44560/07/2876432.pdf", "archivo": "gm_pedimento_2876432.pdf", "fecha": "28-09-2026", "edicion": "44560" }, "geometry": { "type": "Polygon", "coordinates": [ [ [ -69.977041500160311, -34.043167477544443 ], [ -69.944543947107192, -34.043421434868321 ], [ -69.944643941002582, -34.052438989707447 ], [ -69.977144933088638, -34.05218494670617 ], [ -69.977041500160311, -34.043167477544443 ] ] ] } },
{ "type": "Feature", "properties": { "cve": "2876433", "nombre": "ESCALONES 7", "solicitante": "Culpeo Mining Chile SpA", "region": "REGIÓN METROPOLITANA DE SANTIAGO", "provincia": "Provincia Cordillera", "comuna": null, "superficie_ha": 300.0, "datum_original": "PSAD56", "huso": 19, "epsg_origen": 24879, "tipo_publicacion": "pedimento", "fuente_pdf": "http://www.diariooficial.interior.gob.cl/publicaciones/2026/09/28/44560/07/2876433.pdf", "archivo": "gm_pedimento_2876433.pdf", "fecha": "28-09-2026", "edicion": "44560" }, "geometry": { "type": "Polygon", "coordinates": [ [ [ -69.944543947107192, -34.043421434868321 ], [ -69.933711339839789, -34.043504178994816 ], [ -69.934008014281119, -34.070556886455726 ], [ -69.94484406222567, -34.07047405856548 ], [ -69.944543947107192, -34.043421434868321 ] ] ] } },
{ "type": "Feature", "properties": { "cve": "2876434", "nombre": "ESCALONES 8", "solicitante": "Culpeo Mining Chile SpA", "region": "REGIÓN METROPOLITANA DE SANTIAGO", "provincia": "Provincia Cordillera", "comuna": null, "superficie_ha": 300.0, "datum_original": "PSAD56", "huso": 19, "epsg_origen": 24879, "tipo_publicacion": "pedimento", "fuente_pdf": "http://www.diariooficial.interior.gob.cl/publicaciones/2026/09/28/44560/07/2876434.pdf", "archivo": "gm_pedimento_2876434.pdf", "fecha": "28-09-2026", "edicion": "44560" }, "geometry": { "type": "Polygon", "coordinates": [ [ [ -69.933711339839789, -34.043504178994816 ], [ -69.922878688630021, -34.043585968942295 ], [ -69.923171922337787, -34.070638759201159 ], [ -69.934008014281119, -34.070556886455726 ], [ -69.933711339839789, -34.043504178994816 ] ] ] } },
{ "type": "Feature", "properties": { "cve": "2876435", "nombre": "ESCALONES 9", "solicitante": "Culpeo Mining Chile SpA", "region": "REGIÓN METROPOLITANA DE SANTIAGO", "provincia": "Provincia Cordillera", "comuna": null, "superficie_ha": 300.0, "datum_original": "PSAD56", "huso": 19, "epsg_origen": 24879, "tipo_publicacion": "pedimento", "fuente_pdf": "http://www.diariooficial.interior.gob.cl/publicaciones/2026/09/28/44560/07/2876435.pdf", "archivo": "gm_pedimento_2876435.pdf", "fecha": "28-09-2026", "edicion": "44560" }, "geometry": { "type": "Polygon", "coordinates": [ [ [ -69.977144933088638, -34.05218494670617 ], [ -69.944643941002582, -34.052438989707447 ], [ -69.944743979369065, -34.061456530940418 ], [ -69.977248412017104, -34.061202402243936 ], [ -69.977144933088638, -34.05218494670617 ] ] ] } },
{ "type": "Feature", "properties": { "cve": "2876447", "nombre": "ESCALONES NORTE 2", "solicitante": "Culpeo Mining Chile SpA", "region": "REGIÓN METROPOLITANA DE SANTIAGO", "provincia": "Provincia Cordillera", "comuna": null, "superficie_ha": 300.0, "datum_original": "PSAD56", "huso": 19, "epsg_origen": 24879, "tipo_publicacion": "pedimento", "fuente_pdf": "http://www.diariooficial.interior.gob.cl/publicaciones/2026/09/28/44560/07/2876447.pdf", "archivo": "gm_pedimento_2876447.pdf", "fecha": "28-09-2026", "edicion": "44560" }, "geometry": { "type": "Polygon", "coordinates": [ [ [ -69.884589732778181, -34.007793766136921 ], [ -69.852104824660898, -34.008023081623328 ], [ -69.852194913339176, -34.017040917702211 ], [ -69.884683254847744, -34.016811524810358 ], [ -69.884589732778181, -34.007793766136921 ] ] ] } },
{ "type": "Feature", "properties": { "cve": "2876448", "nombre": "ESCALONES NORTE 4", "solicitante": "Culpeo Mining Chile SpA", "region": "REGIÓN METROPOLITANA DE SANTIAGO", "provincia": "Provincia Cordillera", "comuna": null, "superficie_ha": 300.0, "datum_original": "PSAD56", "huso": 19, "epsg_origen": 24879, "tipo_publicacion": "pedimento", "fuente_pdf": "http://www.diariooficial.interior.gob.cl/publicaciones/2026/09/28/44560/07/2876448.pdf", "archivo": "gm_pedimento_2876448.pdf", "fecha": "28-09-2026", "edicion": "44560" }, "geometry": { "type": "Polygon", "coordinates": [ [ [ -69.971316964655884, -34.016157867469005 ], [ -69.938829651987319, -34.016410138090407 ], [ -69.938928940158377, -34.025427747726447 ], [ -69.97141968730547, -34.02517539196343 ], [ -69.971316964655884, -34.016157867469005 ] ] ] } },
{ "type": "Feature", "properties": { "cve": "2876449", "nombre": "ESCALONES NORTE 6", "solicitante": "Culpeo Mining Chile SpA", "region": "REGIÓN METROPOLITANA DE SANTIAGO", "provincia": "Provincia Cordillera", "comuna": null, "superficie_ha": 200.0, "datum_original": "PSAD56", "huso": 19, "epsg_origen": 24879, "tipo_publicacion": "pedimento", "fuente_pdf": "http://www.diariooficial.interior.gob.cl/publicaciones/2026/09/28/44560/07/2876449.pdf", "archivo": "gm_pedimento_2876449.pdf", "fecha": "28-09-2026", "edicion": "44560" }, "geometry": { "type": "Polygon", "coordinates": [ [ [ -69.879361548080055, -34.025868110971672 ], [ -69.857700363583504, -34.026021091185555 ], [ -69.857791105169923, -34.035038887453723 ], [ -69.879454580630181, -34.03488585561481 ], [ -69.879361548080055, -34.025868110971672 ] ] ] } },
{ "type": "Feature", "properties": { "cve": "2875661", "nombre": "ESPERANZA 62", "solicitante": "Neore SpA", "region": "REGIÓN DEL BIOBÍO", "provincia": "Provincia de Concepción", "comuna": null, "superficie_ha": 300.0, "datum_original": "PSAD56", "huso": 18, "epsg_origen": 24878, "tipo_publicacion": "pedimento", "fuente_pdf": "http://www.diariooficial.interior.gob.cl/publicaciones/2026/09/28/44560/07/2875661.pdf", "archivo": "gm_pedimento_2875661.pdf", "fecha": "28-09-2026", "edicion": "44560" }, "geometry": { "type": "Polygon", "coordinates": [ [ [ -72.862294049956532, -36.535158258757519 ], [ -72.828803929176658, -36.534553042439974 ], [ -72.828551944993478, -36.543561676488636 ], [ -72.86204594528796, -36.544167090550268 ], [ -72.862294049956532, -36.535158258757519 ] ] ] } },
{ "type": "Feature", "properties": { "cve": "2875662", "nombre": "ESPERANZA 63", "solicitante": "Neore SpA", "region": "REGIÓN DEL BIOBÍO", "provincia": "Provincia de Concepción", "comuna": null, "superficie_ha": 300.0, "datum_original": "PSAD56", "huso": 18, "epsg_origen": 24878, "tipo_publicacion": "pedimento", "fuente_pdf": "http://www.diariooficial.interior.gob.cl/publicaciones/2026/09/28/44560/07/2875662.pdf", "archivo": "gm_pedimento_2875662.pdf", "fecha": "28-09-2026", "edicion": "44560" }, "geometry": { "type": "Polygon", "coordinates": [ [ [ -72.86204594528796, -36.544167090550268 ], [ -72.828551944993478, -36.543561676488636 ], [ -72.82829984885413, -36.552570295303056 ], [ -72.861797730384367, -36.553175907153857 ], [ -72.86204594528796, -36.544167090550268 ] ] ] } },
{ "type": "Feature", "properties": { "cve": "2875663", "nombre": "ESPERANZA 64", "solicitante": "Neore SpA", "region": "REGIÓN DEL BIOBÍO", "provincia": "Provincia de Concepción", "comuna": null, "superficie_ha": 300.0, "datum_original": "PSAD56", "huso": 18, "epsg_origen": 24878, "tipo_publicacion": "pedimento", "fuente_pdf": "http://www.diariooficial.interior.gob.cl/publicaciones/2026/09/28/44560/07/2875663.pdf", "archivo": "gm_pedimento_2875663.pdf", "fecha": "28-09-2026", "edicion": "44560" }, "geometry": { "type": "Polygon", "coordinates": [ [ [ -72.861797730384367, -36.553175907153857 ], [ -72.82829984885413, -36.552570295303056 ], [ -72.828047640707382, -36.561578898881081 ], [ -72.861549405195262, -36.562184708566228 ], [ -72.861797730384367, -36.553175907153857 ] ] ] } },
{ "type": "Feature", "properties": { "cve": "2875664", "nombre": "ESPERANZA 65", "solicitante": "Neore SpA", "region": "REGIÓN DEL BIOBÍO", "provincia": "Provincia de Concepción", "comuna": null, "superficie_ha": 300.0, "datum_original": "PSAD56", "huso": 18, "epsg_origen": 24878, "tipo_publicacion": "pedimento", "fuente_pdf": "http://www.diariooficial.interior.gob.cl/publicaciones/2026/09/28/44560/07/2875664.pdf", "archivo": "gm_pedimento_2875664.pdf", "fecha": "28-09-2026", "edicion": "44560" }, "geometry": { "type": "Polygon", "coordinates": [ [ [ -72.81618978051327, -36.686914568643758 ], [ -72.805004745165334, -36.686708830709669 ], [ -72.804235923842711, -36.713733561710733 ], [ -72.815424869258351, -36.713939501018984 ], [ -72.81618978051327, -36.686914568643758 ] ] ] } },
{ "type": "Feature", "properties": { "cve": "2875665", "nombre": "ESPERANZA 66", "solicitante": "Neore SpA", "region": "REGIÓN DEL BIOBÍO", "provincia": "Provincia de Concepción", "comuna": null, "superficie_ha": 300.0, "datum_original": "PSAD56", "huso": 18, "epsg_origen": 24878, "tipo_publicacion": "pedimento", "fuente_pdf": "http://www.diariooficial.interior.gob.cl/publicaciones/2026/09/28/44560/07/2875665.pdf", "archivo": "gm_pedimento_2875665.pdf", "fecha": "28-09-2026", "edicion": "44560" }, "geometry": { "type": "Polygon", "coordinates": [ [ [ -72.805004745165334, -36.686708830709669 ], [ -72.793819823603044, -36.686502043227549 ], [ -72.793047092369733, -36.713526571828226 ], [ -72.804235923842711, -36.713733561710733 ], [ -72.805004745165334, -36.686708830709669 ] ] ] } },
{ "type": "Feature", "properties": { "cve": "2875473", "nombre": "LUNA 77", "solicitante": "Varela Echaurren Juan Francisco", "region": "REGIÓN DEL BIOBÍO", "provincia": "Provincia de Concepción", "comuna": null, "superficie_ha": 300.0, "datum_original": "PSAD56", "huso": 18, "epsg_origen": 24878, "tipo_publicacion": "pedimento", "fuente_pdf": "http://www.diariooficial.interior.gob.cl/publicaciones/2026/09/28/44560/07/2875473.pdf", "archivo": "gm_pedimento_2875473.pdf", "fecha": "28-09-2026", "edicion": "44560" }, "geometry": { "type": "Polygon", "coordinates": [ [ [ -72.846310142847415, -37.029951077994554 ], [ -72.812604416957257, -37.029334310410476 ], [ -72.812345947762751, -37.038342091404878 ], [ -72.846055648856364, -37.038959059451479 ], [ -72.846310142847415, -37.029951077994554 ] ] ] } },
{ "type": "Feature", "properties": { "cve": "2875474", "nombre": "LUNA 83", "solicitante": "Varela Echaurren Juan Francisco", "region": "REGIÓN DEL BIOBÍO", "provincia": "Provincia de Concepción", "comuna": null, "superficie_ha": 300.0, "datum_original": "PSAD56", "huso": 18, "epsg_origen": 24878, "tipo_publicacion": "pedimento", "fuente_pdf": "http://www.diariooficial.interior.gob.cl/publicaciones/2026/09/28/44560/07/2875474.pdf", "archivo": "gm_pedimento_2875474.pdf", "fecha": "28-09-2026", "edicion": "44560" }, "geometry": { "type": "Polygon", "coordinates": [ [ [ -72.812345947762751, -37.038342091404878 ], [ -72.778637281140917, -37.037715556386907 ], [ -72.778374720516894, -37.046723118414008 ], [ -72.812087363627143, -37.047349857046989 ], [ -72.812345947762751, -37.038342091404878 ] ] ] } },
{ "type": "Feature", "properties": { "cve": "2876130", "nombre": "LUNA 211", "solicitante": "Varela Echaurren Juan Francisco", "region": "REGIÓN DEL BIOBÍO", "provincia": "Provincia de Biobío", "comuna": null, "superficie_ha": 300.0, "datum_original": "PSAD56", "huso": 18, "epsg_origen": 24878, "tipo_publicacion": "pedimento", "fuente_pdf": "http://www.diariooficial.interior.gob.cl/publicaciones/2026/09/28/44560/07/2876130.pdf", "archivo": "gm_pedimento_2876130.pdf", "fecha": "28-09-2026", "edicion": "44560" }, "geometry": { "type": "Polygon", "coordinates": [ [ [ -72.816193150306532, -37.548504228840734 ], [ -72.782256026522489, -37.547871452985511 ], [ -72.781989013572087, -37.556878253871218 ], [ -72.815930215353291, -37.557511234332608 ], [ -72.816193150306532, -37.548504228840734 ] ] ] } },
{ "type": "Feature", "properties": { "cve": "2875397", "nombre": "RDK 1", "solicitante": "RDK Inversiones SpA", "region": "REGIÓN DE MAGALLANES Y DE LA ANTÁRTICA CHILENA", "provincia": "Provincia de Tierra del Fuego", "comuna": null, "superficie_ha": 300.0, "datum_original": "WGS84", "huso": 19, "epsg_origen": 32719, "tipo_publicacion": "pedimento", "fuente_pdf": "http://www.diariooficial.interior.gob.cl/publicaciones/2026/09/28/44560/07/2875397.pdf", "archivo": "gm_pedimento_2875397.pdf", "fecha": "28-09-2026", "edicion": "44560" }, "geometry": { "type": "Polygon", "coordinates": [ [ [ -69.913573731204167, -53.147781467994868 ], [ -69.868723197276026, -53.148117085003804 ], [ -69.868904644951357, -53.157105248972918 ], [ -69.913764543580726, -53.15676952291544 ], [ -69.913573731204167, -53.147781467994868 ] ] ] } },
{ "type": "Feature", "properties": { "cve": "2875398", "nombre": "RDK 2", "solicitante": "Wohllk Vergara Roger Fernando", "region": "REGIÓN DE MAGALLANES Y DE LA ANTÁRTICA CHILENA", "provincia": "Provincia de Tierra del Fuego", "comuna": null, "superficie_ha": 300.0, "datum_original": "WGS84", "huso": 19, "epsg_origen": 32719, "tipo_publicacion": "pedimento", "fuente_pdf": "http://www.diariooficial.interior.gob.cl/publicaciones/2026/09/28/44560/07/2875398.pdf", "archivo": "gm_pedimento_2875398.pdf", "fecha": "28-09-2026", "edicion": "44560" }, "geometry": { "type": "Polygon", "coordinates": [ [ [ -69.913383020915063, -53.138793398949488 ], [ -69.868541846679719, -53.139128906955264 ], [ -69.868723197276026, -53.148117085003804 ], [ -69.913573731204167, -53.147781467994868 ], [ -69.913383020915063, -53.138793398949488 ] ] ] } },
{ "type": "Feature", "properties": { "cve": "2875400", "nombre": "RDK 3", "solicitante": "Wohllk Vergara Roger Fernando", "region": "REGIÓN DE MAGALLANES Y DE LA ANTÁRTICA CHILENA", "provincia": "Provincia de Tierra del Fuego", "comuna": null, "superficie_ha": 200.0, "datum_original": "WGS84", "huso": 19, "epsg_origen": 32719, "tipo_publicacion": "pedimento", "fuente_pdf": "http://www.diariooficial.interior.gob.cl/publicaciones/2026/09/28/44560/07/2875400.pdf", "archivo": "gm_pedimento_2875400.pdf", "fecha": "28-09-2026", "edicion": "44560" }, "geometry": { "type": "Polygon", "coordinates": [ [ [ -69.868541846679719, -53.139128906955264 ], [ -69.85359459235805, -53.13923699114568 ], [ -69.853951148883169, -53.157213403409592 ], [ -69.868904644951357, -53.157105248972918 ], [ -69.868541846679719, -53.139128906955264 ] ] ] } }
]
}
