{
"type": "FeatureCollection",
"name": "boletin_mineria_20260615",
"crs": { "type": "name", "properties": { "name": "urn:ogc:def:crs:OGC:1.3:CRS84" } },
"features": [
{ "type": "Feature", "properties": { "cve": "2822360", "nombre": "CIRO DEL 1 AL 6", "solicitante": "Almonacid Barrientos Mireya Alejandra", "region": "REGIÓN DE TARAPACÁ", "provincia": "Provincia de Iquique", "comuna": null, "superficie_ha": 60.0, "datum_original": "WGS84", "huso": 19, "epsg_origen": 32719, "tipo_publicacion": "manifestacion", "fuente_pdf": "http://www.diariooficial.interior.gob.cl/publicaciones/2026/06/15/44475/07/2822360.pdf", "archivo": "gm_manifestacion_2822360.pdf", "fecha": "15-06-2026", "edicion": "44475" }, "geometry": { "type": "Polygon", "coordinates": [ [ [ -70.089510070353029, -20.171192987457374 ], [ -70.075157430652951, -20.17128127645773 ], [ -70.075182202156824, -20.174895241315582 ], [ -70.089535172381673, -20.174806935158156 ], [ -70.089510070353029, -20.171192987457374 ] ] ] } },
{ "type": "Feature", "properties": { "cve": "2823607", "nombre": "GABRIEL DEL 1 AL 4", "solicitante": "Fres Perez Francisco Daniel  y otro", "region": "REGIÓN DE TARAPACÁ", "provincia": "Provincia de Iquique", "comuna": null, "superficie_ha": 32.0, "datum_original": "PSAD56", "huso": 19, "epsg_origen": 24879, "tipo_publicacion": "manifestacion", "fuente_pdf": "http://www.diariooficial.interior.gob.cl/publicaciones/2026/06/15/44475/07/2823607.pdf", "archivo": "gm_manifestacion_2823607.pdf", "fecha": "15-06-2026", "edicion": "44475" }, "geometry": { "type": "Polygon", "coordinates": [ [ [ -70.172803214206027, -20.388730177401587 ], [ -70.165138050457344, -20.388781548474089 ], [ -70.165165205096386, -20.392395297412023 ], [ -70.172830547389452, -20.392343916444727 ], [ -70.172803214206027, -20.388730177401587 ] ] ] } },
{ "type": "Feature", "properties": { "cve": "2822371", "nombre": "POZO 1", "solicitante": "Minera Titanio Limitada", "region": "REGIÓN DE TARAPACÁ", "provincia": "Provincia del Tamarugal", "comuna": "Pozo Almonte", "superficie_ha": 300.0, "datum_original": "PSAD56", "huso": 19, "epsg_origen": 24879, "tipo_publicacion": "manifestacion", "fuente_pdf": "http://www.diariooficial.interior.gob.cl/publicaciones/2026/06/15/44475/07/2822371.pdf", "archivo": "gm_manifestacion_2822371.pdf", "fecha": "15-06-2026", "edicion": "44475" }, "geometry": { "type": "Polygon", "coordinates": [ [ [ -69.762196738755932, -20.37690310562396 ], [ -69.733451006730135, -20.377026280807229 ], [ -69.733493722998546, -20.386061796392728 ], [ -69.762241128791374, -20.3859385618583 ], [ -69.762196738755932, -20.37690310562396 ] ] ] } },
{ "type": "Feature", "properties": { "cve": "2822678", "nombre": "CELU I 2, 1 AL 30", "solicitante": "Minera Centinela", "region": "REGIÓN DE ANTOFAGASTA", "provincia": "Provincia de Antofagasta", "comuna": null, "superficie_ha": 300.0, "datum_original": "PSAD56", "huso": 19, "epsg_origen": 24879, "tipo_publicacion": "manifestacion", "fuente_pdf": "http://www.diariooficial.interior.gob.cl/publicaciones/2026/06/15/44475/07/2822678.pdf", "archivo": "gm_manifestacion_2822678.pdf", "fecha": "15-06-2026", "edicion": "44475" }, "geometry": { "type": "Polygon", "coordinates": [ [ [ -68.904212788717174, -23.012203306689088 ], [ -68.894454138413465, -23.012197103127992 ], [ -68.894433042968714, -23.039297120122789 ], [ -68.904193643725606, -23.039303331812647 ], [ -68.904212788717174, -23.012203306689088 ] ] ] } },
{ "type": "Feature", "properties": { "cve": "2823562", "nombre": "MARGARITA 74, 1 AL 40", "solicitante": "Glencore Exploraciones Limitada", "region": "REGIÓN DE ANTOFAGASTA", "provincia": "Provincia de Antofagasta", "comuna": "Antofagasta", "superficie_ha": 200.0, "datum_original": "PSAD56", "huso": 19, "epsg_origen": 24879, "tipo_publicacion": "manifestacion", "fuente_pdf": "http://www.diariooficial.interior.gob.cl/publicaciones/2026/06/15/44475/07/2823562.pdf", "archivo": "gm_manifestacion_2823562.pdf", "fecha": "15-06-2026", "edicion": "44475" }, "geometry": { "type": "Polygon", "coordinates": [ [ [ -69.433953839736631, -23.865227506022123 ], [ -69.424132623282375, -23.865254866599859 ], [ -69.424191473293277, -23.883319097211814 ], [ -69.434014052375517, -23.883291713399874 ], [ -69.433953839736631, -23.865227506022123 ] ] ] } },
{ "type": "Feature", "properties": { "cve": "2822630", "nombre": "SOFIA 27A 1/30", "solicitante": "Jofré Soto Constanza Francisca", "region": "REGIÓN DE ANTOFAGASTA", "provincia": "Provincia de Tocopilla", "comuna": "María Elena", "superficie_ha": 300.0, "datum_original": "PSAD56", "huso": 19, "epsg_origen": 24879, "tipo_publicacion": "manifestacion", "fuente_pdf": "http://www.diariooficial.interior.gob.cl/publicaciones/2026/06/15/44475/07/2822630.pdf", "archivo": "gm_manifestacion_2822630.pdf", "fecha": "15-06-2026", "edicion": "44475" }, "geometry": { "type": "Polygon", "coordinates": [ [ [ -69.166502153986045, -22.018414839254788 ], [ -69.156813032094689, -22.01842439423049 ], [ -69.156842875967044, -22.045527729702098 ], [ -69.166533841823465, -22.045518161760093 ], [ -69.166502153986045, -22.018414839254788 ] ] ] } },
{ "type": "Feature", "properties": { "cve": "2822631", "nombre": "SOFIA 28A 1/30", "solicitante": "Jofré Soto Constanza Francisca", "region": "REGIÓN DE ANTOFAGASTA", "provincia": "Provincia de Tocopilla", "comuna": "María Elena", "superficie_ha": 300.0, "datum_original": "PSAD56", "huso": 19, "epsg_origen": 24879, "tipo_publicacion": "manifestacion", "fuente_pdf": "http://www.diariooficial.interior.gob.cl/publicaciones/2026/06/15/44475/07/2822631.pdf", "archivo": "gm_manifestacion_2822631.pdf", "fecha": "15-06-2026", "edicion": "44475" }, "geometry": { "type": "Polygon", "coordinates": [ [ [ -69.166470515235474, -21.991311426309363 ], [ -69.156783234452789, -21.991320968323503 ], [ -69.156813032094689, -22.01842439423049 ], [ -69.166502153986045, -22.018414839254788 ], [ -69.166470515235474, -21.991311426309363 ] ] ] } },
{ "type": "Feature", "properties": { "cve": "2822628", "nombre": "SOFIA 2A 1/30", "solicitante": "Jofré Soto Constanza Francisca", "region": "REGIÓN DE ANTOFAGASTA", "provincia": "Provincia de Tocopilla", "comuna": "María Elena", "superficie_ha": 300.0, "datum_original": "PSAD56", "huso": 19, "epsg_origen": 24879, "tipo_publicacion": "manifestacion", "fuente_pdf": "http://www.diariooficial.interior.gob.cl/publicaciones/2026/06/15/44475/07/2822628.pdf", "archivo": "gm_manifestacion_2822628.pdf", "fecha": "15-06-2026", "edicion": "44475" }, "geometry": { "type": "Polygon", "coordinates": [ [ [ -69.185821543254974, -21.973221653235996 ], [ -69.156763395022267, -21.973251967520142 ], [ -69.156773312172092, -21.982286472939542 ], [ -69.185833298654615, -21.982256144922047 ], [ -69.185821543254974, -21.973221653235996 ] ] ] } },
{ "type": "Feature", "properties": { "cve": "2822629", "nombre": "SOFÍA 7A 1/30", "solicitante": "Jofré Soto Constanza Francisca", "region": "REGIÓN DE ANTOFAGASTA", "provincia": "Provincia de Tocopilla", "comuna": "María Elena", "superficie_ha": 300.0, "datum_original": "PSAD56", "huso": 19, "epsg_origen": 24879, "tipo_publicacion": "manifestacion", "fuente_pdf": "http://www.diariooficial.interior.gob.cl/publicaciones/2026/06/15/44475/07/2822629.pdf", "archivo": "gm_manifestacion_2822629.pdf", "fecha": "15-06-2026", "edicion": "44475" }, "geometry": { "type": "Polygon", "coordinates": [ [ [ -69.21490683106893, -21.991255137709857 ], [ -69.205219580703272, -21.991267539228669 ], [ -69.205258583839168, -22.018370892559407 ], [ -69.21494767528749, -22.018358474194823 ], [ -69.21490683106893, -21.991255137709857 ] ] ] } },
{ "type": "Feature", "properties": { "cve": "2823541", "nombre": "DIVA LOVE 1 AL 10", "solicitante": "Maldonado Rojas César Alberto y otro", "region": "REGIÓN DE ATACAMA", "provincia": "Provincia de Copiapó", "comuna": null, "superficie_ha": 100.0, "datum_original": "WGS84", "huso": 19, "epsg_origen": 32719, "tipo_publicacion": "manifestacion", "fuente_pdf": "http://www.diariooficial.interior.gob.cl/publicaciones/2026/06/15/44475/07/2823541.pdf", "archivo": "gm_manifestacion_2823541.pdf", "fecha": "15-06-2026", "edicion": "44475" }, "geometry": { "type": "Polygon", "coordinates": [ [ [ -69.874328061051003, -27.335058658585208 ], [ -69.864219990482667, -27.335121553130026 ], [ -69.864290023323079, -27.344148679968846 ], [ -69.874398912755083, -27.344085761238347 ], [ -69.874328061051003, -27.335058658585208 ] ] ] } },
{ "type": "Feature", "properties": { "cve": "2823316", "nombre": "ISABELA 1 AL 10", "solicitante": "Rojas Sánchez Juan Gastón", "region": "REGIÓN DE ATACAMA", "provincia": "Provincia de Copiapó", "comuna": null, "superficie_ha": 100.0, "datum_original": "PSAD56", "huso": 19, "epsg_origen": 24879, "tipo_publicacion": "manifestacion", "fuente_pdf": "http://www.diariooficial.interior.gob.cl/publicaciones/2026/06/15/44475/07/2823316.pdf", "archivo": "gm_manifestacion_2823316.pdf", "fecha": "15-06-2026", "edicion": "44475" }, "geometry": { "type": "Polygon", "coordinates": [ [ [ -70.063561286388548, -27.395422943678625 ], [ -70.053448290190104, -27.395499673943444 ], [ -70.053533865324823, -27.404526226015417 ], [ -70.063647682660161, -27.40444946628898 ], [ -70.063561286388548, -27.395422943678625 ] ] ] } },
{ "type": "Feature", "properties": { "cve": "2823015", "nombre": "PUNTO AZUL 1 AL 20", "solicitante": "Ingeniería y Construcción Banner y Compañía Limitada", "region": "REGIÓN DE ATACAMA", "provincia": "Provincia de Copiapó", "comuna": null, "superficie_ha": 100.0, "datum_original": "PSAD56", "huso": 19, "epsg_origen": 24879, "tipo_publicacion": "manifestacion", "fuente_pdf": "http://www.diariooficial.interior.gob.cl/publicaciones/2026/06/15/44475/07/2823015.pdf", "archivo": "gm_manifestacion_2823015.pdf", "fecha": "15-06-2026", "edicion": "44475" }, "geometry": { "type": "Polygon", "coordinates": [ [ [ -69.937107784857432, -27.949217510505861 ], [ -69.926943285725727, -27.949286324747689 ], [ -69.927020373902224, -27.958312495337484 ], [ -69.937185718052959, -27.958243655028568 ], [ -69.937107784857432, -27.949217510505861 ] ] ] } },
{ "type": "Feature", "properties": { "cve": "2823641", "nombre": "REBECCA-ISIDORA 31, 1 AL 84", "solicitante": "Gold Hart Chile SpA", "region": "REGIÓN DE ATACAMA", "provincia": "Provincia de Copiapó", "comuna": "Copiapó", "superficie_ha": 84.0, "datum_original": "PSAD56", "huso": 19, "epsg_origen": 24879, "tipo_publicacion": "manifestacion", "fuente_pdf": "http://www.diariooficial.interior.gob.cl/publicaciones/2026/06/15/44475/07/2823641.pdf", "archivo": "gm_manifestacion_2823641.pdf", "fecha": "15-06-2026", "edicion": "44475" }, "geometry": { "type": "Polygon", "coordinates": [ [ [ -70.047905841433845, -27.31062191548569 ], [ -70.040832101419682, -27.310674758665886 ], [ -70.04093319961116, -27.321506796159166 ], [ -70.048007626406971, -27.321453928578833 ], [ -70.047905841433845, -27.31062191548569 ] ] ] } },
{ "type": "Feature", "properties": { "cve": "2823642", "nombre": "REBECCA-ISIDORA 32, 1 AL 50", "solicitante": "Gold Hart Chile SpA", "region": "REGIÓN DE ATACAMA", "provincia": "Provincia de Copiapó", "comuna": "Copiapó", "superficie_ha": 50.0, "datum_original": "PSAD56", "huso": 19, "epsg_origen": 24879, "tipo_publicacion": "manifestacion", "fuente_pdf": "http://www.diariooficial.interior.gob.cl/publicaciones/2026/06/15/44475/07/2823642.pdf", "archivo": "gm_manifestacion_2823642.pdf", "fecha": "15-06-2026", "edicion": "44475" }, "geometry": { "type": "Polygon", "coordinates": [ [ [ -70.033132643179243, -27.352257535475687 ], [ -70.028078062290675, -27.352294835400468 ], [ -70.028161422815899, -27.361321516730062 ], [ -70.03321641337206, -27.361284202467843 ], [ -70.033132643179243, -27.352257535475687 ] ] ] } },
{ "type": "Feature", "properties": { "cve": "2823583", "nombre": "COPELIA 1 AL 9", "solicitante": "Miranda Cubillos Eduardo Calixto", "region": "REGIÓN DE ATACAMA", "provincia": "Provincia de Huasco", "comuna": null, "superficie_ha": 90.0, "datum_original": "PSAD56", "huso": 19, "epsg_origen": 24879, "tipo_publicacion": "manifestacion", "fuente_pdf": "http://www.diariooficial.interior.gob.cl/publicaciones/2026/06/15/44475/07/2823583.pdf", "archivo": "gm_manifestacion_2823583.pdf", "fecha": "15-06-2026", "edicion": "44475" }, "geometry": { "type": "Polygon", "coordinates": [ [ [ -71.293531999969602, -28.690726620276099 ], [ -71.284326419436326, -28.690882365586223 ], [ -71.284522323362367, -28.699901531373751 ], [ -71.29372869168246, -28.699745728118192 ], [ -71.293531999969602, -28.690726620276099 ] ] ] } },
{ "type": "Feature", "properties": { "cve": "2822247", "nombre": "El Barreta 1 al 12", "solicitante": "Yáñez Yáñez Santiago Abdon", "region": "REGIÓN DE COQUIMBO", "provincia": "Provincia de Elqui", "comuna": "Andacollo", "superficie_ha": 72.0, "datum_original": "PSAD56", "huso": 19, "epsg_origen": 24879, "tipo_publicacion": "manifestacion", "fuente_pdf": "http://www.diariooficial.interior.gob.cl/publicaciones/2026/06/15/44475/07/2822247.pdf", "archivo": "gm_manifestacion_2822247.pdf", "fecha": "15-06-2026", "edicion": "44475" }, "geometry": { "type": "Polygon", "coordinates": [ [ [ -71.085088167469891, -30.168336152724514 ], [ -71.078860776948886, -30.168434996450884 ], [ -71.079088011700009, -30.179257058672228 ], [ -71.085316081719796, -30.179158172186412 ], [ -71.085088167469891, -30.168336152724514 ] ] ] } },
{ "type": "Feature", "properties": { "cve": "2822211", "nombre": "ARACELY 1 AL 10", "solicitante": "Venenciano Saavedra Miguel Ángel", "region": "REGIÓN DE COQUIMBO", "provincia": "Provincia de Choapa", "comuna": null, "superficie_ha": 100.0, "datum_original": "PSAD56", "huso": 19, "epsg_origen": 24879, "tipo_publicacion": "manifestacion", "fuente_pdf": "http://www.diariooficial.interior.gob.cl/publicaciones/2026/06/15/44475/07/2822211.pdf", "archivo": "gm_manifestacion_2822211.pdf", "fecha": "15-06-2026", "edicion": "44475" }, "geometry": { "type": "Polygon", "coordinates": [ [ [ -71.301446407361482, -31.926444814709413 ], [ -71.296161412552465, -31.92654049021278 ], [ -71.296609832855339, -31.944569674618567 ], [ -71.301895857558492, -31.944473932386302 ], [ -71.301446407361482, -31.926444814709413 ] ] ] } },
{ "type": "Feature", "properties": { "cve": "2822249", "nombre": "CANELILLA 1, 1 AL 60", "solicitante": "Compañía Minera Tres Valles SpA", "region": "REGIÓN DE COQUIMBO", "provincia": "Provincia de Choapa", "comuna": "Illapel", "superficie_ha": 300.0, "datum_original": "PSAD56", "huso": 19, "epsg_origen": 24879, "tipo_publicacion": "manifestacion", "fuente_pdf": "http://www.diariooficial.interior.gob.cl/publicaciones/2026/06/15/44475/07/2822249.pdf", "archivo": "gm_manifestacion_2822249.pdf", "fecha": "15-06-2026", "edicion": "44475" }, "geometry": { "type": "Polygon", "coordinates": [ [ [ -70.846071894866427, -31.575606244922806 ], [ -70.835538629424406, -31.575757986532707 ], [ -70.836069199308142, -31.602811116679966 ], [ -70.846605505228197, -31.602659215268993 ], [ -70.846071894866427, -31.575606244922806 ] ] ] } },
{ "type": "Feature", "properties": { "cve": "2822250", "nombre": "CANELILLA 2, 1 AL 60", "solicitante": "Compañía Minera Tres Valles SpA", "region": "REGIÓN DE COQUIMBO", "provincia": "Provincia de Choapa", "comuna": "Illapel", "superficie_ha": 300.0, "datum_original": "PSAD56", "huso": 19, "epsg_origen": 24879, "tipo_publicacion": "manifestacion", "fuente_pdf": "http://www.diariooficial.interior.gob.cl/publicaciones/2026/06/15/44475/07/2822250.pdf", "archivo": "gm_manifestacion_2822250.pdf", "fecha": "15-06-2026", "edicion": "44475" }, "geometry": { "type": "Polygon", "coordinates": [ [ [ -70.846605505228197, -31.602659215268993 ], [ -70.836069199308142, -31.602811116679966 ], [ -70.836600483629113, -31.629864123257768 ], [ -70.847139834117655, -31.629712061955289 ], [ -70.846605505228197, -31.602659215268993 ] ] ] } },
{ "type": "Feature", "properties": { "cve": "2822499", "nombre": "LA ESPINO 1 AL 20", "solicitante": "Osven Araya Marisol del Carmen", "region": "REGIÓN DE COQUIMBO", "provincia": "Provincia de Choapa", "comuna": null, "superficie_ha": 80.0, "datum_original": "WGS84", "huso": 19, "epsg_origen": 32719, "tipo_publicacion": "manifestacion", "fuente_pdf": "http://www.diariooficial.interior.gob.cl/publicaciones/2026/06/15/44475/07/2822499.pdf", "archivo": "gm_manifestacion_2822499.pdf", "fecha": "15-06-2026", "edicion": "44475" }, "geometry": { "type": "Polygon", "coordinates": [ [ [ -71.190381424663641, -31.333182670875402 ], [ -71.181978239364895, -31.333325858050973 ], [ -71.182186405379312, -31.342342043265127 ], [ -71.190590390802299, -31.342198805625085 ], [ -71.190381424663641, -31.333182670875402 ] ] ] } },
{ "type": "Feature", "properties": { "cve": "2822237", "nombre": "PELADERO 1-200", "solicitante": "Polanco López Hugo Alejandro", "region": "REGIÓN DE COQUIMBO", "provincia": "Provincia de Choapa", "comuna": null, "superficie_ha": 200.0, "datum_original": "PSAD56", "huso": 19, "epsg_origen": 24879, "tipo_publicacion": "manifestacion", "fuente_pdf": "http://www.diariooficial.interior.gob.cl/publicaciones/2026/06/15/44475/07/2822237.pdf", "archivo": "gm_manifestacion_2822237.pdf", "fecha": "15-06-2026", "edicion": "44475" }, "geometry": { "type": "Polygon", "coordinates": [ [ [ -70.956810719039453, -32.026747248892612 ], [ -70.946226835655736, -32.026910157944641 ], [ -70.946608428342486, -32.044943148626373 ], [ -70.957194383666078, -32.044780126126 ], [ -70.956810719039453, -32.026747248892612 ] ] ] } },
{ "type": "Feature", "properties": { "cve": "2822398", "nombre": "DON CHUMA 1 AL 99", "solicitante": "Pizarro Ahumada Mario Aliro y otro", "region": "REGIÓN DE COQUIMBO", "provincia": "Provincia de Limarí", "comuna": null, "superficie_ha": 99.0, "datum_original": "PSAD56", "huso": 19, "epsg_origen": 24879, "tipo_publicacion": "manifestacion", "fuente_pdf": "http://www.diariooficial.interior.gob.cl/publicaciones/2026/06/15/44475/07/2822398.pdf", "archivo": "gm_manifestacion_2822398.pdf", "fecha": "15-06-2026", "edicion": "44475" }, "geometry": { "type": "Polygon", "coordinates": [ [ [ -71.576962125648279, -31.127498328124432 ], [ -71.56543601398613, -31.127728477648166 ], [ -71.565654464689814, -31.135841014401272 ], [ -71.577181555174718, -31.135610791615328 ], [ -71.576962125648279, -31.127498328124432 ] ] ] } },
{ "type": "Feature", "properties": { "cve": "2822201", "nombre": "Rafaela del 1 al 3", "solicitante": "Anacona Leiva Eduardo Antonio", "region": "REGIÓN DE COQUIMBO", "provincia": "Provincia de Limarí", "comuna": null, "superficie_ha": 12.0, "datum_original": "PSAD56", "huso": 19, "epsg_origen": 24879, "tipo_publicacion": "manifestacion", "fuente_pdf": "http://www.diariooficial.interior.gob.cl/publicaciones/2026/06/15/44475/07/2822201.pdf", "archivo": "gm_manifestacion_2822201.pdf", "fecha": "15-06-2026", "edicion": "44475" }, "geometry": { "type": "Polygon", "coordinates": [ [ [ -71.240987736224312, -31.003834611995018 ], [ -71.238894280871818, -31.003870939371943 ], [ -71.239020759817407, -31.00928070112521 ], [ -71.241114333191547, -31.009244366019363 ], [ -71.240987736224312, -31.003834611995018 ] ] ] } },
{ "type": "Feature", "properties": { "cve": "2823310", "nombre": "LA HERMANDAD DEL 1-6", "solicitante": "Estay Vilches Clodomiro Enrique y otro", "region": "REGIÓN DE VALPARAÍSO", "provincia": "Provincia de Petorca", "comuna": "Cabildo", "superficie_ha": 36.0, "datum_original": "PSAD56", "huso": 19, "epsg_origen": 24879, "tipo_publicacion": "manifestacion", "fuente_pdf": "http://www.diariooficial.interior.gob.cl/publicaciones/2026/06/15/44475/07/2823310.pdf", "archivo": "gm_manifestacion_2823310.pdf", "fecha": "15-06-2026", "edicion": "44475" }, "geometry": { "type": "Polygon", "coordinates": [ [ [ -70.883921874711334, -32.451127394290147 ], [ -70.877541694027954, -32.451222701956098 ], [ -70.877653923213202, -32.456632455999319 ], [ -70.884034484719947, -32.456537128567007 ], [ -70.883921874711334, -32.451127394290147 ] ] ] } },
{ "type": "Feature", "properties": { "cve": "2822207", "nombre": "ANGELITA PRIMERA 1 AL 20", "solicitante": "Alcaíno Iturriaga Álvaro Claudio", "region": "REGIÓN DE VALPARAÍSO", "provincia": "Provincia de San Antonio", "comuna": null, "superficie_ha": 100.0, "datum_original": "PSAD56", "huso": 19, "epsg_origen": 24879, "tipo_publicacion": "manifestacion", "fuente_pdf": "http://www.diariooficial.interior.gob.cl/publicaciones/2026/06/15/44475/07/2822207.pdf", "archivo": "gm_manifestacion_2822207.pdf", "fecha": "15-06-2026", "edicion": "44475" }, "geometry": { "type": "Polygon", "coordinates": [ [ [ -71.424689715203172, -33.716171757629816 ], [ -71.413906565443668, -33.716383068887147 ], [ -71.414158922277153, -33.725394306502245 ], [ -71.424943196651199, -33.725182923667667 ], [ -71.424689715203172, -33.716171757629816 ] ] ] } },
{ "type": "Feature", "properties": { "cve": "2822433", "nombre": "EXPLANADA X 1 AL 20", "solicitante": "Anglo American Sur S.A.", "region": "REGIÓN METROPOLITANA DE SANTIAGO", "provincia": "Provincia de Chacabuco", "comuna": null, "superficie_ha": 200.0, "datum_original": "PSAD56", "huso": 19, "epsg_origen": 24879, "tipo_publicacion": "manifestacion", "fuente_pdf": "http://www.diariooficial.interior.gob.cl/publicaciones/2026/06/15/44475/07/2822433.pdf", "archivo": "gm_manifestacion_2822433.pdf", "fecha": "15-06-2026", "edicion": "44475" }, "geometry": { "type": "Polygon", "coordinates": [ [ [ -70.746015350994298, -32.963319763293541 ], [ -70.724624493957023, -32.963616986526347 ], [ -70.724799737147137, -32.972633256895556 ], [ -70.746192765084473, -32.972335931767674 ], [ -70.746015350994298, -32.963319763293541 ] ] ] } },
{ "type": "Feature", "properties": { "cve": "2823605", "nombre": "CAMELIA  01 1- 5", "solicitante": "Consorcio Salinero del Tarapacá S.A.", "region": "REGIÓN DE TARAPACÁ", "provincia": "Provincia de Iquique", "comuna": null, "superficie_ha": 30.0, "datum_original": "PSAD56", "huso": 19, "epsg_origen": 24879, "tipo_publicacion": "mensura", "fuente_pdf": "http://www.diariooficial.interior.gob.cl/publicaciones/2026/06/15/44475/07/2823605.pdf", "archivo": "gm_mensura_2823605.pdf", "fecha": "15-06-2026", "edicion": "44475" }, "geometry": { "type": "Polygon", "coordinates": [ [ [ -70.026944389120203, -20.844015724168806 ], [ -70.025022303599854, -20.844027236255005 ], [ -70.025077373120354, -20.852158119213485 ], [ -70.023155183073925, -20.852169614631041 ], [ -70.023173511039118, -20.854879908819033 ], [ -70.027017958661745, -20.85485689315302 ], [ -70.026944389120203, -20.844015724168806 ] ] ] } },
{ "type": "Feature", "properties": { "cve": "2823604", "nombre": "CAPULINA 01 1-8", "solicitante": "Consorcio Salinero del Tarapacá S.A.", "region": "REGIÓN DE TARAPACÁ", "provincia": "Provincia de Iquique", "comuna": null, "superficie_ha": 8.0, "datum_original": "PSAD56", "huso": 19, "epsg_origen": 24879, "tipo_publicacion": "mensura", "fuente_pdf": "http://www.diariooficial.interior.gob.cl/publicaciones/2026/06/15/44475/07/2823604.pdf", "archivo": "gm_mensura_2823604.pdf", "fecha": "15-06-2026", "edicion": "44475" }, "geometry": { "type": "Polygon", "coordinates": [ [ [ -70.059403828008811, -20.895315186337509 ], [ -70.057481110122026, -20.895327090448472 ], [ -70.057506425013258, -20.898940757934934 ], [ -70.059429188906748, -20.898928851577121 ], [ -70.059403828008811, -20.895315186337509 ] ] ] } },
{ "type": "Feature", "properties": { "cve": "2822689", "nombre": "LA ÚLTIMA BATALLA 1 AL 45", "solicitante": "Restovic Matas Pedro", "region": "REGIÓN DE ANTOFAGASTA", "provincia": "Provincia de Antofagasta", "comuna": null, "superficie_ha": 180.0, "datum_original": "PSAD56", "huso": 19, "epsg_origen": 24879, "tipo_publicacion": "mensura", "fuente_pdf": "http://www.diariooficial.interior.gob.cl/publicaciones/2026/06/15/44475/07/2822689.pdf", "archivo": "gm_mensura_2822689.pdf", "fecha": "15-06-2026", "edicion": "44475" }, "geometry": { "type": "Polygon", "coordinates": [ [ [ -70.48297337461301, -24.956396852436267 ], [ -70.471089818161914, -24.956514699672706 ], [ -70.471250812061143, -24.970056794809096 ], [ -70.483135667873825, -24.969938875030994 ], [ -70.48297337461301, -24.956396852436267 ] ] ] } },
{ "type": "Feature", "properties": { "cve": "2822782", "nombre": "BLANCA 1 A, 1 AL 20", "solicitante": "Norte Abierto SpA", "region": "REGIÓN DE ATACAMA", "provincia": "Provincia de Copiapó", "comuna": null, "superficie_ha": 100.0, "datum_original": "PSAD56", "huso": 19, "epsg_origen": 24879, "tipo_publicacion": "mensura", "fuente_pdf": "http://www.diariooficial.interior.gob.cl/publicaciones/2026/06/15/44475/07/2822782.pdf", "archivo": "gm_mensura_2822782.pdf", "fecha": "15-06-2026", "edicion": "44475" }, "geometry": { "type": "Polygon", "coordinates": [ [ [ -68.768116537093519, -26.954124317159479 ], [ -68.758041597589681, -26.954107396782494 ], [ -68.758022310257289, -26.963135973327834 ], [ -68.768098052851101, -26.963152900275968 ], [ -68.768116537093519, -26.954124317159479 ] ] ] } },
{ "type": "Feature", "properties": { "cve": "2822783", "nombre": "BLANCA 3 A, 1 AL 60", "solicitante": "Norte Abierto SpA", "region": "REGIÓN DE ATACAMA", "provincia": "Provincia de Copiapó", "comuna": null, "superficie_ha": 300.0, "datum_original": "PSAD56", "huso": 19, "epsg_origen": 24879, "tipo_publicacion": "mensura", "fuente_pdf": "http://www.diariooficial.interior.gob.cl/publicaciones/2026/06/15/44475/07/2822783.pdf", "archivo": "gm_mensura_2822783.pdf", "fecha": "15-06-2026", "edicion": "44475" }, "geometry": { "type": "Polygon", "coordinates": [ [ [ -68.659497473333857, -26.890703692341791 ], [ -68.649428262313293, -26.89067906842158 ], [ -68.649344616810225, -26.917764741859731 ], [ -68.659416230203476, -26.917789394519822 ], [ -68.659497473333857, -26.890703692341791 ] ] ] } },
{ "type": "Feature", "properties": { "cve": "2822785", "nombre": "BRASERO 5 ZC, 1 AL 20", "solicitante": "Norte Abierto SpA", "region": "REGIÓN DE ATACAMA", "provincia": "Provincia de Copiapó", "comuna": null, "superficie_ha": 86.0, "datum_original": "PSAD56", "huso": 19, "epsg_origen": 24879, "tipo_publicacion": "mensura", "fuente_pdf": "http://www.diariooficial.interior.gob.cl/publicaciones/2026/06/15/44475/07/2822785.pdf", "archivo": "gm_mensura_2822785.pdf", "fecha": "15-06-2026", "edicion": "44475" }, "geometry": { "type": "Polygon", "coordinates": [ [ [ -69.303783259921588, -26.833238433438485 ], [ -69.295731921921018, -26.833255489065841 ], [ -69.295734266521706, -26.834158358827647 ], [ -69.293721414954447, -26.834162551321008 ], [ -69.293726072569356, -26.835968290822112 ], [ -69.295738956053796, -26.83596409800213 ], [ -69.295741300985171, -26.83686696741481 ], [ -69.296747750542082, -26.836864860184949 ], [ -69.296752456696382, -26.838670598496993 ], [ -69.295745991178634, -26.83867270589101 ], [ -69.295748336440738, -26.83957557495453 ], [ -69.294741862831771, -26.839577675270981 ], [ -69.294746537723626, -26.841383413212473 ], [ -69.293740048041712, -26.841385506532337 ], [ -69.293742377670355, -26.842288375410021 ], [ -69.303807349320948, -26.842267119174977 ], [ -69.303783259921588, -26.833238433438485 ] ] ] } },
{ "type": "Feature", "properties": { "cve": "2822786", "nombre": "BRASERO 8 ZC, 1 AL 40", "solicitante": "Norte Abierto SpA", "region": "REGIÓN DE ATACAMA", "provincia": "Provincia de Copiapó", "comuna": null, "superficie_ha": 190.0, "datum_original": "PSAD56", "huso": 19, "epsg_origen": 24879, "tipo_publicacion": "mensura", "fuente_pdf": "http://www.diariooficial.interior.gob.cl/publicaciones/2026/06/15/44475/07/2822786.pdf", "archivo": "gm_mensura_2822786.pdf", "fecha": "15-06-2026", "edicion": "44475" }, "geometry": { "type": "Polygon", "coordinates": [ [ [ -69.128860243450134, -26.827853808537977 ], [ -69.109738998637624, -26.827869926940053 ], [ -69.109747698731709, -26.836898730405895 ], [ -69.12887045946465, -26.836882605723581 ], [ -69.128860243450134, -26.827853808537977 ] ] ] } },
{ "type": "Feature", "properties": { "cve": "2823314", "nombre": "INDIA 1 al 10", "solicitante": "Pastén Araya Nicolás André", "region": "REGIÓN DE ATACAMA", "provincia": "Provincia de Copiapó", "comuna": null, "superficie_ha": 80.0, "datum_original": "PSAD56", "huso": 19, "epsg_origen": 24879, "tipo_publicacion": "mensura", "fuente_pdf": "http://www.diariooficial.interior.gob.cl/publicaciones/2026/06/15/44475/07/2823314.pdf", "archivo": "gm_mensura_2823314.pdf", "fecha": "15-06-2026", "edicion": "44475" }, "geometry": { "type": "Polygon", "coordinates": [ [ [ -69.352476899439509, -27.375405414467714 ], [ -69.344386724637204, -27.375425607963468 ], [ -69.344414677753178, -27.38445355483195 ], [ -69.352505509184468, -27.38443335357757 ], [ -69.352476899439509, -27.375405414467714 ] ] ] } },
{ "type": "Feature", "properties": { "cve": "2823315", "nombre": "INDIA II 1 al 20", "solicitante": "Araya Altamirano Ercilia Ernestina", "region": "REGIÓN DE ATACAMA", "provincia": "Provincia de Copiapó", "comuna": null, "superficie_ha": 100.0, "datum_original": "PSAD56", "huso": 19, "epsg_origen": 24879, "tipo_publicacion": "mensura", "fuente_pdf": "http://www.diariooficial.interior.gob.cl/publicaciones/2026/06/15/44475/07/2823315.pdf", "archivo": "gm_mensura_2823315.pdf", "fecha": "15-06-2026", "edicion": "44475" }, "geometry": { "type": "Polygon", "coordinates": [ [ [ -69.357345500402047, -27.379907041982612 ], [ -69.352288940169629, -27.379919896147744 ], [ -69.352346153517786, -27.397975751148078 ], [ -69.357403534916585, -27.397962887105773 ], [ -69.357345500402047, -27.379907041982612 ] ] ] } },
{ "type": "Feature", "properties": { "cve": "2822816", "nombre": "MARICUNGA IV 14, 1 AL 60", "solicitante": "Fénix Gold Limitada", "region": "REGIÓN DE ATACAMA", "provincia": "Provincia de Copiapó", "comuna": null, "superficie_ha": 300.0, "datum_original": "PSAD56", "huso": 19, "epsg_origen": 24879, "tipo_publicacion": "mensura", "fuente_pdf": "http://www.diariooficial.interior.gob.cl/publicaciones/2026/06/15/44475/07/2822816.pdf", "archivo": "gm_mensura_2822816.pdf", "fecha": "15-06-2026", "edicion": "44475" }, "geometry": { "type": "Polygon", "coordinates": [ [ [ -69.193266772693732, -26.945153868459084 ], [ -69.183192597491797, -26.945167307342444 ], [ -69.183236409934025, -26.972253140123875 ], [ -69.19331299444562, -26.972239685577197 ], [ -69.193266772693732, -26.945153868459084 ] ] ] } },
{ "type": "Feature", "properties": { "cve": "2822817", "nombre": "MARICUNGA IV 21, 1 AL 60", "solicitante": "Fénix Gold Limitada", "region": "REGIÓN DE ATACAMA", "provincia": "Provincia de Copiapó", "comuna": null, "superficie_ha": 300.0, "datum_original": "PSAD56", "huso": 19, "epsg_origen": 24879, "tipo_publicacion": "mensura", "fuente_pdf": "http://www.diariooficial.interior.gob.cl/publicaciones/2026/06/15/44475/07/2822817.pdf", "archivo": "gm_mensura_2822817.pdf", "fecha": "15-06-2026", "edicion": "44475" }, "geometry": { "type": "Polygon", "coordinates": [ [ [ -69.273851156692601, -26.941409035189288 ], [ -69.243629769879718, -26.941464447279817 ], [ -69.243649179848049, -26.950493039022263 ], [ -69.273872974327602, -26.950437605405099 ], [ -69.273851156692601, -26.941409035189288 ] ] ] } },
{ "type": "Feature", "properties": { "cve": "2822811", "nombre": "MARICUNGA IV 4, 1 AL 60", "solicitante": "Fénix Gold Limitada", "region": "REGIÓN DE ATACAMA", "provincia": "Provincia de Copiapó", "comuna": null, "superficie_ha": 300.0, "datum_original": "PSAD56", "huso": 19, "epsg_origen": 24879, "tipo_publicacion": "mensura", "fuente_pdf": "http://www.diariooficial.interior.gob.cl/publicaciones/2026/06/15/44475/07/2822811.pdf", "archivo": "gm_mensura_2822811.pdf", "fecha": "15-06-2026", "edicion": "44475" }, "geometry": { "type": "Polygon", "coordinates": [ [ [ -69.233507617158708, -26.918007069426292 ], [ -69.223435879009898, -26.918023366278231 ], [ -69.223489253434408, -26.945109236334144 ], [ -69.233563397470675, -26.945092920474583 ], [ -69.233507617158708, -26.918007069426292 ] ] ] } },
{ "type": "Feature", "properties": { "cve": "2822812", "nombre": "MARICUNGA IV 5, 1 AL 40", "solicitante": "Fénix Gold Limitada", "region": "REGIÓN DE ATACAMA", "provincia": "Provincia de Copiapó", "comuna": null, "superficie_ha": 200.0, "datum_original": "PSAD56", "huso": 19, "epsg_origen": 24879, "tipo_publicacion": "mensura", "fuente_pdf": "http://www.diariooficial.interior.gob.cl/publicaciones/2026/06/15/44475/07/2822812.pdf", "archivo": "gm_mensura_2822812.pdf", "fecha": "15-06-2026", "edicion": "44475" }, "geometry": { "type": "Polygon", "coordinates": [ [ [ -69.223453662132826, -26.927052001287727 ], [ -69.213381114047294, -26.927067585792372 ], [ -69.213415101041718, -26.945124832952875 ], [ -69.223489253434408, -26.945109236334144 ], [ -69.223453662132826, -26.927052001287727 ] ] ] } },
{ "type": "Feature", "properties": { "cve": "2822813", "nombre": "MARICUNGA IV 6, 1 AL 40", "solicitante": "Fénix Gold Limitada", "region": "REGIÓN DE ATACAMA", "provincia": "Provincia de Copiapó", "comuna": null, "superficie_ha": 200.0, "datum_original": "PSAD56", "huso": 19, "epsg_origen": 24879, "tipo_publicacion": "mensura", "fuente_pdf": "http://www.diariooficial.interior.gob.cl/publicaciones/2026/06/15/44475/07/2822813.pdf", "archivo": "gm_mensura_2822813.pdf", "fecha": "15-06-2026", "edicion": "44475" }, "geometry": { "type": "Polygon", "coordinates": [ [ [ -69.213381114047294, -26.927067585792372 ], [ -69.203308557987469, -26.927082451612598 ], [ -69.203340940669264, -26.945139710328554 ], [ -69.213415101041718, -26.945124832952875 ], [ -69.213381114047294, -26.927067585792372 ] ] ] } },
{ "type": "Feature", "properties": { "cve": "2822814", "nombre": "MARICUNGA IV 7, 1 AL 40", "solicitante": "Fénix Gold Limitada", "region": "REGIÓN DE ATACAMA", "provincia": "Provincia de Copiapó", "comuna": null, "superficie_ha": 200.0, "datum_original": "PSAD56", "huso": 19, "epsg_origen": 24879, "tipo_publicacion": "mensura", "fuente_pdf": "http://www.diariooficial.interior.gob.cl/publicaciones/2026/06/15/44475/07/2822814.pdf", "archivo": "gm_mensura_2822814.pdf", "fecha": "15-06-2026", "edicion": "44475" }, "geometry": { "type": "Polygon", "coordinates": [ [ [ -69.203308557987469, -26.927082451612598 ], [ -69.193235994329783, -26.927096598746314 ], [ -69.193266772693732, -26.945153868459084 ], [ -69.203340940669264, -26.945139710328554 ], [ -69.203308557987469, -26.927082451612598 ] ] ] } },
{ "type": "Feature", "properties": { "cve": "2822815", "nombre": "MARICUNGA IV 8, 1 AL 20", "solicitante": "Fénix Gold Limitada", "region": "REGIÓN DE ATACAMA", "provincia": "Provincia de Copiapó", "comuna": null, "superficie_ha": 100.0, "datum_original": "PSAD56", "huso": 19, "epsg_origen": 24879, "tipo_publicacion": "mensura", "fuente_pdf": "http://www.diariooficial.interior.gob.cl/publicaciones/2026/06/15/44475/07/2822815.pdf", "archivo": "gm_mensura_2822815.pdf", "fecha": "15-06-2026", "edicion": "44475" }, "geometry": { "type": "Polygon", "coordinates": [ [ [ -69.193251379899678, -26.936125239431007 ], [ -69.183178007047431, -26.936138673094874 ], [ -69.183192597491797, -26.945167307342444 ], [ -69.193266772693732, -26.945153868459084 ], [ -69.193251379899678, -26.936125239431007 ] ] ] } },
{ "type": "Feature", "properties": { "cve": "2822216", "nombre": "RAMCES 1 AL 2", "solicitante": "Valencia Herrera Davino Daydo", "region": "REGIÓN DE ATACAMA", "provincia": "Provincia de Copiapó", "comuna": null, "superficie_ha": 2.0, "datum_original": "PSAD56", "huso": 19, "epsg_origen": 24879, "tipo_publicacion": "mensura", "fuente_pdf": "http://www.diariooficial.interior.gob.cl/publicaciones/2026/06/15/44475/07/2822216.pdf", "archivo": "gm_mensura_2822216.pdf", "fecha": "15-06-2026", "edicion": "44475" }, "geometry": { "type": "Polygon", "coordinates": [ [ [ -70.487375890715697, -27.640607491698308 ], [ -70.485349139795375, -27.640629216554046 ], [ -70.485361329064702, -27.64153168884997 ], [ -70.487388096602274, -27.641509963165323 ], [ -70.487375890715697, -27.640607491698308 ] ] ] } },
{ "type": "Feature", "properties": { "cve": "2822528", "nombre": "ANTONELLA 10 1 AL 10", "solicitante": "García Díaz Hugo y otra", "region": "REGIÓN DE ATACAMA", "provincia": "Provincia de Chañaral", "comuna": null, "superficie_ha": 100.0, "datum_original": "PSAD56", "huso": 19, "epsg_origen": 24879, "tipo_publicacion": "mensura", "fuente_pdf": "http://www.diariooficial.interior.gob.cl/publicaciones/2026/06/15/44475/07/2822528.pdf", "archivo": "gm_mensura_2822528.pdf", "fecha": "15-06-2026", "edicion": "44475" }, "geometry": { "type": "Polygon", "coordinates": [ [ [ -69.937370090397522, -26.77966751161015 ], [ -69.927311842423279, -26.779733697439905 ], [ -69.927385203338417, -26.788761391837038 ], [ -69.937444246751994, -26.788695180190071 ], [ -69.937370090397522, -26.77966751161015 ] ] ] } },
{ "type": "Feature", "properties": { "cve": "2822529", "nombre": "ANTONELLA 11 1 AL 10", "solicitante": "García Díaz Hugo y otra", "region": "REGIÓN DE ATACAMA", "provincia": "Provincia de Chañaral", "comuna": null, "superficie_ha": 100.0, "datum_original": "PSAD56", "huso": 19, "epsg_origen": 24879, "tipo_publicacion": "mensura", "fuente_pdf": "http://www.diariooficial.interior.gob.cl/publicaciones/2026/06/15/44475/07/2822529.pdf", "archivo": "gm_mensura_2822529.pdf", "fecha": "15-06-2026", "edicion": "44475" }, "geometry": { "type": "Polygon", "coordinates": [ [ [ -69.937295968918846, -26.77063983124042 ], [ -69.927238516009936, -26.77070599125695 ], [ -69.927311842423279, -26.779733697439905 ], [ -69.937370090397522, -26.77966751161015 ], [ -69.937295968918846, -26.77063983124042 ] ] ] } },
{ "type": "Feature", "properties": { "cve": "2822530", "nombre": "ANTONELLA 13 1 AL 10", "solicitante": "García Díaz Hugo y otra", "region": "REGIÓN DE ATACAMA", "provincia": "Provincia de Chañaral", "comuna": null, "superficie_ha": 100.0, "datum_original": "PSAD56", "huso": 19, "epsg_origen": 24879, "tipo_publicacion": "mensura", "fuente_pdf": "http://www.diariooficial.interior.gob.cl/publicaciones/2026/06/15/44475/07/2822530.pdf", "archivo": "gm_mensura_2822530.pdf", "fecha": "15-06-2026", "edicion": "44475" }, "geometry": { "type": "Polygon", "coordinates": [ [ [ -69.927311842423279, -26.779733697439905 ], [ -69.917253559947525, -26.779799169454648 ], [ -69.91732612541152, -26.788826889390574 ], [ -69.927385203338417, -26.788761391837038 ], [ -69.927311842423279, -26.779733697439905 ] ] ] } },
{ "type": "Feature", "properties": { "cve": "2822531", "nombre": "ANTONELLA 14 1 AL 10", "solicitante": "García Díaz Hugo y otra", "region": "REGIÓN DE ATACAMA", "provincia": "Provincia de Chañaral", "comuna": null, "superficie_ha": 100.0, "datum_original": "PSAD56", "huso": 19, "epsg_origen": 24879, "tipo_publicacion": "mensura", "fuente_pdf": "http://www.diariooficial.interior.gob.cl/publicaciones/2026/06/15/44475/07/2822531.pdf", "archivo": "gm_mensura_2822531.pdf", "fecha": "15-06-2026", "edicion": "44475" }, "geometry": { "type": "Polygon", "coordinates": [ [ [ -69.917253559947525, -26.779799169454648 ], [ -69.907195243344276, -26.779863927645131 ], [ -69.907267013345518, -26.788891672841419 ], [ -69.91732612541152, -26.788826889390574 ], [ -69.917253559947525, -26.779799169454648 ] ] ] } },
{ "type": "Feature", "properties": { "cve": "2822532", "nombre": "ANTONELLA 16 1 AL 10", "solicitante": "García Díaz Hugo y otra", "region": "REGIÓN DE ATACAMA", "provincia": "Provincia de Chañaral", "comuna": null, "superficie_ha": 100.0, "datum_original": "PSAD56", "huso": 19, "epsg_origen": 24879, "tipo_publicacion": "mensura", "fuente_pdf": "http://www.diariooficial.interior.gob.cl/publicaciones/2026/06/15/44475/07/2822532.pdf", "archivo": "gm_mensura_2822532.pdf", "fecha": "15-06-2026", "edicion": "44475" }, "geometry": { "type": "Polygon", "coordinates": [ [ [ -69.927385203338417, -26.788761391837038 ], [ -69.91732612541152, -26.788826889390574 ], [ -69.91739872501492, -26.797854597541839 ], [ -69.927458598767075, -26.797789074445575 ], [ -69.927385203338417, -26.788761391837038 ] ] ] } },
{ "type": "Feature", "properties": { "cve": "2822533", "nombre": "ANTONELLA 17 1 AL 10", "solicitante": "García Díaz Hugo y otra", "region": "REGIÓN DE ATACAMA", "provincia": "Provincia de Chañaral", "comuna": null, "superficie_ha": 100.0, "datum_original": "PSAD56", "huso": 19, "epsg_origen": 24879, "tipo_publicacion": "mensura", "fuente_pdf": "http://www.diariooficial.interior.gob.cl/publicaciones/2026/06/15/44475/07/2822533.pdf", "archivo": "gm_mensura_2822533.pdf", "fecha": "15-06-2026", "edicion": "44475" }, "geometry": { "type": "Polygon", "coordinates": [ [ [ -69.91732612541152, -26.788826889390574 ], [ -69.907267013345518, -26.788891672841419 ], [ -69.907338817111977, -26.797919406256955 ], [ -69.91739872501492, -26.797854597541839 ], [ -69.91732612541152, -26.788826889390574 ] ] ] } },
{ "type": "Feature", "properties": { "cve": "2822534", "nombre": "ANTONELLA 18 1 AL 10", "solicitante": "García Díaz Hugo y otra", "region": "REGIÓN DE ATACAMA", "provincia": "Provincia de Chañaral", "comuna": null, "superficie_ha": 100.0, "datum_original": "PSAD56", "huso": 19, "epsg_origen": 24879, "tipo_publicacion": "mensura", "fuente_pdf": "http://www.diariooficial.interior.gob.cl/publicaciones/2026/06/15/44475/07/2822534.pdf", "archivo": "gm_mensura_2822534.pdf", "fecha": "15-06-2026", "edicion": "44475" }, "geometry": { "type": "Polygon", "coordinates": [ [ [ -69.927458598767075, -26.797789074445575 ], [ -69.91739872501492, -26.797854597541839 ], [ -69.917471358769319, -26.806882293905669 ], [ -69.92753202872106, -26.806816745262743 ], [ -69.927458598767075, -26.797789074445575 ] ] ] } },
{ "type": "Feature", "properties": { "cve": "2822535", "nombre": "ANTONELLA 20 1 AL 10", "solicitante": "García Díaz Hugo y otra", "region": "REGIÓN DE ATACAMA", "provincia": "Provincia de Chañaral", "comuna": null, "superficie_ha": 100.0, "datum_original": "PSAD56", "huso": 19, "epsg_origen": 24879, "tipo_publicacion": "mensura", "fuente_pdf": "http://www.diariooficial.interior.gob.cl/publicaciones/2026/06/15/44475/07/2822535.pdf", "archivo": "gm_mensura_2822535.pdf", "fecha": "15-06-2026", "edicion": "44475" }, "geometry": { "type": "Polygon", "coordinates": [ [ [ -69.937592664135948, -26.806750481969427 ], [ -69.92753202872106, -26.806816745262743 ], [ -69.927605493212155, -26.815844404285805 ], [ -69.937666925189234, -26.815778115163354 ], [ -69.937592664135948, -26.806750481969427 ] ] ] } },
{ "type": "Feature", "properties": { "cve": "2822536", "nombre": "ANTONELLA 21 1 AL 10", "solicitante": "García Díaz Hugo y otra", "region": "REGIÓN DE ATACAMA", "provincia": "Provincia de Chañaral", "comuna": null, "superficie_ha": 100.0, "datum_original": "PSAD56", "huso": 19, "epsg_origen": 24879, "tipo_publicacion": "mensura", "fuente_pdf": "http://www.diariooficial.interior.gob.cl/publicaciones/2026/06/15/44475/07/2822536.pdf", "archivo": "gm_mensura_2822536.pdf", "fecha": "15-06-2026", "edicion": "44475" }, "geometry": { "type": "Polygon", "coordinates": [ [ [ -69.92753202872106, -26.806816745262743 ], [ -69.917471358769319, -26.806882293905669 ], [ -69.917544026686429, -26.815909978479336 ], [ -69.927605493212155, -26.815844404285805 ], [ -69.92753202872106, -26.806816745262743 ] ] ] } },
{ "type": "Feature", "properties": { "cve": "2822537", "nombre": "ANTONELLA 23 1 AL 10", "solicitante": "García Díaz Hugo y otra", "region": "REGIÓN DE ATACAMA", "provincia": "Provincia de Chañaral", "comuna": null, "superficie_ha": 100.0, "datum_original": "PSAD56", "huso": 19, "epsg_origen": 24879, "tipo_publicacion": "mensura", "fuente_pdf": "http://www.diariooficial.interior.gob.cl/publicaciones/2026/06/15/44475/07/2822537.pdf", "archivo": "gm_mensura_2822537.pdf", "fecha": "15-06-2026", "edicion": "44475" }, "geometry": { "type": "Polygon", "coordinates": [ [ [ -69.937666925189234, -26.815778115163354 ], [ -69.927605493212155, -26.815844404285805 ], [ -69.927678992252169, -26.824872051511985 ], [ -69.937741221165979, -26.824805736556407 ], [ -69.937666925189234, -26.815778115163354 ] ] ] } },
{ "type": "Feature", "properties": { "cve": "2822538", "nombre": "ANTONELLA 24 1 AL 10", "solicitante": "García Díaz Hugo y otra", "region": "REGIÓN DE ATACAMA", "provincia": "Provincia de Chañaral", "comuna": null, "superficie_ha": 100.0, "datum_original": "PSAD56", "huso": 19, "epsg_origen": 24879, "tipo_publicacion": "mensura", "fuente_pdf": "http://www.diariooficial.interior.gob.cl/publicaciones/2026/06/15/44475/07/2822538.pdf", "archivo": "gm_mensura_2822538.pdf", "fecha": "15-06-2026", "edicion": "44475" }, "geometry": { "type": "Polygon", "coordinates": [ [ [ -69.927605493212155, -26.815844404285805 ], [ -69.917544026686429, -26.815909978479336 ], [ -69.917616728777887, -26.824937651260068 ], [ -69.927678992252169, -26.824872051511985 ], [ -69.927605493212155, -26.815844404285805 ] ] ] } },
{ "type": "Feature", "properties": { "cve": "2822539", "nombre": "ANTONELLA 26 1 AL 10", "solicitante": "García Díaz Hugo y otra", "region": "REGIÓN DE ATACAMA", "provincia": "Provincia de Chañaral", "comuna": null, "superficie_ha": 100.0, "datum_original": "PSAD56", "huso": 19, "epsg_origen": 24879, "tipo_publicacion": "mensura", "fuente_pdf": "http://www.diariooficial.interior.gob.cl/publicaciones/2026/06/15/44475/07/2822539.pdf", "archivo": "gm_mensura_2822539.pdf", "fecha": "15-06-2026", "edicion": "44475" }, "geometry": { "type": "Polygon", "coordinates": [ [ [ -69.937741221165979, -26.824805736556407 ], [ -69.927678992252169, -26.824872051511985 ], [ -69.927752525852867, -26.833899686938523 ], [ -69.937815552078092, -26.833833346145834 ], [ -69.937741221165979, -26.824805736556407 ] ] ] } },
{ "type": "Feature", "properties": { "cve": "2822540", "nombre": "ANTONELLA 27 1 AL 10", "solicitante": "García Díaz Hugo y otra", "region": "REGIÓN DE ATACAMA", "provincia": "Provincia de Chañaral", "comuna": null, "superficie_ha": 100.0, "datum_original": "PSAD56", "huso": 19, "epsg_origen": 24879, "tipo_publicacion": "mensura", "fuente_pdf": "http://www.diariooficial.interior.gob.cl/publicaciones/2026/06/15/44475/07/2822540.pdf", "archivo": "gm_mensura_2822540.pdf", "fecha": "15-06-2026", "edicion": "44475" }, "geometry": { "type": "Polygon", "coordinates": [ [ [ -69.927678992252169, -26.824872051511985 ], [ -69.917616728777887, -26.824937651260068 ], [ -69.917689465055375, -26.833965312245095 ], [ -69.927752525852867, -26.833899686938523 ], [ -69.927678992252169, -26.824872051511985 ] ] ] } },
{ "type": "Feature", "properties": { "cve": "2822541", "nombre": "ANTONELLA 29 1 AL 10", "solicitante": "García Díaz Hugo y otra", "region": "REGIÓN DE ATACAMA", "provincia": "Provincia de Chañaral", "comuna": null, "superficie_ha": 100.0, "datum_original": "PSAD56", "huso": 19, "epsg_origen": 24879, "tipo_publicacion": "mensura", "fuente_pdf": "http://www.diariooficial.interior.gob.cl/publicaciones/2026/06/15/44475/07/2822541.pdf", "archivo": "gm_mensura_2822541.pdf", "fecha": "15-06-2026", "edicion": "44475" }, "geometry": { "type": "Polygon", "coordinates": [ [ [ -69.927752525852867, -26.833899686938523 ], [ -69.917689465055375, -26.833965312245095 ], [ -69.917762235530589, -26.842992961431676 ], [ -69.927826094026088, -26.842927310562679 ], [ -69.927752525852867, -26.833899686938523 ] ] ] } },
{ "type": "Feature", "properties": { "cve": "2822523", "nombre": "ANTONELLA 5 1 AL 10", "solicitante": "García Díaz Hugo y otra", "region": "REGIÓN DE ATACAMA", "provincia": "Provincia de Chañaral", "comuna": null, "superficie_ha": 100.0, "datum_original": "PSAD56", "huso": 19, "epsg_origen": 24879, "tipo_publicacion": "mensura", "fuente_pdf": "http://www.diariooficial.interior.gob.cl/publicaciones/2026/06/15/44475/07/2822523.pdf", "archivo": "gm_mensura_2822523.pdf", "fecha": "15-06-2026", "edicion": "44475" }, "geometry": { "type": "Polygon", "coordinates": [ [ [ -69.952698640019207, -26.808455266810565 ], [ -69.942637897832753, -26.808522607310898 ], [ -69.942712564183878, -26.817550225125437 ], [ -69.95277410298948, -26.817482858377346 ], [ -69.952698640019207, -26.808455266810565 ] ] ] } },
{ "type": "Feature", "properties": { "cve": "2822524", "nombre": "ANTONELLA 6 1 AL 10", "solicitante": "García Díaz Hugo y otra", "region": "REGIÓN DE ATACAMA", "provincia": "Provincia de Chañaral", "comuna": null, "superficie_ha": 100.0, "datum_original": "PSAD56", "huso": 19, "epsg_origen": 24879, "tipo_publicacion": "mensura", "fuente_pdf": "http://www.diariooficial.interior.gob.cl/publicaciones/2026/06/15/44475/07/2822524.pdf", "archivo": "gm_mensura_2822524.pdf", "fecha": "15-06-2026", "edicion": "44475" }, "geometry": { "type": "Polygon", "coordinates": [ [ [ -69.947593243963141, -26.799461409868467 ], [ -69.937533280430159, -26.799528366919528 ], [ -69.937607513553289, -26.808556009552159 ], [ -69.947668273337001, -26.808489026396625 ], [ -69.947593243963141, -26.799461409868467 ] ] ] } },
{ "type": "Feature", "properties": { "cve": "2822525", "nombre": "ANTONELLA 7 1 AL 10", "solicitante": "García Díaz Hugo y otra", "region": "REGIÓN DE ATACAMA", "provincia": "Provincia de Chañaral", "comuna": null, "superficie_ha": 100.0, "datum_original": "PSAD56", "huso": 19, "epsg_origen": 24879, "tipo_publicacion": "mensura", "fuente_pdf": "http://www.diariooficial.interior.gob.cl/publicaciones/2026/06/15/44475/07/2822525.pdf", "archivo": "gm_mensura_2822525.pdf", "fecha": "15-06-2026", "edicion": "44475" }, "geometry": { "type": "Polygon", "coordinates": [ [ [ -69.937518437994157, -26.797722836977425 ], [ -69.927458598767075, -26.797789074445575 ], [ -69.92753202872106, -26.806816745262743 ], [ -69.937592664135948, -26.806750481969427 ], [ -69.937518437994157, -26.797722836977425 ] ] ] } },
{ "type": "Feature", "properties": { "cve": "2822526", "nombre": "ANTONELLA 8 1 AL 10", "solicitante": "García Díaz Hugo y otra", "region": "REGIÓN DE ATACAMA", "provincia": "Provincia de Chañaral", "comuna": null, "superficie_ha": 100.0, "datum_original": "PSAD56", "huso": 19, "epsg_origen": 24879, "tipo_publicacion": "mensura", "fuente_pdf": "http://www.diariooficial.interior.gob.cl/publicaciones/2026/06/15/44475/07/2822526.pdf", "archivo": "gm_mensura_2822526.pdf", "fecha": "15-06-2026", "edicion": "44475" }, "geometry": { "type": "Polygon", "coordinates": [ [ [ -69.942473755399391, -26.788661806584468 ], [ -69.932414729382756, -26.788728375274644 ], [ -69.932488522719652, -26.7977560450074 ], [ -69.942548344543837, -26.79768945035681 ], [ -69.942473755399391, -26.788661806584468 ] ] ] } },
{ "type": "Feature", "properties": { "cve": "2822527", "nombre": "ANTONELLA 9 1 AL 10", "solicitante": "García Díaz Hugo y otra", "region": "REGIÓN DE ATACAMA", "provincia": "Provincia de Chañaral", "comuna": null, "superficie_ha": 100.0, "datum_original": "PSAD56", "huso": 19, "epsg_origen": 24879, "tipo_publicacion": "mensura", "fuente_pdf": "http://www.diariooficial.interior.gob.cl/publicaciones/2026/06/15/44475/07/2822527.pdf", "archivo": "gm_mensura_2822527.pdf", "fecha": "15-06-2026", "edicion": "44475" }, "geometry": { "type": "Polygon", "coordinates": [ [ [ -69.937444246751994, -26.788695180190071 ], [ -69.927385203338417, -26.788761391837038 ], [ -69.927458598767075, -26.797789074445575 ], [ -69.937518437994157, -26.797722836977425 ], [ -69.937444246751994, -26.788695180190071 ] ] ] } },
{ "type": "Feature", "properties": { "cve": "2822797", "nombre": "CHANNEL 15, 1 AL 27", "solicitante": "Obach González Rony Alberto", "region": "REGIÓN DE ATACAMA", "provincia": "Provincia de Huasco", "comuna": null, "superficie_ha": 99.0, "datum_original": "PSAD56", "huso": 19, "epsg_origen": 24879, "tipo_publicacion": "mensura", "fuente_pdf": "http://www.diariooficial.interior.gob.cl/publicaciones/2026/06/15/44475/07/2822797.pdf", "archivo": "gm_mensura_2822797.pdf", "fecha": "15-06-2026", "edicion": "44475" }, "geometry": { "type": "Polygon", "coordinates": [ [ [ -70.490245614234254, -28.981719625894392 ], [ -70.482036281122205, -28.981810354346784 ], [ -70.481971976263139, -28.977298877729872 ], [ -70.479919726058142, -28.977321477412463 ], [ -70.480163824665908, -28.994465087505702 ], [ -70.48119011916144, -28.994453783638107 ], [ -70.481177257667952, -28.993551489933719 ], [ -70.48220354267103, -28.993540178655021 ], [ -70.482190672863183, -28.992637885241443 ], [ -70.483216948373894, -28.992626566552222 ], [ -70.483204070252526, -28.991724273429735 ], [ -70.484230336270855, -28.991712947330601 ], [ -70.484204563992719, -28.989908361541001 ], [ -70.485230811616887, -28.989897028451502 ], [ -70.485217917461284, -28.988994735784662 ], [ -70.486244155593596, -28.988983395286699 ], [ -70.486231253127329, -28.988081102911792 ], [ -70.487257481767855, -28.988069755005938 ], [ -70.487244570991692, -28.987167462923217 ], [ -70.488270790140461, -28.987156107610073 ], [ -70.488257871055254, -28.986253815819815 ], [ -70.489284080712324, -28.986242453099965 ], [ -70.489271153318853, -28.985340161602469 ], [ -70.49029735348428, -28.985328791476505 ], [ -70.490245614234254, -28.981719625894392 ] ] ] } },
{ "type": "Feature", "properties": { "cve": "2823500", "nombre": "LA REGALADA 1 AL 33", "solicitante": "Espinoza Tapia Hernán Andrés", "region": "REGIÓN DE ATACAMA", "provincia": "Provincia de Huasco", "comuna": null, "superficie_ha": 165.0, "datum_original": "WGS84", "huso": 19, "epsg_origen": 32719, "tipo_publicacion": "mensura", "fuente_pdf": "http://www.diariooficial.interior.gob.cl/publicaciones/2026/06/15/44475/07/2823500.pdf", "archivo": "gm_mensura_2823500.pdf", "fecha": "15-06-2026", "edicion": "44475" }, "geometry": { "type": "Polygon", "coordinates": [ [ [ -70.816473615060573, -28.517552163239152 ], [ -70.805237404307306, -28.517701964740834 ], [ -70.805468045598928, -28.531235123518545 ], [ -70.816705689997633, -28.531085238059941 ], [ -70.816473615060573, -28.517552163239152 ] ] ] } },
{ "type": "Feature", "properties": { "cve": "2822491", "nombre": "EMA Y BENILDA 1 AL 17", "solicitante": "Extracción de Minerales Choapa Limitada", "region": "REGIÓN DE COQUIMBO", "provincia": "Provincia de Choapa", "comuna": null, "superficie_ha": 60.0, "datum_original": "PSAD56", "huso": 19, "epsg_origen": 24879, "tipo_publicacion": "mensura", "fuente_pdf": "http://www.diariooficial.interior.gob.cl/publicaciones/2026/06/15/44475/07/2822491.pdf", "archivo": "gm_mensura_2822491.pdf", "fecha": "15-06-2026", "edicion": "44475" }, "geometry": { "type": "Polygon", "coordinates": [ [ [ -70.86119965027531, -31.805894518630218 ], [ -70.850640434260683, -31.806048499499678 ], [ -70.850676395603202, -31.807851964351389 ], [ -70.85490017366125, -31.80779047271816 ], [ -70.854936220193295, -31.809593932719849 ], [ -70.845432517012071, -31.809732101636847 ], [ -70.845468382330736, -31.811535570743985 ], [ -70.857084236111334, -31.811366589537176 ], [ -70.857120330094389, -31.813170046281844 ], [ -70.858176332454846, -31.813154630759026 ], [ -70.858212450169219, -31.81495808587411 ], [ -70.859268472217508, -31.814942660519829 ], [ -70.859304613667064, -31.816746114004623 ], [ -70.861416696331688, -31.816715234876018 ], [ -70.86119965027531, -31.805894518630218 ] ] ] } },
{ "type": "Feature", "properties": { "cve": "2823612", "nombre": "DON DANIEL DEL 1 AL 10", "solicitante": "SLM Restauradora Primera de Punitaqui", "region": "REGIÓN DE COQUIMBO", "provincia": "Provincia de Limarí", "comuna": null, "superficie_ha": 100.0, "datum_original": "PSAD56", "huso": 19, "epsg_origen": 24879, "tipo_publicacion": "mensura", "fuente_pdf": "http://www.diariooficial.interior.gob.cl/publicaciones/2026/06/15/44475/07/2823612.pdf", "archivo": "gm_mensura_2823612.pdf", "fecha": "15-06-2026", "edicion": "44475" }, "geometry": { "type": "Polygon", "coordinates": [ [ [ -71.472772957416424, -31.096035324513796 ], [ -71.46229729348299, -31.09623593940962 ], [ -71.462529980643538, -31.105250627836153 ], [ -71.473006632072781, -31.105049941935903 ], [ -71.472772957416424, -31.096035324513796 ] ] ] } },
{ "type": "Feature", "properties": { "cve": "2823611", "nombre": "DON OCTAVIO DEL 1 AL 10", "solicitante": "SLM Restauradora Primera de Punitaqui", "region": "REGIÓN DE COQUIMBO", "provincia": "Provincia de Limarí", "comuna": null, "superficie_ha": 100.0, "datum_original": "PSAD56", "huso": 19, "epsg_origen": 24879, "tipo_publicacion": "mensura", "fuente_pdf": "http://www.diariooficial.interior.gob.cl/publicaciones/2026/06/15/44475/07/2823611.pdf", "archivo": "gm_mensura_2823611.pdf", "fecha": "15-06-2026", "edicion": "44475" }, "geometry": { "type": "Polygon", "coordinates": [ [ [ -71.483248516283354, -31.095833859622633 ], [ -71.472772957416424, -31.096035324513796 ], [ -71.473006632072781, -31.105049941935903 ], [ -71.483483178394351, -31.104848405739745 ], [ -71.483248516283354, -31.095833859622633 ] ] ] } },
{ "type": "Feature", "properties": { "cve": "2823475", "nombre": "CRISTINA DEL 1 AL 5", "solicitante": "Mena Díaz Juan Ramón", "region": "REGIÓN DE VALPARAÍSO", "provincia": "Provincia de Petorca", "comuna": null, "superficie_ha": 5.0, "datum_original": "PSAD56", "huso": 19, "epsg_origen": 24879, "tipo_publicacion": "mensura", "fuente_pdf": "http://www.diariooficial.interior.gob.cl/publicaciones/2026/06/15/44475/07/2823475.pdf", "archivo": "gm_mensura_2823475.pdf", "fecha": "15-06-2026", "edicion": "44475" }, "geometry": { "type": "Polygon", "coordinates": [ [ [ -70.917925809460016, -32.499685979727779 ], [ -70.916861898177331, -32.499702195309546 ], [ -70.916957556553186, -32.504210186192047 ], [ -70.918021520849578, -32.504193967810096 ], [ -70.917925809460016, -32.499685979727779 ] ] ] } },
{ "type": "Feature", "properties": { "cve": "2823456", "nombre": "AMANDA 1 al 286", "solicitante": "SCM Lidia 1 al 16", "region": "REGIÓN DE VALPARAÍSO", "provincia": "Provincia de San Antonio", "comuna": null, "superficie_ha": 132.0, "datum_original": "WGS84", "huso": 19, "epsg_origen": 32719, "tipo_publicacion": "mensura", "fuente_pdf": "http://www.diariooficial.interior.gob.cl/publicaciones/2026/06/15/44475/07/2823456.pdf", "archivo": "gm_mensura_2823456.pdf", "fecha": "15-06-2026", "edicion": "44475" }, "geometry": { "type": "Polygon", "coordinates": [ [ [ -71.550295195652055, -33.579111018419319 ], [ -71.542759623185617, -33.579266171853284 ], [ -71.542865398686857, -33.582870421378253 ], [ -71.528870030717229, -33.583157386775369 ], [ -71.528659659722251, -33.575948807433591 ], [ -71.526506687267002, -33.575992803721086 ], [ -71.526822003829892, -33.586805687062295 ], [ -71.550507390813422, -33.586319472947785 ], [ -71.550295195652055, -33.579111018419319 ] ] ] } },
{ "type": "Feature", "properties": { "cve": "2823099", "nombre": "LUCIA 2, 1 AL 20", "solicitante": "CVE Proyecto Treinta y Cuatro SpA", "region": "REGIÓN METROPOLITANA DE SANTIAGO", "provincia": "Provincia de Chacabuco", "comuna": null, "superficie_ha": 100.0, "datum_original": "PSAD56", "huso": 19, "epsg_origen": 24879, "tipo_publicacion": "mensura", "fuente_pdf": "http://www.diariooficial.interior.gob.cl/publicaciones/2026/06/15/44475/07/2823099.pdf", "archivo": "gm_mensura_2823099.pdf", "fecha": "15-06-2026", "edicion": "44475" }, "geometry": { "type": "Polygon", "coordinates": [ [ [ -70.854829042591533, -33.091705514627812 ], [ -70.844118776087896, -33.091864442397259 ], [ -70.844307076190177, -33.100879938131676 ], [ -70.855018434778174, -33.100720955992074 ], [ -70.854829042591533, -33.091705514627812 ] ] ] } },
{ "type": "Feature", "properties": { "cve": "2823321", "nombre": "SHEFA 1 AL 10", "solicitante": "Medina Granifo Miguel Humberto", "region": "REGIÓN METROPOLITANA DE SANTIAGO", "provincia": "Provincia de Melipilla", "comuna": null, "superficie_ha": 100.0, "datum_original": "PSAD56", "huso": 19, "epsg_origen": 24879, "tipo_publicacion": "mensura", "fuente_pdf": "http://www.diariooficial.interior.gob.cl/publicaciones/2026/06/15/44475/07/2823321.pdf", "archivo": "gm_mensura_2823321.pdf", "fecha": "15-06-2026", "edicion": "44475" }, "geometry": { "type": "Polygon", "coordinates": [ [ [ -71.211048733516748, -34.009134204790463 ], [ -71.200227063779366, -34.009328328162013 ], [ -71.200459645768973, -34.018340492332484 ], [ -71.211282457178385, -34.018146303477003 ], [ -71.211048733516748, -34.009134204790463 ] ] ] } },
{ "type": "Feature", "properties": { "cve": "2823322", "nombre": "SHEFA 2, 1 AL 10", "solicitante": "Medina Granifo Miguel Humberto", "region": "REGIÓN METROPOLITANA DE SANTIAGO", "provincia": "Provincia de Melipilla", "comuna": null, "superficie_ha": 100.0, "datum_original": "PSAD56", "huso": 19, "epsg_origen": 24879, "tipo_publicacion": "mensura", "fuente_pdf": "http://www.diariooficial.interior.gob.cl/publicaciones/2026/06/15/44475/07/2823322.pdf", "archivo": "gm_mensura_2823322.pdf", "fecha": "15-06-2026", "edicion": "44475" }, "geometry": { "type": "Polygon", "coordinates": [ [ [ -71.200227063779366, -34.009328328162013 ], [ -71.189405290703874, -34.009521500512712 ], [ -71.189636730977384, -34.018533729846588 ], [ -71.200459645768973, -34.018340492332484 ], [ -71.200227063779366, -34.009328328162013 ] ] ] } },
{ "type": "Feature", "properties": { "cve": "2823323", "nombre": "SHEFA 3, 1 AL 10", "solicitante": "Medina Granifo Miguel Humberto", "region": "REGIÓN METROPOLITANA DE SANTIAGO", "provincia": "Provincia de Melipilla", "comuna": null, "superficie_ha": 100.0, "datum_original": "PSAD56", "huso": 19, "epsg_origen": 24879, "tipo_publicacion": "mensura", "fuente_pdf": "http://www.diariooficial.interior.gob.cl/publicaciones/2026/06/15/44475/07/2823323.pdf", "archivo": "gm_mensura_2823323.pdf", "fecha": "15-06-2026", "edicion": "44475" }, "geometry": { "type": "Polygon", "coordinates": [ [ [ -71.189405290703874, -34.009521500512712 ], [ -71.178583414796861, -34.009713721812432 ], [ -71.17881371331039, -34.018726015989202 ], [ -71.189636730977384, -34.018533729846588 ], [ -71.189405290703874, -34.009521500512712 ] ] ] } },
{ "type": "Feature", "properties": { "cve": "2823324", "nombre": "SHEFA 4, 1 AL 10", "solicitante": "Medina Granifo Miguel Humberto", "region": "REGIÓN METROPOLITANA DE SANTIAGO", "provincia": "Provincia de Melipilla", "comuna": null, "superficie_ha": 100.0, "datum_original": "PSAD56", "huso": 19, "epsg_origen": 24879, "tipo_publicacion": "mensura", "fuente_pdf": "http://www.diariooficial.interior.gob.cl/publicaciones/2026/06/15/44475/07/2823324.pdf", "archivo": "gm_mensura_2823324.pdf", "fecha": "15-06-2026", "edicion": "44475" }, "geometry": { "type": "Polygon", "coordinates": [ [ [ -71.178583414796861, -34.009713721812432 ], [ -71.16776143656493, -34.009904992031274 ], [ -71.167990593274823, -34.018917350730398 ], [ -71.17881371331039, -34.018726015989202 ], [ -71.178583414796861, -34.009713721812432 ] ] ] } },
{ "type": "Feature", "properties": { "cve": "2823325", "nombre": "SHEFA 5, 1 AL 9", "solicitante": "Medina Granifo Miguel Humberto", "region": "REGIÓN METROPOLITANA DE SANTIAGO", "provincia": "Provincia de Melipilla", "comuna": null, "superficie_ha": 90.0, "datum_original": "PSAD56", "huso": 19, "epsg_origen": 24879, "tipo_publicacion": "mensura", "fuente_pdf": "http://www.diariooficial.interior.gob.cl/publicaciones/2026/06/15/44475/07/2823325.pdf", "archivo": "gm_mensura_2823325.pdf", "fecha": "15-06-2026", "edicion": "44475" }, "geometry": { "type": "Polygon", "coordinates": [ [ [ -71.184980535957067, -34.018526406980477 ], [ -71.178486718047083, -34.018641646986062 ], [ -71.178832304828077, -34.032160063820591 ], [ -71.18532715089674, -34.032044765507777 ], [ -71.184980535957067, -34.018526406980477 ] ] ] } },
{ "type": "Feature", "properties": { "cve": "2822970", "nombre": "OBSERVATORIO 4, 1 AL 60", "solicitante": "Verano Energy SpA", "region": "REGIÓN DEL LIBERTADOR GENERAL BERNARDO O’HIGGINS", "provincia": "Provincia Cardenal Caro", "comuna": null, "superficie_ha": 300.0, "datum_original": "PSAD56", "huso": 19, "epsg_origen": 24879, "tipo_publicacion": "mensura", "fuente_pdf": "http://www.diariooficial.interior.gob.cl/publicaciones/2026/06/15/44475/07/2822970.pdf", "archivo": "gm_mensura_2822970.pdf", "fecha": "15-06-2026", "edicion": "44475" }, "geometry": { "type": "Polygon", "coordinates": [ [ [ -71.605292470543915, -34.367426180344054 ], [ -71.572698969915322, -34.368115993807905 ], [ -71.572974583973831, -34.37712517757442 ], [ -71.605571566782572, -34.376435132658436 ], [ -71.605292470543915, -34.367426180344054 ] ] ] } },
{ "type": "Feature", "properties": { "cve": "2822971", "nombre": "OBSERVATORIO 6, 1 AL 60", "solicitante": "Verano Energy SpA", "region": "REGIÓN DEL LIBERTADOR GENERAL BERNARDO O’HIGGINS", "provincia": "Provincia Cardenal Caro", "comuna": null, "superficie_ha": 300.0, "datum_original": "PSAD56", "huso": 19, "epsg_origen": 24879, "tipo_publicacion": "mensura", "fuente_pdf": "http://www.diariooficial.interior.gob.cl/publicaciones/2026/06/15/44475/07/2822971.pdf", "archivo": "gm_mensura_2822971.pdf", "fecha": "15-06-2026", "edicion": "44475" }, "geometry": { "type": "Polygon", "coordinates": [ [ [ -71.601225366556577, -34.376527639528149 ], [ -71.568628236062679, -34.377216528540643 ], [ -71.568903507991109, -34.386225727630112 ], [ -71.601504122272189, -34.385536607504172 ], [ -71.601225366556577, -34.376527639528149 ] ] ] } },
{ "type": "Feature", "properties": { "cve": "2822972", "nombre": "OBSERVATORIO 7, 1 AL 40", "solicitante": "Verano Energy SpA", "region": "REGIÓN DEL LIBERTADOR GENERAL BERNARDO O’HIGGINS", "provincia": "Provincia Cardenal Caro", "comuna": null, "superficie_ha": 200.0, "datum_original": "PSAD56", "huso": 19, "epsg_origen": 24879, "tipo_publicacion": "mensura", "fuente_pdf": "http://www.diariooficial.interior.gob.cl/publicaciones/2026/06/15/44475/07/2822972.pdf", "archivo": "gm_mensura_2822972.pdf", "fecha": "15-06-2026", "edicion": "44475" }, "geometry": { "type": "Polygon", "coordinates": [ [ [ -71.594984088102336, -34.385675125301269 ], [ -71.573250320434738, -34.386134346016597 ], [ -71.573526179350807, -34.395143499131791 ], [ -71.595262270583248, -34.394684124373015 ], [ -71.594984088102336, -34.385675125301269 ] ] ] } },
{ "type": "Feature", "properties": { "cve": "2822601", "nombre": "ANTONIA", "solicitante": "Carpala Minería e Inversiones Limitada", "region": "REGIÓN DE ANTOFAGASTA", "provincia": "Provincia de Antofagasta", "comuna": null, "superficie_ha": 200.0, "datum_original": "PSAD56", "huso": 19, "epsg_origen": 24879, "tipo_publicacion": "pedimento", "fuente_pdf": "http://www.diariooficial.interior.gob.cl/publicaciones/2026/06/15/44475/07/2822601.pdf", "archivo": "gm_pedimento_2822601.pdf", "fecha": "15-06-2026", "edicion": "44475" }, "geometry": { "type": "Polygon", "coordinates": [ [ [ -70.295335808493803, -25.50178880893494 ], [ -70.285387793638662, -25.501876350419955 ], [ -70.285580065869979, -25.519932542570441 ], [ -70.295529567769037, -25.519844930362954 ], [ -70.295335808493803, -25.50178880893494 ] ] ] } },
{ "type": "Feature", "properties": { "cve": "2822636", "nombre": "CERRO PEINETA 1", "solicitante": "Verai Chile SpA", "region": "REGIÓN DE ANTOFAGASTA", "provincia": "Provincia de Antofagasta", "comuna": "Taltal", "superficie_ha": 300.0, "datum_original": "PSAD56", "huso": 19, "epsg_origen": 24879, "tipo_publicacion": "pedimento", "fuente_pdf": "http://www.diariooficial.interior.gob.cl/publicaciones/2026/06/15/44475/07/2822636.pdf", "archivo": "gm_pedimento_2822636.pdf", "fecha": "15-06-2026", "edicion": "44475" }, "geometry": { "type": "Polygon", "coordinates": [ [ [ -69.857406504076465, -25.4799548806402 ], [ -69.847458859470095, -25.480012668532485 ], [ -69.847648875716615, -25.507100892629911 ], [ -69.857598750110057, -25.507043034650632 ], [ -69.857406504076465, -25.4799548806402 ] ] ] } },
{ "type": "Feature", "properties": { "cve": "2822645", "nombre": "CERRO PEINETA 10", "solicitante": "Verai Chile SpA", "region": "REGIÓN DE ANTOFAGASTA", "provincia": "Provincia de Antofagasta", "comuna": "Taltal", "superficie_ha": 300.0, "datum_original": "PSAD56", "huso": 19, "epsg_origen": 24879, "tipo_publicacion": "pedimento", "fuente_pdf": "http://www.diariooficial.interior.gob.cl/publicaciones/2026/06/15/44475/07/2822645.pdf", "archivo": "gm_pedimento_2822645.pdf", "fecha": "15-06-2026", "edicion": "44475" }, "geometry": { "type": "Polygon", "coordinates": [ [ [ -69.847775705285017, -25.525159651902502 ], [ -69.837824312145571, -25.525216881059546 ], [ -69.838012549630761, -25.552305004041649 ], [ -69.847966177942183, -25.552247705564842 ], [ -69.847775705285017, -25.525159651902502 ] ] ] } },
{ "type": "Feature", "properties": { "cve": "2822646", "nombre": "CERRO PEINETA 11", "solicitante": "Verai Chile SpA", "region": "REGIÓN DE ANTOFAGASTA", "provincia": "Provincia de Antofagasta", "comuna": "Taltal", "superficie_ha": 300.0, "datum_original": "PSAD56", "huso": 19, "epsg_origen": 24879, "tipo_publicacion": "pedimento", "fuente_pdf": "http://www.diariooficial.interior.gob.cl/publicaciones/2026/06/15/44475/07/2822646.pdf", "archivo": "gm_pedimento_2822646.pdf", "fecha": "15-06-2026", "edicion": "44475" }, "geometry": { "type": "Polygon", "coordinates": [ [ [ -69.857984073355595, -25.561219035796569 ], [ -69.848029729748887, -25.561277034041613 ], [ -69.848220568071326, -25.588364951199409 ], [ -69.858177151110567, -25.58830688277548 ], [ -69.857984073355595, -25.561219035796569 ] ] ] } },
{ "type": "Feature", "properties": { "cve": "2822637", "nombre": "CERRO PEINETA 2", "solicitante": "Verai Chile SpA", "region": "REGIÓN DE ANTOFAGASTA", "provincia": "Provincia de Antofagasta", "comuna": "Taltal", "superficie_ha": 300.0, "datum_original": "PSAD56", "huso": 19, "epsg_origen": 24879, "tipo_publicacion": "pedimento", "fuente_pdf": "http://www.diariooficial.interior.gob.cl/publicaciones/2026/06/15/44475/07/2822637.pdf", "archivo": "gm_pedimento_2822637.pdf", "fecha": "15-06-2026", "edicion": "44475" }, "geometry": { "type": "Polygon", "coordinates": [ [ [ -69.847458859470095, -25.480012668532485 ], [ -69.817615744752317, -25.480181986971736 ], [ -69.817676824324323, -25.489211474800602 ], [ -69.847522167817999, -25.489042087919564 ], [ -69.847458859470095, -25.480012668532485 ] ] ] } },
{ "type": "Feature", "properties": { "cve": "2822638", "nombre": "CERRO PEINETA 3", "solicitante": "Verai Chile SpA", "region": "REGIÓN DE ANTOFAGASTA", "provincia": "Provincia de Antofagasta", "comuna": "Taltal", "superficie_ha": 300.0, "datum_original": "PSAD56", "huso": 19, "epsg_origen": 24879, "tipo_publicacion": "pedimento", "fuente_pdf": "http://www.diariooficial.interior.gob.cl/publicaciones/2026/06/15/44475/07/2822638.pdf", "archivo": "gm_pedimento_2822638.pdf", "fecha": "15-06-2026", "edicion": "44475" }, "geometry": { "type": "Polygon", "coordinates": [ [ [ -69.847522167817999, -25.489042087919564 ], [ -69.817676824324323, -25.489211474800602 ], [ -69.817737933223938, -25.498240951285773 ], [ -69.847585506563533, -25.49807149595301 ], [ -69.847522167817999, -25.489042087919564 ] ] ] } },
{ "type": "Feature", "properties": { "cve": "2822639", "nombre": "CERRO PEINETA 4", "solicitante": "Verai Chile SpA", "region": "REGIÓN DE ANTOFAGASTA", "provincia": "Provincia de Antofagasta", "comuna": "Taltal", "superficie_ha": 300.0, "datum_original": "PSAD56", "huso": 19, "epsg_origen": 24879, "tipo_publicacion": "pedimento", "fuente_pdf": "http://www.diariooficial.interior.gob.cl/publicaciones/2026/06/15/44475/07/2822639.pdf", "archivo": "gm_pedimento_2822639.pdf", "fecha": "15-06-2026", "edicion": "44475" }, "geometry": { "type": "Polygon", "coordinates": [ [ [ -69.867548593729396, -25.506984501660821 ], [ -69.857598750110057, -25.507043034650632 ], [ -69.857791273112682, -25.534131086395519 ], [ -69.867743349700945, -25.534072482470172 ], [ -69.867548593729396, -25.506984501660821 ] ] ] } },
{ "type": "Feature", "properties": { "cve": "2822640", "nombre": "CERRO PEINETA 5", "solicitante": "Verai Chile SpA", "region": "REGIÓN DE ANTOFAGASTA", "provincia": "Provincia de Antofagasta", "comuna": "Taltal", "superficie_ha": 300.0, "datum_original": "PSAD56", "huso": 19, "epsg_origen": 24879, "tipo_publicacion": "pedimento", "fuente_pdf": "http://www.diariooficial.interior.gob.cl/publicaciones/2026/06/15/44475/07/2822640.pdf", "archivo": "gm_pedimento_2822640.pdf", "fecha": "15-06-2026", "edicion": "44475" }, "geometry": { "type": "Polygon", "coordinates": [ [ [ -69.857598750110057, -25.507043034650632 ], [ -69.847648875716615, -25.507100892629911 ], [ -69.847839165720174, -25.534189014492394 ], [ -69.857791273112682, -25.534131086395519 ], [ -69.857598750110057, -25.507043034650632 ] ] ] } },
{ "type": "Feature", "properties": { "cve": "2822641", "nombre": "CERRO PEINETA 6", "solicitante": "Verai Chile SpA", "region": "REGIÓN DE ANTOFAGASTA", "provincia": "Provincia de Antofagasta", "comuna": "Taltal", "superficie_ha": 300.0, "datum_original": "PSAD56", "huso": 19, "epsg_origen": 24879, "tipo_publicacion": "pedimento", "fuente_pdf": "http://www.diariooficial.interior.gob.cl/publicaciones/2026/06/15/44475/07/2822641.pdf", "archivo": "gm_pedimento_2822641.pdf", "fecha": "15-06-2026", "edicion": "44475" }, "geometry": { "type": "Polygon", "coordinates": [ [ [ -69.847585506563533, -25.49807149595301 ], [ -69.83763634538191, -25.498128655820544 ], [ -69.837824312145571, -25.525216881059546 ], [ -69.847775705285017, -25.525159651902502 ], [ -69.847585506563533, -25.49807149595301 ] ] ] } },
{ "type": "Feature", "properties": { "cve": "2822642", "nombre": "CERRO PEINETA 7", "solicitante": "Verai Chile SpA", "region": "REGIÓN DE ANTOFAGASTA", "provincia": "Provincia de Antofagasta", "comuna": "Taltal", "superficie_ha": 300.0, "datum_original": "PSAD56", "huso": 19, "epsg_origen": 24879, "tipo_publicacion": "pedimento", "fuente_pdf": "http://www.diariooficial.interior.gob.cl/publicaciones/2026/06/15/44475/07/2822642.pdf", "archivo": "gm_pedimento_2822642.pdf", "fecha": "15-06-2026", "edicion": "44475" }, "geometry": { "type": "Polygon", "coordinates": [ [ [ -69.83763634538191, -25.498128655820544 ], [ -69.827687154149771, -25.49818514093409 ], [ -69.827872888926208, -25.525273434644731 ], [ -69.837824312145571, -25.525216881059546 ], [ -69.83763634538191, -25.498128655820544 ] ] ] } },
{ "type": "Feature", "properties": { "cve": "2822643", "nombre": "CERRO PEINETA 8", "solicitante": "Verai Chile SpA", "region": "REGIÓN DE ANTOFAGASTA", "provincia": "Provincia de Antofagasta", "comuna": "Taltal", "superficie_ha": 300.0, "datum_original": "PSAD56", "huso": 19, "epsg_origen": 24879, "tipo_publicacion": "pedimento", "fuente_pdf": "http://www.diariooficial.interior.gob.cl/publicaciones/2026/06/15/44475/07/2822643.pdf", "archivo": "gm_pedimento_2822643.pdf", "fecha": "15-06-2026", "edicion": "44475" }, "geometry": { "type": "Polygon", "coordinates": [ [ [ -69.827687154149771, -25.49818514093409 ], [ -69.817737933223938, -25.498240951285773 ], [ -69.817921435984061, -25.525329312650161 ], [ -69.827872888926208, -25.525273434644731 ], [ -69.827687154149771, -25.49818514093409 ] ] ] } },
{ "type": "Feature", "properties": { "cve": "2822644", "nombre": "CERRO PEINETA 9", "solicitante": "Verai Chile SpA", "region": "REGIÓN DE ANTOFAGASTA", "provincia": "Provincia de Antofagasta", "comuna": "Taltal", "superficie_ha": 300.0, "datum_original": "PSAD56", "huso": 19, "epsg_origen": 24879, "tipo_publicacion": "pedimento", "fuente_pdf": "http://www.diariooficial.interior.gob.cl/publicaciones/2026/06/15/44475/07/2822644.pdf", "archivo": "gm_pedimento_2822644.pdf", "fecha": "15-06-2026", "edicion": "44475" }, "geometry": { "type": "Polygon", "coordinates": [ [ [ -69.857791273112682, -25.534131086395519 ], [ -69.847839165720174, -25.534189014492394 ], [ -69.848029729748887, -25.561277034041613 ], [ -69.857984073355595, -25.561219035796569 ], [ -69.857791273112682, -25.534131086395519 ] ] ] } },
{ "type": "Feature", "properties": { "cve": "2822658", "nombre": "LLAMA 1", "solicitante": "Verai Chile SpA", "region": "REGIÓN DE ANTOFAGASTA", "provincia": "Provincia de Antofagasta", "comuna": "Taltal", "superficie_ha": 300.0, "datum_original": "PSAD56", "huso": 19, "epsg_origen": 24879, "tipo_publicacion": "pedimento", "fuente_pdf": "http://www.diariooficial.interior.gob.cl/publicaciones/2026/06/15/44475/07/2822658.pdf", "archivo": "gm_pedimento_2822658.pdf", "fecha": "15-06-2026", "edicion": "44475" }, "geometry": { "type": "Polygon", "coordinates": [ [ [ -69.789562155285182, -25.753032753305099 ], [ -69.779591709922883, -25.753086470838305 ], [ -69.779768657601267, -25.780174131993078 ], [ -69.789741365433912, -25.780120349811682 ], [ -69.789562155285182, -25.753032753305099 ] ] ] } },
{ "type": "Feature", "properties": { "cve": "2822667", "nombre": "LLAMA 10", "solicitante": "Verai Chile SpA", "region": "REGIÓN DE ANTOFAGASTA", "provincia": "Provincia de Antofagasta", "comuna": "Taltal", "superficie_ha": 300.0, "datum_original": "PSAD56", "huso": 19, "epsg_origen": 24879, "tipo_publicacion": "pedimento", "fuente_pdf": "http://www.diariooficial.interior.gob.cl/publicaciones/2026/06/15/44475/07/2822667.pdf", "archivo": "gm_pedimento_2822667.pdf", "fecha": "15-06-2026", "edicion": "44475" }, "geometry": { "type": "Polygon", "coordinates": [ [ [ -69.820905290291208, -25.81606564364952 ], [ -69.810929650602375, -25.816121633725547 ], [ -69.811114227851078, -25.843208851574676 ], [ -69.821092137496436, -25.843152794235102 ], [ -69.820905290291208, -25.81606564364952 ] ] ] } },
{ "type": "Feature", "properties": { "cve": "2822668", "nombre": "LLAMA 11", "solicitante": "Verai Chile SpA", "region": "REGIÓN DE ANTOFAGASTA", "provincia": "Provincia de Antofagasta", "comuna": "Taltal", "superficie_ha": 300.0, "datum_original": "PSAD56", "huso": 19, "epsg_origen": 24879, "tipo_publicacion": "pedimento", "fuente_pdf": "http://www.diariooficial.interior.gob.cl/publicaciones/2026/06/15/44475/07/2822668.pdf", "archivo": "gm_pedimento_2822668.pdf", "fecha": "15-06-2026", "edicion": "44475" }, "geometry": { "type": "Polygon", "coordinates": [ [ [ -69.810929650602375, -25.816121633725547 ], [ -69.800953981560923, -25.816176939405597 ], [ -69.801136288824026, -25.843264223696128 ], [ -69.811114227851078, -25.843208851574676 ], [ -69.810929650602375, -25.816121633725547 ] ] ] } },
{ "type": "Feature", "properties": { "cve": "2822669", "nombre": "LLAMA 12", "solicitante": "Verai Chile SpA", "region": "REGIÓN DE ANTOFAGASTA", "provincia": "Provincia de Antofagasta", "comuna": "Taltal", "superficie_ha": 300.0, "datum_original": "PSAD56", "huso": 19, "epsg_origen": 24879, "tipo_publicacion": "pedimento", "fuente_pdf": "http://www.diariooficial.interior.gob.cl/publicaciones/2026/06/15/44475/07/2822669.pdf", "archivo": "gm_pedimento_2822669.pdf", "fecha": "15-06-2026", "edicion": "44475" }, "geometry": { "type": "Polygon", "coordinates": [ [ [ -69.800953981560923, -25.816176939405597 ], [ -69.790978283527792, -25.816231560681906 ], [ -69.791158320776574, -25.843318910591702 ], [ -69.801136288824026, -25.843264223696128 ], [ -69.800953981560923, -25.816176939405597 ] ] ] } },
{ "type": "Feature", "properties": { "cve": "2822670", "nombre": "LLAMA 13", "solicitante": "Verai Chile SpA", "region": "REGIÓN DE ANTOFAGASTA", "provincia": "Provincia de Antofagasta", "comuna": "Taltal", "superficie_ha": 300.0, "datum_original": "PSAD56", "huso": 19, "epsg_origen": 24879, "tipo_publicacion": "pedimento", "fuente_pdf": "http://www.diariooficial.interior.gob.cl/publicaciones/2026/06/15/44475/07/2822670.pdf", "archivo": "gm_pedimento_2822670.pdf", "fecha": "15-06-2026", "edicion": "44475" }, "geometry": { "type": "Polygon", "coordinates": [ [ [ -69.790978283527792, -25.816231560681906 ], [ -69.781002556863953, -25.816285497546847 ], [ -69.781180324070064, -25.843372912253749 ], [ -69.791158320776574, -25.843318910591702 ], [ -69.790978283527792, -25.816231560681906 ] ] ] } },
{ "type": "Feature", "properties": { "cve": "2822671", "nombre": "LLAMA 14", "solicitante": "Verai Chile SpA", "region": "REGIÓN DE ANTOFAGASTA", "provincia": "Provincia de Antofagasta", "comuna": "Taltal", "superficie_ha": 200.0, "datum_original": "PSAD56", "huso": 19, "epsg_origen": 24879, "tipo_publicacion": "pedimento", "fuente_pdf": "http://www.diariooficial.interior.gob.cl/publicaciones/2026/06/15/44475/07/2822671.pdf", "archivo": "gm_pedimento_2822671.pdf", "fecha": "15-06-2026", "edicion": "44475" }, "geometry": { "type": "Polygon", "coordinates": [ [ [ -69.830975424981787, -25.829552523323095 ], [ -69.820998680449222, -25.82960923182636 ], [ -69.821123304715485, -25.847667309310086 ], [ -69.831101563255075, -25.847610555409684 ], [ -69.830975424981787, -25.829552523323095 ] ] ] } },
{ "type": "Feature", "properties": { "cve": "2822672", "nombre": "LLAMA 15", "solicitante": "Verai Chile SpA", "region": "REGIÓN DE ANTOFAGASTA", "provincia": "Provincia de Antofagasta", "comuna": "Taltal", "superficie_ha": 200.0, "datum_original": "PSAD56", "huso": 19, "epsg_origen": 24879, "tipo_publicacion": "pedimento", "fuente_pdf": "http://www.diariooficial.interior.gob.cl/publicaciones/2026/06/15/44475/07/2822672.pdf", "archivo": "gm_pedimento_2822672.pdf", "fecha": "15-06-2026", "edicion": "44475" }, "geometry": { "type": "Polygon", "coordinates": [ [ [ -69.821092137496436, -25.843152794235102 ], [ -69.811114227851078, -25.843208851574676 ], [ -69.811237426243778, -25.861266939544844 ], [ -69.821216850999761, -25.861210837346345 ], [ -69.821092137496436, -25.843152794235102 ] ] ] } },
{ "type": "Feature", "properties": { "cve": "2822673", "nombre": "LLAMA 16", "solicitante": "Verai Chile SpA", "region": "REGIÓN DE ANTOFAGASTA", "provincia": "Provincia de Antofagasta", "comuna": "Taltal", "superficie_ha": 200.0, "datum_original": "PSAD56", "huso": 19, "epsg_origen": 24879, "tipo_publicacion": "pedimento", "fuente_pdf": "http://www.diariooficial.interior.gob.cl/publicaciones/2026/06/15/44475/07/2822673.pdf", "archivo": "gm_pedimento_2822673.pdf", "fecha": "15-06-2026", "edicion": "44475" }, "geometry": { "type": "Polygon", "coordinates": [ [ [ -69.811114227851078, -25.843208851574676 ], [ -69.801136288824026, -25.843264223696128 ], [ -69.801257972086688, -25.861322355976917 ], [ -69.811237426243778, -25.861266939544844 ], [ -69.811114227851078, -25.843208851574676 ] ] ] } },
{ "type": "Feature", "properties": { "cve": "2822674", "nombre": "LLAMA 17", "solicitante": "Verai Chile SpA", "region": "REGIÓN DE ANTOFAGASTA", "provincia": "Provincia de Antofagasta", "comuna": "Taltal", "superficie_ha": 200.0, "datum_original": "PSAD56", "huso": 19, "epsg_origen": 24879, "tipo_publicacion": "pedimento", "fuente_pdf": "http://www.diariooficial.interior.gob.cl/publicaciones/2026/06/15/44475/07/2822674.pdf", "archivo": "gm_pedimento_2822674.pdf", "fecha": "15-06-2026", "edicion": "44475" }, "geometry": { "type": "Polygon", "coordinates": [ [ [ -69.801136288824026, -25.843264223696128 ], [ -69.791158320776574, -25.843318910591702 ], [ -69.791278488890029, -25.86137708663481 ], [ -69.801257972086688, -25.861322355976917 ], [ -69.801136288824026, -25.843264223696128 ] ] ] } },
{ "type": "Feature", "properties": { "cve": "2822675", "nombre": "LLAMA 18", "solicitante": "Verai Chile SpA", "region": "REGIÓN DE ANTOFAGASTA", "provincia": "Provincia de Antofagasta", "comuna": "Taltal", "superficie_ha": 200.0, "datum_original": "PSAD56", "huso": 19, "epsg_origen": 24879, "tipo_publicacion": "pedimento", "fuente_pdf": "http://www.diariooficial.interior.gob.cl/publicaciones/2026/06/15/44475/07/2822675.pdf", "archivo": "gm_pedimento_2822675.pdf", "fecha": "15-06-2026", "edicion": "44475" }, "geometry": { "type": "Polygon", "coordinates": [ [ [ -69.791158320776574, -25.843318910591702 ], [ -69.781180324070064, -25.843372912253749 ], [ -69.781298977015354, -25.861431131510862 ], [ -69.791278488890029, -25.86137708663481 ], [ -69.791158320776574, -25.843318910591702 ] ] ] } },
{ "type": "Feature", "properties": { "cve": "2822659", "nombre": "LLAMA 2", "solicitante": "Verai Chile SpA", "region": "REGIÓN DE ANTOFAGASTA", "provincia": "Provincia de Antofagasta", "comuna": "Taltal", "superficie_ha": 100.0, "datum_original": "PSAD56", "huso": 19, "epsg_origen": 24879, "tipo_publicacion": "pedimento", "fuente_pdf": "http://www.diariooficial.interior.gob.cl/publicaciones/2026/06/15/44475/07/2822659.pdf", "archivo": "gm_pedimento_2822659.pdf", "fecha": "15-06-2026", "edicion": "44475" }, "geometry": { "type": "Polygon", "coordinates": [ [ [ -69.789741365433912, -25.780120349811682 ], [ -69.779768657601267, -25.780174131993078 ], [ -69.779827696541801, -25.7892033295348 ], [ -69.789801159252022, -25.789149525797679 ], [ -69.789741365433912, -25.780120349811682 ] ] ] } },
{ "type": "Feature", "properties": { "cve": "2822660", "nombre": "LLAMA 3", "solicitante": "Verai Chile SpA", "region": "REGIÓN DE ANTOFAGASTA", "provincia": "Provincia de Antofagasta", "comuna": "Taltal", "superficie_ha": 200.0, "datum_original": "PSAD56", "huso": 19, "epsg_origen": 24879, "tipo_publicacion": "pedimento", "fuente_pdf": "http://www.diariooficial.interior.gob.cl/publicaciones/2026/06/15/44475/07/2822660.pdf", "archivo": "gm_pedimento_2822660.pdf", "fecha": "15-06-2026", "edicion": "44475" }, "geometry": { "type": "Polygon", "coordinates": [ [ [ -69.830660605693581, -25.7844072426794 ], [ -69.820687639861234, -25.784463837748373 ], [ -69.820811966989268, -25.802522029714183 ], [ -69.83078644321931, -25.802465389281533 ], [ -69.830660605693581, -25.7844072426794 ] ] ] } },
{ "type": "Feature", "properties": { "cve": "2822661", "nombre": "LLAMA 4", "solicitante": "Verai Chile SpA", "region": "REGIÓN DE ANTOFAGASTA", "provincia": "Provincia de Antofagasta", "comuna": "Taltal", "superficie_ha": 300.0, "datum_original": "PSAD56", "huso": 19, "epsg_origen": 24879, "tipo_publicacion": "pedimento", "fuente_pdf": "http://www.diariooficial.interior.gob.cl/publicaciones/2026/06/15/44475/07/2822661.pdf", "archivo": "gm_pedimento_2822661.pdf", "fecha": "15-06-2026", "edicion": "44475" }, "geometry": { "type": "Polygon", "coordinates": [ [ [ -69.820718710510334, -25.788978390030039 ], [ -69.81074533752961, -25.789034312872275 ], [ -69.810929650602375, -25.816121633725547 ], [ -69.820905290291208, -25.81606564364952 ], [ -69.820718710510334, -25.788978390030039 ] ] ] } },
{ "type": "Feature", "properties": { "cve": "2822662", "nombre": "LLAMA 5", "solicitante": "Verai Chile SpA", "region": "REGIÓN DE ANTOFAGASTA", "provincia": "Provincia de Antofagasta", "comuna": "Taltal", "superficie_ha": 300.0, "datum_original": "PSAD56", "huso": 19, "epsg_origen": 24879, "tipo_publicacion": "pedimento", "fuente_pdf": "http://www.diariooficial.interior.gob.cl/publicaciones/2026/06/15/44475/07/2822662.pdf", "archivo": "gm_pedimento_2822662.pdf", "fecha": "15-06-2026", "edicion": "44475" }, "geometry": { "type": "Polygon", "coordinates": [ [ [ -69.81074533752961, -25.789034312872275 ], [ -69.800771935225242, -25.789089552140304 ], [ -69.800953981560923, -25.816176939405597 ], [ -69.810929650602375, -25.816121633725547 ], [ -69.81074533752961, -25.789034312872275 ] ] ] } },
{ "type": "Feature", "properties": { "cve": "2822663", "nombre": "LLAMA 6", "solicitante": "Verai Chile SpA", "region": "REGIÓN DE ANTOFAGASTA", "provincia": "Provincia de Antofagasta", "comuna": "Taltal", "superficie_ha": 300.0, "datum_original": "PSAD56", "huso": 19, "epsg_origen": 24879, "tipo_publicacion": "pedimento", "fuente_pdf": "http://www.diariooficial.interior.gob.cl/publicaciones/2026/06/15/44475/07/2822663.pdf", "archivo": "gm_pedimento_2822663.pdf", "fecha": "15-06-2026", "edicion": "44475" }, "geometry": { "type": "Polygon", "coordinates": [ [ [ -69.800771935225242, -25.789089552140304 ], [ -69.790798503957859, -25.789144107826374 ], [ -69.790978283527792, -25.816231560681906 ], [ -69.800953981560923, -25.816176939405597 ], [ -69.800771935225242, -25.789089552140304 ] ] ] } },
{ "type": "Feature", "properties": { "cve": "2822664", "nombre": "LLAMA 7", "solicitante": "Verai Chile SpA", "region": "REGIÓN DE ANTOFAGASTA", "provincia": "Provincia de Antofagasta", "comuna": "Taltal", "superficie_ha": 300.0, "datum_original": "PSAD56", "huso": 19, "epsg_origen": 24879, "tipo_publicacion": "pedimento", "fuente_pdf": "http://www.diariooficial.interior.gob.cl/publicaciones/2026/06/15/44475/07/2822664.pdf", "archivo": "gm_pedimento_2822664.pdf", "fecha": "15-06-2026", "edicion": "44475" }, "geometry": { "type": "Polygon", "coordinates": [ [ [ -69.790798503957859, -25.789144107826374 ], [ -69.780825044088033, -25.789197979922864 ], [ -69.781002556863953, -25.816285497546847 ], [ -69.790978283527792, -25.816231560681906 ], [ -69.790798503957859, -25.789144107826374 ] ] ] } },
{ "type": "Feature", "properties": { "cve": "2822665", "nombre": "LLAMA 8", "solicitante": "Verai Chile SpA", "region": "REGIÓN DE ANTOFAGASTA", "provincia": "Provincia de Antofagasta", "comuna": "Taltal", "superficie_ha": 300.0, "datum_original": "PSAD56", "huso": 19, "epsg_origen": 24879, "tipo_publicacion": "pedimento", "fuente_pdf": "http://www.diariooficial.interior.gob.cl/publicaciones/2026/06/15/44475/07/2822665.pdf", "archivo": "gm_pedimento_2822665.pdf", "fecha": "15-06-2026", "edicion": "44475" }, "geometry": { "type": "Polygon", "coordinates": [ [ [ -69.840760889389742, -25.802408064879572 ], [ -69.83078644321931, -25.802465389281533 ], [ -69.830975424981787, -25.829552523323095 ], [ -69.840952139424957, -25.829495130028597 ], [ -69.840760889389742, -25.802408064879572 ] ] ] } },
{ "type": "Feature", "properties": { "cve": "2822666", "nombre": "LLAMA 9", "solicitante": "Verai Chile SpA", "region": "REGIÓN DE ANTOFAGASTA", "provincia": "Provincia de Antofagasta", "comuna": "Taltal", "superficie_ha": 300.0, "datum_original": "PSAD56", "huso": 19, "epsg_origen": 24879, "tipo_publicacion": "pedimento", "fuente_pdf": "http://www.diariooficial.interior.gob.cl/publicaciones/2026/06/15/44475/07/2822666.pdf", "archivo": "gm_pedimento_2822666.pdf", "fecha": "15-06-2026", "edicion": "44475" }, "geometry": { "type": "Polygon", "coordinates": [ [ [ -69.83078644321931, -25.802465389281533 ], [ -69.820811966989268, -25.802522029714183 ], [ -69.820998680449222, -25.82960923182636 ], [ -69.830975424981787, -25.829552523323095 ], [ -69.83078644321931, -25.802465389281533 ] ] ] } },
{ "type": "Feature", "properties": { "cve": "2822416", "nombre": "MANTOS NEGROS B28", "solicitante": "Geomantos Minerals SpA", "region": "REGIÓN DE ANTOFAGASTA", "provincia": "Provincia de Antofagasta", "comuna": null, "superficie_ha": 200.0, "datum_original": "PSAD56", "huso": 19, "epsg_origen": 24879, "tipo_publicacion": "pedimento", "fuente_pdf": "http://www.diariooficial.interior.gob.cl/publicaciones/2026/06/15/44475/07/2822416.pdf", "archivo": "gm_pedimento_2822416.pdf", "fecha": "15-06-2026", "edicion": "44475" }, "geometry": { "type": "Polygon", "coordinates": [ [ [ -70.362238269164024, -24.167753539420918 ], [ -70.342554779395655, -24.16792806279183 ], [ -70.342649222365438, -24.176957581241453 ], [ -70.362334095746604, -24.17678298450139 ], [ -70.362238269164024, -24.167753539420918 ] ] ] } },
{ "type": "Feature", "properties": { "cve": "2822602", "nombre": "PAME", "solicitante": "Carpala Minería e Inversiones Limitada", "region": "REGIÓN DE ANTOFAGASTA", "provincia": "Provincia de Antofagasta", "comuna": null, "superficie_ha": 300.0, "datum_original": "PSAD56", "huso": 19, "epsg_origen": 24879, "tipo_publicacion": "pedimento", "fuente_pdf": "http://www.diariooficial.interior.gob.cl/publicaciones/2026/06/15/44475/07/2822602.pdf", "archivo": "gm_pedimento_2822602.pdf", "fecha": "15-06-2026", "edicion": "44475" }, "geometry": { "type": "Polygon", "coordinates": [ [ [ -70.285479772881573, -25.510516244127597 ], [ -70.255633318880101, -25.510774921406114 ], [ -70.255727244929957, -25.519803116659848 ], [ -70.285575930076064, -25.519544334925158 ], [ -70.285479772881573, -25.510516244127597 ] ] ] } },
{ "type": "Feature", "properties": { "cve": "2822603", "nombre": "TERESITA", "solicitante": "Carpala Minería e Inversiones Limitada", "region": "REGIÓN DE ANTOFAGASTA", "provincia": "Provincia de Antofagasta", "comuna": null, "superficie_ha": 600.0, "datum_original": "PSAD56", "huso": 19, "epsg_origen": 24879, "tipo_publicacion": "pedimento", "fuente_pdf": "http://www.diariooficial.interior.gob.cl/publicaciones/2026/06/15/44475/07/2822603.pdf", "archivo": "gm_pedimento_2822603.pdf", "fecha": "15-06-2026", "edicion": "44475" }, "geometry": { "type": "Polygon", "coordinates": [ [ [ -70.281078754513516, -25.519583713438543 ], [ -70.261179635312942, -25.519756299406151 ], [ -70.2614629078071, -25.54684075922783 ], [ -70.281366493574737, -25.546667964208602 ], [ -70.281078754513516, -25.519583713438543 ] ] ] } },
{ "type": "Feature", "properties": { "cve": "2822608", "nombre": "CONY 1", "solicitante": "Jofré Soto Constanza Francisca", "region": "REGIÓN DE ANTOFAGASTA", "provincia": "Provincia de Tocopilla", "comuna": "María Elena", "superficie_ha": 300.0, "datum_original": "PSAD56", "huso": 19, "epsg_origen": 24879, "tipo_publicacion": "pedimento", "fuente_pdf": "http://www.diariooficial.interior.gob.cl/publicaciones/2026/06/15/44475/07/2822608.pdf", "archivo": "gm_pedimento_2822608.pdf", "fecha": "15-06-2026", "edicion": "44475" }, "geometry": { "type": "Polygon", "coordinates": [ [ [ -69.185903958833606, -22.036462884145728 ], [ -69.176213619181212, -22.036473594161198 ], [ -69.176247185632576, -22.063576842577703 ], [ -69.185939371146077, -22.063566118038079 ], [ -69.185903958833606, -22.036462884145728 ] ] ] } },
{ "type": "Feature", "properties": { "cve": "2822613", "nombre": "CONY 10", "solicitante": "Jofré Soto Constanza Francisca", "region": "REGIÓN DE ANTOFAGASTA", "provincia": "Provincia de Tocopilla", "comuna": "María Elena", "superficie_ha": 300.0, "datum_original": "PSAD56", "huso": 19, "epsg_origen": 24879, "tipo_publicacion": "pedimento", "fuente_pdf": "http://www.diariooficial.interior.gob.cl/publicaciones/2026/06/15/44475/07/2822613.pdf", "archivo": "gm_pedimento_2822613.pdf", "fecha": "15-06-2026", "edicion": "44475" }, "geometry": { "type": "Polygon", "coordinates": [ [ [ -69.234303564930286, -22.004780280521487 ], [ -69.224615408772863, -22.004793835029879 ], [ -69.22465812717364, -22.031897108665735 ], [ -69.2343481258293, -22.031883535754478 ], [ -69.234303564930286, -22.004780280521487 ] ] ] } },
{ "type": "Feature", "properties": { "cve": "2822609", "nombre": "CONY 2", "solicitante": "Jofré Soto Constanza Francisca", "region": "REGIÓN DE ANTOFAGASTA", "provincia": "Provincia de Tocopilla", "comuna": "María Elena", "superficie_ha": 300.0, "datum_original": "PSAD56", "huso": 19, "epsg_origen": 24879, "tipo_publicacion": "pedimento", "fuente_pdf": "http://www.diariooficial.interior.gob.cl/publicaciones/2026/06/15/44475/07/2822609.pdf", "archivo": "gm_pedimento_2822609.pdf", "fecha": "15-06-2026", "edicion": "44475" }, "geometry": { "type": "Polygon", "coordinates": [ [ [ -69.176208029826768, -22.03195637729047 ], [ -69.16651799176627, -22.03196651181792 ], [ -69.166549704162861, -22.059069789070403 ], [ -69.176241587612907, -22.059059640796946 ], [ -69.176208029826768, -22.03195637729047 ] ] ] } },
{ "type": "Feature", "properties": { "cve": "2822610", "nombre": "CONY 5", "solicitante": "Jofré Soto Constanza Francisca", "region": "REGIÓN DE ANTOFAGASTA", "provincia": "Provincia de Tocopilla", "comuna": "María Elena", "superficie_ha": 300.0, "datum_original": "PSAD56", "huso": 19, "epsg_origen": 24879, "tipo_publicacion": "pedimento", "fuente_pdf": "http://www.diariooficial.interior.gob.cl/publicaciones/2026/06/15/44475/07/2822610.pdf", "archivo": "gm_pedimento_2822610.pdf", "fecha": "15-06-2026", "edicion": "44475" }, "geometry": { "type": "Polygon", "coordinates": [ [ [ -69.21496812115673, -22.031910108517145 ], [ -69.205278108096081, -22.031922535306961 ], [ -69.205317202020112, -22.059025752911783 ], [ -69.215009060448907, -22.059013309266867 ], [ -69.21496812115673, -22.031910108517145 ] ] ] } },
{ "type": "Feature", "properties": { "cve": "2822611", "nombre": "CONY 7", "solicitante": "Jofré Soto Constanza Francisca", "region": "REGIÓN DE ANTOFAGASTA", "provincia": "Provincia de Tocopilla", "comuna": "María Elena", "superficie_ha": 200.0, "datum_original": "PSAD56", "huso": 19, "epsg_origen": 24879, "tipo_publicacion": "pedimento", "fuente_pdf": "http://www.diariooficial.interior.gob.cl/publicaciones/2026/06/15/44475/07/2822611.pdf", "archivo": "gm_pedimento_2822611.pdf", "fecha": "15-06-2026", "edicion": "44475" }, "geometry": { "type": "Polygon", "coordinates": [ [ [ -69.224672381360762, -22.040931513100105 ], [ -69.21498176054078, -22.040944518828262 ], [ -69.215009060448907, -22.059013309266867 ], [ -69.224700911827952, -22.059000291783086 ], [ -69.224672381360762, -22.040931513100105 ] ] ] } },
{ "type": "Feature", "properties": { "cve": "2822612", "nombre": "CONY 9", "solicitante": "Jofré Soto Constanza Francisca", "region": "REGIÓN DE ANTOFAGASTA", "provincia": "Provincia de Tocopilla", "comuna": "María Elena", "superficie_ha": 300.0, "datum_original": "PSAD56", "huso": 19, "epsg_origen": 24879, "tipo_publicacion": "pedimento", "fuente_pdf": "http://www.diariooficial.interior.gob.cl/publicaciones/2026/06/15/44475/07/2822612.pdf", "archivo": "gm_pedimento_2822612.pdf", "fecha": "15-06-2026", "edicion": "44475" }, "geometry": { "type": "Polygon", "coordinates": [ [ [ -69.2343481258293, -22.031883535754478 ], [ -69.22465812717364, -22.031897108665735 ], [ -69.224700911827952, -22.059000291783086 ], [ -69.234392755839437, -22.058986700462182 ], [ -69.2343481258293, -22.031883535754478 ] ] ] } },
{ "type": "Feature", "properties": { "cve": "2822617", "nombre": "SOFIA 16", "solicitante": "Jofré Soto Constanza Francisca", "region": "REGIÓN DE ANTOFAGASTA", "provincia": "Provincia de Tocopilla", "comuna": "María Elena", "superficie_ha": 300.0, "datum_original": "PSAD56", "huso": 19, "epsg_origen": 24879, "tipo_publicacion": "pedimento", "fuente_pdf": "http://www.diariooficial.interior.gob.cl/publicaciones/2026/06/15/44475/07/2822617.pdf", "archivo": "gm_pedimento_2822617.pdf", "fecha": "15-06-2026", "edicion": "44475" }, "geometry": { "type": "Polygon", "coordinates": [ [ [ -69.205148231947263, -21.941577823462399 ], [ -69.176096545596877, -21.941611512562407 ], [ -69.176107668083901, -21.950646044187362 ], [ -69.20516118934745, -21.950612339807432 ], [ -69.205148231947263, -21.941577823462399 ] ] ] } },
{ "type": "Feature", "properties": { "cve": "2822618", "nombre": "SOFIA 17", "solicitante": "Jofré Soto Constanza Francisca", "region": "REGIÓN DE ANTOFAGASTA", "provincia": "Provincia de Tocopilla", "comuna": "María Elena", "superficie_ha": 300.0, "datum_original": "PSAD56", "huso": 19, "epsg_origen": 24879, "tipo_publicacion": "pedimento", "fuente_pdf": "http://www.diariooficial.interior.gob.cl/publicaciones/2026/06/15/44475/07/2822618.pdf", "archivo": "gm_pedimento_2822618.pdf", "fecha": "15-06-2026", "edicion": "44475" }, "geometry": { "type": "Polygon", "coordinates": [ [ [ -69.176096545596877, -21.941611512562407 ], [ -69.147044807430859, -21.941640067352196 ], [ -69.147054094989983, -21.950674611928363 ], [ -69.176107668083901, -21.950646044187362 ], [ -69.176096545596877, -21.941611512562407 ] ] ] } },
{ "type": "Feature", "properties": { "cve": "2822619", "nombre": "SOFIA 20", "solicitante": "Jofré Soto Constanza Francisca", "region": "REGIÓN DE ANTOFAGASTA", "provincia": "Provincia de Tocopilla", "comuna": "María Elena", "superficie_ha": 300.0, "datum_original": "PSAD56", "huso": 19, "epsg_origen": 24879, "tipo_publicacion": "pedimento", "fuente_pdf": "http://www.diariooficial.interior.gob.cl/publicaciones/2026/06/15/44475/07/2822619.pdf", "archivo": "gm_pedimento_2822619.pdf", "fecha": "15-06-2026", "edicion": "44475" }, "geometry": { "type": "Polygon", "coordinates": [ [ [ -69.176085428867424, -21.932576970915527 ], [ -69.147035524679438, -21.932605512755682 ], [ -69.147044807430859, -21.941640067352196 ], [ -69.176096545596877, -21.941611512562407 ], [ -69.176085428867424, -21.932576970915527 ] ] ] } },
{ "type": "Feature", "properties": { "cve": "2822620", "nombre": "SOFIA 22", "solicitante": "Jofré Soto Constanza Francisca", "region": "REGIÓN DE ANTOFAGASTA", "provincia": "Provincia de Tocopilla", "comuna": "María Elena", "superficie_ha": 200.0, "datum_original": "PSAD56", "huso": 19, "epsg_origen": 24879, "tipo_publicacion": "pedimento", "fuente_pdf": "http://www.diariooficial.interior.gob.cl/publicaciones/2026/06/15/44475/07/2822620.pdf", "archivo": "gm_pedimento_2822620.pdf", "fecha": "15-06-2026", "edicion": "44475" }, "geometry": { "type": "Polygon", "coordinates": [ [ [ -69.243945381932008, -21.977662827233999 ], [ -69.224572756569088, -21.977690470962951 ], [ -69.224586966618617, -21.986724935694429 ], [ -69.243960817773925, -21.986697279444058 ], [ -69.243945381932008, -21.977662827233999 ] ] ] } },
{ "type": "Feature", "properties": { "cve": "2822621", "nombre": "SOFIA 26", "solicitante": "Jofré Soto Constanza Francisca", "region": "REGIÓN DE ANTOFAGASTA", "provincia": "Provincia de Tocopilla", "comuna": "María Elena", "superficie_ha": 300.0, "datum_original": "PSAD56", "huso": 19, "epsg_origen": 24879, "tipo_publicacion": "pedimento", "fuente_pdf": "http://www.diariooficial.interior.gob.cl/publicaciones/2026/06/15/44475/07/2822621.pdf", "archivo": "gm_pedimento_2822621.pdf", "fecha": "15-06-2026", "edicion": "44475" }, "geometry": { "type": "Polygon", "coordinates": [ [ [ -69.16651799176627, -22.03196651181792 ], [ -69.156827948249585, -22.031976073276176 ], [ -69.156857815251982, -22.059079363497361 ], [ -69.166549704162861, -22.059069789070403 ], [ -69.16651799176627, -22.03196651181792 ] ] ] } },
{ "type": "Feature", "properties": { "cve": "2822622", "nombre": "SOFIA 29", "solicitante": "Jofré Soto Constanza Francisca", "region": "REGIÓN DE ANTOFAGASTA", "provincia": "Provincia de Tocopilla", "comuna": "María Elena", "superficie_ha": 300.0, "datum_original": "PSAD56", "huso": 19, "epsg_origen": 24879, "tipo_publicacion": "pedimento", "fuente_pdf": "http://www.diariooficial.interior.gob.cl/publicaciones/2026/06/15/44475/07/2822622.pdf", "archivo": "gm_pedimento_2822622.pdf", "fecha": "15-06-2026", "edicion": "44475" }, "geometry": { "type": "Polygon", "coordinates": [ [ [ -69.156837898776189, -22.041010513407429 ], [ -69.147147235305624, -22.041019505858507 ], [ -69.147175271381826, -22.068122778093532 ], [ -69.156867781204099, -22.068113773449539 ], [ -69.156837898776189, -22.041010513407429 ] ] ] } },
{ "type": "Feature", "properties": { "cve": "2822614", "nombre": "SOFIA 3", "solicitante": "Jofré Soto Constanza Francisca", "region": "REGIÓN DE ANTOFAGASTA", "provincia": "Provincia de Tocopilla", "comuna": "María Elena", "superficie_ha": 300.0, "datum_original": "PSAD56", "huso": 19, "epsg_origen": 24879, "tipo_publicacion": "pedimento", "fuente_pdf": "http://www.diariooficial.interior.gob.cl/publicaciones/2026/06/15/44475/07/2822614.pdf", "archivo": "gm_pedimento_2822614.pdf", "fecha": "15-06-2026", "edicion": "44475" }, "geometry": { "type": "Polygon", "coordinates": [ [ [ -69.29278602125973, -22.176338551009184 ], [ -69.283086198693809, -22.176355685393961 ], [ -69.283140501381141, -22.203458261914413 ], [ -69.292842184540731, -22.203441104410825 ], [ -69.29278602125973, -22.176338551009184 ] ] ] } },
{ "type": "Feature", "properties": { "cve": "2822623", "nombre": "SOFIA 30", "solicitante": "Jofré Soto Constanza Francisca", "region": "REGIÓN DE ANTOFAGASTA", "provincia": "Provincia de Tocopilla", "comuna": "María Elena", "superficie_ha": 300.0, "datum_original": "PSAD56", "huso": 19, "epsg_origen": 24879, "tipo_publicacion": "pedimento", "fuente_pdf": "http://www.diariooficial.interior.gob.cl/publicaciones/2026/06/15/44475/07/2822623.pdf", "archivo": "gm_pedimento_2822623.pdf", "fecha": "15-06-2026", "edicion": "44475" }, "geometry": { "type": "Polygon", "coordinates": [ [ [ -69.15680806261166, -22.013907162857187 ], [ -69.147119242634318, -22.013916143119829 ], [ -69.147147235305624, -22.041019505858507 ], [ -69.156837898776189, -22.041010513407429 ], [ -69.15680806261166, -22.013907162857187 ] ] ] } },
{ "type": "Feature", "properties": { "cve": "2822624", "nombre": "SOFIA 31", "solicitante": "Jofré Soto Constanza Francisca", "region": "REGIÓN DE ANTOFAGASTA", "provincia": "Provincia de Tocopilla", "comuna": "María Elena", "superficie_ha": 300.0, "datum_original": "PSAD56", "huso": 19, "epsg_origen": 24879, "tipo_publicacion": "pedimento", "fuente_pdf": "http://www.diariooficial.interior.gob.cl/publicaciones/2026/06/15/44475/07/2822624.pdf", "archivo": "gm_pedimento_2822624.pdf", "fecha": "15-06-2026", "edicion": "44475" }, "geometry": { "type": "Polygon", "coordinates": [ [ [ -69.156778272670977, -21.986803721886155 ], [ -69.147091293330845, -21.986812689964857 ], [ -69.147119242634318, -22.013916143119829 ], [ -69.15680806261166, -22.013907162857187 ], [ -69.156778272670977, -21.986803721886155 ] ] ] } },
{ "type": "Feature", "properties": { "cve": "2822625", "nombre": "SOFIA 32", "solicitante": "Jofré Soto Constanza Francisca", "region": "REGIÓN DE ANTOFAGASTA", "provincia": "Provincia de Tocopilla", "comuna": "María Elena", "superficie_ha": 200.0, "datum_original": "PSAD56", "huso": 19, "epsg_origen": 24879, "tipo_publicacion": "pedimento", "fuente_pdf": "http://www.diariooficial.interior.gob.cl/publicaciones/2026/06/15/44475/07/2822625.pdf", "archivo": "gm_pedimento_2822625.pdf", "fecha": "15-06-2026", "edicion": "44475" }, "geometry": { "type": "Polygon", "coordinates": [ [ [ -69.156758438370971, -21.968734711048178 ], [ -69.147072684536809, -21.968743671006735 ], [ -69.147091293330845, -21.986812689964857 ], [ -69.156778272670977, -21.986803721886155 ], [ -69.156758438370971, -21.968734711048178 ] ] ] } },
{ "type": "Feature", "properties": { "cve": "2822626", "nombre": "SOFIA 34", "solicitante": "Jofré Soto Constanza Francisca", "region": "REGIÓN DE ANTOFAGASTA", "provincia": "Provincia de Tocopilla", "comuna": "María Elena", "superficie_ha": 200.0, "datum_original": "PSAD56", "huso": 19, "epsg_origen": 24879, "tipo_publicacion": "pedimento", "fuente_pdf": "http://www.diariooficial.interior.gob.cl/publicaciones/2026/06/15/44475/07/2822626.pdf", "archivo": "gm_pedimento_2822626.pdf", "fecha": "15-06-2026", "edicion": "44475" }, "geometry": { "type": "Polygon", "coordinates": [ [ [ -69.195600498081163, -22.040968810320912 ], [ -69.185909857076723, -22.040980096082148 ], [ -69.185933465284322, -22.059048918678393 ], [ -69.195625336859308, -22.059037622716168 ], [ -69.195600498081163, -22.040968810320912 ] ] ] } },
{ "type": "Feature", "properties": { "cve": "2822627", "nombre": "SOFIA 36", "solicitante": "Jofré Soto Constanza Francisca", "region": "REGIÓN DE ANTOFAGASTA", "provincia": "Provincia de Tocopilla", "comuna": "María Elena", "superficie_ha": 200.0, "datum_original": "PSAD56", "huso": 19, "epsg_origen": 24879, "tipo_publicacion": "pedimento", "fuente_pdf": "http://www.diariooficial.interior.gob.cl/publicaciones/2026/06/15/44475/07/2822627.pdf", "archivo": "gm_pedimento_2822627.pdf", "fecha": "15-06-2026", "edicion": "44475" }, "geometry": { "type": "Polygon", "coordinates": [ [ [ -69.205291132675043, -22.040956951235746 ], [ -69.195600498081163, -22.040968810320912 ], [ -69.195625336859308, -22.059037622716168 ], [ -69.205317202020112, -22.059025752911783 ], [ -69.205291132675043, -22.040956951235746 ] ] ] } },
{ "type": "Feature", "properties": { "cve": "2822615", "nombre": "SOFIA 4", "solicitante": "Jofré Soto Constanza Francisca", "region": "REGIÓN DE ANTOFAGASTA", "provincia": "Provincia de Tocopilla", "comuna": "María Elena", "superficie_ha": 200.0, "datum_original": "PSAD56", "huso": 19, "epsg_origen": 24879, "tipo_publicacion": "pedimento", "fuente_pdf": "http://www.diariooficial.interior.gob.cl/publicaciones/2026/06/15/44475/07/2822615.pdf", "archivo": "gm_pedimento_2822615.pdf", "fecha": "15-06-2026", "edicion": "44475" }, "geometry": { "type": "Polygon", "coordinates": [ [ [ -69.1664336653443, -21.959690663683361 ], [ -69.147063387358187, -21.959709146480971 ], [ -69.147072684536809, -21.968743671006735 ], [ -69.166444187076706, -21.968725179831669 ], [ -69.1664336653443, -21.959690663683361 ] ] ] } },
{ "type": "Feature", "properties": { "cve": "2822616", "nombre": "SOFIA 6", "solicitante": "Jofré Soto Constanza Francisca", "region": "REGIÓN DE ANTOFAGASTA", "provincia": "Provincia de Tocopilla", "comuna": "María Elena", "superficie_ha": 200.0, "datum_original": "PSAD56", "huso": 19, "epsg_origen": 24879, "tipo_publicacion": "pedimento", "fuente_pdf": "http://www.diariooficial.interior.gob.cl/publicaciones/2026/06/15/44475/07/2822616.pdf", "archivo": "gm_pedimento_2822616.pdf", "fecha": "15-06-2026", "edicion": "44475" }, "geometry": { "type": "Polygon", "coordinates": [ [ [ -69.166423149055916, -21.950656137507192 ], [ -69.147054094989983, -21.950674611928363 ], [ -69.147063387358187, -21.959709146480971 ], [ -69.1664336653443, -21.959690663683361 ], [ -69.166423149055916, -21.950656137507192 ] ] ] } },
{ "type": "Feature", "properties": { "cve": "2823619", "nombre": "REBECCA-ISIDORA 10", "solicitante": "Gold Hart Chile SpA", "region": "REGIÓN DE ATACAMA", "provincia": "Provincia de Copiapó", "comuna": null, "superficie_ha": 300.0, "datum_original": "PSAD56", "huso": 19, "epsg_origen": 24879, "tipo_publicacion": "pedimento", "fuente_pdf": "http://www.diariooficial.interior.gob.cl/publicaciones/2026/06/15/44475/07/2823619.pdf", "archivo": "gm_pedimento_2823619.pdf", "fecha": "15-06-2026", "edicion": "44475" }, "geometry": { "type": "Polygon", "coordinates": [ [ [ -70.083370696125684, -27.320281564799405 ], [ -70.073264588315752, -27.320359534065897 ], [ -70.07352542601771, -27.347439273491293 ], [ -70.083633988769989, -27.347361214229821 ], [ -70.083370696125684, -27.320281564799405 ] ] ] } },
{ "type": "Feature", "properties": { "cve": "2823620", "nombre": "REBECCA-ISIDORA 11", "solicitante": "Gold Hart Chile SpA", "region": "REGIÓN DE ATACAMA", "provincia": "Provincia de Copiapó", "comuna": null, "superficie_ha": 100.0, "datum_original": "PSAD56", "huso": 19, "epsg_origen": 24879, "tipo_publicacion": "pedimento", "fuente_pdf": "http://www.diariooficial.interior.gob.cl/publicaciones/2026/06/15/44475/07/2823620.pdf", "archivo": "gm_pedimento_2823620.pdf", "fecha": "15-06-2026", "edicion": "44475" }, "geometry": { "type": "Polygon", "coordinates": [ [ [ -70.073438439526797, -27.338412705698566 ], [ -70.063330654875841, -27.338490003943104 ], [ -70.063416822656592, -27.347516601457841 ], [ -70.07352542601771, -27.347439273491293 ], [ -70.073438439526797, -27.338412705698566 ] ] ] } },
{ "type": "Feature", "properties": { "cve": "2823621", "nombre": "REBECCA-ISIDORA 12", "solicitante": "Gold Hart Chile SpA", "region": "REGIÓN DE ATACAMA", "provincia": "Provincia de Copiapó", "comuna": null, "superficie_ha": 300.0, "datum_original": "PSAD56", "huso": 19, "epsg_origen": 24879, "tipo_publicacion": "pedimento", "fuente_pdf": "http://www.diariooficial.interior.gob.cl/publicaciones/2026/06/15/44475/07/2823621.pdf", "archivo": "gm_pedimento_2823621.pdf", "fecha": "15-06-2026", "edicion": "44475" }, "geometry": { "type": "Polygon", "coordinates": [ [ [ -70.093742510531342, -27.34728242368455 ], [ -70.063416822656592, -27.347516601457841 ], [ -70.063503030664307, -27.356543186957904 ], [ -70.093831175773389, -27.356308919161215 ], [ -70.093742510531342, -27.34728242368455 ] ] ] } },
{ "type": "Feature", "properties": { "cve": "2823622", "nombre": "REBECCA-ISIDORA 13", "solicitante": "Gold Hart Chile SpA", "region": "REGIÓN DE ATACAMA", "provincia": "Provincia de Copiapó", "comuna": null, "superficie_ha": 300.0, "datum_original": "PSAD56", "huso": 19, "epsg_origen": 24879, "tipo_publicacion": "pedimento", "fuente_pdf": "http://www.diariooficial.interior.gob.cl/publicaciones/2026/06/15/44475/07/2823622.pdf", "archivo": "gm_pedimento_2823622.pdf", "fecha": "15-06-2026", "edicion": "44475" }, "geometry": { "type": "Polygon", "coordinates": [ [ [ -70.040756314944403, -27.302550719211929 ], [ -70.010442276153157, -27.302773060439694 ], [ -70.010524033592233, -27.311799855915204 ], [ -70.040840524105491, -27.311577429116685 ], [ -70.040756314944403, -27.302550719211929 ] ] ] } },
{ "type": "Feature", "properties": { "cve": "2823623", "nombre": "REBECCA-ISIDORA 14", "solicitante": "Gold Hart Chile SpA", "region": "REGIÓN DE ATACAMA", "provincia": "Provincia de Copiapó", "comuna": null, "superficie_ha": 300.0, "datum_original": "PSAD56", "huso": 19, "epsg_origen": 24879, "tipo_publicacion": "pedimento", "fuente_pdf": "http://www.diariooficial.interior.gob.cl/publicaciones/2026/06/15/44475/07/2823623.pdf", "archivo": "gm_pedimento_2823623.pdf", "fecha": "15-06-2026", "edicion": "44475" }, "geometry": { "type": "Polygon", "coordinates": [ [ [ -70.040840524105491, -27.311577429116685 ], [ -70.010524033592233, -27.311799855915204 ], [ -70.010605829217994, -27.320826639410573 ], [ -70.040924772598146, -27.320604127027821 ], [ -70.040840524105491, -27.311577429116685 ] ] ] } },
{ "type": "Feature", "properties": { "cve": "2823624", "nombre": "REBECCA-ISIDORA 15", "solicitante": "Gold Hart Chile SpA", "region": "REGIÓN DE ATACAMA", "provincia": "Provincia de Copiapó", "comuna": null, "superficie_ha": 300.0, "datum_original": "PSAD56", "huso": 19, "epsg_origen": 24879, "tipo_publicacion": "pedimento", "fuente_pdf": "http://www.diariooficial.interior.gob.cl/publicaciones/2026/06/15/44475/07/2823624.pdf", "archivo": "gm_pedimento_2823624.pdf", "fecha": "15-06-2026", "edicion": "44475" }, "geometry": { "type": "Polygon", "coordinates": [ [ [ -70.032839755228153, -27.320664106503376 ], [ -70.02273344840296, -27.320738423401451 ], [ -70.02298201076627, -27.347818600156554 ], [ -70.03309077274146, -27.347744197478605 ], [ -70.032839755228153, -27.320664106503376 ] ] ] } },
{ "type": "Feature", "properties": { "cve": "2823625", "nombre": "REBECCA-ISIDORA 16", "solicitante": "Gold Hart Chile SpA", "region": "REGIÓN DE ATACAMA", "provincia": "Provincia de Copiapó", "comuna": null, "superficie_ha": 300.0, "datum_original": "PSAD56", "huso": 19, "epsg_origen": 24879, "tipo_publicacion": "pedimento", "fuente_pdf": "http://www.diariooficial.interior.gob.cl/publicaciones/2026/06/15/44475/07/2823625.pdf", "archivo": "gm_pedimento_2823625.pdf", "fecha": "15-06-2026", "edicion": "44475" }, "geometry": { "type": "Polygon", "coordinates": [ [ [ -70.02273344840296, -27.320738423401451 ], [ -70.012627102919936, -27.320812009793734 ], [ -70.012873210092906, -27.347892271485613 ], [ -70.02298201076627, -27.347818600156554 ], [ -70.02273344840296, -27.320738423401451 ] ] ] } },
{ "type": "Feature", "properties": { "cve": "2823626", "nombre": "REBECCA-ISIDORA 17", "solicitante": "Gold Hart Chile SpA", "region": "REGIÓN DE ATACAMA", "provincia": "Provincia de Copiapó", "comuna": null, "superficie_ha": 200.0, "datum_original": "PSAD56", "huso": 19, "epsg_origen": 24879, "tipo_publicacion": "pedimento", "fuente_pdf": "http://www.diariooficial.interior.gob.cl/publicaciones/2026/06/15/44475/07/2823626.pdf", "archivo": "gm_pedimento_2823626.pdf", "fecha": "15-06-2026", "edicion": "44475" }, "geometry": { "type": "Polygon", "coordinates": [ [ [ -70.093919882403128, -27.365335402606259 ], [ -70.073699520840918, -27.365492373015869 ], [ -70.073786629201464, -27.374518904742271 ], [ -70.094008630434942, -27.374361874016941 ], [ -70.093919882403128, -27.365335402606259 ] ] ] } },
{ "type": "Feature", "properties": { "cve": "2823627", "nombre": "REBECCA-ISIDORA 18", "solicitante": "Gold Hart Chile SpA", "region": "REGIÓN DE ATACAMA", "provincia": "Provincia de Copiapó", "comuna": null, "superficie_ha": 200.0, "datum_original": "PSAD56", "huso": 19, "epsg_origen": 24879, "tipo_publicacion": "pedimento", "fuente_pdf": "http://www.diariooficial.interior.gob.cl/publicaciones/2026/06/15/44475/07/2823627.pdf", "archivo": "gm_pedimento_2823627.pdf", "fecha": "15-06-2026", "edicion": "44475" }, "geometry": { "type": "Polygon", "coordinates": [ [ [ -70.094008630434942, -27.374361874016941 ], [ -70.073786629201464, -27.374518904742271 ], [ -70.07387377821351, -27.38354542444112 ], [ -70.094097419883269, -27.383388333390524 ], [ -70.094008630434942, -27.374361874016941 ] ] ] } },
{ "type": "Feature", "properties": { "cve": "2823628", "nombre": "REBECCA-ISIDORA 19", "solicitante": "Gold Hart Chile SpA", "region": "REGIÓN DE ATACAMA", "provincia": "Provincia de Copiapó", "comuna": null, "superficie_ha": 300.0, "datum_original": "PSAD56", "huso": 19, "epsg_origen": 24879, "tipo_publicacion": "pedimento", "fuente_pdf": "http://www.diariooficial.interior.gob.cl/publicaciones/2026/06/15/44475/07/2823628.pdf", "archivo": "gm_pedimento_2823628.pdf", "fecha": "15-06-2026", "edicion": "44475" }, "geometry": { "type": "Polygon", "coordinates": [ [ [ -70.073699520840918, -27.365492373015869 ], [ -70.043368674675364, -27.365722339674601 ], [ -70.043453323423279, -27.374748959765771 ], [ -70.073786629201464, -27.374518904742271 ], [ -70.073699520840918, -27.365492373015869 ] ] ] } },
{ "type": "Feature", "properties": { "cve": "2823629", "nombre": "REBECCA-ISIDORA 20", "solicitante": "Gold Hart Chile SpA", "region": "REGIÓN DE ATACAMA", "provincia": "Provincia de Copiapó", "comuna": null, "superficie_ha": 300.0, "datum_original": "PSAD56", "huso": 19, "epsg_origen": 24879, "tipo_publicacion": "pedimento", "fuente_pdf": "http://www.diariooficial.interior.gob.cl/publicaciones/2026/06/15/44475/07/2823629.pdf", "archivo": "gm_pedimento_2823629.pdf", "fecha": "15-06-2026", "edicion": "44475" }, "geometry": { "type": "Polygon", "coordinates": [ [ [ -70.073786629201464, -27.374518904742271 ], [ -70.043453323423279, -27.374748959765771 ], [ -70.043538011675082, -27.383775567843344 ], [ -70.07387377821351, -27.38354542444112 ], [ -70.073786629201464, -27.374518904742271 ] ] ] } },
{ "type": "Feature", "properties": { "cve": "2823630", "nombre": "REBECCA-ISIDORA 21", "solicitante": "Gold Hart Chile SpA", "region": "REGIÓN DE ATACAMA", "provincia": "Provincia de Copiapó", "comuna": null, "superficie_ha": 300.0, "datum_original": "PSAD56", "huso": 19, "epsg_origen": 24879, "tipo_publicacion": "pedimento", "fuente_pdf": "http://www.diariooficial.interior.gob.cl/publicaciones/2026/06/15/44475/07/2823630.pdf", "archivo": "gm_pedimento_2823630.pdf", "fecha": "15-06-2026", "edicion": "44475" }, "geometry": { "type": "Polygon", "coordinates": [ [ [ -70.043368674675364, -27.365722339674601 ], [ -70.013037473100596, -27.365945719325271 ], [ -70.013119662112118, -27.37497242525049 ], [ -70.043453323423279, -27.374748959765771 ], [ -70.043368674675364, -27.365722339674601 ] ] ] } },
{ "type": "Feature", "properties": { "cve": "2823631", "nombre": "REBECCA-ISIDORA 22", "solicitante": "Gold Hart Chile SpA", "region": "REGIÓN DE ATACAMA", "provincia": "Provincia de Copiapó", "comuna": null, "superficie_ha": 300.0, "datum_original": "PSAD56", "huso": 19, "epsg_origen": 24879, "tipo_publicacion": "pedimento", "fuente_pdf": "http://www.diariooficial.interior.gob.cl/publicaciones/2026/06/15/44475/07/2823631.pdf", "archivo": "gm_pedimento_2823631.pdf", "fecha": "15-06-2026", "edicion": "44475" }, "geometry": { "type": "Polygon", "coordinates": [ [ [ -70.043453323423279, -27.374748959765771 ], [ -70.013119662112118, -27.37497242525049 ], [ -70.013201889479902, -27.383999119175698 ], [ -70.043538011675082, -27.383775567843344 ], [ -70.043453323423279, -27.374748959765771 ] ] ] } },
{ "type": "Feature", "properties": { "cve": "2823632", "nombre": "REBECCA-ISIDORA 23", "solicitante": "Gold Hart Chile SpA", "region": "REGIÓN DE ATACAMA", "provincia": "Provincia de Copiapó", "comuna": null, "superficie_ha": 300.0, "datum_original": "PSAD56", "huso": 19, "epsg_origen": 24879, "tipo_publicacion": "pedimento", "fuente_pdf": "http://www.diariooficial.interior.gob.cl/publicaciones/2026/06/15/44475/07/2823632.pdf", "archivo": "gm_pedimento_2823632.pdf", "fecha": "15-06-2026", "edicion": "44475" }, "geometry": { "type": "Polygon", "coordinates": [ [ [ -70.013037473100596, -27.365945719325271 ], [ -69.982705926441938, -27.366162511681747 ], [ -69.98278565559697, -27.375189300910169 ], [ -70.013119662112118, -27.37497242525049 ], [ -70.013037473100596, -27.365945719325271 ] ] ] } },
{ "type": "Feature", "properties": { "cve": "2823633", "nombre": "REBECCA-ISIDORA 24", "solicitante": "Gold Hart Chile SpA", "region": "REGIÓN DE ATACAMA", "provincia": "Provincia de Copiapó", "comuna": null, "superficie_ha": 300.0, "datum_original": "PSAD56", "huso": 19, "epsg_origen": 24879, "tipo_publicacion": "pedimento", "fuente_pdf": "http://www.diariooficial.interior.gob.cl/publicaciones/2026/06/15/44475/07/2823633.pdf", "archivo": "gm_pedimento_2823633.pdf", "fecha": "15-06-2026", "edicion": "44475" }, "geometry": { "type": "Polygon", "coordinates": [ [ [ -70.013119662112118, -27.37497242525049 ], [ -69.98278565559697, -27.375189300910169 ], [ -69.982865421960526, -27.384216078151727 ], [ -70.013201889479902, -27.383999119175698 ], [ -70.013119662112118, -27.37497242525049 ] ] ] } },
{ "type": "Feature", "properties": { "cve": "2823634", "nombre": "REBECCA-ISIDORA 25", "solicitante": "Gold Hart Chile SpA", "region": "REGIÓN DE ATACAMA", "provincia": "Provincia de Copiapó", "comuna": null, "superficie_ha": 300.0, "datum_original": "PSAD56", "huso": 19, "epsg_origen": 24879, "tipo_publicacion": "pedimento", "fuente_pdf": "http://www.diariooficial.interior.gob.cl/publicaciones/2026/06/15/44475/07/2823634.pdf", "archivo": "gm_pedimento_2823634.pdf", "fecha": "15-06-2026", "edicion": "44475" }, "geometry": { "type": "Polygon", "coordinates": [ [ [ -70.096863969967799, -27.356285130257497 ], [ -70.06653586164299, -27.356520056466056 ], [ -70.066622355735504, -27.365546621058805 ], [ -70.096952922428571, -27.365311604559633 ], [ -70.096863969967799, -27.356285130257497 ] ] ] } },
{ "type": "Feature", "properties": { "cve": "2823636", "nombre": "REBECCA-ISIDORA 27", "solicitante": "Gold Hart Chile SpA", "region": "REGIÓN DE ATACAMA", "provincia": "Provincia de Copiapó", "comuna": null, "superficie_ha": 300.0, "datum_original": "PSAD56", "huso": 19, "epsg_origen": 24879, "tipo_publicacion": "pedimento", "fuente_pdf": "http://www.diariooficial.interior.gob.cl/publicaciones/2026/06/15/44475/07/2823636.pdf", "archivo": "gm_pedimento_2823636.pdf", "fecha": "15-06-2026", "edicion": "44475" }, "geometry": { "type": "Polygon", "coordinates": [ [ [ -70.046316920345788, -27.356673016038464 ], [ -70.015988212424233, -27.356896968329437 ], [ -70.016070608957222, -27.365923677783794 ], [ -70.046401775455692, -27.365699639419287 ], [ -70.046316920345788, -27.356673016038464 ] ] ] } },
{ "type": "Feature", "properties": { "cve": "2823637", "nombre": "REBECCA-ISIDORA 28", "solicitante": "Gold Hart Chile SpA", "region": "REGIÓN DE ATACAMA", "provincia": "Provincia de Copiapó", "comuna": null, "superficie_ha": 200.0, "datum_original": "PSAD56", "huso": 19, "epsg_origen": 24879, "tipo_publicacion": "pedimento", "fuente_pdf": "http://www.diariooficial.interior.gob.cl/publicaciones/2026/06/15/44475/07/2823637.pdf", "archivo": "gm_pedimento_2823637.pdf", "fecha": "15-06-2026", "edicion": "44475" }, "geometry": { "type": "Polygon", "coordinates": [ [ [ -70.063330654875841, -27.338490003943104 ], [ -70.05322283001216, -27.338566571162797 ], [ -70.053393567970204, -27.356619813064178 ], [ -70.063503030664307, -27.356543186957904 ], [ -70.063330654875841, -27.338490003943104 ] ] ] } },
{ "type": "Feature", "properties": { "cve": "2823617", "nombre": "REBECCA-ISIDORA 8", "solicitante": "Gold Hart Chile SpA", "region": "REGIÓN DE ATACAMA", "provincia": "Provincia de Copiapó", "comuna": null, "superficie_ha": 300.0, "datum_original": "PSAD56", "huso": 19, "epsg_origen": 24879, "tipo_publicacion": "pedimento", "fuente_pdf": "http://www.diariooficial.interior.gob.cl/publicaciones/2026/06/15/44475/07/2823617.pdf", "archivo": "gm_pedimento_2823617.pdf", "fecha": "15-06-2026", "edicion": "44475" }, "geometry": { "type": "Polygon", "coordinates": [ [ [ -70.09136721658021, -27.311192113815999 ], [ -70.061051321760502, -27.311425493537858 ], [ -70.061137205429617, -27.320452132988187 ], [ -70.091455552909238, -27.320218663468282 ], [ -70.09136721658021, -27.311192113815999 ] ] ] } },
{ "type": "Feature", "properties": { "cve": "2823618", "nombre": "REBECCA-ISIDORA 9", "solicitante": "Gold Hart Chile SpA", "region": "REGIÓN DE ATACAMA", "provincia": "Provincia de Copiapó", "comuna": null, "superficie_ha": 300.0, "datum_original": "PSAD56", "huso": 19, "epsg_origen": 24879, "tipo_publicacion": "pedimento", "fuente_pdf": "http://www.diariooficial.interior.gob.cl/publicaciones/2026/06/15/44475/07/2823618.pdf", "archivo": "gm_pedimento_2823618.pdf", "fecha": "15-06-2026", "edicion": "44475" }, "geometry": { "type": "Polygon", "coordinates": [ [ [ -70.093476762987407, -27.320202865092096 ], [ -70.083370696125684, -27.320281564799405 ], [ -70.083633988769989, -27.347361214229821 ], [ -70.093742510531342, -27.34728242368455 ], [ -70.093476762987407, -27.320202865092096 ] ] ] } },
{ "type": "Feature", "properties": { "cve": "2823153", "nombre": "Pantaleón 1", "solicitante": "Veth Raffo Daniela", "region": "REGIÓN DE COQUIMBO", "provincia": "Provincia de Elqui", "comuna": "Vicuña", "superficie_ha": 300.0, "datum_original": "PSAD56", "huso": 19, "epsg_origen": 24879, "tipo_publicacion": "pedimento", "fuente_pdf": "http://www.diariooficial.interior.gob.cl/publicaciones/2026/06/15/44475/07/2823153.pdf", "archivo": "gm_pedimento_2823153.pdf", "fecha": "15-06-2026", "edicion": "44475" }, "geometry": { "type": "Polygon", "coordinates": [ [ [ -70.031639293864473, -30.31710625342706 ], [ -70.000439637990624, -30.317348552506228 ], [ -70.000531323913222, -30.326371313379376 ], [ -70.03173383788176, -30.326128927170803 ], [ -70.031639293864473, -30.31710625342706 ] ] ] } },
{ "type": "Feature", "properties": { "cve": "2823154", "nombre": "Pantaleón 2", "solicitante": "Veth Raffo Daniela", "region": "REGIÓN DE COQUIMBO", "provincia": "Provincia de Elqui", "comuna": "Vicuña", "superficie_ha": 300.0, "datum_original": "PSAD56", "huso": 19, "epsg_origen": 24879, "tipo_publicacion": "pedimento", "fuente_pdf": "http://www.diariooficial.interior.gob.cl/publicaciones/2026/06/15/44475/07/2823154.pdf", "archivo": "gm_pedimento_2823154.pdf", "fecha": "15-06-2026", "edicion": "44475" }, "geometry": { "type": "Polygon", "coordinates": [ [ [ -70.03173383788176, -30.326128927170803 ], [ -70.000531323913222, -30.326371313379376 ], [ -70.000623051336575, -30.335394061448433 ], [ -70.03182842469316, -30.335151588094853 ], [ -70.03173383788176, -30.326128927170803 ] ] ] } },
{ "type": "Feature", "properties": { "cve": "2823155", "nombre": "Pantaleón 3", "solicitante": "Veth Raffo Daniela", "region": "REGIÓN DE COQUIMBO", "provincia": "Provincia de Elqui", "comuna": "Vicuña", "superficie_ha": 300.0, "datum_original": "PSAD56", "huso": 19, "epsg_origen": 24879, "tipo_publicacion": "pedimento", "fuente_pdf": "http://www.diariooficial.interior.gob.cl/publicaciones/2026/06/15/44475/07/2823155.pdf", "archivo": "gm_pedimento_2823155.pdf", "fecha": "15-06-2026", "edicion": "44475" }, "geometry": { "type": "Polygon", "coordinates": [ [ [ -70.037029283108083, -30.335110452237451 ], [ -70.005823973158257, -30.335354166110172 ], [ -70.005916218888643, -30.344376887031792 ], [ -70.037124389496086, -30.344133085552603 ], [ -70.037029283108083, -30.335110452237451 ] ] ] } },
{ "type": "Feature", "properties": { "cve": "2823156", "nombre": "Pantaleón 4", "solicitante": "Veth Raffo Daniela", "region": "REGIÓN DE COQUIMBO", "provincia": "Provincia de Elqui", "comuna": "Vicuña", "superficie_ha": 300.0, "datum_original": "PSAD56", "huso": 19, "epsg_origen": 24879, "tipo_publicacion": "pedimento", "fuente_pdf": "http://www.diariooficial.interior.gob.cl/publicaciones/2026/06/15/44475/07/2823156.pdf", "archivo": "gm_pedimento_2823156.pdf", "fecha": "15-06-2026", "edicion": "44475" }, "geometry": { "type": "Polygon", "coordinates": [ [ [ -70.037124389496086, -30.344133085552603 ], [ -70.005916218888643, -30.344376887031792 ], [ -70.006008506367351, -30.353399595142115 ], [ -70.037219538926706, -30.353155706040731 ], [ -70.037124389496086, -30.344133085552603 ] ] ] } },
{ "type": "Feature", "properties": { "cve": "2823157", "nombre": "Pantaleón 5", "solicitante": "Veth Raffo Daniela", "region": "REGIÓN DE COQUIMBO", "provincia": "Provincia de Elqui", "comuna": "Vicuña", "superficie_ha": 300.0, "datum_original": "PSAD56", "huso": 19, "epsg_origen": 24879, "tipo_publicacion": "pedimento", "fuente_pdf": "http://www.diariooficial.interior.gob.cl/publicaciones/2026/06/15/44475/07/2823157.pdf", "archivo": "gm_pedimento_2823157.pdf", "fecha": "15-06-2026", "edicion": "44475" }, "geometry": { "type": "Polygon", "coordinates": [ [ [ -70.037219538926706, -30.353155706040731 ], [ -70.006008506367351, -30.353399595142115 ], [ -70.00610083561034, -30.362422290438797 ], [ -70.03731473141643, -30.362178313699513 ], [ -70.037219538926706, -30.353155706040731 ] ] ] } },
{ "type": "Feature", "properties": { "cve": "2823158", "nombre": "Pantaleón 6", "solicitante": "Veth Raffo Daniela", "region": "REGIÓN DE COQUIMBO", "provincia": "Provincia de Elqui", "comuna": "Vicuña", "superficie_ha": 300.0, "datum_original": "PSAD56", "huso": 19, "epsg_origen": 24879, "tipo_publicacion": "pedimento", "fuente_pdf": "http://www.diariooficial.interior.gob.cl/publicaciones/2026/06/15/44475/07/2823158.pdf", "archivo": "gm_pedimento_2823158.pdf", "fecha": "15-06-2026", "edicion": "44475" }, "geometry": { "type": "Polygon", "coordinates": [ [ [ -70.03731473141643, -30.362178313699513 ], [ -70.00610083561034, -30.362422290438797 ], [ -70.006193206633611, -30.371444972919523 ], [ -70.037409966981798, -30.371200908526614 ], [ -70.03731473141643, -30.362178313699513 ] ] ] } },
{ "type": "Feature", "properties": { "cve": "2823159", "nombre": "Pantaleón 7", "solicitante": "Veth Raffo Daniela", "region": "REGIÓN DE COQUIMBO", "provincia": "Provincia de Elqui", "comuna": "Vicuña", "superficie_ha": 300.0, "datum_original": "PSAD56", "huso": 19, "epsg_origen": 24879, "tipo_publicacion": "pedimento", "fuente_pdf": "http://www.diariooficial.interior.gob.cl/publicaciones/2026/06/15/44475/07/2823159.pdf", "archivo": "gm_pedimento_2823159.pdf", "fecha": "15-06-2026", "edicion": "44475" }, "geometry": { "type": "Polygon", "coordinates": [ [ [ -70.03116664556515, -30.371250317705901 ], [ -69.999949809051003, -30.37149289133411 ], [ -70.000041648685581, -30.380515578209192 ], [ -70.031261351066831, -30.380272917447027 ], [ -70.03116664556515, -30.371250317705901 ] ] ] } },
{ "type": "Feature", "properties": { "cve": "2823160", "nombre": "Pantaleón 8", "solicitante": "Veth Raffo Daniela", "region": "REGIÓN DE COQUIMBO", "provincia": "Provincia de Elqui", "comuna": "Vicuña", "superficie_ha": 300.0, "datum_original": "PSAD56", "huso": 19, "epsg_origen": 24879, "tipo_publicacion": "pedimento", "fuente_pdf": "http://www.diariooficial.interior.gob.cl/publicaciones/2026/06/15/44475/07/2823160.pdf", "archivo": "gm_pedimento_2823160.pdf", "fecha": "15-06-2026", "edicion": "44475" }, "geometry": { "type": "Polygon", "coordinates": [ [ [ -70.031261351066831, -30.380272917447027 ], [ -70.000041648685581, -30.380515578209192 ], [ -70.000133529873239, -30.389538252266775 ], [ -70.03135609941792, -30.389295504355026 ], [ -70.031261351066831, -30.380272917447027 ] ] ] } },
{ "type": "Feature", "properties": { "cve": "2823371", "nombre": "RIO SECO 1", "solicitante": "Zamorano Pichard Augusto Elías", "region": "REGIÓN DE COQUIMBO", "provincia": "Provincia de Elqui", "comuna": null, "superficie_ha": 300.0, "datum_original": "PSAD56", "huso": 19, "epsg_origen": 24879, "tipo_publicacion": "pedimento", "fuente_pdf": "http://www.diariooficial.interior.gob.cl/publicaciones/2026/06/15/44475/07/2823371.pdf", "archivo": "gm_pedimento_2823371.pdf", "fecha": "15-06-2026", "edicion": "44475" }, "geometry": { "type": "Polygon", "coordinates": [ [ [ -70.039194211745226, -30.046338559042876 ], [ -70.02882279175904, -30.046420091558367 ], [ -70.029102721982014, -30.073489225044547 ], [ -70.039476962673845, -30.073407604075008 ], [ -70.039194211745226, -30.046338559042876 ] ] ] } },
{ "type": "Feature", "properties": { "cve": "2823380", "nombre": "RIO SECO 10", "solicitante": "Zamorano Pichard Augusto Elías", "region": "REGIÓN DE COQUIMBO", "provincia": "Provincia de Elqui", "comuna": null, "superficie_ha": 300.0, "datum_original": "PSAD56", "huso": 19, "epsg_origen": 24879, "tipo_publicacion": "pedimento", "fuente_pdf": "http://www.diariooficial.interior.gob.cl/publicaciones/2026/06/15/44475/07/2823380.pdf", "archivo": "gm_pedimento_2823380.pdf", "fecha": "15-06-2026", "edicion": "44475" }, "geometry": { "type": "Polygon", "coordinates": [ [ [ -70.008354114006821, -30.073650011768223 ], [ -69.997979747576593, -30.073729177498709 ], [ -69.99825158493482, -30.100798456378865 ], [ -70.008628776052888, -30.100719204809074 ], [ -70.008354114006821, -30.073650011768223 ] ] ] } },
{ "type": "Feature", "properties": { "cve": "2823381", "nombre": "RÍO SECO 11", "solicitante": "Zamorano Pichard Augusto Elías", "region": "REGIÓN DE COQUIMBO", "provincia": "Provincia de Elqui", "comuna": null, "superficie_ha": 100.0, "datum_original": "PSAD56", "huso": 19, "epsg_origen": 24879, "tipo_publicacion": "pedimento", "fuente_pdf": "http://www.diariooficial.interior.gob.cl/publicaciones/2026/06/15/44475/07/2823381.pdf", "archivo": "gm_pedimento_2823381.pdf", "fecha": "15-06-2026", "edicion": "44475" }, "geometry": { "type": "Polygon", "coordinates": [ [ [ -69.997979747576593, -30.073729177498709 ], [ -69.987605340086617, -30.073807524792709 ], [ -69.987694970307189, -30.08283065880682 ], [ -69.998070318948578, -30.082752283200509 ], [ -69.997979747576593, -30.073729177498709 ] ] ] } },
{ "type": "Feature", "properties": { "cve": "2823372", "nombre": "RIO SECO 2", "solicitante": "Zamorano Pichard Augusto Elías", "region": "REGIÓN DE COQUIMBO", "provincia": "Provincia de Elqui", "comuna": null, "superficie_ha": 300.0, "datum_original": "PSAD56", "huso": 19, "epsg_origen": 24879, "tipo_publicacion": "pedimento", "fuente_pdf": "http://www.diariooficial.interior.gob.cl/publicaciones/2026/06/15/44475/07/2823372.pdf", "archivo": "gm_pedimento_2823372.pdf", "fecha": "15-06-2026", "edicion": "44475" }, "geometry": { "type": "Polygon", "coordinates": [ [ [ -70.02882279175904, -30.046420091558367 ], [ -70.018451329481721, -30.046500806559486 ], [ -70.018728438950816, -30.073570027612927 ], [ -70.029102721982014, -30.073489225044547 ], [ -70.02882279175904, -30.046420091558367 ] ] ] } },
{ "type": "Feature", "properties": { "cve": "2823373", "nombre": "RIO SECO 3", "solicitante": "Zamorano Pichard Augusto Elías", "region": "REGIÓN DE COQUIMBO", "provincia": "Provincia de Elqui", "comuna": null, "superficie_ha": 300.0, "datum_original": "PSAD56", "huso": 19, "epsg_origen": 24879, "tipo_publicacion": "pedimento", "fuente_pdf": "http://www.diariooficial.interior.gob.cl/publicaciones/2026/06/15/44475/07/2823373.pdf", "archivo": "gm_pedimento_2823373.pdf", "fecha": "15-06-2026", "edicion": "44475" }, "geometry": { "type": "Polygon", "coordinates": [ [ [ -70.018451329481721, -30.046500806559486 ], [ -70.008079825339323, -30.04658070403433 ], [ -70.008354114006821, -30.073650011768223 ], [ -70.018728438950816, -30.073570027612927 ], [ -70.018451329481721, -30.046500806559486 ] ] ] } },
{ "type": "Feature", "properties": { "cve": "2823374", "nombre": "RIO SECO 4", "solicitante": "Zamorano Pichard Augusto Elías", "region": "REGIÓN DE COQUIMBO", "provincia": "Provincia de Elqui", "comuna": null, "superficie_ha": 300.0, "datum_original": "PSAD56", "huso": 19, "epsg_origen": 24879, "tipo_publicacion": "pedimento", "fuente_pdf": "http://www.diariooficial.interior.gob.cl/publicaciones/2026/06/15/44475/07/2823374.pdf", "archivo": "gm_pedimento_2823374.pdf", "fecha": "15-06-2026", "edicion": "44475" }, "geometry": { "type": "Polygon", "coordinates": [ [ [ -70.008079825339323, -30.04658070403433 ], [ -69.997708279757916, -30.046659783971162 ], [ -69.997979747576593, -30.073729177498709 ], [ -70.008354114006821, -30.073650011768223 ], [ -70.008079825339323, -30.04658070403433 ] ] ] } },
{ "type": "Feature", "properties": { "cve": "2823375", "nombre": "RIO SECO 5", "solicitante": "Zamorano Pichard Augusto Elías", "region": "REGIÓN DE COQUIMBO", "provincia": "Provincia de Elqui", "comuna": null, "superficie_ha": 300.0, "datum_original": "PSAD56", "huso": 19, "epsg_origen": 24879, "tipo_publicacion": "pedimento", "fuente_pdf": "http://www.diariooficial.interior.gob.cl/publicaciones/2026/06/15/44475/07/2823375.pdf", "archivo": "gm_pedimento_2823375.pdf", "fecha": "15-06-2026", "edicion": "44475" }, "geometry": { "type": "Polygon", "coordinates": [ [ [ -69.997708279757916, -30.046659783971162 ], [ -69.987336693163542, -30.046738046358318 ], [ -69.987605340086617, -30.073807524792709 ], [ -69.997979747576593, -30.073729177498709 ], [ -69.997708279757916, -30.046659783971162 ] ] ] } },
{ "type": "Feature", "properties": { "cve": "2823376", "nombre": "RIO SECO 6", "solicitante": "Zamorano Pichard Augusto Elías", "region": "REGIÓN DE COQUIMBO", "provincia": "Provincia de Elqui", "comuna": null, "superficie_ha": 300.0, "datum_original": "PSAD56", "huso": 19, "epsg_origen": 24879, "tipo_publicacion": "pedimento", "fuente_pdf": "http://www.diariooficial.interior.gob.cl/publicaciones/2026/06/15/44475/07/2823376.pdf", "archivo": "gm_pedimento_2823376.pdf", "fecha": "15-06-2026", "edicion": "44475" }, "geometry": { "type": "Polygon", "coordinates": [ [ [ -69.987336693163542, -30.046738046358318 ], [ -69.976965065982284, -30.046815491184301 ], [ -69.977230891963529, -30.073885053638694 ], [ -69.987605340086617, -30.073807524792709 ], [ -69.987336693163542, -30.046738046358318 ] ] ] } },
{ "type": "Feature", "properties": { "cve": "2823377", "nombre": "RIO SECO 7", "solicitante": "Zamorano Pichard Augusto Elías", "region": "REGIÓN DE COQUIMBO", "provincia": "Provincia de Elqui", "comuna": null, "superficie_ha": 300.0, "datum_original": "PSAD56", "huso": 19, "epsg_origen": 24879, "tipo_publicacion": "pedimento", "fuente_pdf": "http://www.diariooficial.interior.gob.cl/publicaciones/2026/06/15/44475/07/2823377.pdf", "archivo": "gm_pedimento_2823377.pdf", "fecha": "15-06-2026", "edicion": "44475" }, "geometry": { "type": "Polygon", "coordinates": [ [ [ -70.039476962673845, -30.073407604075008 ], [ -70.029102721982014, -30.073489225044547 ], [ -70.029383033261183, -30.100558243744977 ], [ -70.039760098497396, -30.100476534274335 ], [ -70.039476962673845, -30.073407604075008 ] ] ] } },
{ "type": "Feature", "properties": { "cve": "2823378", "nombre": "RIO SECO 8", "solicitante": "Zamorano Pichard Augusto Elías", "region": "REGIÓN DE COQUIMBO", "provincia": "Provincia de Elqui", "comuna": null, "superficie_ha": 300.0, "datum_original": "PSAD56", "huso": 19, "epsg_origen": 24879, "tipo_publicacion": "pedimento", "fuente_pdf": "http://www.diariooficial.interior.gob.cl/publicaciones/2026/06/15/44475/07/2823378.pdf", "archivo": "gm_pedimento_2823378.pdf", "fecha": "15-06-2026", "edicion": "44475" }, "geometry": { "type": "Polygon", "coordinates": [ [ [ -70.029102721982014, -30.073489225044547 ], [ -70.018728438950816, -30.073570027612927 ], [ -70.019005925637344, -30.100639133927189 ], [ -70.029383033261183, -30.100558243744977 ], [ -70.029102721982014, -30.073489225044547 ] ] ] } },
{ "type": "Feature", "properties": { "cve": "2823379", "nombre": "RIO SECO 9", "solicitante": "Zamorano Pichard Augusto Elías", "region": "REGIÓN DE COQUIMBO", "provincia": "Provincia de Elqui", "comuna": null, "superficie_ha": 300.0, "datum_original": "PSAD56", "huso": 19, "epsg_origen": 24879, "tipo_publicacion": "pedimento", "fuente_pdf": "http://www.diariooficial.interior.gob.cl/publicaciones/2026/06/15/44475/07/2823379.pdf", "archivo": "gm_pedimento_2823379.pdf", "fecha": "15-06-2026", "edicion": "44475" }, "geometry": { "type": "Polygon", "coordinates": [ [ [ -70.018728438950816, -30.073570027612927 ], [ -70.008354114006821, -30.073650011768223 ], [ -70.008628776052888, -30.100719204809074 ], [ -70.019005925637344, -30.100639133927189 ], [ -70.018728438950816, -30.073570027612927 ] ] ] } },
{ "type": "Feature", "properties": { "cve": "2823161", "nombre": "Visitadora 1", "solicitante": "Veth Raffo Daniela", "region": "REGIÓN DE COQUIMBO", "provincia": "Provincia de Elqui", "comuna": "Vicuña", "superficie_ha": 200.0, "datum_original": "PSAD56", "huso": 19, "epsg_origen": 24879, "tipo_publicacion": "pedimento", "fuente_pdf": "http://www.diariooficial.interior.gob.cl/publicaciones/2026/06/15/44475/07/2823161.pdf", "archivo": "gm_pedimento_2823161.pdf", "fecha": "15-06-2026", "edicion": "44475" }, "geometry": { "type": "Polygon", "coordinates": [ [ [ -70.041572172646966, -30.371167803437427 ], [ -70.03116664556515, -30.371250317705901 ], [ -70.03135609941792, -30.389295504355026 ], [ -70.041763537444623, -30.389212930802145 ], [ -70.041572172646966, -30.371167803437427 ] ] ] } },
{ "type": "Feature", "properties": { "cve": "2823162", "nombre": "Visitadora 2", "solicitante": "Veth Raffo Daniela", "region": "REGIÓN DE COQUIMBO", "provincia": "Provincia de Elqui", "comuna": "Vicuña", "superficie_ha": 200.0, "datum_original": "PSAD56", "huso": 19, "epsg_origen": 24879, "tipo_publicacion": "pedimento", "fuente_pdf": "http://www.diariooficial.interior.gob.cl/publicaciones/2026/06/15/44475/07/2823162.pdf", "archivo": "gm_pedimento_2823162.pdf", "fecha": "15-06-2026", "edicion": "44475" }, "geometry": { "type": "Polygon", "coordinates": [ [ [ -70.051977656464103, -30.371084460992961 ], [ -70.041572172646966, -30.371167803437427 ], [ -70.041763537444623, -30.389212930802145 ], [ -70.052170932173453, -30.389129528478353 ], [ -70.051977656464103, -30.371084460992961 ] ] ] } },
{ "type": "Feature", "properties": { "cve": "2823163", "nombre": "Visitadora 3", "solicitante": "Veth Raffo Daniela", "region": "REGIÓN DE COQUIMBO", "provincia": "Provincia de Elqui", "comuna": "Vicuña", "superficie_ha": 100.0, "datum_original": "PSAD56", "huso": 19, "epsg_origen": 24879, "tipo_publicacion": "pedimento", "fuente_pdf": "http://www.diariooficial.interior.gob.cl/publicaciones/2026/06/15/44475/07/2823163.pdf", "archivo": "gm_pedimento_2823163.pdf", "fecha": "15-06-2026", "edicion": "44475" }, "geometry": { "type": "Polygon", "coordinates": [ [ [ -70.047719277776736, -30.362095332336636 ], [ -70.03731473141643, -30.362178313699513 ], [ -70.037409966981798, -30.371200908526614 ], [ -70.047815468156642, -30.37111789735107 ], [ -70.047719277776736, -30.362095332336636 ] ] ] } },
{ "type": "Feature", "properties": { "cve": "2823164", "nombre": "Visitadora 4", "solicitante": "Veth Raffo Daniela", "region": "REGIÓN DE COQUIMBO", "provincia": "Provincia de Elqui", "comuna": "Vicuña", "superficie_ha": 200.0, "datum_original": "PSAD56", "huso": 19, "epsg_origen": 24879, "tipo_publicacion": "pedimento", "fuente_pdf": "http://www.diariooficial.interior.gob.cl/publicaciones/2026/06/15/44475/07/2823164.pdf", "archivo": "gm_pedimento_2823164.pdf", "fecha": "15-06-2026", "edicion": "44475" }, "geometry": { "type": "Polygon", "coordinates": [ [ [ -70.042039094175365, -30.317023834244438 ], [ -70.031639293864473, -30.31710625342706 ], [ -70.03182842469316, -30.335151588094853 ], [ -70.042230130766512, -30.335069109632151 ], [ -70.042039094175365, -30.317023834244438 ] ] ] } },
{ "type": "Feature", "properties": { "cve": "2823165", "nombre": "Visitadora 5", "solicitante": "Veth Raffo Daniela", "region": "REGIÓN DE COQUIMBO", "provincia": "Provincia de Elqui", "comuna": "Vicuña", "superficie_ha": 100.0, "datum_original": "PSAD56", "huso": 19, "epsg_origen": 24879, "tipo_publicacion": "pedimento", "fuente_pdf": "http://www.diariooficial.interior.gob.cl/publicaciones/2026/06/15/44475/07/2823165.pdf", "archivo": "gm_pedimento_2823165.pdf", "fecha": "15-06-2026", "edicion": "44475" }, "geometry": { "type": "Polygon", "coordinates": [ [ [ -70.026152364302959, -30.389336480338557 ], [ -70.01574486213994, -30.389417810712239 ], [ -70.015838219144982, -30.398440428702123 ], [ -70.026246677453344, -30.398359069124595 ], [ -70.026152364302959, -30.389336480338557 ] ] ] } },
{ "type": "Feature", "properties": { "cve": "2823166", "nombre": "Visitadora 6", "solicitante": "Veth Raffo Daniela", "region": "REGIÓN DE COQUIMBO", "provincia": "Provincia de Elqui", "comuna": "Vicuña", "superficie_ha": 100.0, "datum_original": "PSAD56", "huso": 19, "epsg_origen": 24879, "tipo_publicacion": "pedimento", "fuente_pdf": "http://www.diariooficial.interior.gob.cl/publicaciones/2026/06/15/44475/07/2823166.pdf", "archivo": "gm_pedimento_2823166.pdf", "fecha": "15-06-2026", "edicion": "44475" }, "geometry": { "type": "Polygon", "coordinates": [ [ [ -70.036521728168609, -30.385645293867061 ], [ -70.026114650985633, -30.385727441230831 ], [ -70.026208947074181, -30.394750035150278 ], [ -70.036616980213225, -30.394667858287214 ], [ -70.036521728168609, -30.385645293867061 ] ] ] } },
{ "type": "Feature", "properties": { "cve": "2822256", "nombre": "COIRON 1", "solicitante": "Fitzry Minerals Exploration SpA", "region": "REGIÓN DE COQUIMBO", "provincia": "Provincia de Choapa", "comuna": "Salamanca", "superficie_ha": 300.0, "datum_original": "PSAD56", "huso": 19, "epsg_origen": 24879, "tipo_publicacion": "pedimento", "fuente_pdf": "http://www.diariooficial.interior.gob.cl/publicaciones/2026/06/15/44475/07/2822256.pdf", "archivo": "gm_pedimento_2822256.pdf", "fecha": "15-06-2026", "edicion": "44475" }, "geometry": { "type": "Polygon", "coordinates": [ [ [ -70.715943631778771, -31.947251945479806 ], [ -70.705367445671527, -31.947394438880959 ], [ -70.705867586846935, -31.974447884374758 ], [ -70.71644687098204, -31.974305241886771 ], [ -70.715943631778771, -31.947251945479806 ] ] ] } },
{ "type": "Feature", "properties": { "cve": "2822259", "nombre": "COIRON 3", "solicitante": "Fitzroy Minerals Exploration SpA", "region": "REGIÓN DE COQUIMBO", "provincia": "Provincia de Choapa", "comuna": "Salamanca", "superficie_ha": 300.0, "datum_original": "PSAD56", "huso": 19, "epsg_origen": 24879, "tipo_publicacion": "pedimento", "fuente_pdf": "http://www.diariooficial.interior.gob.cl/publicaciones/2026/06/15/44475/07/2822259.pdf", "archivo": "gm_pedimento_2822259.pdf", "fecha": "15-06-2026", "edicion": "44475" }, "geometry": { "type": "Polygon", "coordinates": [ [ [ -70.69479118496794, -31.947536052125315 ], [ -70.684214850129734, -31.947676785191511 ], [ -70.684708794979855, -31.974730526097741 ], [ -70.695288228025433, -31.974589645785546 ], [ -70.69479118496794, -31.947536052125315 ] ] ] } },
{ "type": "Feature", "properties": { "cve": "2822260", "nombre": "COIRON 4", "solicitante": "Fitzroy Minerals Exploration SpA", "region": "REGIÓN DE COQUIMBO", "provincia": "Provincia de Choapa", "comuna": "Salamanca", "superficie_ha": 300.0, "datum_original": "PSAD56", "huso": 19, "epsg_origen": 24879, "tipo_publicacion": "pedimento", "fuente_pdf": "http://www.diariooficial.interior.gob.cl/publicaciones/2026/06/15/44475/07/2822260.pdf", "archivo": "gm_pedimento_2822260.pdf", "fecha": "15-06-2026", "edicion": "44475" }, "geometry": { "type": "Polygon", "coordinates": [ [ [ -70.71644687098204, -31.974305241886771 ], [ -70.684708794979855, -31.974730526097741 ], [ -70.684873590747742, -31.983748412368318 ], [ -70.716614767640664, -31.983322979934204 ], [ -70.71644687098204, -31.974305241886771 ] ] ] } },
{ "type": "Feature", "properties": { "cve": "2822261", "nombre": "COIRON 5", "solicitante": "Fitzroy Minerals Exploration SpA", "region": "REGIÓN DE COQUIMBO", "provincia": "Provincia de Choapa", "comuna": "Salamanca", "superficie_ha": 200.0, "datum_original": "PSAD56", "huso": 19, "epsg_origen": 24879, "tipo_publicacion": "pedimento", "fuente_pdf": "http://www.diariooficial.interior.gob.cl/publicaciones/2026/06/15/44475/07/2822261.pdf", "archivo": "gm_pedimento_2822261.pdf", "fecha": "15-06-2026", "edicion": "44475" }, "geometry": { "type": "Polygon", "coordinates": [ [ [ -70.689338009979409, -31.938588612182944 ], [ -70.668187256756013, -31.938868220398255 ], [ -70.66835020988016, -31.947886234410351 ], [ -70.689503026786809, -31.947606528682012 ], [ -70.689338009979409, -31.938588612182944 ] ] ] } },
{ "type": "Feature", "properties": { "cve": "2822262", "nombre": "COIRON 6", "solicitante": "Fitzroy Minerals Exploration SpA", "region": "REGIÓN DE COQUIMBO", "provincia": "Provincia de Choapa", "comuna": "Salamanca", "superficie_ha": 200.0, "datum_original": "PSAD56", "huso": 19, "epsg_origen": 24879, "tipo_publicacion": "pedimento", "fuente_pdf": "http://www.diariooficial.interior.gob.cl/publicaciones/2026/06/15/44475/07/2822262.pdf", "archivo": "gm_pedimento_2822262.pdf", "fecha": "15-06-2026", "edicion": "44475" }, "geometry": { "type": "Polygon", "coordinates": [ [ [ -70.689173067046298, -31.92957068200467 ], [ -70.668024376582977, -31.929850192725624 ], [ -70.668187256756013, -31.938868220398255 ], [ -70.689338009979409, -31.938588612182944 ], [ -70.689173067046298, -31.92957068200467 ] ] ] } },
{ "type": "Feature", "properties": { "cve": "2822230", "nombre": "LARES D D", "solicitante": "Ortiz Gallardo Tracy", "region": "REGIÓN DE VALPARAÍSO", "provincia": "Provincia de San Felipe de Aconcagua", "comuna": null, "superficie_ha": 200.0, "datum_original": "PSAD56", "huso": 19, "epsg_origen": 24879, "tipo_publicacion": "pedimento", "fuente_pdf": "http://www.diariooficial.interior.gob.cl/publicaciones/2026/06/15/44475/07/2822230.pdf", "archivo": "gm_pedimento_2822230.pdf", "fecha": "15-06-2026", "edicion": "44475" }, "geometry": { "type": "Polygon", "coordinates": [ [ [ -70.771573503432961, -32.823170026469782 ], [ -70.750216589208065, -32.823470496968817 ], [ -70.750393481982016, -32.832486848553835 ], [ -70.771752551994666, -32.832186274816138 ], [ -70.771573503432961, -32.823170026469782 ] ] ] } },
{ "type": "Feature", "properties": { "cve": "2822231", "nombre": "LARES E E", "solicitante": "Ortiz Gallardo Tracy", "region": "REGIÓN DE VALPARAÍSO", "provincia": "Provincia de San Felipe de Aconcagua", "comuna": null, "superficie_ha": 100.0, "datum_original": "PSAD56", "huso": 19, "epsg_origen": 24879, "tipo_publicacion": "pedimento", "fuente_pdf": "http://www.diariooficial.interior.gob.cl/publicaciones/2026/06/15/44475/07/2822231.pdf", "archivo": "gm_pedimento_2822231.pdf", "fecha": "15-06-2026", "edicion": "44475" }, "geometry": { "type": "Polygon", "coordinates": [ [ [ -70.762327701512902, -32.814732680588598 ], [ -70.751650240158725, -32.814882548355591 ], [ -70.751827219615123, -32.823898905493792 ], [ -70.762505758418399, -32.823748986226548 ], [ -70.762327701512902, -32.814732680588598 ] ] ] } },
{ "type": "Feature", "properties": { "cve": "2822410", "nombre": "MAPOCHO 2", "solicitante": "Inmobiliaria Los Cóndores S.A.", "region": "REGIÓN METROPOLITANA DE SANTIAGO", "provincia": "Provincia de Maipo", "comuna": null, "superficie_ha": 200.0, "datum_original": "PSAD56", "huso": 19, "epsg_origen": 24879, "tipo_publicacion": "pedimento", "fuente_pdf": "http://www.diariooficial.interior.gob.cl/publicaciones/2026/06/15/44475/07/2822410.pdf", "archivo": "gm_pedimento_2822410.pdf", "fecha": "15-06-2026", "edicion": "44475" }, "geometry": { "type": "Polygon", "coordinates": [ [ [ -70.695738829691521, -33.629563656344324 ], [ -70.674184197015279, -33.629857380848605 ], [ -70.674358676563898, -33.638872912690999 ], [ -70.695915553005648, -33.638579088519371 ], [ -70.695738829691521, -33.629563656344324 ] ] ] } },
{ "type": "Feature", "properties": { "cve": "2822652", "nombre": "FLORIDA 1", "solicitante": "Centro de Maderas Coronel Limitada", "region": "REGIÓN DEL BIOBÍO", "provincia": "Provincia de Concepción", "comuna": null, "superficie_ha": 300.0, "datum_original": "PSAD56", "huso": 19, "epsg_origen": 24879, "tipo_publicacion": "pedimento", "fuente_pdf": "http://www.diariooficial.interior.gob.cl/publicaciones/2026/06/15/44475/07/2822652.pdf", "archivo": "gm_pedimento_2822652.pdf", "fecha": "15-06-2026", "edicion": "44475" }, "geometry": { "type": "Polygon", "coordinates": [ [ [ -66.738470278123359, -36.798511883042011 ], [ -66.704869877882516, -36.79786796503862 ], [ -66.704600959791051, -36.806875117119496 ], [ -66.738205288713402, -36.80751924489644 ], [ -66.738470278123359, -36.798511883042011 ] ] ] } },
{ "type": "Feature", "properties": { "cve": "2822653", "nombre": "FLORIDA 2", "solicitante": "Centro de Maderas Coronel Limitada", "region": "REGIÓN DEL BIOBÍO", "provincia": "Provincia de Concepción", "comuna": null, "superficie_ha": 300.0, "datum_original": "PSAD56", "huso": 19, "epsg_origen": 24879, "tipo_publicacion": "pedimento", "fuente_pdf": "http://www.diariooficial.interior.gob.cl/publicaciones/2026/06/15/44475/07/2822653.pdf", "archivo": "gm_pedimento_2822653.pdf", "fecha": "15-06-2026", "edicion": "44475" }, "geometry": { "type": "Polygon", "coordinates": [ [ [ -66.704869877882516, -36.79786796503862 ], [ -66.671270552832652, -36.797214565691689 ], [ -66.670997706555355, -36.806221504913744 ], [ -66.704600959791051, -36.806875117119496 ], [ -66.704869877882516, -36.79786796503862 ] ] ] } },
{ "type": "Feature", "properties": { "cve": "2822654", "nombre": "FLORIDA 3", "solicitante": "Centro de Maderas Coronel Limitada", "region": "REGIÓN DEL BIOBÍO", "provincia": "Provincia de Concepción", "comuna": null, "superficie_ha": 300.0, "datum_original": "PSAD56", "huso": 19, "epsg_origen": 24879, "tipo_publicacion": "pedimento", "fuente_pdf": "http://www.diariooficial.interior.gob.cl/publicaciones/2026/06/15/44475/07/2822654.pdf", "archivo": "gm_pedimento_2822654.pdf", "fecha": "15-06-2026", "edicion": "44475" }, "geometry": { "type": "Polygon", "coordinates": [ [ [ -66.701016561253013, -36.806805850347786 ], [ -66.667413423683087, -36.806151226526062 ], [ -66.667140036979575, -36.81515812736022 ], [ -66.700747104424849, -36.815812964418932 ], [ -66.701016561253013, -36.806805850347786 ] ] ] } },
{ "type": "Feature", "properties": { "cve": "2822655", "nombre": "FLORIDA 4", "solicitante": "Centro de Maderas Coronel Limitada", "region": "REGIÓN DEL BIOBÍO", "provincia": "Provincia de Concepción", "comuna": null, "superficie_ha": 300.0, "datum_original": "PSAD56", "huso": 19, "epsg_origen": 24879, "tipo_publicacion": "pedimento", "fuente_pdf": "http://www.diariooficial.interior.gob.cl/publicaciones/2026/06/15/44475/07/2822655.pdf", "archivo": "gm_pedimento_2822655.pdf", "fecha": "15-06-2026", "edicion": "44475" }, "geometry": { "type": "Polygon", "coordinates": [ [ [ -66.734620776182908, -36.807450989842479 ], [ -66.701016561253013, -36.806805850347786 ], [ -66.700747104424849, -36.815812964418932 ], [ -66.734355249726875, -36.816458314064711 ], [ -66.734620776182908, -36.807450989842479 ] ] ] } }
]
}
