{
"type": "FeatureCollection",
"name": "boletin_mineria_20260706",
"crs": { "type": "name", "properties": { "name": "urn:ogc:def:crs:OGC:1.3:CRS84" } },
"features": [
{ "type": "Feature", "properties": { "cve": "2832984", "nombre": "ANTONIA DEL 1 AL 14", "solicitante": "González Seura Rodolfo Antonio", "region": "REGIÓN DE TARAPACÁ", "provincia": "Provincia del Tamarugal", "comuna": null, "superficie_ha": 98.0, "datum_original": "PSAD56", "huso": 19, "epsg_origen": 24879, "tipo_publicacion": "manifestacion", "fuente_pdf": "http://www.diariooficial.interior.gob.cl/publicaciones/2026/07/06/44492/07/2832984.pdf", "archivo": "gm_manifestacion_2832984.pdf", "fecha": "06-07-2026", "edicion": "44492" }, "geometry": { "type": "Polygon", "coordinates": [ [ [ -69.345751500240468, -20.639690738987252 ], [ -69.339032263212218, -20.639704060262709 ], [ -69.33906029884902, -20.652354212443942 ], [ -69.345780091485267, -20.652340882276498 ], [ -69.345751500240468, -20.639690738987252 ] ] ] } },
{ "type": "Feature", "properties": { "cve": "2832971", "nombre": "AUCO DEL UNO AL VEINTE", "solicitante": "Galdavini Torres Aldo Fernando y otros", "region": "REGIÓN DE TARAPACÁ", "provincia": "Provincia del Tamarugal", "comuna": null, "superficie_ha": 200.0, "datum_original": "PSAD56", "huso": 19, "epsg_origen": 24879, "tipo_publicacion": "manifestacion", "fuente_pdf": "http://www.diariooficial.interior.gob.cl/publicaciones/2026/07/06/44492/07/2832971.pdf", "archivo": "gm_manifestacion_2832971.pdf", "fecha": "06-07-2026", "edicion": "44492" }, "geometry": { "type": "Polygon", "coordinates": [ [ [ -69.69280726298544, -20.621163526279023 ], [ -69.683210036869085, -20.621201732879179 ], [ -69.683290679176295, -20.639272438674322 ], [ -69.692889037876427, -20.639234195614904 ], [ -69.69280726298544, -20.621163526279023 ] ] ] } },
{ "type": "Feature", "properties": { "cve": "2832986", "nombre": "CARLOS 3 DEL 1 AL 10", "solicitante": "Álvarez Arancibia Carlos Iván", "region": "REGIÓN DE TARAPACÁ", "provincia": "Provincia del Tamarugal", "comuna": null, "superficie_ha": 100.0, "datum_original": "WGS84", "huso": 19, "epsg_origen": 32719, "tipo_publicacion": "manifestacion", "fuente_pdf": "http://www.diariooficial.interior.gob.cl/publicaciones/2026/07/06/44492/07/2832986.pdf", "archivo": "gm_manifestacion_2832986.pdf", "fecha": "06-07-2026", "edicion": "44492" }, "geometry": { "type": "Polygon", "coordinates": [ [ [ -69.885841488889781, -21.109296405276357 ], [ -69.876213633552382, -21.10934644160961 ], [ -69.876266679122182, -21.118380907237583 ], [ -69.88589511714072, -21.118330847491169 ], [ -69.885841488889781, -21.109296405276357 ] ] ] } },
{ "type": "Feature", "properties": { "cve": "2832959", "nombre": "DINA I, 1 al 30", "solicitante": "Quispe Castro Armando", "region": "REGIÓN DE TARAPACÁ", "provincia": "Provincia del Tamarugal", "comuna": null, "superficie_ha": 300.0, "datum_original": "WGS84", "huso": 19, "epsg_origen": 32719, "tipo_publicacion": "manifestacion", "fuente_pdf": "http://www.diariooficial.interior.gob.cl/publicaciones/2026/07/06/44492/07/2832959.pdf", "archivo": "gm_manifestacion_2832959.pdf", "fecha": "06-07-2026", "edicion": "44492" }, "geometry": { "type": "Polygon", "coordinates": [ [ [ -69.456545327195684, -23.821146297467706 ], [ -69.427091449032332, -23.821230689667658 ], [ -69.427121015074491, -23.830262930421092 ], [ -69.456576932059406, -23.830178502343472 ], [ -69.456545327195684, -23.821146297467706 ] ] ] } },
{ "type": "Feature", "properties": { "cve": "2832960", "nombre": "DINA II, 1 al 10", "solicitante": "Quispe Castro Armando", "region": "REGIÓN DE TARAPACÁ", "provincia": "Provincia del Tamarugal", "comuna": null, "superficie_ha": 100.0, "datum_original": "WGS84", "huso": 19, "epsg_origen": 32719, "tipo_publicacion": "manifestacion", "fuente_pdf": "http://www.diariooficial.interior.gob.cl/publicaciones/2026/07/06/44492/07/2832960.pdf", "archivo": "gm_manifestacion_2832960.pdf", "fecha": "06-07-2026", "edicion": "44492" }, "geometry": { "type": "Polygon", "coordinates": [ [ [ -69.419636791166269, -21.384406425761945 ], [ -69.400343511529712, -21.384453573590758 ], [ -69.400355801942453, -21.388971080487192 ], [ -69.419649673834897, -21.388923921742979 ], [ -69.419636791166269, -21.384406425761945 ] ] ] } },
{ "type": "Feature", "properties": { "cve": "2832961", "nombre": "DINA III, 1 al 30", "solicitante": "Quispe Castro Armando", "region": "REGIÓN DE TARAPACÁ", "provincia": "Provincia del Tamarugal", "comuna": null, "superficie_ha": 300.0, "datum_original": "WGS84", "huso": 19, "epsg_origen": 32719, "tipo_publicacion": "manifestacion", "fuente_pdf": "http://www.diariooficial.interior.gob.cl/publicaciones/2026/07/06/44492/07/2832961.pdf", "archivo": "gm_manifestacion_2832961.pdf", "fecha": "06-07-2026", "edicion": "44492" }, "geometry": { "type": "Polygon", "coordinates": [ [ [ -69.395538398169208, -21.391241277303148 ], [ -69.366597031386391, -21.391307030109498 ], [ -69.366619551110759, -21.400342069885728 ], [ -69.395562695626751, -21.400276286640857 ], [ -69.395538398169208, -21.391241277303148 ] ] ] } },
{ "type": "Feature", "properties": { "cve": "2832962", "nombre": "DINA IV, 1 AL 10", "solicitante": "Quispe Castro Armando", "region": "REGIÓN DE TARAPACÁ", "provincia": "Provincia del Tamarugal", "comuna": null, "superficie_ha": 100.0, "datum_original": "WGS84", "huso": 19, "epsg_origen": 32719, "tipo_publicacion": "manifestacion", "fuente_pdf": "http://www.diariooficial.interior.gob.cl/publicaciones/2026/07/06/44492/07/2832962.pdf", "archivo": "gm_manifestacion_2832962.pdf", "fecha": "06-07-2026", "edicion": "44492" }, "geometry": { "type": "Polygon", "coordinates": [ [ [ -69.400343511529712, -21.384453573590758 ], [ -69.381050180232847, -21.384498502864957 ], [ -69.381061878382553, -21.389016020163176 ], [ -69.400355801942453, -21.388971080487192 ], [ -69.400343511529712, -21.384453573590758 ] ] ] } },
{ "type": "Feature", "properties": { "cve": "2832925", "nombre": "NARAYANA XXI 1 AL 30", "solicitante": "Ruz Prado Pedro Javier", "region": "REGIÓN DE TARAPACÁ", "provincia": "Provincia del Tamarugal", "comuna": "Pozo Almonte", "superficie_ha": 300.0, "datum_original": "PSAD56", "huso": 19, "epsg_origen": 24879, "tipo_publicacion": "manifestacion", "fuente_pdf": "http://www.diariooficial.interior.gob.cl/publicaciones/2026/07/06/44492/07/2832925.pdf", "archivo": "gm_manifestacion_2832925.pdf", "fecha": "06-07-2026", "edicion": "44492" }, "geometry": { "type": "Polygon", "coordinates": [ [ [ -69.407059161757886, -21.426224121642264 ], [ -69.397409819274529, -21.426247288718674 ], [ -69.397483214369842, -21.453352025801273 ], [ -69.407134338810437, -21.453328826586745 ], [ -69.407059161757886, -21.426224121642264 ] ] ] } },
{ "type": "Feature", "properties": { "cve": "2832926", "nombre": "NARAYANA XXII 1 AL 30", "solicitante": "Ruz Guitart Andrés", "region": "REGIÓN DE TARAPACÁ", "provincia": "Provincia del Tamarugal", "comuna": "Pozo Almonte", "superficie_ha": 300.0, "datum_original": "PSAD56", "huso": 19, "epsg_origen": 24879, "tipo_publicacion": "manifestacion", "fuente_pdf": "http://www.diariooficial.interior.gob.cl/publicaciones/2026/07/06/44492/07/2832926.pdf", "archivo": "gm_manifestacion_2832926.pdf", "fecha": "06-07-2026", "edicion": "44492" }, "geometry": { "type": "Polygon", "coordinates": [ [ [ -69.41670849109768, -21.426200398837619 ], [ -69.407059161757886, -21.426224121642264 ], [ -69.407134338810437, -21.453328826586745 ], [ -69.416785450096512, -21.453305070873057 ], [ -69.41670849109768, -21.426200398837619 ] ] ] } },
{ "type": "Feature", "properties": { "cve": "2832995", "nombre": "VIVIAN DEL 1 AL 30", "solicitante": "Contreras González Hugo Alfredo", "region": "REGIÓN DE TARAPACÁ", "provincia": "Provincia del Tamarugal", "comuna": "Pozo Almonte", "superficie_ha": 300.0, "datum_original": "PSAD56", "huso": 19, "epsg_origen": 24879, "tipo_publicacion": "manifestacion", "fuente_pdf": "http://www.diariooficial.interior.gob.cl/publicaciones/2026/07/06/44492/07/2832995.pdf", "archivo": "gm_manifestacion_2832995.pdf", "fecha": "06-07-2026", "edicion": "44492" }, "geometry": { "type": "Polygon", "coordinates": [ [ [ -69.609131516489697, -21.290088651871905 ], [ -69.599491381801201, -21.290123247101825 ], [ -69.599601324961412, -21.317227591522769 ], [ -69.609243227328975, -21.317192948052771 ], [ -69.609131516489697, -21.290088651871905 ] ] ] } },
{ "type": "Feature", "properties": { "cve": "2832898", "nombre": "YUKON H, 1 AL 60", "solicitante": "Compañía Minera Doña Inés de Collahuasi SCM", "region": "REGIÓN DE TARAPACÁ", "provincia": "Provincia del Tamarugal", "comuna": null, "superficie_ha": 600.0, "datum_original": "WGS84", "huso": 19, "epsg_origen": 32719, "tipo_publicacion": "manifestacion", "fuente_pdf": "http://www.diariooficial.interior.gob.cl/publicaciones/2026/07/06/44492/07/2832898.pdf", "archivo": "gm_manifestacion_2832898.pdf", "fecha": "06-07-2026", "edicion": "44492" }, "geometry": { "type": "Polygon", "coordinates": [ [ [ -68.894092265926091, -21.093506729174511 ], [ -68.874836346357199, -21.09349361476437 ], [ -68.874813620119312, -21.120600154425041 ], [ -68.894073036010198, -21.120613287260426 ], [ -68.894092265926091, -21.093506729174511 ] ] ] } },
{ "type": "Feature", "properties": { "cve": "2833189", "nombre": "ADEL II 2, 1 AL 30", "solicitante": "Antofagasta Minerals S.A.", "region": "REGIÓN DE ANTOFAGASTA", "provincia": "Provincia de Antofagasta", "comuna": null, "superficie_ha": 300.0, "datum_original": "PSAD56", "huso": 19, "epsg_origen": 24879, "tipo_publicacion": "manifestacion", "fuente_pdf": "http://www.diariooficial.interior.gob.cl/publicaciones/2026/07/06/44492/07/2833189.pdf", "archivo": "gm_manifestacion_2833189.pdf", "fecha": "06-07-2026", "edicion": "44492" }, "geometry": { "type": "Polygon", "coordinates": [ [ [ -69.501646747812032, -23.589536687494796 ], [ -69.491846255162287, -23.589568021660888 ], [ -69.491947321204421, -23.616665068620364 ], [ -69.501749827484858, -23.616633694181058 ], [ -69.501646747812032, -23.589536687494796 ] ] ] } },
{ "type": "Feature", "properties": { "cve": "2833190", "nombre": "ADEL II 6, 1 AL 30", "solicitante": "Antofagasta Minerals S.A.", "region": "REGIÓN DE ANTOFAGASTA", "provincia": "Provincia de Antofagasta", "comuna": null, "superficie_ha": 300.0, "datum_original": "PSAD56", "huso": 19, "epsg_origen": 24879, "tipo_publicacion": "manifestacion", "fuente_pdf": "http://www.diariooficial.interior.gob.cl/publicaciones/2026/07/06/44492/07/2833190.pdf", "archivo": "gm_manifestacion_2833190.pdf", "fecha": "06-07-2026", "edicion": "44492" }, "geometry": { "type": "Polygon", "coordinates": [ [ [ -69.491981043434805, -23.625697396321385 ], [ -69.482177848492626, -23.625728164978717 ], [ -69.482277098246215, -23.652825123682128 ], [ -69.492082310846328, -23.65279431552506 ], [ -69.491981043434805, -23.625697396321385 ] ] ] } },
{ "type": "Feature", "properties": { "cve": "2833191", "nombre": "ADEL II 8, 1 AL 10", "solicitante": "Antofagasta Minerals S.A.", "region": "REGIÓN DE ANTOFAGASTA", "provincia": "Provincia de Antofagasta", "comuna": null, "superficie_ha": 100.0, "datum_original": "PSAD56", "huso": 19, "epsg_origen": 24879, "tipo_publicacion": "manifestacion", "fuente_pdf": "http://www.diariooficial.interior.gob.cl/publicaciones/2026/07/06/44492/07/2833191.pdf", "archivo": "gm_manifestacion_2833191.pdf", "fecha": "06-07-2026", "edicion": "44492" }, "geometry": { "type": "Polygon", "coordinates": [ [ [ -69.502163687708233, -23.725020761905501 ], [ -69.492353096792797, -23.725052297598648 ], [ -69.492387020760603, -23.734084497322797 ], [ -69.502198287573904, -23.734052948180167 ], [ -69.502163687708233, -23.725020761905501 ] ] ] } },
{ "type": "Feature", "properties": { "cve": "2833194", "nombre": "ALE A 10, 1 AL 300", "solicitante": "Antofagasta Minerals S.A.", "region": "REGIÓN DE ANTOFAGASTA", "provincia": "Provincia de Antofagasta", "comuna": null, "superficie_ha": 300.0, "datum_original": "PSAD56", "huso": 19, "epsg_origen": 24879, "tipo_publicacion": "manifestacion", "fuente_pdf": "http://www.diariooficial.interior.gob.cl/publicaciones/2026/07/06/44492/07/2833194.pdf", "archivo": "gm_manifestacion_2833194.pdf", "fecha": "06-07-2026", "edicion": "44492" }, "geometry": { "type": "Polygon", "coordinates": [ [ [ -70.21568778107364, -23.441088164128168 ], [ -70.205900092259526, -23.441164082920391 ], [ -70.206146123141835, -23.468256622803775 ], [ -70.215935807671499, -23.468180605975487 ], [ -70.21568778107364, -23.441088164128168 ] ] ] } },
{ "type": "Feature", "properties": { "cve": "2833195", "nombre": "ALE A 13, 1 AL 200", "solicitante": "Antofagasta Minerals S.A.", "region": "REGIÓN DE ANTOFAGASTA", "provincia": "Provincia de Antofagasta", "comuna": null, "superficie_ha": 200.0, "datum_original": "PSAD56", "huso": 19, "epsg_origen": 24879, "tipo_publicacion": "manifestacion", "fuente_pdf": "http://www.diariooficial.interior.gob.cl/publicaciones/2026/07/06/44492/07/2833195.pdf", "archivo": "gm_manifestacion_2833195.pdf", "fecha": "06-07-2026", "edicion": "44492" }, "geometry": { "type": "Polygon", "coordinates": [ [ [ -70.206023061632379, -23.454710365024912 ], [ -70.196234334384727, -23.454785719046313 ], [ -70.196397105713388, -23.472847455515168 ], [ -70.20618716412703, -23.472772036655815 ], [ -70.206023061632379, -23.454710365024912 ] ] ] } },
{ "type": "Feature", "properties": { "cve": "2833196", "nombre": "ALE A 14, 1 AL 300", "solicitante": "Antofagasta Minerals S.A.", "region": "REGIÓN DE ANTOFAGASTA", "provincia": "Provincia de Antofagasta", "comuna": null, "superficie_ha": 300.0, "datum_original": "PSAD56", "huso": 19, "epsg_origen": 24879, "tipo_publicacion": "manifestacion", "fuente_pdf": "http://www.diariooficial.interior.gob.cl/publicaciones/2026/07/06/44492/07/2833196.pdf", "archivo": "gm_manifestacion_2833196.pdf", "fecha": "06-07-2026", "edicion": "44492" }, "geometry": { "type": "Polygon", "coordinates": [ [ [ -70.196193666942335, -23.450270278173644 ], [ -70.166828240612588, -23.450492609602868 ], [ -70.166907589826096, -23.459523584306517 ], [ -70.196275011981498, -23.459301157217208 ], [ -70.196193666942335, -23.450270278173644 ] ] ] } },
{ "type": "Feature", "properties": { "cve": "2833197", "nombre": "ALE A 16, 1 AL 300", "solicitante": "Antofagasta Minerals S.A.", "region": "REGIÓN DE ANTOFAGASTA", "provincia": "Provincia de Antofagasta", "comuna": null, "superficie_ha": 300.0, "datum_original": "PSAD56", "huso": 19, "epsg_origen": 24879, "tipo_publicacion": "manifestacion", "fuente_pdf": "http://www.diariooficial.interior.gob.cl/publicaciones/2026/07/06/44492/07/2833197.pdf", "archivo": "gm_manifestacion_2833197.pdf", "fecha": "06-07-2026", "edicion": "44492" }, "geometry": { "type": "Polygon", "coordinates": [ [ [ -70.196356397644294, -23.468332025452032 ], [ -70.166986978666756, -23.468554548214044 ], [ -70.16706640714655, -23.477585501322238 ], [ -70.196437823943015, -23.477362882874893 ], [ -70.196356397644294, -23.468332025452032 ] ] ] } },
{ "type": "Feature", "properties": { "cve": "2833192", "nombre": "ALE A 2, 1 AL 300", "solicitante": "Antofagasta Minerals S.A.", "region": "REGIÓN DE ANTOFAGASTA", "provincia": "Provincia de Antofagasta", "comuna": null, "superficie_ha": 300.0, "datum_original": "PSAD56", "huso": 19, "epsg_origen": 24879, "tipo_publicacion": "manifestacion", "fuente_pdf": "http://www.diariooficial.interior.gob.cl/publicaciones/2026/07/06/44492/07/2833192.pdf", "archivo": "gm_manifestacion_2833192.pdf", "fecha": "06-07-2026", "edicion": "44492" }, "geometry": { "type": "Polygon", "coordinates": [ [ [ -70.205572624060821, -23.405040545132248 ], [ -70.195787550672605, -23.405115720937413 ], [ -70.196031098685978, -23.432208487673179 ], [ -70.205818163844057, -23.432133214675158 ], [ -70.205572624060821, -23.405040545132248 ] ] ] } },
{ "type": "Feature", "properties": { "cve": "2833206", "nombre": "ALE A 3, 1 AL 200", "solicitante": "Antofagasta Minerals S.A.", "region": "REGIÓN DE ANTOFAGASTA", "provincia": "Provincia de Antofagasta", "comuna": null, "superficie_ha": 200.0, "datum_original": "PSAD56", "huso": 19, "epsg_origen": 24879, "tipo_publicacion": "manifestacion", "fuente_pdf": "http://www.diariooficial.interior.gob.cl/publicaciones/2026/07/06/44492/07/2833206.pdf", "archivo": "gm_manifestacion_2833206.pdf", "fecha": "06-07-2026", "edicion": "44492" }, "geometry": { "type": "Polygon", "coordinates": [ [ [ -70.195828116655363, -23.409631188805779 ], [ -70.186042670956695, -23.409705768332348 ], [ -70.186203708422866, -23.427767677091712 ], [ -70.19599048199251, -23.427693033297619 ], [ -70.195828116655363, -23.409631188805779 ] ] ] } },
{ "type": "Feature", "properties": { "cve": "2833193", "nombre": "ALE A 7, 1 AL 200", "solicitante": "Antofagasta Minerals S.A.", "region": "REGIÓN DE ANTOFAGASTA", "provincia": "Provincia de Antofagasta", "comuna": null, "superficie_ha": 200.0, "datum_original": "PSAD56", "huso": 19, "epsg_origen": 24879, "tipo_publicacion": "manifestacion", "fuente_pdf": "http://www.diariooficial.interior.gob.cl/publicaciones/2026/07/06/44492/07/2833193.pdf", "archivo": "gm_manifestacion_2833193.pdf", "fecha": "06-07-2026", "edicion": "44492" }, "geometry": { "type": "Polygon", "coordinates": [ [ [ -70.205777214981637, -23.427617776501087 ], [ -70.19599048199251, -23.427693033297619 ], [ -70.196153009652804, -23.445754834599594 ], [ -70.205941071815644, -23.445679512990747 ], [ -70.205777214981637, -23.427617776501087 ] ] ] } },
{ "type": "Feature", "properties": { "cve": "2833198", "nombre": "ALE C 1, 1 AL 20", "solicitante": "Antofagasta Minerals S.A.", "region": "REGIÓN DE ANTOFAGASTA", "provincia": "Provincia de Antofagasta", "comuna": null, "superficie_ha": 200.0, "datum_original": "PSAD56", "huso": 19, "epsg_origen": 24879, "tipo_publicacion": "manifestacion", "fuente_pdf": "http://www.diariooficial.interior.gob.cl/publicaciones/2026/07/06/44492/07/2833198.pdf", "archivo": "gm_manifestacion_2833198.pdf", "fecha": "06-07-2026", "edicion": "44492" }, "geometry": { "type": "Polygon", "coordinates": [ [ [ -69.287325828305768, -24.177178761764516 ], [ -69.267635625809405, -24.177214586110157 ], [ -69.267654462623071, -24.186246485578728 ], [ -69.287346050916497, -24.18621064617302 ], [ -69.287325828305768, -24.177178761764516 ] ] ] } },
{ "type": "Feature", "properties": { "cve": "2833199", "nombre": "ALE C 2, 1 AL 30", "solicitante": "Antofagasta Minerals S.A.", "region": "REGIÓN DE ANTOFAGASTA", "provincia": "Provincia de Antofagasta", "comuna": null, "superficie_ha": 300.0, "datum_original": "PSAD56", "huso": 19, "epsg_origen": 24879, "tipo_publicacion": "manifestacion", "fuente_pdf": "http://www.diariooficial.interior.gob.cl/publicaciones/2026/07/06/44492/07/2833199.pdf", "archivo": "gm_manifestacion_2833199.pdf", "fecha": "06-07-2026", "edicion": "44492" }, "geometry": { "type": "Polygon", "coordinates": [ [ [ -69.267635625809405, -24.177214586110157 ], [ -69.238100253439626, -24.177263556268951 ], [ -69.238117011536374, -24.186295476323913 ], [ -69.267654462623071, -24.186246485578728 ], [ -69.267635625809405, -24.177214586110157 ] ] ] } },
{ "type": "Feature", "properties": { "cve": "2833200", "nombre": "ALE C 7, 1 AL 20", "solicitante": "Antofagasta Minerals S.A.", "region": "REGIÓN DE ANTOFAGASTA", "provincia": "Provincia de Antofagasta", "comuna": null, "superficie_ha": 200.0, "datum_original": "PSAD56", "huso": 19, "epsg_origen": 24879, "tipo_publicacion": "manifestacion", "fuente_pdf": "http://www.diariooficial.interior.gob.cl/publicaciones/2026/07/06/44492/07/2833200.pdf", "archivo": "gm_manifestacion_2833200.pdf", "fecha": "06-07-2026", "edicion": "44492" }, "geometry": { "type": "Polygon", "coordinates": [ [ [ -69.366279764864686, -24.244748381592952 ], [ -69.3564295526877, -24.244771769054353 ], [ -69.356479895850143, -24.26283524242243 ], [ -69.366331499225396, -24.262811835337892 ], [ -69.366279764864686, -24.244748381592952 ] ] ] } },
{ "type": "Feature", "properties": { "cve": "2833201", "nombre": "ALESA B 1, 1 AL 300", "solicitante": "Antofagasta Minerals S.A.", "region": "REGIÓN DE ANTOFAGASTA", "provincia": "Provincia de Antofagasta", "comuna": null, "superficie_ha": 300.0, "datum_original": "PSAD56", "huso": 19, "epsg_origen": 24879, "tipo_publicacion": "manifestacion", "fuente_pdf": "http://www.diariooficial.interior.gob.cl/publicaciones/2026/07/06/44492/07/2833201.pdf", "archivo": "gm_manifestacion_2833201.pdf", "fecha": "06-07-2026", "edicion": "44492" }, "geometry": { "type": "Polygon", "coordinates": [ [ [ -70.176840897421442, -23.475705726213508 ], [ -70.147469641380809, -23.475924638961146 ], [ -70.147547769109408, -23.484955645903995 ], [ -70.176921023838787, -23.484736639045558 ], [ -70.176840897421442, -23.475705726213508 ] ] ] } },
{ "type": "Feature", "properties": { "cve": "2833202", "nombre": "ALESA B 2, 1 AL 300", "solicitante": "Antofagasta Minerals S.A.", "region": "REGIÓN DE ANTOFAGASTA", "provincia": "Provincia de Antofagasta", "comuna": null, "superficie_ha": 300.0, "datum_original": "PSAD56", "huso": 19, "epsg_origen": 24879, "tipo_publicacion": "manifestacion", "fuente_pdf": "http://www.diariooficial.interior.gob.cl/publicaciones/2026/07/06/44492/07/2833202.pdf", "archivo": "gm_manifestacion_2833202.pdf", "fecha": "06-07-2026", "edicion": "44492" }, "geometry": { "type": "Polygon", "coordinates": [ [ [ -70.176921023838787, -23.484736639045558 ], [ -70.147547769109408, -23.484955645903995 ], [ -70.147625935833787, -23.493986642049983 ], [ -70.177001190249271, -23.49376754106833 ], [ -70.176921023838787, -23.484736639045558 ] ] ] } },
{ "type": "Feature", "properties": { "cve": "2833203", "nombre": "ALESA B 3, 1 AL 30", "solicitante": "Antofagasta Minerals S.A.", "region": "REGIÓN DE ANTOFAGASTA", "provincia": "Provincia de Antofagasta", "comuna": null, "superficie_ha": 300.0, "datum_original": "PSAD56", "huso": 19, "epsg_origen": 24879, "tipo_publicacion": "manifestacion", "fuente_pdf": "http://www.diariooficial.interior.gob.cl/publicaciones/2026/07/06/44492/07/2833203.pdf", "archivo": "gm_manifestacion_2833203.pdf", "fecha": "06-07-2026", "edicion": "44492" }, "geometry": { "type": "Polygon", "coordinates": [ [ [ -70.177001190249271, -23.49376754106833 ], [ -70.147625935833787, -23.493986642049983 ], [ -70.147704141565711, -23.503017627395916 ], [ -70.177081396664974, -23.502798432278617 ], [ -70.177001190249271, -23.49376754106833 ] ] ] } },
{ "type": "Feature", "properties": { "cve": "2833215", "nombre": "APOLO SEGUNDA 1 AL 30", "solicitante": "Tay Urbina Bernardo Enrique y otros", "region": "REGIÓN DE ANTOFAGASTA", "provincia": "Provincia de Antofagasta", "comuna": null, "superficie_ha": 300.0, "datum_original": "PSAD56", "huso": 19, "epsg_origen": 24879, "tipo_publicacion": "manifestacion", "fuente_pdf": "http://www.diariooficial.interior.gob.cl/publicaciones/2026/07/06/44492/07/2833215.pdf", "archivo": "gm_manifestacion_2833215.pdf", "fecha": "06-07-2026", "edicion": "44492" }, "geometry": { "type": "Polygon", "coordinates": [ [ [ -70.179436633343286, -24.832104345688656 ], [ -70.149753704377162, -24.832335573634484 ], [ -70.149837108361808, -24.841364955053184 ], [ -70.179522189348134, -24.841133631856518 ], [ -70.179436633343286, -24.832104345688656 ] ] ] } },
{ "type": "Feature", "properties": { "cve": "2833204", "nombre": "ARAS II 12, 1 AL 30", "solicitante": "Antofagasta Minerals S.A.", "region": "REGIÓN DE ANTOFAGASTA", "provincia": "Provincia de Antofagasta", "comuna": null, "superficie_ha": 300.0, "datum_original": "PSAD56", "huso": 19, "epsg_origen": 24879, "tipo_publicacion": "manifestacion", "fuente_pdf": "http://www.diariooficial.interior.gob.cl/publicaciones/2026/07/06/44492/07/2833204.pdf", "archivo": "gm_manifestacion_2833204.pdf", "fecha": "06-07-2026", "edicion": "44492" }, "geometry": { "type": "Polygon", "coordinates": [ [ [ -69.364338770671708, -23.553788966453027 ], [ -69.354540754150278, -23.55381160731077 ], [ -69.3546134828742, -23.580909262025191 ], [ -69.364413509204994, -23.580886592032961 ], [ -69.364338770671708, -23.553788966453027 ] ] ] } },
{ "type": "Feature", "properties": { "cve": "2833205", "nombre": "ASTRAL A 8, 1 AL 100", "solicitante": "Antofagasta Minerals S.A.", "region": "REGIÓN DE ANTOFAGASTA", "provincia": "Provincia de Antofagasta", "comuna": null, "superficie_ha": 100.0, "datum_original": "PSAD56", "huso": 19, "epsg_origen": 24879, "tipo_publicacion": "manifestacion", "fuente_pdf": "http://www.diariooficial.interior.gob.cl/publicaciones/2026/07/06/44492/07/2833205.pdf", "archivo": "gm_manifestacion_2833205.pdf", "fecha": "06-07-2026", "edicion": "44492" }, "geometry": { "type": "Polygon", "coordinates": [ [ [ -69.337459484953584, -24.520280452850219 ], [ -69.327587871661763, -24.520302203143807 ], [ -69.327611298171121, -24.529333641330798 ], [ -69.33748361737095, -24.529311881990591 ], [ -69.337459484953584, -24.520280452850219 ] ] ] } },
{ "type": "Feature", "properties": { "cve": "2833209", "nombre": "LAKSHMI 1/5", "solicitante": "González Plaza Luis", "region": "REGIÓN DE ANTOFAGASTA", "provincia": "Provincia de Antofagasta", "comuna": null, "superficie_ha": 50.0, "datum_original": "PSAD56", "huso": 19, "epsg_origen": 24879, "tipo_publicacion": "manifestacion", "fuente_pdf": "http://www.diariooficial.interior.gob.cl/publicaciones/2026/07/06/44492/07/2833209.pdf", "archivo": "gm_manifestacion_2833209.pdf", "fecha": "06-07-2026", "edicion": "44492" }, "geometry": { "type": "Polygon", "coordinates": [ [ [ -70.293702234081749, -23.411109358120637 ], [ -70.28391704298501, -23.41119007061468 ], [ -70.283960610859367, -23.415705383907767 ], [ -70.29374613377756, -23.415624654028822 ], [ -70.293702234081749, -23.411109358120637 ] ] ] } },
{ "type": "Feature", "properties": { "cve": "2833222", "nombre": "LOQUITA", "solicitante": "Araya Cortés Iliana Paula", "region": "REGIÓN DE ANTOFAGASTA", "provincia": "Provincia de Antofagasta", "comuna": "Antofagasta", "superficie_ha": 20.0, "datum_original": "PSAD56", "huso": 19, "epsg_origen": 24879, "tipo_publicacion": "manifestacion", "fuente_pdf": "http://www.diariooficial.interior.gob.cl/publicaciones/2026/07/06/44492/07/2833222.pdf", "archivo": "gm_manifestacion_2833222.pdf", "fecha": "06-07-2026", "edicion": "44492" }, "geometry": { "type": "Polygon", "coordinates": [ [ [ -69.619887062751289, -24.033488229032244 ], [ -69.614970230245405, -24.033508046075298 ], [ -69.61498742466344, -24.037120706184215 ], [ -69.619904394621386, -24.037100885793979 ], [ -69.619887062751289, -24.033488229032244 ] ] ] } },
{ "type": "Feature", "properties": { "cve": "2833223", "nombre": "ZARINA DEL 1 AL 20", "solicitante": "Araya Cortés Iliana Paula", "region": "REGIÓN DE ANTOFAGASTA", "provincia": "Provincia de Antofagasta", "comuna": "Antofagasta", "superficie_ha": 20.0, "datum_original": "PSAD56", "huso": 19, "epsg_origen": 24879, "tipo_publicacion": "manifestacion", "fuente_pdf": "http://www.diariooficial.interior.gob.cl/publicaciones/2026/07/06/44492/07/2833223.pdf", "archivo": "gm_manifestacion_2833223.pdf", "fecha": "06-07-2026", "edicion": "44492" }, "geometry": { "type": "Polygon", "coordinates": [ [ [ -69.626707122661415, -24.0203643419717 ], [ -69.621790795681179, -24.020384367652355 ], [ -69.621808170097893, -24.023997029338069 ], [ -69.626724634430985, -24.023977000273575 ], [ -69.626707122661415, -24.0203643419717 ] ] ] } },
{ "type": "Feature", "properties": { "cve": "2833067", "nombre": "BASIN B III 11, 1 AL 30", "solicitante": "Compañía Minera Kairos Chile SpA", "region": "REGIÓN DE ANTOFAGASTA", "provincia": "Provincia de El Loa", "comuna": "SAN PEDRO DE ATACAMA", "superficie_ha": 300.0, "datum_original": "PSAD56", "huso": 19, "epsg_origen": 24879, "tipo_publicacion": "manifestacion", "fuente_pdf": "http://www.diariooficial.interior.gob.cl/publicaciones/2026/07/06/44492/07/2833067.pdf", "archivo": "gm_manifestacion_2833067.pdf", "fecha": "06-07-2026", "edicion": "44492" }, "geometry": { "type": "Polygon", "coordinates": [ [ [ -67.220818117403169, -23.029328401758868 ], [ -67.191552877535329, -23.028996592991682 ], [ -67.191432375156921, -23.038025417203805 ], [ -67.220699562528964, -23.038357370724214 ], [ -67.220818117403169, -23.029328401758868 ] ] ] } },
{ "type": "Feature", "properties": { "cve": "2833068", "nombre": "BASIN B III 14, 1 AL 20", "solicitante": "Compañía Minera Kairos Chile SpA", "region": "REGIÓN DE ANTOFAGASTA", "provincia": "Provincia de El Loa", "comuna": "SAN PEDRO DE ATACAMA", "superficie_ha": 200.0, "datum_original": "PSAD56", "huso": 19, "epsg_origen": 24879, "tipo_publicacion": "manifestacion", "fuente_pdf": "http://www.diariooficial.interior.gob.cl/publicaciones/2026/07/06/44492/07/2833068.pdf", "archivo": "gm_manifestacion_2833068.pdf", "fecha": "06-07-2026", "edicion": "44492" }, "geometry": { "type": "Polygon", "coordinates": [ [ [ -67.20606590107063, -23.038192070140628 ], [ -67.186554563497467, -23.037969565710721 ], [ -67.186433675654939, -23.046998354575916 ], [ -67.205946312182419, -23.047220956044534 ], [ -67.20606590107063, -23.038192070140628 ] ] ] } },
{ "type": "Feature", "properties": { "cve": "2833069", "nombre": "BASIN III 18, 1 AL 30", "solicitante": "Compañía Minera Kairos Chile SpA", "region": "REGIÓN DE ANTOFAGASTA", "provincia": "Provincia de El Loa", "comuna": "SAN PEDRO DE ATACAMA", "superficie_ha": 300.0, "datum_original": "PSAD56", "huso": 19, "epsg_origen": 24879, "tipo_publicacion": "manifestacion", "fuente_pdf": "http://www.diariooficial.interior.gob.cl/publicaciones/2026/07/06/44492/07/2833069.pdf", "archivo": "gm_manifestacion_2833069.pdf", "fecha": "06-07-2026", "edicion": "44492" }, "geometry": { "type": "Polygon", "coordinates": [ [ [ -67.175702944054279, -23.119115675180932 ], [ -67.165941571001525, -23.119002477635554 ], [ -67.165573161296734, -23.146088219252601 ], [ -67.17533649247035, -23.146201564512392 ], [ -67.175702944054279, -23.119115675180932 ] ] ] } },
{ "type": "Feature", "properties": { "cve": "2833052", "nombre": "LOS HELADOS III 18, 1 AL 30", "solicitante": "Compañía Minera Kairos Chile SpA", "region": "REGIÓN DE ANTOFAGASTA", "provincia": "Provincia de El Loa", "comuna": "SAN PEDRO DE ATACAMA", "superficie_ha": 300.0, "datum_original": "PSAD56", "huso": 19, "epsg_origen": 24879, "tipo_publicacion": "manifestacion", "fuente_pdf": "http://www.diariooficial.interior.gob.cl/publicaciones/2026/07/06/44492/07/2833052.pdf", "archivo": "gm_manifestacion_2833052.pdf", "fecha": "06-07-2026", "edicion": "44492" }, "geometry": { "type": "Polygon", "coordinates": [ [ [ -67.166309425274918, -23.091916636695306 ], [ -67.156550069052244, -23.091802984249217 ], [ -67.156180259663586, -23.118888676745716 ], [ -67.165941571001525, -23.119002477635554 ], [ -67.166309425274918, -23.091916636695306 ] ] ] } },
{ "type": "Feature", "properties": { "cve": "2833053", "nombre": "LOS HELADOS III 23, 1 AL 30", "solicitante": "Compañía Minera Kairos Chile SpA", "region": "REGIÓN DE ANTOFAGASTA", "provincia": "Provincia de El Loa", "comuna": "SAN PEDRO DE ATACAMA", "superficie_ha": 300.0, "datum_original": "PSAD56", "huso": 19, "epsg_origen": 24879, "tipo_publicacion": "manifestacion", "fuente_pdf": "http://www.diariooficial.interior.gob.cl/publicaciones/2026/07/06/44492/07/2833053.pdf", "archivo": "gm_manifestacion_2833053.pdf", "fecha": "06-07-2026", "edicion": "44492" }, "geometry": { "type": "Polygon", "coordinates": [ [ [ -67.117513267309718, -23.09134234919842 ], [ -67.10775422429866, -23.091225684197415 ], [ -67.107374640169738, -23.118310622674493 ], [ -67.117135638016393, -23.118427440052724 ], [ -67.117513267309718, -23.09134234919842 ] ] ] } },
{ "type": "Feature", "properties": { "cve": "2833049", "nombre": "LOS HELADOS III 3, 1 AL 30", "solicitante": "Compañía Minera Kairos Chile SpA", "region": "REGIÓN DE ANTOFAGASTA", "provincia": "Provincia de El Loa", "comuna": "SAN PEDRO DE ATACAMA", "superficie_ha": 300.0, "datum_original": "PSAD56", "huso": 19, "epsg_origen": 24879, "tipo_publicacion": "manifestacion", "fuente_pdf": "http://www.diariooficial.interior.gob.cl/publicaciones/2026/07/06/44492/07/2833049.pdf", "archivo": "gm_manifestacion_2833049.pdf", "fecha": "06-07-2026", "edicion": "44492" }, "geometry": { "type": "Polygon", "coordinates": [ [ [ -67.13703154289631, -23.091573871745901 ], [ -67.127272373618098, -23.091458411719834 ], [ -67.126896699216914, -23.118543654164728 ], [ -67.136657823443471, -23.118659264994704 ], [ -67.13703154289631, -23.091573871745901 ] ] ] } },
{ "type": "Feature", "properties": { "cve": "2833054", "nombre": "LOS HELADOS III 30, 1 AL 30", "solicitante": "Compañía Minera Kairos Chile SpA", "region": "REGIÓN DE ANTOFAGASTA", "provincia": "Provincia de El Loa", "comuna": "SAN PEDRO DE ATACAMA", "superficie_ha": 300.0, "datum_original": "PSAD56", "huso": 19, "epsg_origen": 24879, "tipo_publicacion": "manifestacion", "fuente_pdf": "http://www.diariooficial.interior.gob.cl/publicaciones/2026/07/06/44492/07/2833054.pdf", "archivo": "gm_manifestacion_2833054.pdf", "fecha": "06-07-2026", "edicion": "44492" }, "geometry": { "type": "Polygon", "coordinates": [ [ [ -67.136408363682463, -23.136716138556693 ], [ -67.107121265708486, -23.136367192957074 ], [ -67.106994482908391, -23.1453954614773 ], [ -67.136283539708231, -23.145744558746127 ], [ -67.136408363682463, -23.136716138556693 ] ] ] } },
{ "type": "Feature", "properties": { "cve": "2833055", "nombre": "LOS HELADOS III 33, 1 AL 30", "solicitante": "Compañía Minera Kairos Chile SpA", "region": "REGIÓN DE ANTOFAGASTA", "provincia": "Provincia de El Loa", "comuna": "SAN PEDRO DE ATACAMA", "superficie_ha": 300.0, "datum_original": "PSAD56", "huso": 19, "epsg_origen": 24879, "tipo_publicacion": "manifestacion", "fuente_pdf": "http://www.diariooficial.interior.gob.cl/publicaciones/2026/07/06/44492/07/2833055.pdf", "archivo": "gm_manifestacion_2833055.pdf", "fecha": "06-07-2026", "edicion": "44492" }, "geometry": { "type": "Polygon", "coordinates": [ [ [ -67.146046684587546, -23.145859716353922 ], [ -67.11675743854056, -23.14551243129203 ], [ -67.11663124525333, -23.154540739552271 ], [ -67.145922451166783, -23.154888175515886 ], [ -67.146046684587546, -23.145859716353922 ] ] ] } },
{ "type": "Feature", "properties": { "cve": "2833056", "nombre": "LOS HELADOS III 49, 1 AL 30", "solicitante": "Compañía Minera Kairos Chile SpA", "region": "REGIÓN DE ANTOFAGASTA", "provincia": "Provincia de El Loa", "comuna": "SAN PEDRO DE ATACAMA", "superficie_ha": 300.0, "datum_original": "PSAD56", "huso": 19, "epsg_origen": 24879, "tipo_publicacion": "manifestacion", "fuente_pdf": "http://www.diariooficial.interior.gob.cl/publicaciones/2026/07/06/44492/07/2833056.pdf", "archivo": "gm_manifestacion_2833056.pdf", "fecha": "06-07-2026", "edicion": "44492" }, "geometry": { "type": "Polygon", "coordinates": [ [ [ -67.245439915270538, -23.011542570104403 ], [ -67.235685923902693, -23.011434164661701 ], [ -67.235333358428207, -23.038521318903989 ], [ -67.245089296505412, -23.038629866330272 ], [ -67.245439915270538, -23.011542570104403 ] ] ] } },
{ "type": "Feature", "properties": { "cve": "2833057", "nombre": "LOS HELADOS III 50, 1 AL 30", "solicitante": "Compañía Minera Kairos Chile SpA", "region": "REGIÓN DE ANTOFAGASTA", "provincia": "Provincia de El Loa", "comuna": "SAN PEDRO DE ATACAMA", "superficie_ha": 300.0, "datum_original": "PSAD56", "huso": 19, "epsg_origen": 24879, "tipo_publicacion": "manifestacion", "fuente_pdf": "http://www.diariooficial.interior.gob.cl/publicaciones/2026/07/06/44492/07/2833057.pdf", "archivo": "gm_manifestacion_2833057.pdf", "fecha": "06-07-2026", "edicion": "44492" }, "geometry": { "type": "Polygon", "coordinates": [ [ [ -67.235685923902693, -23.011434164661701 ], [ -67.225931991743138, -23.011325158914349 ], [ -67.225577479611999, -23.038412170387048 ], [ -67.235333358428207, -23.038521318903989 ], [ -67.235685923902693, -23.011434164661701 ] ] ] } },
{ "type": "Feature", "properties": { "cve": "2833058", "nombre": "LOS HELADOS III 51, 1 AL 30", "solicitante": "Compañía Minera Kairos Chile SpA", "region": "REGIÓN DE ANTOFAGASTA", "provincia": "Provincia de El Loa", "comuna": "SAN PEDRO DE ATACAMA", "superficie_ha": 300.0, "datum_original": "PSAD56", "huso": 19, "epsg_origen": 24879, "tipo_publicacion": "manifestacion", "fuente_pdf": "http://www.diariooficial.interior.gob.cl/publicaciones/2026/07/06/44492/07/2833058.pdf", "archivo": "gm_manifestacion_2833058.pdf", "fecha": "06-07-2026", "edicion": "44492" }, "geometry": { "type": "Polygon", "coordinates": [ [ [ -67.225931991743138, -23.011325158914349 ], [ -67.216178119118609, -23.011215552877189 ], [ -67.215821660383796, -23.038302420794277 ], [ -67.225577479611999, -23.038412170387048 ], [ -67.225931991743138, -23.011325158914349 ] ] ] } },
{ "type": "Feature", "properties": { "cve": "2833059", "nombre": "LOS HELADOS III 52, 1 AL 30", "solicitante": "Compañía Minera Kairos Chile SpA", "region": "REGIÓN DE ANTOFAGASTA", "provincia": "Provincia de El Loa", "comuna": "SAN PEDRO DE ATACAMA", "superficie_ha": 300.0, "datum_original": "PSAD56", "huso": 19, "epsg_origen": 24879, "tipo_publicacion": "manifestacion", "fuente_pdf": "http://www.diariooficial.interior.gob.cl/publicaciones/2026/07/06/44492/07/2833059.pdf", "archivo": "gm_manifestacion_2833059.pdf", "fecha": "06-07-2026", "edicion": "44492" }, "geometry": { "type": "Polygon", "coordinates": [ [ [ -67.216178119118609, -23.011215552877189 ], [ -67.206424306355828, -23.011105346565099 ], [ -67.20606590107063, -23.038192070140628 ], [ -67.215821660383796, -23.038302420794277 ], [ -67.216178119118609, -23.011215552877189 ] ] ] } },
{ "type": "Feature", "properties": { "cve": "2833060", "nombre": "LOS HELADOS III 54, 1 AL 30", "solicitante": "Compañía Minera Kairos Chile SpA", "region": "REGIÓN DE ANTOFAGASTA", "provincia": "Provincia de El Loa", "comuna": "SAN PEDRO DE ATACAMA", "superficie_ha": 300.0, "datum_original": "PSAD56", "huso": 19, "epsg_origen": 24879, "tipo_publicacion": "manifestacion", "fuente_pdf": "http://www.diariooficial.interior.gob.cl/publicaciones/2026/07/06/44492/07/2833060.pdf", "archivo": "gm_manifestacion_2833060.pdf", "fecha": "06-07-2026", "edicion": "44492" }, "geometry": { "type": "Polygon", "coordinates": [ [ [ -67.191552877535329, -23.028996592991682 ], [ -67.16228818409823, -23.028659377373945 ], [ -67.16216573437778, -23.037688054474788 ], [ -67.191432375156921, -23.038025417203805 ], [ -67.191552877535329, -23.028996592991682 ] ] ] } },
{ "type": "Feature", "properties": { "cve": "2833061", "nombre": "LOS HELADOS III 55, 1 AL 30", "solicitante": "Compañía Minera Kairos Chile SpA", "region": "REGIÓN DE ANTOFAGASTA", "provincia": "Provincia de El Loa", "comuna": "SAN PEDRO DE ATACAMA", "superficie_ha": 300.0, "datum_original": "PSAD56", "huso": 19, "epsg_origen": 24879, "tipo_publicacion": "manifestacion", "fuente_pdf": "http://www.diariooficial.interior.gob.cl/publicaciones/2026/07/06/44492/07/2833061.pdf", "archivo": "gm_manifestacion_2833061.pdf", "fecha": "06-07-2026", "edicion": "44492" }, "geometry": { "type": "Polygon", "coordinates": [ [ [ -67.186554563497467, -23.037969565710721 ], [ -67.157288014675473, -23.037631301486893 ], [ -67.157165178537227, -23.046659942828768 ], [ -67.186433675654939, -23.046998354575916 ], [ -67.186554563497467, -23.037969565710721 ] ] ] } },
{ "type": "Feature", "properties": { "cve": "2833062", "nombre": "LOS HELADOS III 56, 1 AL 30", "solicitante": "Compañía Minera Kairos Chile SpA", "region": "REGIÓN DE ANTOFAGASTA", "provincia": "Provincia de El Loa", "comuna": "SAN PEDRO DE ATACAMA", "superficie_ha": 300.0, "datum_original": "PSAD56", "huso": 19, "epsg_origen": 24879, "tipo_publicacion": "manifestacion", "fuente_pdf": "http://www.diariooficial.interior.gob.cl/publicaciones/2026/07/06/44492/07/2833062.pdf", "archivo": "gm_manifestacion_2833062.pdf", "fecha": "06-07-2026", "edicion": "44492" }, "geometry": { "type": "Polygon", "coordinates": [ [ [ -67.186433675654939, -23.046998354575916 ], [ -67.157165178537227, -23.046659942828768 ], [ -67.157042280503916, -23.055688573156004 ], [ -67.186312726898493, -23.056027132445518 ], [ -67.186433675654939, -23.046998354575916 ] ] ] } },
{ "type": "Feature", "properties": { "cve": "2833063", "nombre": "LOS HELADOS III 57, 1 AL 30", "solicitante": "Compañía Minera Kairos Chile SpA", "region": "REGIÓN DE ANTOFAGASTA", "provincia": "Provincia de El Loa", "comuna": "SAN PEDRO DE ATACAMA", "superficie_ha": 300.0, "datum_original": "PSAD56", "huso": 19, "epsg_origen": 24879, "tipo_publicacion": "manifestacion", "fuente_pdf": "http://www.diariooficial.interior.gob.cl/publicaciones/2026/07/06/44492/07/2833063.pdf", "archivo": "gm_manifestacion_2833063.pdf", "fecha": "06-07-2026", "edicion": "44492" }, "geometry": { "type": "Polygon", "coordinates": [ [ [ -67.186312726898493, -23.056027132445518 ], [ -67.157042280503916, -23.055688573156004 ], [ -67.156919320557151, -23.064717192465139 ], [ -67.186191717210107, -23.065055899316089 ], [ -67.186312726898493, -23.056027132445518 ] ] ] } },
{ "type": "Feature", "properties": { "cve": "2833064", "nombre": "LOS HELADOS III 58, 1 AL 30", "solicitante": "Compañía Minera Kairos Chile SpA", "region": "REGIÓN DE ANTOFAGASTA", "provincia": "Provincia de El Loa", "comuna": "SAN PEDRO DE ATACAMA", "superficie_ha": 300.0, "datum_original": "PSAD56", "huso": 19, "epsg_origen": 24879, "tipo_publicacion": "manifestacion", "fuente_pdf": "http://www.diariooficial.interior.gob.cl/publicaciones/2026/07/06/44492/07/2833064.pdf", "archivo": "gm_manifestacion_2833064.pdf", "fecha": "06-07-2026", "edicion": "44492" }, "geometry": { "type": "Polygon", "coordinates": [ [ [ -67.137528958597315, -23.055459859468886 ], [ -67.10825944581471, -23.055112278008032 ], [ -67.108133235806406, -23.064140646139936 ], [ -67.137404698570094, -23.064488379093302 ], [ -67.137528958597315, -23.055459859468886 ] ] ] } },
{ "type": "Feature", "properties": { "cve": "2833065", "nombre": "LOS HELADOS III 59, 1 AL 30", "solicitante": "Compañía Minera Kairos Chile SpA", "region": "REGIÓN DE ANTOFAGASTA", "provincia": "Provincia de El Loa", "comuna": "SAN PEDRO DE ATACAMA", "superficie_ha": 300.0, "datum_original": "PSAD56", "huso": 19, "epsg_origen": 24879, "tipo_publicacion": "manifestacion", "fuente_pdf": "http://www.diariooficial.interior.gob.cl/publicaciones/2026/07/06/44492/07/2833065.pdf", "archivo": "gm_manifestacion_2833065.pdf", "fecha": "06-07-2026", "edicion": "44492" }, "geometry": { "type": "Polygon", "coordinates": [ [ [ -67.147161978433971, -23.064603086649356 ], [ -67.117890326929114, -23.064257158822876 ], [ -67.117764703655055, -23.07328556666684 ], [ -67.147038306178686, -23.073631645219152 ], [ -67.147161978433971, -23.064603086649356 ] ] ] } },
{ "type": "Feature", "properties": { "cve": "2833066", "nombre": "LOS HELADOS III 60, 1 AL 30", "solicitante": "Compañía Minera Kairos Chile SpA", "region": "REGIÓN DE ANTOFAGASTA", "provincia": "Provincia de El Loa", "comuna": "SAN PEDRO DE ATACAMA", "superficie_ha": 300.0, "datum_original": "PSAD56", "huso": 19, "epsg_origen": 24879, "tipo_publicacion": "manifestacion", "fuente_pdf": "http://www.diariooficial.interior.gob.cl/publicaciones/2026/07/06/44492/07/2833066.pdf", "archivo": "gm_manifestacion_2833066.pdf", "fecha": "06-07-2026", "edicion": "44492" }, "geometry": { "type": "Polygon", "coordinates": [ [ [ -67.117890326929114, -23.064257158822876 ], [ -67.088619244592493, -23.063905815757831 ], [ -67.08849167046877, -23.072934070517238 ], [ -67.117764703655055, -23.07328556666684 ], [ -67.117890326929114, -23.064257158822876 ] ] ] } },
{ "type": "Feature", "properties": { "cve": "2833050", "nombre": "LOS HELADOS III 7, 1 AL 20", "solicitante": "Compañía Minera Kairos Chile SpA", "region": "REGIÓN DE ANTOFAGASTA", "provincia": "Provincia de El Loa", "comuna": "SAN PEDRO DE ATACAMA", "superficie_ha": 200.0, "datum_original": "PSAD56", "huso": 19, "epsg_origen": 24879, "tipo_publicacion": "manifestacion", "fuente_pdf": "http://www.diariooficial.interior.gob.cl/publicaciones/2026/07/06/44492/07/2833050.pdf", "archivo": "gm_manifestacion_2833050.pdf", "fecha": "06-07-2026", "edicion": "44492" }, "geometry": { "type": "Polygon", "coordinates": [ [ [ -67.136720149191603, -23.114145039693572 ], [ -67.126959350994568, -23.11402945400166 ], [ -67.126708649335782, -23.132086238059511 ], [ -67.136470752142642, -23.132201924313435 ], [ -67.136720149191603, -23.114145039693572 ] ] ] } },
{ "type": "Feature", "properties": { "cve": "2833051", "nombre": "LOS HELADOS III 9, 1 AL 30", "solicitante": "Compañía Minera Kairos Chile SpA", "region": "REGIÓN DE ANTOFAGASTA", "provincia": "Provincia de El Loa", "comuna": "SAN PEDRO DE ATACAMA", "superficie_ha": 300.0, "datum_original": "PSAD56", "huso": 19, "epsg_origen": 24879, "tipo_publicacion": "manifestacion", "fuente_pdf": "http://www.diariooficial.interior.gob.cl/publicaciones/2026/07/06/44492/07/2833051.pdf", "archivo": "gm_manifestacion_2833051.pdf", "fecha": "06-07-2026", "edicion": "44492" }, "geometry": { "type": "Polygon", "coordinates": [ [ [ -67.117135638016393, -23.118427440052724 ], [ -67.107374640169738, -23.118310622674493 ], [ -67.106994482908391, -23.1453954614773 ], [ -67.11675743854056, -23.14551243129203 ], [ -67.117135638016393, -23.118427440052724 ] ] ] } },
{ "type": "Feature", "properties": { "cve": "2833156", "nombre": "MERCURIO 12 R; 1 AL 300", "solicitante": "Sociedad Minera Cerro del León SpA", "region": "REGIÓN DE ANTOFAGASTA", "provincia": "Provincia de El Loa", "comuna": "San Pedro de Atacama", "superficie_ha": 300.0, "datum_original": "PSAD56", "huso": 19, "epsg_origen": 24879, "tipo_publicacion": "manifestacion", "fuente_pdf": "http://www.diariooficial.interior.gob.cl/publicaciones/2026/07/06/44492/07/2833156.pdf", "archivo": "gm_manifestacion_2833156.pdf", "fecha": "06-07-2026", "edicion": "44492" }, "geometry": { "type": "Polygon", "coordinates": [ [ [ -68.201085788984614, -23.100544061518121 ], [ -68.191321721627148, -23.100494349967484 ], [ -68.191159404443255, -23.127591395138555 ], [ -68.200925431124304, -23.127641171626617 ], [ -68.201085788984614, -23.100544061518121 ] ] ] } },
{ "type": "Feature", "properties": { "cve": "2833155", "nombre": "MERCURIO 7 R;1 AL 300", "solicitante": "Sociedad Minera Cerro del León SpA", "region": "REGIÓN DE ANTOFAGASTA", "provincia": "Provincia de El Loa", "comuna": "San Pedro de Atacama", "superficie_ha": 300.0, "datum_original": "PSAD56", "huso": 19, "epsg_origen": 24879, "tipo_publicacion": "manifestacion", "fuente_pdf": "http://www.diariooficial.interior.gob.cl/publicaciones/2026/07/06/44492/07/2833155.pdf", "archivo": "gm_manifestacion_2833155.pdf", "fecha": "06-07-2026", "edicion": "44492" }, "geometry": { "type": "Polygon", "coordinates": [ [ [ -68.172290872049103, -23.019101807686301 ], [ -68.1430165826268, -23.018946040814278 ], [ -68.142959499742858, -23.027978382485227 ], [ -68.172235738546647, -23.028134217360883 ], [ -68.172290872049103, -23.019101807686301 ] ] ] } },
{ "type": "Feature", "properties": { "cve": "2833115", "nombre": "ABEJA A, 1 AL 60", "solicitante": "Minera Joy East SpA", "region": "REGIÓN DE ANTOFAGASTA", "provincia": "Provincia de Tocopilla", "comuna": "María Elena", "superficie_ha": 300.0, "datum_original": "PSAD56", "huso": 19, "epsg_origen": 24879, "tipo_publicacion": "manifestacion", "fuente_pdf": "http://www.diariooficial.interior.gob.cl/publicaciones/2026/07/06/44492/07/2833115.pdf", "archivo": "gm_manifestacion_2833115.pdf", "fecha": "06-07-2026", "edicion": "44492" }, "geometry": { "type": "Polygon", "coordinates": [ [ [ -69.303001484335368, -22.415723356912203 ], [ -69.293285136631454, -22.415741279895066 ], [ -69.293342068590505, -22.442843025362631 ], [ -69.303060302344377, -22.442825078403125 ], [ -69.303001484335368, -22.415723356912203 ] ] ] } },
{ "type": "Feature", "properties": { "cve": "2833116", "nombre": "ABEJA B, 1 AL 60", "solicitante": "Minera Joy East SpA", "region": "REGIÓN DE ANTOFAGASTA", "provincia": "Provincia de Tocopilla", "comuna": "María Elena", "superficie_ha": 300.0, "datum_original": "PSAD56", "huso": 19, "epsg_origen": 24879, "tipo_publicacion": "manifestacion", "fuente_pdf": "http://www.diariooficial.interior.gob.cl/publicaciones/2026/07/06/44492/07/2833116.pdf", "archivo": "gm_manifestacion_2833116.pdf", "fecha": "06-07-2026", "edicion": "44492" }, "geometry": { "type": "Polygon", "coordinates": [ [ [ -69.293285136631454, -22.415741279895066 ], [ -69.283568779226059, -22.415758618794598 ], [ -69.283623825126753, -22.442860387457454 ], [ -69.293342068590505, -22.442843025362631 ], [ -69.293285136631454, -22.415741279895066 ] ] ] } },
{ "type": "Feature", "properties": { "cve": "2833117", "nombre": "ABEJA C, 1 AL 60", "solicitante": "Minera Joy East SpA", "region": "REGIÓN DE ANTOFAGASTA", "provincia": "Provincia de Tocopilla", "comuna": "María Elena", "superficie_ha": 300.0, "datum_original": "PSAD56", "huso": 19, "epsg_origen": 24879, "tipo_publicacion": "manifestacion", "fuente_pdf": "http://www.diariooficial.interior.gob.cl/publicaciones/2026/07/06/44492/07/2833117.pdf", "archivo": "gm_manifestacion_2833117.pdf", "fecha": "06-07-2026", "edicion": "44492" }, "geometry": { "type": "Polygon", "coordinates": [ [ [ -69.283568779226059, -22.415758618794598 ], [ -69.273852412440576, -22.415775373608447 ], [ -69.273905572274785, -22.442877164685225 ], [ -69.283623825126753, -22.442860387457454 ], [ -69.283568779226059, -22.415758618794598 ] ] ] } },
{ "type": "Feature", "properties": { "cve": "2833118", "nombre": "ABEJA D, 1 AL 60", "solicitante": "Minera Joy East SpA", "region": "REGIÓN DE ANTOFAGASTA", "provincia": "Provincia de Tocopilla", "comuna": "María Elena", "superficie_ha": 300.0, "datum_original": "PSAD56", "huso": 19, "epsg_origen": 24879, "tipo_publicacion": "manifestacion", "fuente_pdf": "http://www.diariooficial.interior.gob.cl/publicaciones/2026/07/06/44492/07/2833118.pdf", "archivo": "gm_manifestacion_2833118.pdf", "fecha": "06-07-2026", "edicion": "44492" }, "geometry": { "type": "Polygon", "coordinates": [ [ [ -69.273852412440576, -22.415775373608447 ], [ -69.264136036596426, -22.415791544334358 ], [ -69.264187310356249, -22.44289335704368 ], [ -69.273905572274785, -22.442877164685225 ], [ -69.273852412440576, -22.415775373608447 ] ] ] } },
{ "type": "Feature", "properties": { "cve": "2833119", "nombre": "ABEJA E, 1 AL 60", "solicitante": "Minera Joy East SpA", "region": "REGIÓN DE ANTOFAGASTA", "provincia": "Provincia de Tocopilla", "comuna": "María Elena", "superficie_ha": 300.0, "datum_original": "PSAD56", "huso": 19, "epsg_origen": 24879, "tipo_publicacion": "manifestacion", "fuente_pdf": "http://www.diariooficial.interior.gob.cl/publicaciones/2026/07/06/44492/07/2833119.pdf", "archivo": "gm_manifestacion_2833119.pdf", "fecha": "06-07-2026", "edicion": "44492" }, "geometry": { "type": "Polygon", "coordinates": [ [ [ -69.264153119108812, -22.424825492105949 ], [ -69.254436106154913, -22.424841085691245 ], [ -69.254485519095766, -22.451942888642549 ], [ -69.264204419096387, -22.451927274203452 ], [ -69.264153119108812, -22.424825492105949 ] ] ] } },
{ "type": "Feature", "properties": { "cve": "2833120", "nombre": "ABEJA F, 1 AL 60", "solicitante": "Minera Joy East SpA", "region": "REGIÓN DE ANTOFAGASTA", "provincia": "Provincia de Tocopilla", "comuna": "María Elena", "superficie_ha": 300.0, "datum_original": "PSAD56", "huso": 19, "epsg_origen": 24879, "tipo_publicacion": "manifestacion", "fuente_pdf": "http://www.diariooficial.interior.gob.cl/publicaciones/2026/07/06/44492/07/2833120.pdf", "archivo": "gm_manifestacion_2833120.pdf", "fecha": "06-07-2026", "edicion": "44492" }, "geometry": { "type": "Polygon", "coordinates": [ [ [ -69.254436106154913, -22.424841085691245 ], [ -69.24471908478273, -22.424856094923864 ], [ -69.244766610669501, -22.4519579179475 ], [ -69.254485519095766, -22.451942888642549 ], [ -69.254436106154913, -22.424841085691245 ] ] ] } },
{ "type": "Feature", "properties": { "cve": "2833121", "nombre": "ABEJA G, 1 AL 60", "solicitante": "Minera Joy East SpA", "region": "REGIÓN DE ANTOFAGASTA", "provincia": "Provincia de Tocopilla", "comuna": "María Elena", "superficie_ha": 300.0, "datum_original": "PSAD56", "huso": 19, "epsg_origen": 24879, "tipo_publicacion": "manifestacion", "fuente_pdf": "http://www.diariooficial.interior.gob.cl/publicaciones/2026/07/06/44492/07/2833121.pdf", "archivo": "gm_manifestacion_2833121.pdf", "fecha": "06-07-2026", "edicion": "44492" }, "geometry": { "type": "Polygon", "coordinates": [ [ [ -69.24471908478273, -22.424856094923864 ], [ -69.235002055313714, -22.424870519801797 ], [ -69.235047694139382, -22.451972362116287 ], [ -69.244766610669501, -22.4519579179475 ], [ -69.24471908478273, -22.424856094923864 ] ] ] } },
{ "type": "Feature", "properties": { "cve": "2833122", "nombre": "ABEJA H, 1 AL 60", "solicitante": "Minera Joy East SpA", "region": "REGIÓN DE ANTOFAGASTA", "provincia": "Provincia de Tocopilla", "comuna": "María Elena", "superficie_ha": 300.0, "datum_original": "PSAD56", "huso": 19, "epsg_origen": 24879, "tipo_publicacion": "manifestacion", "fuente_pdf": "http://www.diariooficial.interior.gob.cl/publicaciones/2026/07/06/44492/07/2833122.pdf", "archivo": "gm_manifestacion_2833122.pdf", "fecha": "06-07-2026", "edicion": "44492" }, "geometry": { "type": "Polygon", "coordinates": [ [ [ -69.273799334136726, -22.388673490745578 ], [ -69.264084841474343, -22.388689639847044 ], [ -69.264136036596426, -22.415791544334358 ], [ -69.273852412440576, -22.415775373608447 ], [ -69.273799334136726, -22.388673490745578 ] ] ] } },
{ "type": "Feature", "properties": { "cve": "2833123", "nombre": "ABEJA I, 1 AL 60", "solicitante": "Minera Joy East SpA", "region": "REGIÓN DE ANTOFAGASTA", "provincia": "Provincia de Tocopilla", "comuna": "María Elena", "superficie_ha": 300.0, "datum_original": "PSAD56", "huso": 19, "epsg_origen": 24879, "tipo_publicacion": "manifestacion", "fuente_pdf": "http://www.diariooficial.interior.gob.cl/publicaciones/2026/07/06/44492/07/2833123.pdf", "archivo": "gm_manifestacion_2833123.pdf", "fecha": "06-07-2026", "edicion": "44492" }, "geometry": { "type": "Polygon", "coordinates": [ [ [ -69.2835138177483, -22.388656758337213 ], [ -69.273799334136726, -22.388673490745578 ], [ -69.273852412440576, -22.415775373608447 ], [ -69.283568779226059, -22.415758618794598 ], [ -69.2835138177483, -22.388656758337213 ] ] ] } },
{ "type": "Feature", "properties": { "cve": "2833124", "nombre": "ABEJA J, 1 AL 20", "solicitante": "Minera Joy East SpA", "region": "REGIÓN DE ANTOFAGASTA", "provincia": "Provincia de Tocopilla", "comuna": "María Elena", "superficie_ha": 100.0, "datum_original": "PSAD56", "huso": 19, "epsg_origen": 24879, "tipo_publicacion": "manifestacion", "fuente_pdf": "http://www.diariooficial.interior.gob.cl/publicaciones/2026/07/06/44492/07/2833124.pdf", "archivo": "gm_manifestacion_2833124.pdf", "fecha": "06-07-2026", "edicion": "44492" }, "geometry": { "type": "Polygon", "coordinates": [ [ [ -69.273763993860527, -22.370605517887338 ], [ -69.264050755046895, -22.37062165257705 ], [ -69.264067793896913, -22.379655651304436 ], [ -69.273781659474409, -22.379639509409284 ], [ -69.273763993860527, -22.370605517887338 ] ] ] } },
{ "type": "Feature", "properties": { "cve": "2833125", "nombre": "ABEJA K, 1 AL 60", "solicitante": "Minera Joy East SpA", "region": "REGIÓN DE ANTOFAGASTA", "provincia": "Provincia de Tocopilla", "comuna": "María Elena", "superficie_ha": 300.0, "datum_original": "PSAD56", "huso": 19, "epsg_origen": 24879, "tipo_publicacion": "manifestacion", "fuente_pdf": "http://www.diariooficial.interior.gob.cl/publicaciones/2026/07/06/44492/07/2833125.pdf", "archivo": "gm_manifestacion_2833125.pdf", "fecha": "06-07-2026", "edicion": "44492" }, "geometry": { "type": "Polygon", "coordinates": [ [ [ -69.264067793896913, -22.379655651304436 ], [ -69.234926146085556, -22.379700578688926 ], [ -69.234941312393545, -22.388734587288795 ], [ -69.264084841474343, -22.388689639847044 ], [ -69.264067793896913, -22.379655651304436 ] ] ] } },
{ "type": "Feature", "properties": { "cve": "2833126", "nombre": "ABEJA L, 1 AL 60", "solicitante": "Minera Joy East SpA", "region": "REGIÓN DE ANTOFAGASTA", "provincia": "Provincia de Tocopilla", "comuna": "María Elena", "superficie_ha": 300.0, "datum_original": "PSAD56", "huso": 19, "epsg_origen": 24879, "tipo_publicacion": "manifestacion", "fuente_pdf": "http://www.diariooficial.interior.gob.cl/publicaciones/2026/07/06/44492/07/2833126.pdf", "archivo": "gm_manifestacion_2833126.pdf", "fecha": "06-07-2026", "edicion": "44492" }, "geometry": { "type": "Polygon", "coordinates": [ [ [ -69.26396569161993, -22.325451506280732 ], [ -69.234835311209892, -22.325496313374376 ], [ -69.234850430965565, -22.334530383019771 ], [ -69.263982686870634, -22.334485555883916 ], [ -69.26396569161993, -22.325451506280732 ] ] ] } },
{ "type": "Feature", "properties": { "cve": "2833127", "nombre": "ABEJA M, 1 AL 60", "solicitante": "Minera Joy East SpA", "region": "REGIÓN DE ANTOFAGASTA", "provincia": "Provincia de Tocopilla", "comuna": "María Elena", "superficie_ha": 300.0, "datum_original": "PSAD56", "huso": 19, "epsg_origen": 24879, "tipo_publicacion": "manifestacion", "fuente_pdf": "http://www.diariooficial.interior.gob.cl/publicaciones/2026/07/06/44492/07/2833127.pdf", "archivo": "gm_manifestacion_2833127.pdf", "fecha": "06-07-2026", "edicion": "44492" }, "geometry": { "type": "Polygon", "coordinates": [ [ [ -69.263982686870634, -22.334485555883916 ], [ -69.234850430965565, -22.334530383019771 ], [ -69.234865558474368, -22.343564442498909 ], [ -69.263999690836158, -22.34351959531833 ], [ -69.263982686870634, -22.334485555883916 ] ] ] } },
{ "type": "Feature", "properties": { "cve": "2833128", "nombre": "ABEJA N, 1 AL 60", "solicitante": "Minera Joy East SpA", "region": "REGIÓN DE ANTOFAGASTA", "provincia": "Provincia de Tocopilla", "comuna": "María Elena", "superficie_ha": 300.0, "datum_original": "PSAD56", "huso": 19, "epsg_origen": 24879, "tipo_publicacion": "manifestacion", "fuente_pdf": "http://www.diariooficial.interior.gob.cl/publicaciones/2026/07/06/44492/07/2833128.pdf", "archivo": "gm_manifestacion_2833128.pdf", "fecha": "06-07-2026", "edicion": "44492" }, "geometry": { "type": "Polygon", "coordinates": [ [ [ -69.293077132572051, -22.31636742840994 ], [ -69.263948705081532, -22.31641744651202 ], [ -69.26396569161993, -22.325451506280732 ], [ -69.293095993621421, -22.325401465798354 ], [ -69.293077132572051, -22.31636742840994 ] ] ] } },
{ "type": "Feature", "properties": { "cve": "2833139", "nombre": "ABEJA O, 1 AL 60", "solicitante": "Minera Joy East SpA", "region": "REGIÓN DE ANTOFAGASTA", "provincia": "Provincia de Tocopilla", "comuna": "María Elena", "superficie_ha": 300.0, "datum_original": "PSAD56", "huso": 19, "epsg_origen": 24879, "tipo_publicacion": "manifestacion", "fuente_pdf": "http://www.diariooficial.interior.gob.cl/publicaciones/2026/07/06/44492/07/2833139.pdf", "archivo": "gm_manifestacion_2833139.pdf", "fecha": "06-07-2026", "edicion": "44492" }, "geometry": { "type": "Polygon", "coordinates": [ [ [ -69.322226208561588, -22.325346191988125 ], [ -69.293095993621421, -22.325401465798354 ], [ -69.293114864344517, -22.334435493018429 ], [ -69.32224695473198, -22.334380194484243 ], [ -69.322226208561588, -22.325346191988125 ] ] ] } },
{ "type": "Feature", "properties": { "cve": "2833129", "nombre": "ABEJA P, 1 AL 60", "solicitante": "Minera Joy East SpA", "region": "REGIÓN DE ANTOFAGASTA", "provincia": "Provincia de Tocopilla", "comuna": "María Elena", "superficie_ha": 300.0, "datum_original": "PSAD56", "huso": 19, "epsg_origen": 24879, "tipo_publicacion": "manifestacion", "fuente_pdf": "http://www.diariooficial.interior.gob.cl/publicaciones/2026/07/06/44492/07/2833129.pdf", "archivo": "gm_manifestacion_2833129.pdf", "fecha": "06-07-2026", "edicion": "44492" }, "geometry": { "type": "Polygon", "coordinates": [ [ [ -69.26388084600093, -22.280281105845848 ], [ -69.23475982865007, -22.280325812765856 ], [ -69.234774909673661, -22.289359933194412 ], [ -69.263897797715174, -22.289315206244655 ], [ -69.26388084600093, -22.280281105845848 ] ] ] } },
{ "type": "Feature", "properties": { "cve": "2833130", "nombre": "ABEJA Q, 1 AL 60", "solicitante": "Minera Joy East SpA", "region": "REGIÓN DE ANTOFAGASTA", "provincia": "Provincia de Tocopilla", "comuna": "María Elena", "superficie_ha": 300.0, "datum_original": "PSAD56", "huso": 19, "epsg_origen": 24879, "tipo_publicacion": "manifestacion", "fuente_pdf": "http://www.diariooficial.interior.gob.cl/publicaciones/2026/07/06/44492/07/2833130.pdf", "archivo": "gm_manifestacion_2833130.pdf", "fecha": "06-07-2026", "edicion": "44492" }, "geometry": { "type": "Polygon", "coordinates": [ [ [ -69.263897797715174, -22.289315206244655 ], [ -69.234774909673661, -22.289359933194412 ], [ -69.234789998439211, -22.298394043472751 ], [ -69.263914758131662, -22.29834929649077 ], [ -69.263897797715174, -22.289315206244655 ] ] ] } },
{ "type": "Feature", "properties": { "cve": "2833164", "nombre": "ABRAN 46 1/60", "solicitante": "SCM El Abra", "region": "REGIÓN DE ANTOFAGASTA", "provincia": "Provincia de Tocopilla", "comuna": "María Elena", "superficie_ha": 300.0, "datum_original": "PSAD56", "huso": 19, "epsg_origen": 24879, "tipo_publicacion": "manifestacion", "fuente_pdf": "http://www.diariooficial.interior.gob.cl/publicaciones/2026/07/06/44492/07/2833164.pdf", "archivo": "gm_manifestacion_2833164.pdf", "fecha": "06-07-2026", "edicion": "44492" }, "geometry": { "type": "Polygon", "coordinates": [ [ [ -69.215359611737298, -22.289386848895916 ], [ -69.186236612371957, -22.28942286901432 ], [ -69.186248581675855, -22.298457007480255 ], [ -69.215373452724251, -22.298420971229216 ], [ -69.215359611737298, -22.289386848895916 ] ] ] } },
{ "type": "Feature", "properties": { "cve": "2833134", "nombre": "MIEL 10, 1 AL 60", "solicitante": "Minera Joy East SpA", "region": "REGIÓN DE ANTOFAGASTA", "provincia": "Provincia de Tocopilla", "comuna": "María Elena", "superficie_ha": 300.0, "datum_original": "PSAD56", "huso": 19, "epsg_origen": 24879, "tipo_publicacion": "manifestacion", "fuente_pdf": "http://www.diariooficial.interior.gob.cl/publicaciones/2026/07/06/44492/07/2833134.pdf", "archivo": "gm_manifestacion_2833134.pdf", "fecha": "06-07-2026", "edicion": "44492" }, "geometry": { "type": "Polygon", "coordinates": [ [ [ -69.351651314206478, -22.442726570723053 ], [ -69.34193313382724, -22.442747441967988 ], [ -69.341999597812588, -22.469848967801255 ], [ -69.351719667090364, -22.469828068662455 ], [ -69.351651314206478, -22.442726570723053 ] ] ] } },
{ "type": "Feature", "properties": { "cve": "2833135", "nombre": "MIEL 11, 1 AL 60", "solicitante": "Minera Joy East SpA", "region": "REGIÓN DE ANTOFAGASTA", "provincia": "Provincia de Tocopilla", "comuna": "María Elena", "superficie_ha": 300.0, "datum_original": "PSAD56", "huso": 19, "epsg_origen": 24879, "tipo_publicacion": "manifestacion", "fuente_pdf": "http://www.diariooficial.interior.gob.cl/publicaciones/2026/07/06/44492/07/2833135.pdf", "archivo": "gm_manifestacion_2833135.pdf", "fecha": "06-07-2026", "edicion": "44492" }, "geometry": { "type": "Polygon", "coordinates": [ [ [ -69.34193313382724, -22.442747441967988 ], [ -69.332214942129738, -22.442767728361158 ], [ -69.332279517206686, -22.469869281306664 ], [ -69.341999597812588, -22.469848967801255 ], [ -69.34193313382724, -22.442747441967988 ] ] ] } },
{ "type": "Feature", "properties": { "cve": "2833136", "nombre": "MIEL 12, 1 AL 60", "solicitante": "Minera Joy East SpA", "region": "REGIÓN DE ANTOFAGASTA", "provincia": "Provincia de Tocopilla", "comuna": "María Elena", "superficie_ha": 300.0, "datum_original": "PSAD56", "huso": 19, "epsg_origen": 24879, "tipo_publicacion": "manifestacion", "fuente_pdf": "http://www.diariooficial.interior.gob.cl/publicaciones/2026/07/06/44492/07/2833136.pdf", "archivo": "gm_manifestacion_2833136.pdf", "fecha": "06-07-2026", "edicion": "44492" }, "geometry": { "type": "Polygon", "coordinates": [ [ [ -69.332214942129738, -22.442767728361158 ], [ -69.322496739435636, -22.442787429899845 ], [ -69.322559425594648, -22.469889009175944 ], [ -69.332279517206686, -22.469869281306664 ], [ -69.332214942129738, -22.442767728361158 ] ] ] } },
{ "type": "Feature", "properties": { "cve": "2833137", "nombre": "MIEL 13, 1 AL 60", "solicitante": "Minera Joy East SpA", "region": "REGIÓN DE ANTOFAGASTA", "provincia": "Provincia de Tocopilla", "comuna": "María Elena", "superficie_ha": 300.0, "datum_original": "PSAD56", "huso": 19, "epsg_origen": 24879, "tipo_publicacion": "manifestacion", "fuente_pdf": "http://www.diariooficial.interior.gob.cl/publicaciones/2026/07/06/44492/07/2833137.pdf", "archivo": "gm_manifestacion_2833137.pdf", "fecha": "06-07-2026", "edicion": "44492" }, "geometry": { "type": "Polygon", "coordinates": [ [ [ -69.322496739435636, -22.442787429899845 ], [ -69.312778526066623, -22.442806546581362 ], [ -69.312839323298363, -22.469908151406422 ], [ -69.322559425594648, -22.469889009175944 ], [ -69.322496739435636, -22.442787429899845 ] ] ] } },
{ "type": "Feature", "properties": { "cve": "2833138", "nombre": "MIEL 6, 1 AL 60", "solicitante": "Minera Joy East SpA", "region": "REGIÓN DE ANTOFAGASTA", "provincia": "Provincia de Tocopilla", "comuna": "María Elena", "superficie_ha": 300.0, "datum_original": "PSAD56", "huso": 19, "epsg_origen": 24879, "tipo_publicacion": "manifestacion", "fuente_pdf": "http://www.diariooficial.interior.gob.cl/publicaciones/2026/07/06/44492/07/2833138.pdf", "archivo": "gm_manifestacion_2833138.pdf", "fecha": "06-07-2026", "edicion": "44492" }, "geometry": { "type": "Polygon", "coordinates": [ [ [ -69.390448124074979, -22.415535766742792 ], [ -69.380731878146833, -22.415558946356995 ], [ -69.380805784218026, -22.442660447906416 ], [ -69.390523916107597, -22.442637237283538 ], [ -69.390448124074979, -22.415535766742792 ] ] ] } },
{ "type": "Feature", "properties": { "cve": "2833131", "nombre": "MIEL 7, 1 AL 60", "solicitante": "Minera Joy East SpA", "region": "REGIÓN DE ANTOFAGASTA", "provincia": "Provincia de Tocopilla", "comuna": "María Elena", "superficie_ha": 300.0, "datum_original": "PSAD56", "huso": 19, "epsg_origen": 24879, "tipo_publicacion": "manifestacion", "fuente_pdf": "http://www.diariooficial.interior.gob.cl/publicaciones/2026/07/06/44492/07/2833131.pdf", "archivo": "gm_manifestacion_2833131.pdf", "fecha": "06-07-2026", "edicion": "44492" }, "geometry": { "type": "Polygon", "coordinates": [ [ [ -69.380731878146833, -22.415558946356995 ], [ -69.371015619624742, -22.415581541912548 ], [ -69.371087639723527, -22.442683073689327 ], [ -69.380805784218026, -22.442660447906416 ], [ -69.380731878146833, -22.415558946356995 ] ] ] } },
{ "type": "Feature", "properties": { "cve": "2833132", "nombre": "MIEL 8, 1 AL 60", "solicitante": "Minera Joy East SpA", "region": "REGIÓN DE ANTOFAGASTA", "provincia": "Provincia de Tocopilla", "comuna": "María Elena", "superficie_ha": 300.0, "datum_original": "PSAD56", "huso": 19, "epsg_origen": 24879, "tipo_publicacion": "manifestacion", "fuente_pdf": "http://www.diariooficial.interior.gob.cl/publicaciones/2026/07/06/44492/07/2833132.pdf", "archivo": "gm_manifestacion_2833132.pdf", "fecha": "06-07-2026", "edicion": "44492" }, "geometry": { "type": "Polygon", "coordinates": [ [ [ -69.371015619624742, -22.415581541912548 ], [ -69.361299348830073, -22.415603553406399 ], [ -69.361369482945804, -22.442705114629202 ], [ -69.371087639723527, -22.442683073689327 ], [ -69.371015619624742, -22.415581541912548 ] ] ] } },
{ "type": "Feature", "properties": { "cve": "2833133", "nombre": "MIEL 9, 1 AL 60", "solicitante": "Minera Joy East SpA", "region": "REGIÓN DE ANTOFAGASTA", "provincia": "Provincia de Tocopilla", "comuna": "María Elena", "superficie_ha": 300.0, "datum_original": "PSAD56", "huso": 19, "epsg_origen": 24879, "tipo_publicacion": "manifestacion", "fuente_pdf": "http://www.diariooficial.interior.gob.cl/publicaciones/2026/07/06/44492/07/2833133.pdf", "archivo": "gm_manifestacion_2833133.pdf", "fecha": "06-07-2026", "edicion": "44492" }, "geometry": { "type": "Polygon", "coordinates": [ [ [ -69.361369482945804, -22.442705114629202 ], [ -69.351651314206478, -22.442726570723053 ], [ -69.351719667090364, -22.469828068662455 ], [ -69.361439724718096, -22.469806583893103 ], [ -69.361369482945804, -22.442705114629202 ] ] ] } },
{ "type": "Feature", "properties": { "cve": "2833036", "nombre": "ACRUX", "solicitante": "Pesenti Rojas Juan Pablo", "region": "REGIÓN DE ATACAMA", "provincia": "Provincia de Copiapó", "comuna": null, "superficie_ha": 1.0, "datum_original": "PSAD56", "huso": 19, "epsg_origen": 24879, "tipo_publicacion": "manifestacion", "fuente_pdf": "http://www.diariooficial.interior.gob.cl/publicaciones/2026/07/06/44492/07/2833036.pdf", "archivo": "gm_manifestacion_2833036.pdf", "fecha": "06-07-2026", "edicion": "44492" }, "geometry": { "type": "Polygon", "coordinates": [ [ [ -70.403074864952572, -27.808920487819456 ], [ -70.402059894617295, -27.808930795198687 ], [ -70.402071482802199, -27.809833278569805 ], [ -70.403086461519621, -27.809822970798898 ], [ -70.403074864952572, -27.808920487819456 ] ] ] } },
{ "type": "Feature", "properties": { "cve": "2832069", "nombre": "ATACAMA 1 AL 8", "solicitante": "Sapunar Silva Dylan Elester y otro", "region": "REGIÓN DE ATACAMA", "provincia": "Provincia de Copiapó", "comuna": null, "superficie_ha": 64.0, "datum_original": "WGS84", "huso": 19, "epsg_origen": 32719, "tipo_publicacion": "manifestacion", "fuente_pdf": "http://www.diariooficial.interior.gob.cl/publicaciones/2026/07/06/44492/07/2832069.pdf", "archivo": "gm_manifestacion_2832069.pdf", "fecha": "06-07-2026", "edicion": "44492" }, "geometry": { "type": "Polygon", "coordinates": [ [ [ -69.62727616018887, -26.883625373169345 ], [ -69.619221631158112, -26.883660900225454 ], [ -69.619261001979467, -26.890883468384406 ], [ -69.627316043045099, -26.890847930271839 ], [ -69.62727616018887, -26.883625373169345 ] ] ] } },
{ "type": "Feature", "properties": { "cve": "2833033", "nombre": "CLAUDIA 1 AL 6", "solicitante": "Aciar Bolvarán Giovanni Fernando", "region": "REGIÓN DE ATACAMA", "provincia": "Provincia de Copiapó", "comuna": null, "superficie_ha": 30.0, "datum_original": "PSAD56", "huso": 19, "epsg_origen": 24879, "tipo_publicacion": "manifestacion", "fuente_pdf": "http://www.diariooficial.interior.gob.cl/publicaciones/2026/07/06/44492/07/2833033.pdf", "archivo": "gm_manifestacion_2833033.pdf", "fecha": "06-07-2026", "edicion": "44492" }, "geometry": { "type": "Polygon", "coordinates": [ [ [ -70.091184210328336, -27.498506441828763 ], [ -70.085110830403963, -27.498553932619778 ], [ -70.08515509270299, -27.503067096107031 ], [ -70.091228720244573, -27.503019596222483 ], [ -70.091184210328336, -27.498506441828763 ] ] ] } },
{ "type": "Feature", "properties": { "cve": "2833015", "nombre": "DESPRECIADA 1 AL 10", "solicitante": "Fasani Donoso Carlos Alfonso Alejandro", "region": "REGIÓN DE ATACAMA", "provincia": "Provincia de Copiapó", "comuna": null, "superficie_ha": 80.0, "datum_original": "PSAD56", "huso": 19, "epsg_origen": 24879, "tipo_publicacion": "manifestacion", "fuente_pdf": "http://www.diariooficial.interior.gob.cl/publicaciones/2026/07/06/44492/07/2833015.pdf", "archivo": "gm_manifestacion_2833015.pdf", "fecha": "06-07-2026", "edicion": "44492" }, "geometry": { "type": "Polygon", "coordinates": [ [ [ -70.637420903149746, -27.267050597452034 ], [ -70.627321931373402, -27.267168408104585 ], [ -70.627427094092994, -27.274388085095296 ], [ -70.637526717788347, -27.27427023814705 ], [ -70.637420903149746, -27.267050597452034 ] ] ] } },
{ "type": "Feature", "properties": { "cve": "2833037", "nombre": "ESTRELLA", "solicitante": "Pesenti Rojas Juan Pablo", "region": "REGIÓN DE ATACAMA", "provincia": "Provincia de Copiapó", "comuna": null, "superficie_ha": 1.0, "datum_original": "PSAD56", "huso": 19, "epsg_origen": 24879, "tipo_publicacion": "manifestacion", "fuente_pdf": "http://www.diariooficial.interior.gob.cl/publicaciones/2026/07/06/44492/07/2833037.pdf", "archivo": "gm_manifestacion_2833037.pdf", "fecha": "06-07-2026", "edicion": "44492" }, "geometry": { "type": "Polygon", "coordinates": [ [ [ -70.404258922003677, -27.811796775192956 ], [ -70.40324392545223, -27.811807092249587 ], [ -70.40325552483084, -27.812709574783277 ], [ -70.404270529765668, -27.812699257334632 ], [ -70.404258922003677, -27.811796775192956 ] ] ] } },
{ "type": "Feature", "properties": { "cve": "2833016", "nombre": "MIRADOR 1 AL 8", "solicitante": "Henríquez Solís Eduardo Antonio", "region": "REGIÓN DE ATACAMA", "provincia": "Provincia de Copiapó", "comuna": null, "superficie_ha": 48.0, "datum_original": "PSAD56", "huso": 19, "epsg_origen": 24879, "tipo_publicacion": "manifestacion", "fuente_pdf": "http://www.diariooficial.interior.gob.cl/publicaciones/2026/07/06/44492/07/2833016.pdf", "archivo": "gm_manifestacion_2833016.pdf", "fecha": "06-07-2026", "edicion": "44492" }, "geometry": { "type": "Polygon", "coordinates": [ [ [ -69.680273066464579, -27.308253864949847 ], [ -69.672188180998575, -27.308292967122668 ], [ -69.672220819653944, -27.313709513071085 ], [ -69.680306097614931, -27.313670401869633 ], [ -69.680273066464579, -27.308253864949847 ] ] ] } },
{ "type": "Feature", "properties": { "cve": "2833045", "nombre": "PRINCESA 1 AL 5", "solicitante": "Ossandón Elgueta Patricio Happy", "region": "REGIÓN DE ATACAMA", "provincia": "Provincia de Chañaral", "comuna": null, "superficie_ha": 25.0, "datum_original": "WGS84", "huso": 19, "epsg_origen": 32719, "tipo_publicacion": "manifestacion", "fuente_pdf": "http://www.diariooficial.interior.gob.cl/publicaciones/2026/07/06/44492/07/2833045.pdf", "archivo": "gm_manifestacion_2833045.pdf", "fecha": "06-07-2026", "edicion": "44492" }, "geometry": { "type": "Polygon", "coordinates": [ [ [ -69.674741645519916, -26.623601553311033 ], [ -69.669719056497854, -26.623625288932068 ], [ -69.669745369535988, -26.628139515569089 ], [ -69.674768155857549, -26.628115775299904 ], [ -69.674741645519916, -26.623601553311033 ] ] ] } },
{ "type": "Feature", "properties": { "cve": "2833151", "nombre": "EXOIDE 1 AL 200", "solicitante": "Gonzalez Cerda Esteban Patricio", "region": "REGIÓN DE ATACAMA", "provincia": "Provincia de Huasco", "comuna": "Freirina", "superficie_ha": 200.0, "datum_original": "PSAD56", "huso": 19, "epsg_origen": 24879, "tipo_publicacion": "manifestacion", "fuente_pdf": "http://www.diariooficial.interior.gob.cl/publicaciones/2026/07/06/44492/07/2833151.pdf", "archivo": "gm_manifestacion_2833151.pdf", "fecha": "06-07-2026", "edicion": "44492" }, "geometry": { "type": "Polygon", "coordinates": [ [ [ -71.261308036483641, -28.968301832592363 ], [ -71.251052211388725, -28.968473909349186 ], [ -71.25144285274979, -28.986511896144822 ], [ -71.261700453921904, -28.98633969212721 ], [ -71.261308036483641, -28.968301832592363 ] ] ] } },
{ "type": "Feature", "properties": { "cve": "2832821", "nombre": "Rinconcito 1 al 9", "solicitante": "Salomón George Carlos Felipe", "region": "REGIÓN DE ATACAMA", "provincia": "Provincia de Huasco", "comuna": null, "superficie_ha": 9.0, "datum_original": "WGS84", "huso": 19, "epsg_origen": 32719, "tipo_publicacion": "manifestacion", "fuente_pdf": "http://www.diariooficial.interior.gob.cl/publicaciones/2026/07/06/44492/07/2832821.pdf", "archivo": "gm_manifestacion_2832821.pdf", "fecha": "06-07-2026", "edicion": "44492" }, "geometry": { "type": "Polygon", "coordinates": [ [ [ -70.941135876172666, -28.326037366191656 ], [ -70.938077192313131, -28.326080856570957 ], [ -70.938126306543936, -28.328787360899661 ], [ -70.941185067797235, -28.328743865624656 ], [ -70.941135876172666, -28.326037366191656 ] ] ] } },
{ "type": "Feature", "properties": { "cve": "2833152", "nombre": "SONIA2 1 AL 3", "solicitante": "Urbina Briones Mauricio Rodrigo Fernando", "region": "REGIÓN DE ATACAMA", "provincia": "Provincia de Huasco", "comuna": "Freirina", "superficie_ha": 3.0, "datum_original": "PSAD56", "huso": 19, "epsg_origen": 24879, "tipo_publicacion": "manifestacion", "fuente_pdf": "http://www.diariooficial.interior.gob.cl/publicaciones/2026/07/06/44492/07/2833152.pdf", "archivo": "gm_manifestacion_2833152.pdf", "fecha": "06-07-2026", "edicion": "44492" }, "geometry": { "type": "Polygon", "coordinates": [ [ [ -71.194056853444138, -28.973205379446668 ], [ -71.19303117962707, -28.973222112170177 ], [ -71.193088255188684, -28.975927918416058 ], [ -71.194113955647623, -28.975911183836722 ], [ -71.194056853444138, -28.973205379446668 ] ] ] } },
{ "type": "Feature", "properties": { "cve": "2832767", "nombre": "LA BONGO 1 AL 24", "solicitante": "Grupo Teofrez SpA", "region": "REGIÓN DE COQUIMBO", "provincia": "Provincia de Choapa", "comuna": null, "superficie_ha": 72.0, "datum_original": "WGS84", "huso": 19, "epsg_origen": 32719, "tipo_publicacion": "manifestacion", "fuente_pdf": "http://www.diariooficial.interior.gob.cl/publicaciones/2026/07/06/44492/07/2832767.pdf", "archivo": "gm_manifestacion_2832767.pdf", "fecha": "06-07-2026", "edicion": "44492" }, "geometry": { "type": "Polygon", "coordinates": [ [ [ -70.95898782709331, -31.550702674689816 ], [ -70.952669943401716, -31.550799349382196 ], [ -70.952895423696958, -31.561619971335482 ], [ -70.959214035796549, -31.561523255912004 ], [ -70.95898782709331, -31.550702674689816 ] ] ] } },
{ "type": "Feature", "properties": { "cve": "2832768", "nombre": "LA DOMINGA 1 AL 20", "solicitante": "Grupo Teofrez SpA", "region": "REGIÓN DE COQUIMBO", "provincia": "Provincia de Choapa", "comuna": null, "superficie_ha": 60.0, "datum_original": "WGS84", "huso": 19, "epsg_origen": 32719, "tipo_publicacion": "manifestacion", "fuente_pdf": "http://www.diariooficial.interior.gob.cl/publicaciones/2026/07/06/44492/07/2832768.pdf", "archivo": "gm_manifestacion_2832768.pdf", "fecha": "06-07-2026", "edicion": "44492" }, "geometry": { "type": "Polygon", "coordinates": [ [ [ -70.957295391341859, -31.545316569474714 ], [ -70.950977864115117, -31.545413145845597 ], [ -70.95116555365523, -31.554430348889902 ], [ -70.957483687701242, -31.554333738608268 ], [ -70.957295391341859, -31.545316569474714 ] ] ] } },
{ "type": "Feature", "properties": { "cve": "2832033", "nombre": "EL MANZANO", "solicitante": "Gutiérrez Candia Álex Rodrigo", "region": "REGIÓN DEL BIOBÍO", "provincia": "Provincia de Arauco", "comuna": null, "superficie_ha": 8.0, "datum_original": "WGS84", "huso": 18, "epsg_origen": 32718, "tipo_publicacion": "manifestacion", "fuente_pdf": "http://www.diariooficial.interior.gob.cl/publicaciones/2026/07/06/44492/07/2832033.pdf", "archivo": "gm_manifestacion_2832033.pdf", "fecha": "06-07-2026", "edicion": "44492" }, "geometry": { "type": "Polygon", "coordinates": [ [ [ -73.147692603624222, -37.481246528395914 ], [ -73.145431658915498, -37.481211049117555 ], [ -73.145342555813286, -37.48481463248423 ], [ -73.147603608998025, -37.48485011635502 ], [ -73.147692603624222, -37.481246528395914 ] ] ] } },
{ "type": "Feature", "properties": { "cve": "2832873", "nombre": "MONTE DEL SOL 2 1 AL 30", "solicitante": "Redhill Magallanes SpA", "region": "REGIÓN DE MAGALLANES Y DE LA ANTÁRTICA CHILENA", "provincia": "Provincia de Magallanes", "comuna": null, "superficie_ha": 300.0, "datum_original": "WGS84", "huso": 18, "epsg_origen": 32718, "tipo_publicacion": "manifestacion", "fuente_pdf": "http://www.diariooficial.interior.gob.cl/publicaciones/2026/07/06/44492/07/2832873.pdf", "archivo": "gm_manifestacion_2832873.pdf", "fecha": "06-07-2026", "edicion": "44492" }, "geometry": { "type": "Polygon", "coordinates": [ [ [ -72.039264794210396, -53.596721463631383 ], [ -71.993996960848463, -53.595591887610624 ], [ -71.993359062790347, -53.604568027263333 ], [ -72.038636467851489, -53.605697971576149 ], [ -72.039264794210396, -53.596721463631383 ] ] ] } },
{ "type": "Feature", "properties": { "cve": "2832874", "nombre": "MONTE DEL SOL 5 1 AL 30", "solicitante": "Redhill Magallanes SpA", "region": "REGIÓN DE MAGALLANES Y DE LA ANTÁRTICA CHILENA", "provincia": "Provincia de Magallanes", "comuna": null, "superficie_ha": 300.0, "datum_original": "WGS84", "huso": 18, "epsg_origen": 32718, "tipo_publicacion": "manifestacion", "fuente_pdf": "http://www.diariooficial.interior.gob.cl/publicaciones/2026/07/06/44492/07/2832874.pdf", "archivo": "gm_manifestacion_2832874.pdf", "fecha": "06-07-2026", "edicion": "44492" }, "geometry": { "type": "Polygon", "coordinates": [ [ [ -72.037378797539475, -53.623650931549783 ], [ -71.99208223364522, -53.622520250186135 ], [ -71.991443302057974, -53.631496333451089 ], [ -72.036749453093563, -53.632627383573698 ], [ -72.037378797539475, -53.623650931549783 ] ] ] } },
{ "type": "Feature", "properties": { "cve": "2832872", "nombre": "VALLE 1", "solicitante": "Redhill Magallanes SpA", "region": "REGIÓN DE MAGALLANES Y DE LA ANTÁRTICA CHILENA", "provincia": "Provincia de Magallanes", "comuna": null, "superficie_ha": 300.0, "datum_original": "WGS84", "huso": 18, "epsg_origen": 32718, "tipo_publicacion": "manifestacion", "fuente_pdf": "http://www.diariooficial.interior.gob.cl/publicaciones/2026/07/06/44492/07/2832872.pdf", "archivo": "gm_manifestacion_2832872.pdf", "fecha": "06-07-2026", "edicion": "44492" }, "geometry": { "type": "Polygon", "coordinates": [ [ [ -72.352672604398833, -53.399694594436646 ], [ -72.337648730727793, -53.399360339659495 ], [ -72.33596482219572, -53.42629760038534 ], [ -72.350998171138457, -53.426632181654213 ], [ -72.352672604398833, -53.399694594436646 ] ] ] } },
{ "type": "Feature", "properties": { "cve": "2832910", "nombre": "NAPOLEON I DEL 1 AL 8", "solicitante": "Almonacid Barrientos Mireya Alejandra", "region": "REGIÓN DE TARAPACÁ", "provincia": "Provincia del Tamarugal", "comuna": "Pozo Almonte", "superficie_ha": 80.0, "datum_original": "PSAD56", "huso": 19, "epsg_origen": 24879, "tipo_publicacion": "mensura", "fuente_pdf": "http://www.diariooficial.interior.gob.cl/publicaciones/2026/07/06/44492/07/2832910.pdf", "archivo": "gm_mensura_2832910.pdf", "fecha": "06-07-2026", "edicion": "44492" }, "geometry": { "type": "Polygon", "coordinates": [ [ [ -69.444623675249431, -21.403721946682332 ], [ -69.440764549541612, -21.403732135433874 ], [ -69.44081874058034, -21.421801918474305 ], [ -69.44467834072131, -21.421791720292525 ], [ -69.442721319663647, -21.412761946256264 ], [ -69.444623675249431, -21.403721946682332 ] ] ] } },
{ "type": "Feature", "properties": { "cve": "2833153", "nombre": "CATE A16, 1 AL 60", "solicitante": "Minera Freeport-McMoran South America Limitada", "region": "REGIÓN DE ANTOFAGASTA", "provincia": "Provincia de Antofagasta", "comuna": null, "superficie_ha": 300.0, "datum_original": "PSAD56", "huso": 19, "epsg_origen": 24879, "tipo_publicacion": "mensura", "fuente_pdf": "http://www.diariooficial.interior.gob.cl/publicaciones/2026/07/06/44492/07/2833153.pdf", "archivo": "gm_mensura_2833153.pdf", "fecha": "06-07-2026", "edicion": "44492" }, "geometry": { "type": "Polygon", "coordinates": [ [ [ -69.22562954028075, -22.637179807016771 ], [ -69.215897635859577, -22.637193202227415 ], [ -69.215940005328832, -22.664294358936537 ], [ -69.225673819577665, -22.664280945945364 ], [ -69.22562954028075, -22.637179807016771 ] ] ] } },
{ "type": "Feature", "properties": { "cve": "2833101", "nombre": "CAROLINA 1 AL 8", "solicitante": "Pérez Vargas Miguel Ángel", "region": "REGIÓN DE ATACAMA", "provincia": "Provincia de Copiapó", "comuna": null, "superficie_ha": 40.0, "datum_original": "PSAD56", "huso": 19, "epsg_origen": 24879, "tipo_publicacion": "mensura", "fuente_pdf": "http://www.diariooficial.interior.gob.cl/publicaciones/2026/07/06/44492/07/2833101.pdf", "archivo": "gm_mensura_2833101.pdf", "fecha": "06-07-2026", "edicion": "44492" }, "geometry": { "type": "Polygon", "coordinates": [ [ [ -70.283600389074365, -28.024452987690715 ], [ -70.279532248507792, -28.024490928184587 ], [ -70.279638992377627, -28.033515925233758 ], [ -70.283707472098484, -28.033477970395438 ], [ -70.283600389074365, -28.024452987690715 ] ] ] } },
{ "type": "Feature", "properties": { "cve": "2833185", "nombre": "FLORA NORMILLA II 1-24", "solicitante": "Godoy Monárdez Mario", "region": "REGIÓN DE ATACAMA", "provincia": "Provincia de Copiapó", "comuna": null, "superficie_ha": 24.0, "datum_original": "PSAD56", "huso": 19, "epsg_origen": 24879, "tipo_publicacion": "mensura", "fuente_pdf": "http://www.diariooficial.interior.gob.cl/publicaciones/2026/07/06/44492/07/2833185.pdf", "archivo": "gm_mensura_2833185.pdf", "fecha": "06-07-2026", "edicion": "44492" }, "geometry": { "type": "Polygon", "coordinates": [ [ [ -70.473419157405957, -27.305069803115675 ], [ -70.467357246584655, -27.30513355833757 ], [ -70.467404733064143, -27.308743651463885 ], [ -70.473466839887806, -27.308679886429939 ], [ -70.473419157405957, -27.305069803115675 ] ] ] } },
{ "type": "Feature", "properties": { "cve": "2833102", "nombre": "LA BRILLANTE 1 AL 4", "solicitante": "Pérez Vargas Miguel Ángel", "region": "REGIÓN DE ATACAMA", "provincia": "Provincia de Copiapó", "comuna": null, "superficie_ha": 12.0, "datum_original": "PSAD56", "huso": 19, "epsg_origen": 24879, "tipo_publicacion": "mensura", "fuente_pdf": "http://www.diariooficial.interior.gob.cl/publicaciones/2026/07/06/44492/07/2833102.pdf", "archivo": "gm_mensura_2833102.pdf", "fecha": "06-07-2026", "edicion": "44492" }, "geometry": { "type": "Polygon", "coordinates": [ [ [ -70.2442409902729, -27.874078129364754 ], [ -70.240178418737344, -27.874114724213243 ], [ -70.240209256217071, -27.876822325317761 ], [ -70.244271928706496, -27.876785726303709 ], [ -70.2442409902729, -27.874078129364754 ] ] ] } },
{ "type": "Feature", "properties": { "cve": "2833103", "nombre": "PATRICIA 1 AL 8", "solicitante": "Pérez Vargas Miguel Ángel", "region": "REGIÓN DE ATACAMA", "provincia": "Provincia de Copiapó", "comuna": null, "superficie_ha": 32.0, "datum_original": "PSAD56", "huso": 19, "epsg_origen": 24879, "tipo_publicacion": "mensura", "fuente_pdf": "http://www.diariooficial.interior.gob.cl/publicaciones/2026/07/06/44492/07/2833103.pdf", "archivo": "gm_mensura_2833103.pdf", "fecha": "06-07-2026", "edicion": "44492" }, "geometry": { "type": "Polygon", "coordinates": [ [ [ -70.42717726063016, -27.255812910300531 ], [ -70.423137687829723, -27.255854038248234 ], [ -70.423229613841912, -27.263074415003832 ], [ -70.427269447358498, -27.26303327438038 ], [ -70.42717726063016, -27.255812910300531 ] ] ] } },
{ "type": "Feature", "properties": { "cve": "2832754", "nombre": "SANTA ROSA VIII 1 AL 20", "solicitante": "Mineral Resources SpA", "region": "REGIÓN DE ATACAMA", "provincia": "Provincia de Copiapó", "comuna": null, "superficie_ha": 20.0, "datum_original": "PSAD56", "huso": 19, "epsg_origen": 24879, "tipo_publicacion": "mensura", "fuente_pdf": "http://www.diariooficial.interior.gob.cl/publicaciones/2026/07/06/44492/07/2832754.pdf", "archivo": "gm_mensura_2832754.pdf", "fecha": "06-07-2026", "edicion": "44492" }, "geometry": { "type": "Polygon", "coordinates": [ [ [ -70.691177091648129, -27.810657054914998 ], [ -70.687117695238186, -27.810706709331715 ], [ -70.687187424960655, -27.81521851596505 ], [ -70.691246988953509, -27.815168852115448 ], [ -70.691177091648129, -27.810657054914998 ] ] ] } },
{ "type": "Feature", "properties": { "cve": "2833017", "nombre": "TERESITA III 1 AL 5", "solicitante": "Vargas Brizuela Karina", "region": "REGIÓN DE ATACAMA", "provincia": "Provincia de Copiapó", "comuna": null, "superficie_ha": 25.0, "datum_original": "PSAD56", "huso": 19, "epsg_origen": 24879, "tipo_publicacion": "mensura", "fuente_pdf": "http://www.diariooficial.interior.gob.cl/publicaciones/2026/07/06/44492/07/2833017.pdf", "archivo": "gm_mensura_2833017.pdf", "fecha": "06-07-2026", "edicion": "44492" }, "geometry": { "type": "Polygon", "coordinates": [ [ [ -70.516648043251038, -27.089605472494469 ], [ -70.519138494429029, -27.087321922951965 ], [ -70.514096810683739, -27.087376320161589 ], [ -70.514157491139841, -27.091888981359538 ], [ -70.519199376751573, -27.091834573627274 ], [ -70.516648043251038, -27.089605472494469 ] ] ] } },
{ "type": "Feature", "properties": { "cve": "2833018", "nombre": "VISTA HERMOSA 1 AL 4", "solicitante": "Ossandón Mondaca Samuel Tercero", "region": "REGIÓN DE ATACAMA", "provincia": "Provincia de Copiapó", "comuna": null, "superficie_ha": 16.0, "datum_original": "PSAD56", "huso": 19, "epsg_origen": 24879, "tipo_publicacion": "mensura", "fuente_pdf": "http://www.diariooficial.interior.gob.cl/publicaciones/2026/07/06/44492/07/2833018.pdf", "archivo": "gm_mensura_2833018.pdf", "fecha": "06-07-2026", "edicion": "44492" }, "geometry": { "type": "Polygon", "coordinates": [ [ [ -70.131563934383792, -28.037965486433883 ], [ -70.127495057673414, -28.03799894127522 ], [ -70.127532698623625, -28.041609136491257 ], [ -70.131601711101254, -28.041575676592089 ], [ -70.131563934383792, -28.037965486433883 ] ] ] } },
{ "type": "Feature", "properties": { "cve": "2832432", "nombre": "SORPRESA 1 AL 40", "solicitante": "Portilla Paredes Ashlee Antonella", "region": "REGIÓN DE ATACAMA", "provincia": "Provincia de Huasco", "comuna": null, "superficie_ha": 40.0, "datum_original": "PSAD56", "huso": 19, "epsg_origen": 24879, "tipo_publicacion": "mensura", "fuente_pdf": "http://www.diariooficial.interior.gob.cl/publicaciones/2026/07/06/44492/07/2832432.pdf", "archivo": "gm_mensura_2832432.pdf", "fecha": "06-07-2026", "edicion": "44492" }, "geometry": { "type": "Polygon", "coordinates": [ [ [ -70.519017650615396, -28.843324769906733 ], [ -70.513998226536714, -28.850600780420908 ], [ -70.519122536532734, -28.85054315298186 ], [ -70.519017650615396, -28.843324769906733 ] ] ] } },
{ "type": "Feature", "properties": { "cve": "2832773", "nombre": "SANTA ROSA 1 AL 10", "solicitante": "Araya Muñoz Francisco Javier y otro", "region": "REGIÓN DE COQUIMBO", "provincia": "Provincia de Choapa", "comuna": null, "superficie_ha": 50.0, "datum_original": "PSAD56", "huso": 19, "epsg_origen": 24879, "tipo_publicacion": "mensura", "fuente_pdf": "http://www.diariooficial.interior.gob.cl/publicaciones/2026/07/06/44492/07/2832773.pdf", "archivo": "gm_mensura_2832773.pdf", "fecha": "06-07-2026", "edicion": "44492" }, "geometry": { "type": "Polygon", "coordinates": [ [ [ -71.206350209121197, -31.394464971697431 ], [ -71.201094894752643, -31.394555328648849 ], [ -71.201305364506126, -31.403571275035443 ], [ -71.206561180397529, -31.403480886273954 ], [ -71.206350209121197, -31.394464971697431 ] ] ] } },
{ "type": "Feature", "properties": { "cve": "2832626", "nombre": "Solé 1 al 10", "solicitante": "Gómez Vega Mauricio Alexis", "region": "REGIÓN DE COQUIMBO", "provincia": "Provincia de Choapa", "comuna": null, "superficie_ha": 100.0, "datum_original": "PSAD56", "huso": 19, "epsg_origen": 24879, "tipo_publicacion": "mensura", "fuente_pdf": "http://www.diariooficial.interior.gob.cl/publicaciones/2026/07/06/44492/07/2832626.pdf", "archivo": "gm_mensura_2832626.pdf", "fecha": "06-07-2026", "edicion": "44492" }, "geometry": { "type": "Polygon", "coordinates": [ [ [ -71.385409209652607, -31.240187201728332 ], [ -71.374916992433072, -31.240381519545554 ], [ -71.375142703919011, -31.249396587367791 ], [ -71.385635916015374, -31.249202200955068 ], [ -71.385409209652607, -31.240187201728332 ] ] ] } },
{ "type": "Feature", "properties": { "cve": "2832932", "nombre": "CEUCI 1", "solicitante": "Vale Exploraciones Chile Limitada", "region": "REGIÓN DE TARAPACÁ", "provincia": "Provincia del Tamarugal", "comuna": null, "superficie_ha": 300.0, "datum_original": "PSAD56", "huso": 19, "epsg_origen": 24879, "tipo_publicacion": "pedimento", "fuente_pdf": "http://www.diariooficial.interior.gob.cl/publicaciones/2026/07/06/44492/07/2832932.pdf", "archivo": "gm_pedimento_2832932.pdf", "fecha": "06-07-2026", "edicion": "44492" }, "geometry": { "type": "Polygon", "coordinates": [ [ [ -68.714888723039877, -21.080425971688317 ], [ -68.705261756578537, -21.080409529660013 ], [ -68.705208285963664, -21.107515683687787 ], [ -68.71483699886457, -21.107532148830533 ], [ -68.714888723039877, -21.080425971688317 ] ] ] } },
{ "type": "Feature", "properties": { "cve": "2832941", "nombre": "CEUCI 10", "solicitante": "Vale Exploraciones Chile Limitada", "region": "REGIÓN DE TARAPACÁ", "provincia": "Provincia del Tamarugal", "comuna": null, "superficie_ha": 300.0, "datum_original": "PSAD56", "huso": 19, "epsg_origen": 24879, "tipo_publicacion": "pedimento", "fuente_pdf": "http://www.diariooficial.interior.gob.cl/publicaciones/2026/07/06/44492/07/2832941.pdf", "archivo": "gm_pedimento_2832941.pdf", "fecha": "06-07-2026", "edicion": "44492" }, "geometry": { "type": "Polygon", "coordinates": [ [ [ -68.705208285963664, -21.107515683687787 ], [ -68.695579582510092, -21.107498671836531 ], [ -68.695524277662741, -21.134604714428676 ], [ -68.705154730325091, -21.134621750170261 ], [ -68.705208285963664, -21.107515683687787 ] ] ] } },
{ "type": "Feature", "properties": { "cve": "2832942", "nombre": "CEUCI 11", "solicitante": "Vale Exploraciones Chile Limitada", "region": "REGIÓN DE TARAPACÁ", "provincia": "Provincia del Tamarugal", "comuna": null, "superficie_ha": 300.0, "datum_original": "PSAD56", "huso": 19, "epsg_origen": 24879, "tipo_publicacion": "pedimento", "fuente_pdf": "http://www.diariooficial.interior.gob.cl/publicaciones/2026/07/06/44492/07/2832942.pdf", "archivo": "gm_pedimento_2832942.pdf", "fecha": "06-07-2026", "edicion": "44492" }, "geometry": { "type": "Polygon", "coordinates": [ [ [ -68.695579582510092, -21.107498671836531 ], [ -68.685950888812386, -21.107481113279032 ], [ -68.685893834764272, -21.134587131213088 ], [ -68.695524277662741, -21.134604714428676 ], [ -68.695579582510092, -21.107498671836531 ] ] ] } },
{ "type": "Feature", "properties": { "cve": "2832943", "nombre": "CEUCI 12", "solicitante": "Vale Exploraciones Chile Limitada", "region": "REGIÓN DE TARAPACÁ", "provincia": "Provincia del Tamarugal", "comuna": null, "superficie_ha": 300.0, "datum_original": "PSAD56", "huso": 19, "epsg_origen": 24879, "tipo_publicacion": "pedimento", "fuente_pdf": "http://www.diariooficial.interior.gob.cl/publicaciones/2026/07/06/44492/07/2832943.pdf", "archivo": "gm_pedimento_2832943.pdf", "fecha": "06-07-2026", "edicion": "44492" }, "geometry": { "type": "Polygon", "coordinates": [ [ [ -68.685950888812386, -21.107481113279032 ], [ -68.676322205179119, -21.107463008017632 ], [ -68.676263401938513, -21.134569000525875 ], [ -68.685893834764272, -21.134587131213088 ], [ -68.685950888812386, -21.107481113279032 ] ] ] } },
{ "type": "Feature", "properties": { "cve": "2832944", "nombre": "CEUCI 13", "solicitante": "Vale Exploraciones Chile Limitada", "region": "REGIÓN DE TARAPACÁ", "provincia": "Provincia del Tamarugal", "comuna": null, "superficie_ha": 300.0, "datum_original": "PSAD56", "huso": 19, "epsg_origen": 24879, "tipo_publicacion": "pedimento", "fuente_pdf": "http://www.diariooficial.interior.gob.cl/publicaciones/2026/07/06/44492/07/2832944.pdf", "archivo": "gm_pedimento_2832944.pdf", "fecha": "06-07-2026", "edicion": "44492" }, "geometry": { "type": "Polygon", "coordinates": [ [ [ -68.676322205179119, -21.107463008017632 ], [ -68.66669353191881, -21.107444356054774 ], [ -68.666632979494238, -21.134550322369435 ], [ -68.676263401938513, -21.134569000525875 ], [ -68.676322205179119, -21.107463008017632 ] ] ] } },
{ "type": "Feature", "properties": { "cve": "2832945", "nombre": "CEUCI 14", "solicitante": "Vale Exploraciones Chile Limitada", "region": "REGIÓN DE TARAPACÁ", "provincia": "Provincia del Tamarugal", "comuna": null, "superficie_ha": 300.0, "datum_original": "PSAD56", "huso": 19, "epsg_origen": 24879, "tipo_publicacion": "pedimento", "fuente_pdf": "http://www.diariooficial.interior.gob.cl/publicaciones/2026/07/06/44492/07/2832945.pdf", "archivo": "gm_pedimento_2832945.pdf", "fecha": "06-07-2026", "edicion": "44492" }, "geometry": { "type": "Polygon", "coordinates": [ [ [ -68.66669353191881, -21.107444356054774 ], [ -68.657064869340047, -21.107425157392932 ], [ -68.657002567740292, -21.134531096746297 ], [ -68.666632979494238, -21.134550322369435 ], [ -68.66669353191881, -21.107444356054774 ] ] ] } },
{ "type": "Feature", "properties": { "cve": "2832946", "nombre": "CEUCI 15", "solicitante": "Vale Exploraciones Chile Limitada", "region": "REGIÓN DE TARAPACÁ", "provincia": "Provincia del Tamarugal", "comuna": null, "superficie_ha": 300.0, "datum_original": "PSAD56", "huso": 19, "epsg_origen": 24879, "tipo_publicacion": "pedimento", "fuente_pdf": "http://www.diariooficial.interior.gob.cl/publicaciones/2026/07/06/44492/07/2832946.pdf", "archivo": "gm_pedimento_2832946.pdf", "fecha": "06-07-2026", "edicion": "44492" }, "geometry": { "type": "Polygon", "coordinates": [ [ [ -68.657064869340047, -21.107425157392932 ], [ -68.64743621775132, -21.107405412034709 ], [ -68.647372166985434, -21.134511323659009 ], [ -68.657002567740292, -21.134531096746297 ], [ -68.657064869340047, -21.107425157392932 ] ] ] } },
{ "type": "Feature", "properties": { "cve": "2832947", "nombre": "CEUCI 16", "solicitante": "Vale Exploraciones Chile Limitada", "region": "REGIÓN DE TARAPACÁ", "provincia": "Provincia del Tamarugal", "comuna": null, "superficie_ha": 300.0, "datum_original": "PSAD56", "huso": 19, "epsg_origen": 24879, "tipo_publicacion": "pedimento", "fuente_pdf": "http://www.diariooficial.interior.gob.cl/publicaciones/2026/07/06/44492/07/2832947.pdf", "archivo": "gm_pedimento_2832947.pdf", "fecha": "06-07-2026", "edicion": "44492" }, "geometry": { "type": "Polygon", "coordinates": [ [ [ -68.645525500871372, -21.101076673354669 ], [ -68.635897270614521, -21.101056278647878 ], [ -68.635831145373359, -21.128162176434738 ], [ -68.645461124137, -21.128182599789511 ], [ -68.645525500871372, -21.101076673354669 ] ] ] } },
{ "type": "Feature", "properties": { "cve": "2832948", "nombre": "CEUCI 17", "solicitante": "Vale Exploraciones Chile Limitada", "region": "REGIÓN DE TARAPACÁ", "provincia": "Provincia del Tamarugal", "comuna": null, "superficie_ha": 300.0, "datum_original": "PSAD56", "huso": 19, "epsg_origen": 24879, "tipo_publicacion": "pedimento", "fuente_pdf": "http://www.diariooficial.interior.gob.cl/publicaciones/2026/07/06/44492/07/2832948.pdf", "archivo": "gm_pedimento_2832948.pdf", "fecha": "06-07-2026", "edicion": "44492" }, "geometry": { "type": "Polygon", "coordinates": [ [ [ -68.635897270614521, -21.101056278647878 ], [ -68.626269052024313, -21.101035337429675 ], [ -68.626201178285896, -21.128141205800908 ], [ -68.635831145373359, -21.128162176434738 ], [ -68.635897270614521, -21.101056278647878 ] ] ] } },
{ "type": "Feature", "properties": { "cve": "2832949", "nombre": "CEUCI 18", "solicitante": "Vale Exploraciones Chile Limitada", "region": "REGIÓN DE TARAPACÁ", "provincia": "Provincia del Tamarugal", "comuna": null, "superficie_ha": 300.0, "datum_original": "PSAD56", "huso": 19, "epsg_origen": 24879, "tipo_publicacion": "pedimento", "fuente_pdf": "http://www.diariooficial.interior.gob.cl/publicaciones/2026/07/06/44492/07/2832949.pdf", "archivo": "gm_pedimento_2832949.pdf", "fecha": "06-07-2026", "edicion": "44492" }, "geometry": { "type": "Polygon", "coordinates": [ [ [ -68.626269052024313, -21.101035337429675 ], [ -68.616640845409165, -21.101013849702881 ], [ -68.616571223183371, -21.12811968789082 ], [ -68.626201178285896, -21.128141205800908 ], [ -68.626269052024313, -21.101035337429675 ] ] ] } },
{ "type": "Feature", "properties": { "cve": "2832950", "nombre": "CEUCI 19", "solicitante": "Vale Exploraciones Chile Limitada", "region": "REGIÓN DE TARAPACÁ", "provincia": "Provincia del Tamarugal", "comuna": null, "superficie_ha": 300.0, "datum_original": "PSAD56", "huso": 19, "epsg_origen": 24879, "tipo_publicacion": "pedimento", "fuente_pdf": "http://www.diariooficial.interior.gob.cl/publicaciones/2026/07/06/44492/07/2832950.pdf", "archivo": "gm_pedimento_2832950.pdf", "fecha": "06-07-2026", "edicion": "44492" }, "geometry": { "type": "Polygon", "coordinates": [ [ [ -68.714785192442562, -21.134638238435571 ], [ -68.685893834764272, -21.134587131213088 ], [ -68.68587479660701, -21.143622451050547 ], [ -68.714767905346491, -21.143673582168944 ], [ -68.714785192442562, -21.134638238435571 ] ] ] } },
{ "type": "Feature", "properties": { "cve": "2832933", "nombre": "CEUCI 2", "solicitante": "Vale Exploraciones Chile Limitada", "region": "REGIÓN DE TARAPACÁ", "provincia": "Provincia del Tamarugal", "comuna": null, "superficie_ha": 300.0, "datum_original": "PSAD56", "huso": 19, "epsg_origen": 24879, "tipo_publicacion": "pedimento", "fuente_pdf": "http://www.diariooficial.interior.gob.cl/publicaciones/2026/07/06/44492/07/2832933.pdf", "archivo": "gm_pedimento_2832933.pdf", "fecha": "06-07-2026", "edicion": "44492" }, "geometry": { "type": "Polygon", "coordinates": [ [ [ -68.705261756578537, -21.080409529660013 ], [ -68.695634799556771, -21.080392541690692 ], [ -68.695579582510092, -21.107498671836531 ], [ -68.705208285963664, -21.107515683687787 ], [ -68.705261756578537, -21.080409529660013 ] ] ] } },
{ "type": "Feature", "properties": { "cve": "2832951", "nombre": "CEUCI 20", "solicitante": "Vale Exploraciones Chile Limitada", "region": "REGIÓN DE TARAPACÁ", "provincia": "Provincia del Tamarugal", "comuna": null, "superficie_ha": 300.0, "datum_original": "PSAD56", "huso": 19, "epsg_origen": 24879, "tipo_publicacion": "pedimento", "fuente_pdf": "http://www.diariooficial.interior.gob.cl/publicaciones/2026/07/06/44492/07/2832951.pdf", "archivo": "gm_pedimento_2832951.pdf", "fecha": "06-07-2026", "edicion": "44492" }, "geometry": { "type": "Polygon", "coordinates": [ [ [ -68.685893834764272, -21.134587131213088 ], [ -68.657002567740292, -21.134531096746297 ], [ -68.65698177854668, -21.143566390384049 ], [ -68.68587479660701, -21.143622451050547 ], [ -68.685893834764272, -21.134587131213088 ] ] ] } },
{ "type": "Feature", "properties": { "cve": "2832952", "nombre": "CEUCI 21", "solicitante": "Vale Exploraciones Chile Limitada", "region": "REGIÓN DE TARAPACÁ", "provincia": "Provincia del Tamarugal", "comuna": null, "superficie_ha": 100.0, "datum_original": "PSAD56", "huso": 19, "epsg_origen": 24879, "tipo_publicacion": "pedimento", "fuente_pdf": "http://www.diariooficial.interior.gob.cl/publicaciones/2026/07/06/44492/07/2832952.pdf", "archivo": "gm_pedimento_2832952.pdf", "fecha": "06-07-2026", "edicion": "44492" }, "geometry": { "type": "Polygon", "coordinates": [ [ [ -68.657002567740292, -21.134531096746297 ], [ -68.647372166985434, -21.134511323659009 ], [ -68.647350794118978, -21.143546608051572 ], [ -68.65698177854668, -21.143566390384049 ], [ -68.657002567740292, -21.134531096746297 ] ] ] } },
{ "type": "Feature", "properties": { "cve": "2832934", "nombre": "CEUCI 3", "solicitante": "Vale Exploraciones Chile Limitada", "region": "REGIÓN DE TARAPACÁ", "provincia": "Provincia del Tamarugal", "comuna": null, "superficie_ha": 300.0, "datum_original": "PSAD56", "huso": 19, "epsg_origen": 24879, "tipo_publicacion": "pedimento", "fuente_pdf": "http://www.diariooficial.interior.gob.cl/publicaciones/2026/07/06/44492/07/2832934.pdf", "archivo": "gm_pedimento_2832934.pdf", "fecha": "06-07-2026", "edicion": "44492" }, "geometry": { "type": "Polygon", "coordinates": [ [ [ -68.695634799556771, -21.080392541690692 ], [ -68.686007852282899, -21.08037500778261 ], [ -68.685950888812386, -21.107481113279032 ], [ -68.695579582510092, -21.107498671836531 ], [ -68.695634799556771, -21.080392541690692 ] ] ] } },
{ "type": "Feature", "properties": { "cve": "2832935", "nombre": "CEUCI 4", "solicitante": "Vale Exploraciones Chile Limitada", "region": "REGIÓN DE TARAPACÁ", "provincia": "Provincia del Tamarugal", "comuna": null, "superficie_ha": 300.0, "datum_original": "PSAD56", "huso": 19, "epsg_origen": 24879, "tipo_publicacion": "pedimento", "fuente_pdf": "http://www.diariooficial.interior.gob.cl/publicaciones/2026/07/06/44492/07/2832935.pdf", "archivo": "gm_pedimento_2832935.pdf", "fecha": "06-07-2026", "edicion": "44492" }, "geometry": { "type": "Polygon", "coordinates": [ [ [ -68.686007852282899, -21.08037500778261 ], [ -68.676380915065181, -21.080356927938112 ], [ -68.676322205179119, -21.107463008017632 ], [ -68.685950888812386, -21.107481113279032 ], [ -68.686007852282899, -21.08037500778261 ] ] ] } },
{ "type": "Feature", "properties": { "cve": "2832936", "nombre": "CEUCI 5", "solicitante": "Vale Exploraciones Chile Limitada", "region": "REGIÓN DE TARAPACÁ", "provincia": "Provincia del Tamarugal", "comuna": null, "superficie_ha": 300.0, "datum_original": "PSAD56", "huso": 19, "epsg_origen": 24879, "tipo_publicacion": "pedimento", "fuente_pdf": "http://www.diariooficial.interior.gob.cl/publicaciones/2026/07/06/44492/07/2832936.pdf", "archivo": "gm_pedimento_2832936.pdf", "fecha": "06-07-2026", "edicion": "44492" }, "geometry": { "type": "Polygon", "coordinates": [ [ [ -68.676380915065181, -21.080356927938112 ], [ -68.666753988211909, -21.080338302159614 ], [ -68.66669353191881, -21.107444356054774 ], [ -68.676322205179119, -21.107463008017632 ], [ -68.676380915065181, -21.080356927938112 ] ] ] } },
{ "type": "Feature", "properties": { "cve": "2832937", "nombre": "CEUCI 6", "solicitante": "Vale Exploraciones Chile Limitada", "region": "REGIÓN DE TARAPACÁ", "provincia": "Provincia del Tamarugal", "comuna": null, "superficie_ha": 300.0, "datum_original": "PSAD56", "huso": 19, "epsg_origen": 24879, "tipo_publicacion": "pedimento", "fuente_pdf": "http://www.diariooficial.interior.gob.cl/publicaciones/2026/07/06/44492/07/2832937.pdf", "archivo": "gm_pedimento_2832937.pdf", "fecha": "06-07-2026", "edicion": "44492" }, "geometry": { "type": "Polygon", "coordinates": [ [ [ -68.666753988211909, -21.080338302159614 ], [ -68.657127072031415, -21.080319130449617 ], [ -68.657064869340047, -21.107425157392932 ], [ -68.66669353191881, -21.107444356054774 ], [ -68.666753988211909, -21.080338302159614 ] ] ] } },
{ "type": "Feature", "properties": { "cve": "2832938", "nombre": "CEUCI 7", "solicitante": "Vale Exploraciones Chile Limitada", "region": "REGIÓN DE TARAPACÁ", "provincia": "Provincia del Tamarugal", "comuna": null, "superficie_ha": 300.0, "datum_original": "PSAD56", "huso": 19, "epsg_origen": 24879, "tipo_publicacion": "pedimento", "fuente_pdf": "http://www.diariooficial.interior.gob.cl/publicaciones/2026/07/06/44492/07/2832938.pdf", "archivo": "gm_pedimento_2832938.pdf", "fecha": "06-07-2026", "edicion": "44492" }, "geometry": { "type": "Polygon", "coordinates": [ [ [ -68.657127072031415, -21.080319130449617 ], [ -68.647500166831961, -21.080299412810692 ], [ -68.64743621775132, -21.107405412034709 ], [ -68.657064869340047, -21.107425157392932 ], [ -68.657127072031415, -21.080319130449617 ] ] ] } },
{ "type": "Feature", "properties": { "cve": "2832939", "nombre": "CEUCI 8", "solicitante": "Vale Exploraciones Chile Limitada", "region": "REGIÓN DE TARAPACÁ", "provincia": "Provincia del Tamarugal", "comuna": null, "superficie_ha": 200.0, "datum_original": "PSAD56", "huso": 19, "epsg_origen": 24879, "tipo_publicacion": "pedimento", "fuente_pdf": "http://www.diariooficial.interior.gob.cl/publicaciones/2026/07/06/44492/07/2832939.pdf", "archivo": "gm_pedimento_2832939.pdf", "fecha": "06-07-2026", "edicion": "44492" }, "geometry": { "type": "Polygon", "coordinates": [ [ [ -68.647493776497356, -21.083010016672507 ], [ -68.637866708074128, -21.082989750259046 ], [ -68.637822915742433, -21.101060401310232 ], [ -68.647451148295573, -21.101080686714415 ], [ -68.647493776497356, -21.083010016672507 ] ] ] } },
{ "type": "Feature", "properties": { "cve": "2832940", "nombre": "CEUCI 9", "solicitante": "Vale Exploraciones Chile Limitada", "region": "REGIÓN DE TARAPACÁ", "provincia": "Provincia del Tamarugal", "comuna": null, "superficie_ha": 300.0, "datum_original": "PSAD56", "huso": 19, "epsg_origen": 24879, "tipo_publicacion": "pedimento", "fuente_pdf": "http://www.diariooficial.interior.gob.cl/publicaciones/2026/07/06/44492/07/2832940.pdf", "archivo": "gm_pedimento_2832940.pdf", "fecha": "06-07-2026", "edicion": "44492" }, "geometry": { "type": "Polygon", "coordinates": [ [ [ -68.71483699886457, -21.107532148830533 ], [ -68.705208285963664, -21.107515683687787 ], [ -68.705154730325091, -21.134621750170261 ], [ -68.714785192442562, -21.134638238435571 ], [ -68.71483699886457, -21.107532148830533 ] ] ] } },
{ "type": "Feature", "properties": { "cve": "2833187", "nombre": "ARDIN 1", "solicitante": "Antofagasta Minerals S.A.", "region": "REGIÓN DE ANTOFAGASTA", "provincia": "Provincia de Antofagasta", "comuna": null, "superficie_ha": 300.0, "datum_original": "PSAD56", "huso": 19, "epsg_origen": 24879, "tipo_publicacion": "pedimento", "fuente_pdf": "http://www.diariooficial.interior.gob.cl/publicaciones/2026/07/06/44492/07/2833187.pdf", "archivo": "gm_pedimento_2833187.pdf", "fecha": "06-07-2026", "edicion": "44492" }, "geometry": { "type": "Polygon", "coordinates": [ [ [ -69.080388857496374, -23.874850274868216 ], [ -69.050922222232685, -23.874862840560237 ], [ -69.050925755814959, -23.883895194922903 ], [ -69.080394435815748, -23.883882623897453 ], [ -69.080388857496374, -23.874850274868216 ] ] ] } },
{ "type": "Feature", "properties": { "cve": "2833188", "nombre": "ARDIN 2", "solicitante": "Antofagasta Minerals S.A.", "region": "REGIÓN DE ANTOFAGASTA", "provincia": "Provincia de Antofagasta", "comuna": null, "superficie_ha": 300.0, "datum_original": "PSAD56", "huso": 19, "epsg_origen": 24879, "tipo_publicacion": "pedimento", "fuente_pdf": "http://www.diariooficial.interior.gob.cl/publicaciones/2026/07/06/44492/07/2833188.pdf", "archivo": "gm_pedimento_2833188.pdf", "fecha": "06-07-2026", "edicion": "44492" }, "geometry": { "type": "Polygon", "coordinates": [ [ [ -69.080394435815748, -23.883882623897453 ], [ -69.050925755814959, -23.883895194922903 ], [ -69.05092929114636, -23.892927538595178 ], [ -69.080400016896391, -23.892914962235569 ], [ -69.080394435815748, -23.883882623897453 ] ] ] } },
{ "type": "Feature", "properties": { "cve": "2832715", "nombre": "BOLONES", "solicitante": "Tuohy Céspedes Rolando", "region": "REGIÓN DE ANTOFAGASTA", "provincia": "Provincia de Antofagasta", "comuna": null, "superficie_ha": 100.0, "datum_original": "PSAD56", "huso": 19, "epsg_origen": 24879, "tipo_publicacion": "pedimento", "fuente_pdf": "http://www.diariooficial.interior.gob.cl/publicaciones/2026/07/06/44492/07/2832715.pdf", "archivo": "gm_pedimento_2832715.pdf", "fecha": "06-07-2026", "edicion": "44492" }, "geometry": { "type": "Polygon", "coordinates": [ [ [ -70.236907470643814, -24.653334585658559 ], [ -70.227027547530312, -24.653415571339508 ], [ -70.227115828671074, -24.662444916270434 ], [ -70.236996462176918, -24.662363897048817 ], [ -70.236907470643814, -24.653334585658559 ] ] ] } },
{ "type": "Feature", "properties": { "cve": "2833085", "nombre": "KAFU 1", "solicitante": "Cervetto Sepúlveda Mariana", "region": "REGIÓN DE ANTOFAGASTA", "provincia": "Provincia de Antofagasta", "comuna": null, "superficie_ha": 300.0, "datum_original": "PSAD56", "huso": 19, "epsg_origen": 24879, "tipo_publicacion": "pedimento", "fuente_pdf": "http://www.diariooficial.interior.gob.cl/publicaciones/2026/07/06/44492/07/2833085.pdf", "archivo": "gm_pedimento_2833085.pdf", "fecha": "06-07-2026", "edicion": "44492" }, "geometry": { "type": "Polygon", "coordinates": [ [ [ -69.299149556261469, -25.012562357601631 ], [ -69.269417619704129, -25.012619187565651 ], [ -69.269437326117625, -25.021650075159247 ], [ -69.299171437327047, -25.021593221906048 ], [ -69.299149556261469, -25.012562357601631 ] ] ] } },
{ "type": "Feature", "properties": { "cve": "2833213", "nombre": "LEONCITO 1", "solicitante": "Romero Parada Roberto Jesús", "region": "REGIÓN DE ANTOFAGASTA", "provincia": "Provincia de Antofagasta", "comuna": null, "superficie_ha": 100.0, "datum_original": "PSAD56", "huso": 19, "epsg_origen": 24879, "tipo_publicacion": "pedimento", "fuente_pdf": "http://www.diariooficial.interior.gob.cl/publicaciones/2026/07/06/44492/07/2833213.pdf", "archivo": "gm_pedimento_2833213.pdf", "fecha": "06-07-2026", "edicion": "44492" }, "geometry": { "type": "Polygon", "coordinates": [ [ [ -70.691980686415093, -25.763398973911123 ], [ -70.68201277511551, -25.763514507669623 ], [ -70.682140017421389, -25.772540657801965 ], [ -70.692108681907399, -25.772425077731981 ], [ -70.691980686415093, -25.763398973911123 ] ] ] } },
{ "type": "Feature", "properties": { "cve": "2833214", "nombre": "LEONCITO 2", "solicitante": "Romero Parada Roberto Jesús", "region": "REGIÓN DE ANTOFAGASTA", "provincia": "Provincia de Antofagasta", "comuna": null, "superficie_ha": 100.0, "datum_original": "PSAD56", "huso": 19, "epsg_origen": 24879, "tipo_publicacion": "pedimento", "fuente_pdf": "http://www.diariooficial.interior.gob.cl/publicaciones/2026/07/06/44492/07/2833214.pdf", "archivo": "gm_pedimento_2833214.pdf", "fecha": "06-07-2026", "edicion": "44492" }, "geometry": { "type": "Polygon", "coordinates": [ [ [ -70.662617861115621, -25.80255628537828 ], [ -70.652646527085835, -25.802669968799542 ], [ -70.652771766594384, -25.811696205235066 ], [ -70.662743855417588, -25.811582476293381 ], [ -70.662617861115621, -25.80255628537828 ] ] ] } },
{ "type": "Feature", "properties": { "cve": "2833086", "nombre": "MAYA 1", "solicitante": "Cervetto Sepúlveda Mariana", "region": "REGIÓN DE ANTOFAGASTA", "provincia": "Provincia de Antofagasta", "comuna": null, "superficie_ha": 300.0, "datum_original": "PSAD56", "huso": 19, "epsg_origen": 24879, "tipo_publicacion": "pedimento", "fuente_pdf": "http://www.diariooficial.interior.gob.cl/publicaciones/2026/07/06/44492/07/2833086.pdf", "archivo": "gm_pedimento_2833086.pdf", "fecha": "06-07-2026", "edicion": "44492" }, "geometry": { "type": "Polygon", "coordinates": [ [ [ -69.299083976594872, -24.985469698242429 ], [ -69.28917551373614, -24.985489277848625 ], [ -69.289238920864932, -25.012581961302036 ], [ -69.299149556261469, -25.012562357601631 ], [ -69.299083976594872, -24.985469698242429 ] ] ] } },
{ "type": "Feature", "properties": { "cve": "2833087", "nombre": "TCHAMA 1", "solicitante": "Cervetto Sepúlveda Mariana", "region": "REGIÓN DE ANTOFAGASTA", "provincia": "Provincia de Antofagasta", "comuna": null, "superficie_ha": 300.0, "datum_original": "PSAD56", "huso": 19, "epsg_origen": 24879, "tipo_publicacion": "pedimento", "fuente_pdf": "http://www.diariooficial.interior.gob.cl/publicaciones/2026/07/06/44492/07/2833087.pdf", "archivo": "gm_pedimento_2833087.pdf", "fecha": "06-07-2026", "edicion": "44492" }, "geometry": { "type": "Polygon", "coordinates": [ [ [ -69.279438721813776, -25.061367525538049 ], [ -69.269524147726983, -25.061385848951275 ], [ -69.269583450319274, -25.088478298923519 ], [ -69.27950020581217, -25.088459953012503 ], [ -69.279438721813776, -25.061367525538049 ] ] ] } },
{ "type": "Feature", "properties": { "cve": "2833009", "nombre": "ELVIRA I", "solicitante": "Salinas Cortez Héctor Sergio", "region": "REGIÓN DE ATACAMA", "provincia": "Provincia de Copiapó", "comuna": null, "superficie_ha": 300.0, "datum_original": "PSAD56", "huso": 19, "epsg_origen": 24879, "tipo_publicacion": "pedimento", "fuente_pdf": "http://www.diariooficial.interior.gob.cl/publicaciones/2026/07/06/44492/07/2833009.pdf", "archivo": "gm_pedimento_2833009.pdf", "fecha": "06-07-2026", "edicion": "44492" }, "geometry": { "type": "Polygon", "coordinates": [ [ [ -69.896184819085832, -27.91739985939094 ], [ -69.865699801588221, -27.917594785167203 ], [ -69.865771700870724, -27.926621149216285 ], [ -69.896259249439694, -27.926426149544007 ], [ -69.896184819085832, -27.91739985939094 ] ] ] } },
{ "type": "Feature", "properties": { "cve": "2833010", "nombre": "ELVIRA II", "solicitante": "Salinas Cortez Héctor Sergio", "region": "REGIÓN DE ATACAMA", "provincia": "Provincia de Copiapó", "comuna": null, "superficie_ha": 300.0, "datum_original": "PSAD56", "huso": 19, "epsg_origen": 24879, "tipo_publicacion": "pedimento", "fuente_pdf": "http://www.diariooficial.interior.gob.cl/publicaciones/2026/07/06/44492/07/2833010.pdf", "archivo": "gm_pedimento_2833010.pdf", "fecha": "06-07-2026", "edicion": "44492" }, "geometry": { "type": "Polygon", "coordinates": [ [ [ -69.896259249439694, -27.926426149544007 ], [ -69.886096767224856, -27.926491899010074 ], [ -69.886317731931982, -27.953570771564173 ], [ -69.89648274752831, -27.953504947325804 ], [ -69.896259249439694, -27.926426149544007 ] ] ] } },
{ "type": "Feature", "properties": { "cve": "2833011", "nombre": "ELVIRA III", "solicitante": "Salinas Cortez Héctor Sergio", "region": "REGIÓN DE ATACAMA", "provincia": "Provincia de Copiapó", "comuna": null, "superficie_ha": 300.0, "datum_original": "PSAD56", "huso": 19, "epsg_origen": 24879, "tipo_publicacion": "pedimento", "fuente_pdf": "http://www.diariooficial.interior.gob.cl/publicaciones/2026/07/06/44492/07/2833011.pdf", "archivo": "gm_pedimento_2833011.pdf", "fecha": "06-07-2026", "edicion": "44492" }, "geometry": { "type": "Polygon", "coordinates": [ [ [ -69.886096767224856, -27.926491899010074 ], [ -69.875934250904876, -27.926556898903936 ], [ -69.876152682194189, -27.953635845378003 ], [ -69.886317731931982, -27.953570771564173 ], [ -69.886096767224856, -27.926491899010074 ] ] ] } },
{ "type": "Feature", "properties": { "cve": "2833012", "nombre": "ELVIRA IV", "solicitante": "Salinas Cortez Héctor Sergio", "region": "REGIÓN DE ATACAMA", "provincia": "Provincia de Copiapó", "comuna": null, "superficie_ha": 300.0, "datum_original": "PSAD56", "huso": 19, "epsg_origen": 24879, "tipo_publicacion": "pedimento", "fuente_pdf": "http://www.diariooficial.interior.gob.cl/publicaciones/2026/07/06/44492/07/2833012.pdf", "archivo": "gm_pedimento_2833012.pdf", "fecha": "06-07-2026", "edicion": "44492" }, "geometry": { "type": "Polygon", "coordinates": [ [ [ -69.875934250904876, -27.926556898903936 ], [ -69.865771700870724, -27.926621149216285 ], [ -69.865987598706312, -27.953700168757951 ], [ -69.876152682194189, -27.953635845378003 ], [ -69.875934250904876, -27.926556898903936 ] ] ] } },
{ "type": "Feature", "properties": { "cve": "2833013", "nombre": "ELVIRA V", "solicitante": "Salinas Cortez Héctor Sergio", "region": "REGIÓN DE ATACAMA", "provincia": "Provincia de Copiapó", "comuna": null, "superficie_ha": 100.0, "datum_original": "PSAD56", "huso": 19, "epsg_origen": 24879, "tipo_publicacion": "pedimento", "fuente_pdf": "http://www.diariooficial.interior.gob.cl/publicaciones/2026/07/06/44492/07/2833013.pdf", "archivo": "gm_pedimento_2833013.pdf", "fecha": "06-07-2026", "edicion": "44492" }, "geometry": { "type": "Polygon", "coordinates": [ [ [ -69.865699801588221, -27.917594785167203 ], [ -69.855538061945097, -27.917658261824883 ], [ -69.855609117513339, -27.926684649937911 ], [ -69.865771700870724, -27.926621149216285 ], [ -69.865699801588221, -27.917594785167203 ] ] ] } },
{ "type": "Feature", "properties": { "cve": "2833014", "nombre": "ELVIRA VI", "solicitante": "Salinas Cortez Héctor Sergio", "region": "REGIÓN DE ATACAMA", "provincia": "Provincia de Copiapó", "comuna": null, "superficie_ha": 300.0, "datum_original": "PSAD56", "huso": 19, "epsg_origen": 24879, "tipo_publicacion": "pedimento", "fuente_pdf": "http://www.diariooficial.interior.gob.cl/publicaciones/2026/07/06/44492/07/2833014.pdf", "archivo": "gm_pedimento_2833014.pdf", "fecha": "06-07-2026", "edicion": "44492" }, "geometry": { "type": "Polygon", "coordinates": [ [ [ -69.865771700870724, -27.926621149216285 ], [ -69.855609117513339, -27.926684649937911 ], [ -69.855822481859718, -27.9537637416948 ], [ -69.865987598706312, -27.953700168757951 ], [ -69.865771700870724, -27.926621149216285 ] ] ] } },
{ "type": "Feature", "properties": { "cve": "2833169", "nombre": "ESCORPION BLANCO 1", "solicitante": "Villar García Rodolfo Francisco", "region": "REGIÓN DE ATACAMA", "provincia": "Provincia de Copiapó", "comuna": null, "superficie_ha": 300.0, "datum_original": "WGS84", "huso": 19, "epsg_origen": 32719, "tipo_publicacion": "pedimento", "fuente_pdf": "http://www.diariooficial.interior.gob.cl/publicaciones/2026/07/06/44492/07/2833169.pdf", "archivo": "gm_pedimento_2833169.pdf", "fecha": "06-07-2026", "edicion": "44492" }, "geometry": { "type": "Polygon", "coordinates": [ [ [ -69.914839026338157, -27.941466190959034 ], [ -69.904675187749703, -27.941533352485703 ], [ -69.904900956026694, -27.96861203166042 ], [ -69.915067330217241, -27.96854479378775 ], [ -69.914839026338157, -27.941466190959034 ] ] ] } },
{ "type": "Feature", "properties": { "cve": "2832975", "nombre": "A1", "solicitante": "Solís Portales Cristián Andrés", "region": "REGIÓN DE ATACAMA", "provincia": "Provincia de Chañaral", "comuna": "Diego de Almagron", "superficie_ha": 300.0, "datum_original": "PSAD56", "huso": 19, "epsg_origen": 24879, "tipo_publicacion": "pedimento", "fuente_pdf": "http://www.diariooficial.interior.gob.cl/publicaciones/2026/07/06/44492/07/2832975.pdf", "archivo": "gm_pedimento_2832975.pdf", "fecha": "06-07-2026", "edicion": "44492" }, "geometry": { "type": "Polygon", "coordinates": [ [ [ -69.144566776347091, -26.67434721118007 ], [ -69.114415870344772, -26.674374689615959 ], [ -69.114424881026622, -26.683403688761647 ], [ -69.144578161508605, -26.683376199576138 ], [ -69.144566776347091, -26.67434721118007 ] ] ] } },
{ "type": "Feature", "properties": { "cve": "2832976", "nombre": "A2", "solicitante": "Solís Portales Cristián Andrés", "region": "REGIÓN DE ATACAMA", "provincia": "Provincia de Chañaral", "comuna": "Diego de Almagron", "superficie_ha": 200.0, "datum_original": "PSAD56", "huso": 19, "epsg_origen": 24879, "tipo_publicacion": "pedimento", "fuente_pdf": "http://www.diariooficial.interior.gob.cl/publicaciones/2026/07/06/44492/07/2832976.pdf", "archivo": "gm_pedimento_2832976.pdf", "fecha": "06-07-2026", "edicion": "44492" }, "geometry": { "type": "Polygon", "coordinates": [ [ [ -69.094315244499327, -26.674389454087741 ], [ -69.074214604658749, -26.67440137496115 ], [ -69.074220449348132, -26.68343038454617 ], [ -69.094322672187332, -26.6834184590093 ], [ -69.094315244499327, -26.674389454087741 ] ] ] } },
{ "type": "Feature", "properties": { "cve": "2832977", "nombre": "A3", "solicitante": "Solís Portales Cristián Andrés", "region": "REGIÓN DE ATACAMA", "provincia": "Provincia de Chañaral", "comuna": "Diego de Almagro", "superficie_ha": 300.0, "datum_original": "PSAD56", "huso": 19, "epsg_origen": 24879, "tipo_publicacion": "pedimento", "fuente_pdf": "http://www.diariooficial.interior.gob.cl/publicaciones/2026/07/06/44492/07/2832977.pdf", "archivo": "gm_pedimento_2832977.pdf", "fecha": "06-07-2026", "edicion": "44492" }, "geometry": { "type": "Polygon", "coordinates": [ [ [ -69.137520742878337, -26.665325192382163 ], [ -69.107372200426568, -26.665351167772176 ], [ -69.107380653077442, -26.674380180639918 ], [ -69.137531568893621, -26.674354195085858 ], [ -69.137520742878337, -26.665325192382163 ] ] ] } },
{ "type": "Feature", "properties": { "cve": "2832978", "nombre": "A4", "solicitante": "Solís Portales Cristián Andrés", "region": "REGIÓN DE ATACAMA", "provincia": "Provincia de Chañaral", "comuna": "Diego de Almagron", "superficie_ha": 300.0, "datum_original": "PSAD56", "huso": 19, "epsg_origen": 24879, "tipo_publicacion": "pedimento", "fuente_pdf": "http://www.diariooficial.interior.gob.cl/publicaciones/2026/07/06/44492/07/2832978.pdf", "archivo": "gm_pedimento_2832978.pdf", "fecha": "06-07-2026", "edicion": "44492" }, "geometry": { "type": "Polygon", "coordinates": [ [ [ -69.103368668075973, -26.683412164430358 ], [ -69.073215337892194, -26.683430906149244 ], [ -69.073221106148466, -26.692459904362927 ], [ -69.103376811947754, -26.69244115531399 ], [ -69.103368668075973, -26.683412164430358 ] ] ] } },
{ "type": "Feature", "properties": { "cve": "2832979", "nombre": "A5", "solicitante": "Solís Portales Cristián Andrés", "region": "REGIÓN DE ATACAMA", "provincia": "Provincia de Chañaral", "comuna": "Diego de Almagron", "superficie_ha": 300.0, "datum_original": "PSAD56", "huso": 19, "epsg_origen": 24879, "tipo_publicacion": "pedimento", "fuente_pdf": "http://www.diariooficial.interior.gob.cl/publicaciones/2026/07/06/44492/07/2832979.pdf", "archivo": "gm_pedimento_2832979.pdf", "fecha": "06-07-2026", "edicion": "44492" }, "geometry": { "type": "Polygon", "coordinates": [ [ [ -69.103376811947754, -26.69244115531399 ], [ -69.073221106148466, -26.692459904362927 ], [ -69.073226877122622, -26.701488890998604 ], [ -69.103384959656736, -26.701470134618493 ], [ -69.103376811947754, -26.69244115531399 ] ] ] } },
{ "type": "Feature", "properties": { "cve": "2832980", "nombre": "A6", "solicitante": "Solís Portales Cristián Andrés", "region": "REGIÓN DE ATACAMA", "provincia": "Provincia de Chañaral", "comuna": "Diego de Almagron", "superficie_ha": 300.0, "datum_original": "PSAD56", "huso": 19, "epsg_origen": 24879, "tipo_publicacion": "pedimento", "fuente_pdf": "http://www.diariooficial.interior.gob.cl/publicaciones/2026/07/06/44492/07/2832980.pdf", "archivo": "gm_pedimento_2832980.pdf", "fecha": "06-07-2026", "edicion": "44492" }, "geometry": { "type": "Polygon", "coordinates": [ [ [ -69.103384959656736, -26.701470134618493 ], [ -69.073226877122622, -26.701488890998604 ], [ -69.073232650815569, -26.710517866053603 ], [ -69.103393111204227, -26.71049910234121 ], [ -69.103384959656736, -26.701470134618493 ] ] ] } },
{ "type": "Feature", "properties": { "cve": "2832981", "nombre": "A7", "solicitante": "Solís Portales Cristián Andrés", "region": "REGIÓN DE ATACAMA", "provincia": "Provincia de Chañaral", "comuna": "Diego de Almagron", "superficie_ha": 300.0, "datum_original": "PSAD56", "huso": 19, "epsg_origen": 24879, "tipo_publicacion": "pedimento", "fuente_pdf": "http://www.diariooficial.interior.gob.cl/publicaciones/2026/07/06/44492/07/2832981.pdf", "archivo": "gm_pedimento_2832981.pdf", "fecha": "06-07-2026", "edicion": "44492" }, "geometry": { "type": "Polygon", "coordinates": [ [ [ -69.112441243041033, -26.710492223646291 ], [ -69.082280791960756, -26.710512909792179 ], [ -69.082287282066844, -26.71954187132679 ], [ -69.112450112118609, -26.719521177096141 ], [ -69.112441243041033, -26.710492223646291 ] ] ] } },
{ "type": "Feature", "properties": { "cve": "2832982", "nombre": "A8", "solicitante": "Solís Portales Cristián Andrés", "region": "REGIÓN DE ATACAMA", "provincia": "Provincia de Chañaral", "comuna": "Diego de Almagron", "superficie_ha": 100.0, "datum_original": "PSAD56", "huso": 19, "epsg_origen": 24879, "tipo_publicacion": "pedimento", "fuente_pdf": "http://www.diariooficial.interior.gob.cl/publicaciones/2026/07/06/44492/07/2832982.pdf", "archivo": "gm_pedimento_2832982.pdf", "fecha": "06-07-2026", "edicion": "44492" }, "geometry": { "type": "Polygon", "coordinates": [ [ [ -69.122494718881086, -26.710483904242071 ], [ -69.112441243041033, -26.710492223646291 ], [ -69.112450112118609, -26.719521177096141 ], [ -69.122504380946467, -26.719512854440431 ], [ -69.122494718881086, -26.710483904242071 ] ] ] } },
{ "type": "Feature", "properties": { "cve": "2833080", "nombre": "CALETONES 4", "solicitante": "Invexmin Chile SpA", "region": "REGIÓN DE COQUIMBO", "provincia": "Provincia de Limarí", "comuna": null, "superficie_ha": 300.0, "datum_original": "PSAD56", "huso": 19, "epsg_origen": 24879, "tipo_publicacion": "pedimento", "fuente_pdf": "http://www.diariooficial.interior.gob.cl/publicaciones/2026/07/06/44492/07/2833080.pdf", "archivo": "gm_pedimento_2833080.pdf", "fecha": "06-07-2026", "edicion": "44492" }, "geometry": { "type": "Polygon", "coordinates": [ [ [ -70.790317256380931, -30.51687749348477 ], [ -70.759064084578213, -30.517303175178586 ], [ -70.759226570148783, -30.52632276963967 ], [ -70.790482625094967, -30.52589693552812 ], [ -70.790317256380931, -30.51687749348477 ] ] ] } },
{ "type": "Feature", "properties": { "cve": "2833081", "nombre": "CALETONES 6", "solicitante": "Invexmin Chile SpA", "region": "REGIÓN DE COQUIMBO", "provincia": "Provincia de Limarí", "comuna": null, "superficie_ha": 300.0, "datum_original": "PSAD56", "huso": 19, "epsg_origen": 24879, "tipo_publicacion": "pedimento", "fuente_pdf": "http://www.diariooficial.interior.gob.cl/publicaciones/2026/07/06/44492/07/2833081.pdf", "archivo": "gm_pedimento_2833081.pdf", "fecha": "06-07-2026", "edicion": "44492" }, "geometry": { "type": "Polygon", "coordinates": [ [ [ -70.790648068523709, -30.534916364168215 ], [ -70.759389129132458, -30.535342350724989 ], [ -70.759551761557503, -30.544361918431996 ], [ -70.790813586695919, -30.543935779402439 ], [ -70.790648068523709, -30.534916364168215 ] ] ] } },
{ "type": "Feature", "properties": { "cve": "2832920", "nombre": "NOVICIADO MINING", "solicitante": "Guiloff Dimitstein Andrés Enrique", "region": "REGIÓN METROPOLITANA DE SANTIAGO", "provincia": "Provincia de Santiago", "comuna": null, "superficie_ha": 100.0, "datum_original": "WGS84", "huso": 19, "epsg_origen": 32719, "tipo_publicacion": "pedimento", "fuente_pdf": "http://www.diariooficial.interior.gob.cl/publicaciones/2026/07/06/44492/07/2832920.pdf", "archivo": "gm_pedimento_2832920.pdf", "fecha": "06-07-2026", "edicion": "44492" }, "geometry": { "type": "Polygon", "coordinates": [ [ [ -70.872960132608284, -33.395251809871674 ], [ -70.862212828796416, -33.39541360578189 ], [ -70.862405203727931, -33.404428623841341 ], [ -70.873153616206451, -33.40426677284178 ], [ -70.872960132608284, -33.395251809871674 ] ] ] } },
{ "type": "Feature", "properties": { "cve": "2832759", "nombre": "LA PLATA", "solicitante": "Cruzat González Gonzalo Alejandro", "region": "REGIÓN METROPOLITANA DE SANTIAGO", "provincia": "Provincia de Chacabuco", "comuna": null, "superficie_ha": 800.0, "datum_original": "PSAD56", "huso": 19, "epsg_origen": 24879, "tipo_publicacion": "pedimento", "fuente_pdf": "http://www.diariooficial.interior.gob.cl/publicaciones/2026/07/06/44492/07/2832759.pdf", "archivo": "gm_pedimento_2832759.pdf", "fecha": "06-07-2026", "edicion": "44492" }, "geometry": { "type": "Polygon", "coordinates": [ [ [ -70.89615730883439, -33.030571366649063 ], [ -70.874751996360729, -33.030894876867031 ], [ -70.875516437310409, -33.066956502507551 ], [ -70.896930465239436, -33.066632549039994 ], [ -70.89615730883439, -33.030571366649063 ] ] ] } },
{ "type": "Feature", "properties": { "cve": "2832758", "nombre": "LA VACA", "solicitante": "Cruzat González Gonzalo Alejandro", "region": "REGIÓN METROPOLITANA DE SANTIAGO", "provincia": "Provincia de Chacabuco", "comuna": null, "superficie_ha": 600.0, "datum_original": "PSAD56", "huso": 19, "epsg_origen": 24879, "tipo_publicacion": "pedimento", "fuente_pdf": "http://www.diariooficial.interior.gob.cl/publicaciones/2026/07/06/44492/07/2832758.pdf", "archivo": "gm_pedimento_2832758.pdf", "fecha": "06-07-2026", "edicion": "44492" }, "geometry": { "type": "Polygon", "coordinates": [ [ [ -70.917581806852226, -33.031145708984589 ], [ -70.896176620952431, -33.031472898967415 ], [ -70.8967563848704, -33.058518802739691 ], [ -70.918168105768558, -33.058191276579144 ], [ -70.917581806852226, -33.031145708984589 ] ] ] } }
]
}
