{
"type": "FeatureCollection",
"name": "boletin_mineria_20260824",
"crs": { "type": "name", "properties": { "name": "urn:ogc:def:crs:OGC:1.3:CRS84" } },
"features": [
{ "type": "Feature", "properties": { "cve": "2858021", "nombre": "AMBI II 2, 1 AL 30", "solicitante": "Antofagasta Minerals S.A.", "region": "REGIÓN DE ANTOFAGASTA", "provincia": "Provincia de Antofagasta", "comuna": null, "superficie_ha": 300.0, "datum_original": "PSAD56", "huso": 19, "epsg_origen": 24879, "tipo_publicacion": "manifestacion", "fuente_pdf": "http://www.diariooficial.interior.gob.cl/publicaciones/2026/08/24/44532/07/2858021.pdf", "archivo": "gm_manifestacion_2858021.pdf", "fecha": "24-08-2026", "edicion": "44532" }, "geometry": { "type": "Polygon", "coordinates": [ [ [ -69.482144798145995, -23.61669582411459 ], [ -69.472342258643863, -23.616725960659576 ], [ -69.472439442366124, -23.643822990010214 ], [ -69.482243998537726, -23.643792814765551 ], [ -69.482144798145995, -23.61669582411459 ] ] ] } },
{ "type": "Feature", "properties": { "cve": "2858022", "nombre": "AMBI II 3, 1 AL 30", "solicitante": "Antofagasta Minerals S.A.", "region": "REGIÓN DE ANTOFAGASTA", "provincia": "Provincia de Antofagasta", "comuna": null, "superficie_ha": 300.0, "datum_original": "PSAD56", "huso": 19, "epsg_origen": 24879, "tipo_publicacion": "manifestacion", "fuente_pdf": "http://www.diariooficial.interior.gob.cl/publicaciones/2026/08/24/44532/07/2858022.pdf", "archivo": "gm_manifestacion_2858022.pdf", "fecha": "24-08-2026", "edicion": "44532" }, "geometry": { "type": "Polygon", "coordinates": [ [ [ -69.462539703032334, -23.616755478251154 ], [ -69.452737131645634, -23.616784376885299 ], [ -69.452830281985143, -23.643881481250872 ], [ -69.462634870070403, -23.643852545506661 ], [ -69.462539703032334, -23.616755478251154 ] ] ] } },
{ "type": "Feature", "properties": { "cve": "2858023", "nombre": "AMBI II 6, 1 AL 30", "solicitante": "Antofagasta Minerals S.A.", "region": "REGIÓN DE ANTOFAGASTA", "provincia": "Provincia de Antofagasta", "comuna": null, "superficie_ha": 300.0, "datum_original": "PSAD56", "huso": 19, "epsg_origen": 24879, "tipo_publicacion": "manifestacion", "fuente_pdf": "http://www.diariooficial.interior.gob.cl/publicaciones/2026/08/24/44532/07/2858023.pdf", "archivo": "gm_manifestacion_2858023.pdf", "fecha": "24-08-2026", "edicion": "44532" }, "geometry": { "type": "Polygon", "coordinates": [ [ [ -69.423329326177637, -23.616867359004001 ], [ -69.413526695033283, -23.616893781769704 ], [ -69.413611778440696, -23.643991026627244 ], [ -69.423416426338122, -23.643964569930802 ], [ -69.423329326177637, -23.616867359004001 ] ] ] } },
{ "type": "Feature", "properties": { "cve": "2858389", "nombre": "CALA II 3, 1 al 30", "solicitante": "Minera Centinela", "region": "REGIÓN DE ANTOFAGASTA", "provincia": "Provincia de Antofagasta", "comuna": null, "superficie_ha": 300.0, "datum_original": "PSAD56", "huso": 19, "epsg_origen": 24879, "tipo_publicacion": "manifestacion", "fuente_pdf": "http://www.diariooficial.interior.gob.cl/publicaciones/2026/08/24/44532/07/2858389.pdf", "archivo": "gm_manifestacion_2858389.pdf", "fecha": "24-08-2026", "edicion": "44532" }, "geometry": { "type": "Polygon", "coordinates": [ [ [ -69.050680892440383, -23.247088199555559 ], [ -69.040905225993612, -23.247091048705975 ], [ -69.040913494933491, -23.274190290641002 ], [ -69.050691137517077, -23.274187437786761 ], [ -69.050680892440383, -23.247088199555559 ] ] ] } },
{ "type": "Feature", "properties": { "cve": "2858387", "nombre": "CALA II 4, 1 al 30", "solicitante": "Minera Centinela", "region": "REGIÓN DE ANTOFAGASTA", "provincia": "Provincia de Antofagasta", "comuna": null, "superficie_ha": 300.0, "datum_original": "PSAD56", "huso": 19, "epsg_origen": 24879, "tipo_publicacion": "manifestacion", "fuente_pdf": "http://www.diariooficial.interior.gob.cl/publicaciones/2026/08/24/44532/07/2858387.pdf", "archivo": "gm_manifestacion_2858387.pdf", "fecha": "24-08-2026", "edicion": "44532" }, "geometry": { "type": "Polygon", "coordinates": [ [ [ -69.040905225993612, -23.247091048705975 ], [ -69.03112955816519, -23.247093289638286 ], [ -69.031135850967033, -23.27419253448647 ], [ -69.040913494933491, -23.274190290641002 ], [ -69.040905225993612, -23.247091048705975 ] ] ] } },
{ "type": "Feature", "properties": { "cve": "2858388", "nombre": "CALA II 6, 1 al 30", "solicitante": "Minera Centinela", "region": "REGIÓN DE ANTOFAGASTA", "provincia": "Provincia de Antofagasta", "comuna": null, "superficie_ha": 300.0, "datum_original": "PSAD56", "huso": 19, "epsg_origen": 24879, "tipo_publicacion": "manifestacion", "fuente_pdf": "http://www.diariooficial.interior.gob.cl/publicaciones/2026/08/24/44532/07/2858388.pdf", "archivo": "gm_manifestacion_2858388.pdf", "fecha": "24-08-2026", "edicion": "44532" }, "geometry": { "type": "Polygon", "coordinates": [ [ [ -69.060468778387204, -23.274183975924128 ], [ -69.050691137517077, -23.274187437786761 ], [ -69.05070139801694, -23.301286581659987 ], [ -69.060481017997247, -23.301283115301104 ], [ -69.060468778387204, -23.274183975924128 ] ] ] } },
{ "type": "Feature", "properties": { "cve": "2858065", "nombre": "CLARA NELLY 1", "solicitante": "Peña Ceñe Roberto Víctor", "region": "REGIÓN DE ANTOFAGASTA", "provincia": "Provincia de Antofagasta", "comuna": null, "superficie_ha": 1.0, "datum_original": "PSAD56", "huso": 19, "epsg_origen": 24879, "tipo_publicacion": "manifestacion", "fuente_pdf": "http://www.diariooficial.interior.gob.cl/publicaciones/2026/08/24/44532/07/2858065.pdf", "archivo": "gm_manifestacion_2858065.pdf", "fecha": "24-08-2026", "edicion": "44532" }, "geometry": { "type": "Polygon", "coordinates": [ [ [ -70.501460419995354, -25.408671526038159 ], [ -70.500466473241758, -25.408681674066699 ], [ -70.500477643137089, -25.409584413550384 ], [ -70.501471597283143, -25.409574265110937 ], [ -70.501460419995354, -25.408671526038159 ] ] ] } },
{ "type": "Feature", "properties": { "cve": "2857526", "nombre": "LAN ZHEN ZHU DOS 1 AL 25", "solicitante": "Weizhong Wang", "region": "REGIÓN DE ANTOFAGASTA", "provincia": "Provincia de El Loa", "comuna": null, "superficie_ha": 150.0, "datum_original": "WGS84", "huso": 19, "epsg_origen": 32719, "tipo_publicacion": "manifestacion", "fuente_pdf": "http://www.diariooficial.interior.gob.cl/publicaciones/2026/08/24/44532/07/2857526.pdf", "archivo": "gm_manifestacion_2857526.pdf", "fecha": "24-08-2026", "edicion": "44532" }, "geometry": { "type": "Polygon", "coordinates": [ [ [ -68.670929751728693, -21.86119792637178 ], [ -68.646733748591515, -21.861147846875198 ], [ -68.646720414352046, -21.866568573713614 ], [ -68.670917330739741, -21.866618666877024 ], [ -68.670929751728693, -21.86119792637178 ] ] ] } },
{ "type": "Feature", "properties": { "cve": "2857525", "nombre": "LAN ZHEN ZHU UNO 1 AL 45", "solicitante": "Weizhong Wang", "region": "REGIÓN DE ANTOFAGASTA", "provincia": "Provincia de El Loa", "comuna": null, "superficie_ha": 450.0, "datum_original": "WGS84", "huso": 19, "epsg_origen": 32719, "tipo_publicacion": "manifestacion", "fuente_pdf": "http://www.diariooficial.interior.gob.cl/publicaciones/2026/08/24/44532/07/2857525.pdf", "archivo": "gm_manifestacion_2857525.pdf", "fecha": "24-08-2026", "edicion": "44532" }, "geometry": { "type": "Polygon", "coordinates": [ [ [ -68.661289677140218, -21.844916093877444 ], [ -68.646773726411809, -21.844885644940177 ], [ -68.646707075961714, -21.871989296980892 ], [ -68.661225765582046, -21.872019787497138 ], [ -68.661289677140218, -21.844916093877444 ] ] ] } },
{ "type": "Feature", "properties": { "cve": "2857538", "nombre": "OLLAGUE III 4, 1 AL 200", "solicitante": "Kuska Minerals SpA", "region": "REGIÓN DE ANTOFAGASTA", "provincia": "Provincia de El Loa", "comuna": "Ollague", "superficie_ha": 200.0, "datum_original": "PSAD56", "huso": 19, "epsg_origen": 24879, "tipo_publicacion": "manifestacion", "fuente_pdf": "http://www.diariooficial.interior.gob.cl/publicaciones/2026/08/24/44532/07/2857538.pdf", "archivo": "gm_manifestacion_2857538.pdf", "fecha": "24-08-2026", "edicion": "44532" }, "geometry": { "type": "Polygon", "coordinates": [ [ [ -68.304962123157338, -21.249099292592668 ], [ -68.285687585455136, -21.249018759599185 ], [ -68.285644034348067, -21.258053386724274 ], [ -68.304919746971009, -21.258133957203761 ], [ -68.304962123157338, -21.249099292592668 ] ] ] } },
{ "type": "Feature", "properties": { "cve": "2857539", "nombre": "OLLAGUE III 5, 1 AL 200", "solicitante": "Kuska Minerals SpA", "region": "REGIÓN DE ANTOFAGASTA", "provincia": "Provincia de El Loa", "comuna": "Ollague", "superficie_ha": 200.0, "datum_original": "PSAD56", "huso": 19, "epsg_origen": 24879, "tipo_publicacion": "manifestacion", "fuente_pdf": "http://www.diariooficial.interior.gob.cl/publicaciones/2026/08/24/44532/07/2857539.pdf", "archivo": "gm_manifestacion_2857539.pdf", "fecha": "24-08-2026", "edicion": "44532" }, "geometry": { "type": "Polygon", "coordinates": [ [ [ -68.271231742329718, -21.248956914560853 ], [ -68.251957367018406, -21.24887252748756 ], [ -68.251911759861414, -21.257907086545526 ], [ -68.271187310048688, -21.25799151289872 ], [ -68.271231742329718, -21.248956914560853 ] ] ] } },
{ "type": "Feature", "properties": { "cve": "2857762", "nombre": "ALEN 1 AL 9", "solicitante": "Vergara Legua Herman Enrique", "region": "REGIÓN DE ATACAMA", "provincia": "Provincia de Copiapó", "comuna": "copiapo", "superficie_ha": 9.0, "datum_original": "PSAD56", "huso": 19, "epsg_origen": 24879, "tipo_publicacion": "manifestacion", "fuente_pdf": "http://www.diariooficial.interior.gob.cl/publicaciones/2026/08/24/44532/07/2857762.pdf", "archivo": "gm_manifestacion_2857762.pdf", "fecha": "24-08-2026", "edicion": "44532" }, "geometry": { "type": "Polygon", "coordinates": [ [ [ -69.889993773805301, -27.151475306728223 ], [ -69.886966338720327, -27.151494470356027 ], [ -69.886987726349133, -27.154202666271622 ], [ -69.890015234411933, -27.154183500422775 ], [ -69.889993773805301, -27.151475306728223 ] ] ] } },
{ "type": "Feature", "properties": { "cve": "2857840", "nombre": "LA ESPERANZA 1 AL 16", "solicitante": "Monroy Trujillo José Aquiles y otro", "region": "REGIÓN DE ATACAMA", "provincia": "Provincia de Copiapó", "comuna": "Copiapó", "superficie_ha": 16.0, "datum_original": "PSAD56", "huso": 19, "epsg_origen": 24879, "tipo_publicacion": "manifestacion", "fuente_pdf": "http://www.diariooficial.interior.gob.cl/publicaciones/2026/08/24/44532/07/2857840.pdf", "archivo": "gm_manifestacion_2857840.pdf", "fecha": "24-08-2026", "edicion": "44532" }, "geometry": { "type": "Polygon", "coordinates": [ [ [ -70.524799420269801, -27.705187477226175 ], [ -70.520743602223817, -27.70523208639888 ], [ -70.520793661246586, -27.708841882160446 ], [ -70.524849612673876, -27.708797266190267 ], [ -70.524799420269801, -27.705187477226175 ] ] ] } },
{ "type": "Feature", "properties": { "cve": "2858080", "nombre": "NORMA 1 AL 4", "solicitante": "Alfaro Cortés Fernando Antonio", "region": "REGIÓN DE ATACAMA", "provincia": "Provincia de Chañaral", "comuna": "Chañaral", "superficie_ha": 20.0, "datum_original": "PSAD56", "huso": 19, "epsg_origen": 24879, "tipo_publicacion": "manifestacion", "fuente_pdf": "http://www.diariooficial.interior.gob.cl/publicaciones/2026/08/24/44532/07/2858080.pdf", "archivo": "gm_manifestacion_2858080.pdf", "fecha": "24-08-2026", "edicion": "44532" }, "geometry": { "type": "Polygon", "coordinates": [ [ [ -70.221824382602207, -26.737326880779797 ], [ -70.216797597276042, -26.73737009504578 ], [ -70.216836024989192, -26.740980853113406 ], [ -70.221862968970328, -26.74093763209823 ], [ -70.221824382602207, -26.737326880779797 ] ] ] } },
{ "type": "Feature", "properties": { "cve": "2858103", "nombre": "SAN MIGUEL 1 AL 4", "solicitante": "Olivares Araya Abel Antonio", "region": "REGIÓN DE ATACAMA", "provincia": "Provincia de Chañaral", "comuna": null, "superficie_ha": 16.0, "datum_original": "PSAD56", "huso": 19, "epsg_origen": 24879, "tipo_publicacion": "manifestacion", "fuente_pdf": "http://www.diariooficial.interior.gob.cl/publicaciones/2026/08/24/44532/07/2858103.pdf", "archivo": "gm_manifestacion_2858103.pdf", "fecha": "24-08-2026", "edicion": "44532" }, "geometry": { "type": "Polygon", "coordinates": [ [ [ -70.244734261577449, -26.462230157072884 ], [ -70.240722473113337, -26.462265057420009 ], [ -70.240761189642285, -26.465875923705198 ], [ -70.244773103214897, -26.465841017867536 ], [ -70.244734261577449, -26.462230157072884 ] ] ] } },
{ "type": "Feature", "properties": { "cve": "2858182", "nombre": "LEGADO X 1 AL 10", "solicitante": "Invexmin Chile SpA", "region": "REGIÓN DE ATACAMA", "provincia": "Provincia de Huasco", "comuna": null, "superficie_ha": 50.0, "datum_original": "PSAD56", "huso": 19, "epsg_origen": 24879, "tipo_publicacion": "manifestacion", "fuente_pdf": "http://www.diariooficial.interior.gob.cl/publicaciones/2026/08/24/44532/07/2858182.pdf", "archivo": "gm_manifestacion_2858182.pdf", "fecha": "24-08-2026", "edicion": "44532" }, "geometry": { "type": "Polygon", "coordinates": [ [ [ -70.614155933446796, -28.738440221054017 ], [ -70.609037334794976, -28.738501242229844 ], [ -70.609175616274385, -28.747523972377824 ], [ -70.614294654356243, -28.747462928514267 ], [ -70.614155933446796, -28.738440221054017 ] ] ] } },
{ "type": "Feature", "properties": { "cve": "2857937", "nombre": "MILLARAY 1/4", "solicitante": "Tabilo Miranda Alexis Aladino", "region": "REGIÓN DE COQUIMBO", "provincia": "Provincia de Elqui", "comuna": "La Serena", "superficie_ha": 40.0, "datum_original": "PSAD56", "huso": 19, "epsg_origen": 24879, "tipo_publicacion": "manifestacion", "fuente_pdf": "http://www.diariooficial.interior.gob.cl/publicaciones/2026/08/24/44532/07/2857937.pdf", "archivo": "gm_manifestacion_2857937.pdf", "fecha": "24-08-2026", "edicion": "44532" }, "geometry": { "type": "Polygon", "coordinates": [ [ [ -71.122878926776238, -30.066420460942744 ], [ -71.117694887276784, -30.066504090229607 ], [ -71.117848561374572, -30.073718733567528 ], [ -71.123032976374574, -30.073635080113622 ], [ -71.122878926776238, -30.066420460942744 ] ] ] } },
{ "type": "Feature", "properties": { "cve": "2857939", "nombre": "MINA DORADA 1/5", "solicitante": "Tabilo Miranda Alexis Aladino", "region": "REGIÓN DE COQUIMBO", "provincia": "Provincia de Elqui", "comuna": "La Serena", "superficie_ha": 25.0, "datum_original": "PSAD56", "huso": 19, "epsg_origen": 24879, "tipo_publicacion": "manifestacion", "fuente_pdf": "http://www.diariooficial.interior.gob.cl/publicaciones/2026/08/24/44532/07/2857939.pdf", "archivo": "gm_manifestacion_2857939.pdf", "fecha": "24-08-2026", "edicion": "44532" }, "geometry": { "type": "Polygon", "coordinates": [ [ [ -71.144012089374485, -30.050831364464205 ], [ -71.138828933272919, -30.05091578742735 ], [ -71.138925870288375, -30.055424889263296 ], [ -71.144109260865179, -30.055340451048156 ], [ -71.144012089374485, -30.050831364464205 ] ] ] } },
{ "type": "Feature", "properties": { "cve": "2857938", "nombre": "MINA LA BORIC 1/3", "solicitante": "Tabilo Miranda Alexis Aladino", "region": "REGIÓN DE COQUIMBO", "provincia": "Provincia de Elqui", "comuna": "La Serena", "superficie_ha": 30.0, "datum_original": "PSAD56", "huso": 19, "epsg_origen": 24879, "tipo_publicacion": "manifestacion", "fuente_pdf": "http://www.diariooficial.interior.gob.cl/publicaciones/2026/08/24/44532/07/2857938.pdf", "archivo": "gm_manifestacion_2857938.pdf", "fecha": "24-08-2026", "edicion": "44532" }, "geometry": { "type": "Polygon", "coordinates": [ [ [ -71.116759838125347, -30.066428938667361 ], [ -71.111575777645839, -30.066512326731424 ], [ -71.111690695165336, -30.071923331462397 ], [ -71.116875037262048, -30.071839925325595 ], [ -71.116759838125347, -30.066428938667361 ] ] ] } },
{ "type": "Feature", "properties": { "cve": "2857842", "nombre": "AGUSTINA 1/20", "solicitante": "Quiroga Plaza Ricardo Antonio", "region": "REGIÓN DE COQUIMBO", "provincia": "Provincia de Choapa", "comuna": null, "superficie_ha": 100.0, "datum_original": "WGS84", "huso": 19, "epsg_origen": 32719, "tipo_publicacion": "manifestacion", "fuente_pdf": "http://www.diariooficial.interior.gob.cl/publicaciones/2026/08/24/44532/07/2857842.pdf", "archivo": "gm_manifestacion_2857842.pdf", "fecha": "24-08-2026", "edicion": "44532" }, "geometry": { "type": "Polygon", "coordinates": [ [ [ -71.058388571071646, -31.472471853253584 ], [ -71.04786815628465, -31.47264061609798 ], [ -71.048064603098709, -31.481657387490394 ], [ -71.058586025349427, -31.48148856531385 ], [ -71.058388571071646, -31.472471853253584 ] ] ] } },
{ "type": "Feature", "properties": { "cve": "2857874", "nombre": "BRISA 1, 1 AL 30", "solicitante": "El Espino SpA", "region": "REGIÓN DE COQUIMBO", "provincia": "Provincia de Choapa", "comuna": null, "superficie_ha": 150.0, "datum_original": "PSAD56", "huso": 19, "epsg_origen": 24879, "tipo_publicacion": "manifestacion", "fuente_pdf": "http://www.diariooficial.interior.gob.cl/publicaciones/2026/08/24/44532/07/2857874.pdf", "archivo": "gm_manifestacion_2857874.pdf", "fecha": "24-08-2026", "edicion": "44532" }, "geometry": { "type": "Polygon", "coordinates": [ [ [ -71.103395586918964, -31.304193012275544 ], [ -71.092894257379555, -31.304364630478279 ], [ -71.093193423025483, -31.317889697452141 ], [ -71.103696250969762, -31.317717988461521 ], [ -71.103395586918964, -31.304193012275544 ] ] ] } },
{ "type": "Feature", "properties": { "cve": "2857873", "nombre": "BRISA, 1 AL 8", "solicitante": "El Espino SpA", "region": "REGIÓN DE COQUIMBO", "provincia": "Provincia de Choapa", "comuna": null, "superficie_ha": 40.0, "datum_original": "PSAD56", "huso": 19, "epsg_origen": 24879, "tipo_publicacion": "manifestacion", "fuente_pdf": "http://www.diariooficial.interior.gob.cl/publicaciones/2026/08/24/44532/07/2857873.pdf", "archivo": "gm_manifestacion_2857873.pdf", "fecha": "24-08-2026", "edicion": "44532" }, "geometry": { "type": "Polygon", "coordinates": [ [ [ -71.108098312026144, -31.326665673655995 ], [ -71.099695286066492, -31.326803432675124 ], [ -71.099795397533327, -31.331311756270647 ], [ -71.108198823419244, -31.331173972971911 ], [ -71.108098312026144, -31.326665673655995 ] ] ] } },
{ "type": "Feature", "properties": { "cve": "2857208", "nombre": "KALI, 1 AL 20", "solicitante": "Pachón Transportes y Servicios Limitada", "region": "REGIÓN DE COQUIMBO", "provincia": "Provincia de Choapa", "comuna": "Illapel", "superficie_ha": 100.0, "datum_original": "PSAD56", "huso": 19, "epsg_origen": 24879, "tipo_publicacion": "manifestacion", "fuente_pdf": "http://www.diariooficial.interior.gob.cl/publicaciones/2026/08/24/44532/07/2857208.pdf", "archivo": "gm_manifestacion_2857208.pdf", "fecha": "24-08-2026", "edicion": "44532" }, "geometry": { "type": "Polygon", "coordinates": [ [ [ -71.260903630574802, -31.738498373577265 ], [ -71.250354715821047, -31.738685148799554 ], [ -71.250572806810339, -31.747700303583262 ], [ -71.261122741783538, -31.747513463015981 ], [ -71.260903630574802, -31.738498373577265 ] ] ] } },
{ "type": "Feature", "properties": { "cve": "2857102", "nombre": "LA LAURITA 2 1 AL 10", "solicitante": "Orrego Álvarez Germán del Tránsito", "region": "REGIÓN DE COQUIMBO", "provincia": "Provincia de Choapa", "comuna": null, "superficie_ha": 50.0, "datum_original": "WGS84", "huso": 19, "epsg_origen": 32719, "tipo_publicacion": "manifestacion", "fuente_pdf": "http://www.diariooficial.interior.gob.cl/publicaciones/2026/08/24/44532/07/2857102.pdf", "archivo": "gm_manifestacion_2857102.pdf", "fecha": "24-08-2026", "edicion": "44532" }, "geometry": { "type": "Polygon", "coordinates": [ [ [ -71.154129645838779, -31.425346939490655 ], [ -71.14887240562939, -31.425435243802845 ], [ -71.149078156451992, -31.434451497164055 ], [ -71.154335899085041, -31.434363161781921 ], [ -71.154129645838779, -31.425346939490655 ] ] ] } },
{ "type": "Feature", "properties": { "cve": "2857206", "nombre": "MACA 1, 1 AL 40", "solicitante": "Pachón Transportes y Servicios Limitada", "region": "REGIÓN DE COQUIMBO", "provincia": "Provincia de Choapa", "comuna": "Illapel", "superficie_ha": 200.0, "datum_original": "PSAD56", "huso": 19, "epsg_origen": 24879, "tipo_publicacion": "manifestacion", "fuente_pdf": "http://www.diariooficial.interior.gob.cl/publicaciones/2026/08/24/44532/07/2857206.pdf", "archivo": "gm_manifestacion_2857206.pdf", "fecha": "24-08-2026", "edicion": "44532" }, "geometry": { "type": "Polygon", "coordinates": [ [ [ -71.067450406623593, -31.581235837653029 ], [ -71.046385301935459, -31.581574990603162 ], [ -71.04658242217161, -31.5905915775102 ], [ -71.067649552472105, -31.590252305554646 ], [ -71.067450406623593, -31.581235837653029 ] ] ] } },
{ "type": "Feature", "properties": { "cve": "2857207", "nombre": "MACA 2, 1 AL 40", "solicitante": "Pachón Transportes y Servicios Limitada", "region": "REGIÓN DE COQUIMBO", "provincia": "Provincia de Choapa", "comuna": "Illapel", "superficie_ha": 200.0, "datum_original": "PSAD56", "huso": 19, "epsg_origen": 24879, "tipo_publicacion": "manifestacion", "fuente_pdf": "http://www.diariooficial.interior.gob.cl/publicaciones/2026/08/24/44532/07/2857207.pdf", "archivo": "gm_manifestacion_2857207.pdf", "fecha": "24-08-2026", "edicion": "44532" }, "geometry": { "type": "Polygon", "coordinates": [ [ [ -71.046385301935459, -31.581574990603162 ], [ -71.02531984365875, -31.581910674876525 ], [ -71.02551493814191, -31.59092737957269 ], [ -71.04658242217161, -31.5905915775102 ], [ -71.046385301935459, -31.581574990603162 ] ] ] } },
{ "type": "Feature", "properties": { "cve": "2857195", "nombre": "NACHA 17, 1 AL 40", "solicitante": "Pachón Transportes y Servicios Limitada", "region": "REGIÓN DE COQUIMBO", "provincia": "Provincia de Choapa", "comuna": "Los Vilos", "superficie_ha": 200.0, "datum_original": "PSAD56", "huso": 19, "epsg_origen": 24879, "tipo_publicacion": "manifestacion", "fuente_pdf": "http://www.diariooficial.interior.gob.cl/publicaciones/2026/08/24/44532/07/2857195.pdf", "archivo": "gm_manifestacion_2857195.pdf", "fecha": "24-08-2026", "edicion": "44532" }, "geometry": { "type": "Polygon", "coordinates": [ [ [ -71.348413870963981, -31.860470946448245 ], [ -71.337851741860788, -31.860665627049858 ], [ -71.338307132373373, -31.878694467094025 ], [ -71.34887131427412, -31.878499650559682 ], [ -71.348413870963981, -31.860470946448245 ] ] ] } },
{ "type": "Feature", "properties": { "cve": "2857196", "nombre": "NACHA 20, 1 AL 40", "solicitante": "Pachón Transportes y Servicios Limitada", "region": "REGIÓN DE COQUIMBO", "provincia": "Provincia de Choapa", "comuna": "Los Vilos", "superficie_ha": 200.0, "datum_original": "PSAD56", "huso": 19, "epsg_origen": 24879, "tipo_publicacion": "manifestacion", "fuente_pdf": "http://www.diariooficial.interior.gob.cl/publicaciones/2026/08/24/44532/07/2857196.pdf", "archivo": "gm_manifestacion_2857196.pdf", "fecha": "24-08-2026", "edicion": "44532" }, "geometry": { "type": "Polygon", "coordinates": [ [ [ -71.369768544267146, -31.869093179663849 ], [ -71.359205594275181, -31.869289680813985 ], [ -71.359665296081943, -31.887318219630487 ], [ -71.370230299624779, -31.887121581299361 ], [ -71.369768544267146, -31.869093179663849 ] ] ] } },
{ "type": "Feature", "properties": { "cve": "2857221", "nombre": "PACHA 103, 1 AL 60", "solicitante": "Pachón Transportes y Servicios Limitada", "region": "REGIÓN DE COQUIMBO", "provincia": "Provincia de Choapa", "comuna": "Illapel", "superficie_ha": 300.0, "datum_original": "PSAD56", "huso": 19, "epsg_origen": 24879, "tipo_publicacion": "manifestacion", "fuente_pdf": "http://www.diariooficial.interior.gob.cl/publicaciones/2026/08/24/44532/07/2857221.pdf", "archivo": "gm_manifestacion_2857221.pdf", "fecha": "24-08-2026", "edicion": "44532" }, "geometry": { "type": "Polygon", "coordinates": [ [ [ -71.254799394050949, -31.704334276428355 ], [ -71.223163829776965, -31.70488993828609 ], [ -71.223379003314903, -31.713905308954153 ], [ -71.255017623221462, -31.713349452573294 ], [ -71.254799394050949, -31.704334276428355 ] ] ] } },
{ "type": "Feature", "properties": { "cve": "2857222", "nombre": "PACHA 104, 1 AL 60", "solicitante": "Pachón Transportes y Servicios Limitada", "region": "REGIÓN DE COQUIMBO", "provincia": "Provincia de Choapa", "comuna": "Illapel", "superficie_ha": 300.0, "datum_original": "PSAD56", "huso": 19, "epsg_origen": 24879, "tipo_publicacion": "manifestacion", "fuente_pdf": "http://www.diariooficial.interior.gob.cl/publicaciones/2026/08/24/44532/07/2857222.pdf", "archivo": "gm_manifestacion_2857222.pdf", "fecha": "24-08-2026", "edicion": "44532" }, "geometry": { "type": "Polygon", "coordinates": [ [ [ -71.239198422548839, -31.713628360926695 ], [ -71.207559367058636, -31.714180296561967 ], [ -71.20777310842071, -31.723195749312818 ], [ -71.239415221085238, -31.722643620488821 ], [ -71.239198422548839, -31.713628360926695 ] ] ] } },
{ "type": "Feature", "properties": { "cve": "2857223", "nombre": "PACHA 105, 1 AL 60", "solicitante": "Pachón Transportes y Servicios Limitada", "region": "REGIÓN DE COQUIMBO", "provincia": "Provincia de Choapa", "comuna": "Illapel", "superficie_ha": 300.0, "datum_original": "PSAD56", "huso": 19, "epsg_origen": 24879, "tipo_publicacion": "manifestacion", "fuente_pdf": "http://www.diariooficial.interior.gob.cl/publicaciones/2026/08/24/44532/07/2857223.pdf", "archivo": "gm_manifestacion_2857223.pdf", "fecha": "24-08-2026", "edicion": "44532" }, "geometry": { "type": "Polygon", "coordinates": [ [ [ -71.239415221085238, -31.722643620488821 ], [ -71.20777310842071, -31.723195749312818 ], [ -71.207986945591614, -31.73221118791044 ], [ -71.239632116799029, -31.731658865861132 ], [ -71.239415221085238, -31.722643620488821 ] ] ] } },
{ "type": "Feature", "properties": { "cve": "2857224", "nombre": "PACHA 106, 1 AL 40", "solicitante": "Pachón Transportes y Servicios Limitada", "region": "REGIÓN DE COQUIMBO", "provincia": "Provincia de Choapa", "comuna": "Illapel", "superficie_ha": 200.0, "datum_original": "PSAD56", "huso": 19, "epsg_origen": 24879, "tipo_publicacion": "manifestacion", "fuente_pdf": "http://www.diariooficial.interior.gob.cl/publicaciones/2026/08/24/44532/07/2857224.pdf", "archivo": "gm_manifestacion_2857224.pdf", "fecha": "24-08-2026", "edicion": "44532" }, "geometry": { "type": "Polygon", "coordinates": [ [ [ -71.239632116799029, -31.731658865861132 ], [ -71.218535432449414, -31.7320279524724 ], [ -71.218750385476582, -31.741043312798329 ], [ -71.239849109728993, -31.740674097040948 ], [ -71.239632116799029, -31.731658865861132 ] ] ] } },
{ "type": "Feature", "properties": { "cve": "2857225", "nombre": "PACHA 107, 1 AL 40", "solicitante": "Pachón Transportes y Servicios Limitada", "region": "REGIÓN DE COQUIMBO", "provincia": "Provincia de Choapa", "comuna": "Illapel", "superficie_ha": 200.0, "datum_original": "PSAD56", "huso": 19, "epsg_origen": 24879, "tipo_publicacion": "manifestacion", "fuente_pdf": "http://www.diariooficial.interior.gob.cl/publicaciones/2026/08/24/44532/07/2857225.pdf", "archivo": "gm_manifestacion_2857225.pdf", "fecha": "24-08-2026", "edicion": "44532" }, "geometry": { "type": "Polygon", "coordinates": [ [ [ -71.26072841228499, -31.731286291788209 ], [ -71.239632116799029, -31.731658865861132 ], [ -71.239849109728993, -31.740674097040948 ], [ -71.260947444962468, -31.740301392602632 ], [ -71.26072841228499, -31.731286291788209 ] ] ] } },
{ "type": "Feature", "properties": { "cve": "2857197", "nombre": "PACHA 20, 1 AL 60", "solicitante": "Pachón Transportes y Servicios Limitada", "region": "REGIÓN DE COQUIMBO", "provincia": "Provincia de Choapa", "comuna": "Los Vilos", "superficie_ha": 300.0, "datum_original": "PSAD56", "huso": 19, "epsg_origen": 24879, "tipo_publicacion": "manifestacion", "fuente_pdf": "http://www.diariooficial.interior.gob.cl/publicaciones/2026/08/24/44532/07/2857197.pdf", "archivo": "gm_manifestacion_2857197.pdf", "fecha": "24-08-2026", "edicion": "44532" }, "geometry": { "type": "Polygon", "coordinates": [ [ [ -71.358516812986821, -31.842246764789827 ], [ -71.34795683713412, -31.842442184903142 ], [ -71.348642541413497, -31.869485305684549 ], [ -71.359205594275181, -31.869289680813985 ], [ -71.358516812986821, -31.842246764789827 ] ] ] } },
{ "type": "Feature", "properties": { "cve": "2857198", "nombre": "PACHA 21, 1 AL 60", "solicitante": "Pachón Transportes y Servicios Limitada", "region": "REGIÓN DE COQUIMBO", "provincia": "Provincia de Choapa", "comuna": "Los Vilos", "superficie_ha": 300.0, "datum_original": "PSAD56", "huso": 19, "epsg_origen": 24879, "tipo_publicacion": "manifestacion", "fuente_pdf": "http://www.diariooficial.interior.gob.cl/publicaciones/2026/08/24/44532/07/2857198.pdf", "archivo": "gm_manifestacion_2857198.pdf", "fecha": "24-08-2026", "edicion": "44532" }, "geometry": { "type": "Polygon", "coordinates": [ [ [ -71.347842642619511, -31.837934985545466 ], [ -71.337283076933105, -31.838129496303935 ], [ -71.337965551259416, -31.865172842441314 ], [ -71.348528193389924, -31.86497812786137 ], [ -71.347842642619511, -31.837934985545466 ] ] ] } },
{ "type": "Feature", "properties": { "cve": "2857199", "nombre": "PACHA 22, 1 AL 40", "solicitante": "Pachón Transportes y Servicios Limitada", "region": "REGIÓN DE COQUIMBO", "provincia": "Provincia de Choapa", "comuna": "Los Vilos", "superficie_ha": 200.0, "datum_original": "PSAD56", "huso": 19, "epsg_origen": 24879, "tipo_publicacion": "manifestacion", "fuente_pdf": "http://www.diariooficial.interior.gob.cl/publicaciones/2026/08/24/44532/07/2857199.pdf", "archivo": "gm_manifestacion_2857199.pdf", "fecha": "24-08-2026", "edicion": "44532" }, "geometry": { "type": "Polygon", "coordinates": [ [ [ -71.337055789164069, -31.829115018910617 ], [ -71.315938402073556, -31.829501279677199 ], [ -71.316163640591355, -31.838515891983818 ], [ -71.337283076933105, -31.838129496303935 ], [ -71.337055789164069, -31.829115018910617 ] ] ] } },
{ "type": "Feature", "properties": { "cve": "2857200", "nombre": "PACHA 25, 1 AL 20", "solicitante": "Pachón Transportes y Servicios Limitada", "region": "REGIÓN DE COQUIMBO", "provincia": "Provincia de Choapa", "comuna": "Los Vilos", "superficie_ha": 100.0, "datum_original": "PSAD56", "huso": 19, "epsg_origen": 24879, "tipo_publicacion": "manifestacion", "fuente_pdf": "http://www.diariooficial.interior.gob.cl/publicaciones/2026/08/24/44532/07/2857200.pdf", "archivo": "gm_manifestacion_2857200.pdf", "fecha": "24-08-2026", "edicion": "44532" }, "geometry": { "type": "Polygon", "coordinates": [ [ [ -71.325141693393618, -31.775221016088619 ], [ -71.31458908745428, -31.775413305419921 ], [ -71.314813721462912, -31.784428003546392 ], [ -71.325367349302098, -31.784235646987788 ], [ -71.325141693393618, -31.775221016088619 ] ] ] } },
{ "type": "Feature", "properties": { "cve": "2857201", "nombre": "PACHA 26, 1 AL 60", "solicitante": "Pachón Transportes y Servicios Limitada", "region": "REGIÓN DE COQUIMBO", "provincia": "Provincia de Choapa", "comuna": "Los Vilos", "superficie_ha": 300.0, "datum_original": "PSAD56", "huso": 19, "epsg_origen": 24879, "tipo_publicacion": "manifestacion", "fuente_pdf": "http://www.diariooficial.interior.gob.cl/publicaciones/2026/08/24/44532/07/2857201.pdf", "archivo": "gm_manifestacion_2857201.pdf", "fecha": "24-08-2026", "edicion": "44532" }, "geometry": { "type": "Polygon", "coordinates": [ [ [ -71.346474301199919, -31.783848313497799 ], [ -71.314813721462912, -31.784428003546392 ], [ -71.315038456122338, -31.79344268737643 ], [ -71.346702102809033, -31.792862794692457 ], [ -71.346474301199919, -31.783848313497799 ] ] ] } },
{ "type": "Feature", "properties": { "cve": "2857202", "nombre": "PACHA 30, 1 AL 60", "solicitante": "Pachón Transportes y Servicios Limitada", "region": "REGIÓN DE COQUIMBO", "provincia": "Provincia de Choapa", "comuna": "Los Vilos", "superficie_ha": 300.0, "datum_original": "PSAD56", "huso": 19, "epsg_origen": 24879, "tipo_publicacion": "manifestacion", "fuente_pdf": "http://www.diariooficial.interior.gob.cl/publicaciones/2026/08/24/44532/07/2857202.pdf", "archivo": "gm_manifestacion_2857202.pdf", "fecha": "24-08-2026", "edicion": "44532" }, "geometry": { "type": "Polygon", "coordinates": [ [ [ -71.357943535008701, -31.819710902667886 ], [ -71.347386120178911, -31.819906152239398 ], [ -71.34807105722075, -31.846949380672612 ], [ -71.358631545621691, -31.846753926441213 ], [ -71.357943535008701, -31.819710902667886 ] ] ] } },
{ "type": "Feature", "properties": { "cve": "2857203", "nombre": "PACHA 31, 1 AL 60", "solicitante": "Pachón Transportes y Servicios Limitada", "region": "REGIÓN DE COQUIMBO", "provincia": "Provincia de Choapa", "comuna": "Los Vilos", "superficie_ha": 300.0, "datum_original": "PSAD56", "huso": 19, "epsg_origen": 24879, "tipo_publicacion": "manifestacion", "fuente_pdf": "http://www.diariooficial.interior.gob.cl/publicaciones/2026/08/24/44532/07/2857203.pdf", "archivo": "gm_manifestacion_2857203.pdf", "fecha": "24-08-2026", "edicion": "44532" }, "geometry": { "type": "Polygon", "coordinates": [ [ [ -71.3687311053922, -31.82852906560451 ], [ -71.358172769181266, -31.828725258288273 ], [ -71.358861087971832, -31.855768238968182 ], [ -71.369422499005182, -31.855571840669523 ], [ -71.3687311053922, -31.82852906560451 ] ] ] } },
{ "type": "Feature", "properties": { "cve": "2857204", "nombre": "PACHA 32, 1 AL 60", "solicitante": "Pachón Transportes y Servicios Limitada", "region": "REGIÓN DE COQUIMBO", "provincia": "Provincia de Choapa", "comuna": "Los Vilos", "superficie_ha": 300.0, "datum_original": "PSAD56", "huso": 19, "epsg_origen": 24879, "tipo_publicacion": "manifestacion", "fuente_pdf": "http://www.diariooficial.interior.gob.cl/publicaciones/2026/08/24/44532/07/2857204.pdf", "archivo": "gm_manifestacion_2857204.pdf", "fecha": "24-08-2026", "edicion": "44532" }, "geometry": { "type": "Polygon", "coordinates": [ [ [ -71.390312392390584, -31.84616231076982 ], [ -71.358631545621691, -31.846753926441213 ], [ -71.358861087971832, -31.855768238968182 ], [ -71.390545010813895, -31.855176416726611 ], [ -71.390312392390584, -31.84616231076982 ] ] ] } },
{ "type": "Feature", "properties": { "cve": "2857205", "nombre": "PACHA 33, 1 AL 60", "solicitante": "Pachón Transportes y Servicios Limitada", "region": "REGIÓN DE COQUIMBO", "provincia": "Provincia de Choapa", "comuna": "Los Vilos", "superficie_ha": 300.0, "datum_original": "PSAD56", "huso": 19, "epsg_origen": 24879, "tipo_publicacion": "manifestacion", "fuente_pdf": "http://www.diariooficial.interior.gob.cl/publicaciones/2026/08/24/44532/07/2857205.pdf", "archivo": "gm_manifestacion_2857205.pdf", "fecha": "24-08-2026", "edicion": "44532" }, "geometry": { "type": "Polygon", "coordinates": [ [ [ -71.401106110672188, -31.854977391141933 ], [ -71.369422499005182, -31.855571840669523 ], [ -71.369653170021166, -31.864586070262092 ], [ -71.401339859012296, -31.863991413208669 ], [ -71.401106110672188, -31.854977391141933 ] ] ] } },
{ "type": "Feature", "properties": { "cve": "2857209", "nombre": "PACHA 60, 1 AL 40", "solicitante": "Pachón Transportes y Servicios Limitada", "region": "REGIÓN DE COQUIMBO", "provincia": "Provincia de Choapa", "comuna": "Illapel", "superficie_ha": 200.0, "datum_original": "PSAD56", "huso": 19, "epsg_origen": 24879, "tipo_publicacion": "manifestacion", "fuente_pdf": "http://www.diariooficial.interior.gob.cl/publicaciones/2026/08/24/44532/07/2857209.pdf", "archivo": "gm_manifestacion_2857209.pdf", "fecha": "24-08-2026", "edicion": "44532" }, "geometry": { "type": "Polygon", "coordinates": [ [ [ -71.155765339248617, -31.755653610009436 ], [ -71.145213732710076, -31.755831769085862 ], [ -71.145629916145538, -31.773863290016127 ], [ -71.156183565897848, -31.773685006295889 ], [ -71.155765339248617, -31.755653610009436 ] ] ] } },
{ "type": "Feature", "properties": { "cve": "2857210", "nombre": "PACHA 61, 1 AL 40", "solicitante": "Pachón Transportes y Servicios Limitada", "region": "REGIÓN DE COQUIMBO", "provincia": "Provincia de Choapa", "comuna": "Illapel", "superficie_ha": 200.0, "datum_original": "PSAD56", "huso": 19, "epsg_origen": 24879, "tipo_publicacion": "manifestacion", "fuente_pdf": "http://www.diariooficial.interior.gob.cl/publicaciones/2026/08/24/44532/07/2857210.pdf", "archivo": "gm_manifestacion_2857210.pdf", "fecha": "24-08-2026", "edicion": "44532" }, "geometry": { "type": "Polygon", "coordinates": [ [ [ -71.145213732710076, -31.755831769085862 ], [ -71.13466203297061, -31.756009055288725 ], [ -71.135076173117795, -31.774040700252577 ], [ -71.145629916145538, -31.773863290016127 ], [ -71.145213732710076, -31.755831769085862 ] ] ] } },
{ "type": "Feature", "properties": { "cve": "2857211", "nombre": "PACHA 62, 1 AL 40", "solicitante": "Pachón Transportes y Servicios Limitada", "region": "REGIÓN DE COQUIMBO", "provincia": "Provincia de Choapa", "comuna": "Illapel", "superficie_ha": 200.0, "datum_original": "PSAD56", "huso": 19, "epsg_origen": 24879, "tipo_publicacion": "manifestacion", "fuente_pdf": "http://www.diariooficial.interior.gob.cl/publicaciones/2026/08/24/44532/07/2857211.pdf", "archivo": "gm_manifestacion_2857211.pdf", "fecha": "24-08-2026", "edicion": "44532" }, "geometry": { "type": "Polygon", "coordinates": [ [ [ -71.134558555910473, -31.751501135247494 ], [ -71.124007273982002, -31.751677517701584 ], [ -71.124419278452038, -31.769709300158173 ], [ -71.134972603285732, -31.769532794292431 ], [ -71.134558555910473, -31.751501135247494 ] ] ] } },
{ "type": "Feature", "properties": { "cve": "2857212", "nombre": "PACHA 63, 1 AL 40", "solicitante": "Pachón Transportes y Servicios Limitada", "region": "REGIÓN DE COQUIMBO", "provincia": "Provincia de Choapa", "comuna": "Illapel", "superficie_ha": 200.0, "datum_original": "PSAD56", "huso": 19, "epsg_origen": 24879, "tipo_publicacion": "manifestacion", "fuente_pdf": "http://www.diariooficial.interior.gob.cl/publicaciones/2026/08/24/44532/07/2857212.pdf", "archivo": "gm_manifestacion_2857212.pdf", "fecha": "24-08-2026", "edicion": "44532" }, "geometry": { "type": "Polygon", "coordinates": [ [ [ -71.124007273982002, -31.751677517701584 ], [ -71.113455899785123, -31.751853027381372 ], [ -71.113865861276167, -31.769884932639425 ], [ -71.124419278452038, -31.769709300158173 ], [ -71.124007273982002, -31.751677517701584 ] ] ] } },
{ "type": "Feature", "properties": { "cve": "2857213", "nombre": "PACHA 72, 1 AL 60", "solicitante": "Pachón Transportes y Servicios Limitada", "region": "REGIÓN DE COQUIMBO", "provincia": "Provincia de Choapa", "comuna": "Illapel", "superficie_ha": 300.0, "datum_original": "PSAD56", "huso": 19, "epsg_origen": 24879, "tipo_publicacion": "manifestacion", "fuente_pdf": "http://www.diariooficial.interior.gob.cl/publicaciones/2026/08/24/44532/07/2857213.pdf", "archivo": "gm_manifestacion_2857213.pdf", "fecha": "24-08-2026", "edicion": "44532" }, "geometry": { "type": "Polygon", "coordinates": [ [ [ -71.271386426983995, -31.735606216389748 ], [ -71.260837916355172, -31.73579384397275 ], [ -71.261495456226882, -31.762839082420633 ], [ -71.272047028355345, -31.762651257861982 ], [ -71.271386426983995, -31.735606216389748 ] ] ] } },
{ "type": "Feature", "properties": { "cve": "2857215", "nombre": "PACHA 76, 1 AL 40", "solicitante": "Pachón Transportes y Servicios Limitada", "region": "REGIÓN DE COQUIMBO", "provincia": "Provincia de Choapa", "comuna": "Illapel", "superficie_ha": 200.0, "datum_original": "PSAD56", "huso": 19, "epsg_origen": 24879, "tipo_publicacion": "manifestacion", "fuente_pdf": "http://www.diariooficial.interior.gob.cl/publicaciones/2026/08/24/44532/07/2857215.pdf", "archivo": "gm_manifestacion_2857215.pdf", "fecha": "24-08-2026", "edicion": "44532" }, "geometry": { "type": "Polygon", "coordinates": [ [ [ -71.199571791464791, -31.822547797012845 ], [ -71.18901289194406, -31.822729924129572 ], [ -71.18943867592921, -31.840760730556344 ], [ -71.199999625228443, -31.840578476174073 ], [ -71.199571791464791, -31.822547797012845 ] ] ] } },
{ "type": "Feature", "properties": { "cve": "2857216", "nombre": "PACHA 77, 1 AL 40", "solicitante": "Pachón Transportes y Servicios Limitada", "region": "REGIÓN DE COQUIMBO", "provincia": "Provincia de Choapa", "comuna": "Illapel", "superficie_ha": 200.0, "datum_original": "PSAD56", "huso": 19, "epsg_origen": 24879, "tipo_publicacion": "manifestacion", "fuente_pdf": "http://www.diariooficial.interior.gob.cl/publicaciones/2026/08/24/44532/07/2857216.pdf", "archivo": "gm_manifestacion_2857216.pdf", "fecha": "24-08-2026", "edicion": "44532" }, "geometry": { "type": "Polygon", "coordinates": [ [ [ -71.18890650553125, -31.818222213672989 ], [ -71.178348022873564, -31.818403434078924 ], [ -71.178771662119146, -31.836434381308717 ], [ -71.189332194173303, -31.836253034260238 ], [ -71.18890650553125, -31.818222213672989 ] ] ] } },
{ "type": "Feature", "properties": { "cve": "2857217", "nombre": "PACHA 78, 1 AL 40", "solicitante": "Pachón Transportes y Servicios Limitada", "region": "REGIÓN DE COQUIMBO", "provincia": "Provincia de Choapa", "comuna": "Illapel", "superficie_ha": 200.0, "datum_original": "PSAD56", "huso": 19, "epsg_origen": 24879, "tipo_publicacion": "manifestacion", "fuente_pdf": "http://www.diariooficial.interior.gob.cl/publicaciones/2026/08/24/44532/07/2857217.pdf", "archivo": "gm_manifestacion_2857217.pdf", "fecha": "24-08-2026", "edicion": "44532" }, "geometry": { "type": "Polygon", "coordinates": [ [ [ -71.178348022873564, -31.818403434078924 ], [ -71.167789445378929, -31.81858377955562 ], [ -71.168211035152083, -31.836614852817 ], [ -71.178771662119146, -31.836434381308717 ], [ -71.178348022873564, -31.818403434078924 ] ] ] } },
{ "type": "Feature", "properties": { "cve": "2857218", "nombre": "PACHA 83, 1 AL 40", "solicitante": "Pachón Transportes y Servicios Limitada", "region": "REGIÓN DE COQUIMBO", "provincia": "Provincia de Choapa", "comuna": "Illapel", "superficie_ha": 200.0, "datum_original": "PSAD56", "huso": 19, "epsg_origen": 24879, "tipo_publicacion": "manifestacion", "fuente_pdf": "http://www.diariooficial.interior.gob.cl/publicaciones/2026/08/24/44532/07/2857218.pdf", "archivo": "gm_manifestacion_2857218.pdf", "fecha": "24-08-2026", "edicion": "44532" }, "geometry": { "type": "Polygon", "coordinates": [ [ [ -71.10392491567255, -31.797107627516269 ], [ -71.093368247065314, -31.797281695607378 ], [ -71.093775032627406, -31.815313704232697 ], [ -71.104333748936824, -31.81513951444515 ], [ -71.10392491567255, -31.797107627516269 ] ] ] } },
{ "type": "Feature", "properties": { "cve": "2857219", "nombre": "PACHA 85, 1 AL 40", "solicitante": "Pachón Transportes y Servicios Limitada", "region": "REGIÓN DE COQUIMBO", "provincia": "Provincia de Choapa", "comuna": "Salamanca", "superficie_ha": 200.0, "datum_original": "PSAD56", "huso": 19, "epsg_origen": 24879, "tipo_publicacion": "manifestacion", "fuente_pdf": "http://www.diariooficial.interior.gob.cl/publicaciones/2026/08/24/44532/07/2857219.pdf", "archivo": "gm_manifestacion_2857219.pdf", "fecha": "24-08-2026", "edicion": "44532" }, "geometry": { "type": "Polygon", "coordinates": [ [ [ -71.093469909289638, -31.801789703031186 ], [ -71.072355275733315, -31.802135276431091 ], [ -71.072556620698478, -31.811151401524178 ], [ -71.093673302066122, -31.810805707344162 ], [ -71.093469909289638, -31.801789703031186 ] ] ] } },
{ "type": "Feature", "properties": { "cve": "2857872", "nombre": "VIENTO II 1, 1 AL 30", "solicitante": "El Espino SpA", "region": "REGIÓN DE COQUIMBO", "provincia": "Provincia de Choapa", "comuna": null, "superficie_ha": 300.0, "datum_original": "PSAD56", "huso": 19, "epsg_origen": 24879, "tipo_publicacion": "manifestacion", "fuente_pdf": "http://www.diariooficial.interior.gob.cl/publicaciones/2026/08/24/44532/07/2857872.pdf", "archivo": "gm_manifestacion_2857872.pdf", "fecha": "24-08-2026", "edicion": "44532" }, "geometry": { "type": "Polygon", "coordinates": [ [ [ -71.114047882187549, -31.310782982739838 ], [ -71.103545893618616, -31.310955504284923 ], [ -71.104147627081957, -31.338005393983281 ], [ -71.114652614371863, -31.337832689904591 ], [ -71.114047882187549, -31.310782982739838 ] ] ] } },
{ "type": "Feature", "properties": { "cve": "2857285", "nombre": "LAS PICHANAS 1 AL 18", "solicitante": "Vega López Edward Yordan", "region": "REGIÓN DE COQUIMBO", "provincia": "Provincia de Limarí", "comuna": null, "superficie_ha": 90.0, "datum_original": "PSAD56", "huso": 19, "epsg_origen": 24879, "tipo_publicacion": "manifestacion", "fuente_pdf": "http://www.diariooficial.interior.gob.cl/publicaciones/2026/08/24/44532/07/2857285.pdf", "archivo": "gm_manifestacion_2857285.pdf", "fecha": "24-08-2026", "edicion": "44532" }, "geometry": { "type": "Polygon", "coordinates": [ [ [ -71.564921439649837, -31.085215101913601 ], [ -71.549210796021981, -31.085526839121989 ], [ -71.549355259157252, -31.090935302596588 ], [ -71.565066790730356, -31.090623499181163 ], [ -71.564921439649837, -31.085215101913601 ] ] ] } },
{ "type": "Feature", "properties": { "cve": "2857469", "nombre": "LOICA 10-A , 1 AL 40", "solicitante": "Agrícola Las Loicas SpA", "region": "REGIÓN DE VALPARAÍSO", "provincia": "Provincia de Petorca", "comuna": "Papudo", "superficie_ha": 200.0, "datum_original": "PSAD56", "huso": 19, "epsg_origen": 24879, "tipo_publicacion": "manifestacion", "fuente_pdf": "http://www.diariooficial.interior.gob.cl/publicaciones/2026/08/24/44532/07/2857469.pdf", "archivo": "gm_manifestacion_2857469.pdf", "fecha": "24-08-2026", "edicion": "44532" }, "geometry": { "type": "Polygon", "coordinates": [ [ [ -71.331592137328784, -32.446563379583218 ], [ -71.320962079679418, -32.446759813625327 ], [ -71.321424549623217, -32.46478718736055 ], [ -71.332056720725831, -32.464590617530327 ], [ -71.331592137328784, -32.446563379583218 ] ] ] } },
{ "type": "Feature", "properties": { "cve": "2857470", "nombre": "LOICA 11-A, 1 AL 40", "solicitante": "Agrícola Las Loicas SpA", "region": "REGIÓN DE VALPARAÍSO", "provincia": "Provincia de Petorca", "comuna": "Papudo", "superficie_ha": 200.0, "datum_original": "PSAD56", "huso": 19, "epsg_origen": 24879, "tipo_publicacion": "manifestacion", "fuente_pdf": "http://www.diariooficial.interior.gob.cl/publicaciones/2026/08/24/44532/07/2857470.pdf", "archivo": "gm_manifestacion_2857470.pdf", "fecha": "24-08-2026", "edicion": "44532" }, "geometry": { "type": "Polygon", "coordinates": [ [ [ -71.374595010953612, -32.464200971543427 ], [ -71.353331304208126, -32.464600393895829 ], [ -71.353565870985761, -32.473613853708272 ], [ -71.374831692342681, -32.473214293360407 ], [ -71.374595010953612, -32.464200971543427 ] ] ] } },
{ "type": "Feature", "properties": { "cve": "2857471", "nombre": "LOICA 12-A, 1 AL 60", "solicitante": "Agrícola Las Loicas SpA", "region": "REGIÓN DE VALPARAÍSO", "provincia": "Provincia de Petorca", "comuna": "Papudo", "superficie_ha": 300.0, "datum_original": "PSAD56", "huso": 19, "epsg_origen": 24879, "tipo_publicacion": "manifestacion", "fuente_pdf": "http://www.diariooficial.interior.gob.cl/publicaciones/2026/08/24/44532/07/2857471.pdf", "archivo": "gm_manifestacion_2857471.pdf", "fecha": "24-08-2026", "edicion": "44532" }, "geometry": { "type": "Polygon", "coordinates": [ [ [ -71.435315583892006, -32.46754940609371 ], [ -71.403420098553838, -32.468162631266949 ], [ -71.403659687873031, -32.47717575752965 ], [ -71.43555834515783, -32.476562320515534 ], [ -71.435315583892006, -32.46754940609371 ] ] ] } },
{ "type": "Feature", "properties": { "cve": "2857472", "nombre": "LOICA 13-A , 1 AL 60", "solicitante": "Agrícola Las Loicas SpA", "region": "REGIÓN DE VALPARAÍSO", "provincia": "Provincia de Petorca", "comuna": "Papudo", "superficie_ha": 300.0, "datum_original": "PSAD56", "huso": 19, "epsg_origen": 24879, "tipo_publicacion": "manifestacion", "fuente_pdf": "http://www.diariooficial.interior.gob.cl/publicaciones/2026/08/24/44532/07/2857472.pdf", "archivo": "gm_manifestacion_2857472.pdf", "fecha": "24-08-2026", "edicion": "44532" }, "geometry": { "type": "Polygon", "coordinates": [ [ [ -71.43555834515783, -32.476562320515534 ], [ -71.403659687873031, -32.47717575752965 ], [ -71.403899384181912, -32.48618886919634 ], [ -71.435801214827535, -32.485575220300007 ], [ -71.43555834515783, -32.476562320515534 ] ] ] } },
{ "type": "Feature", "properties": { "cve": "2857473", "nombre": "LOICA 14- A, 1 AL 40", "solicitante": "Agrícola Las Loicas SpA", "region": "REGIÓN DE VALPARAÍSO", "provincia": "Provincia de Petorca", "comuna": "Papudo", "superficie_ha": 200.0, "datum_original": "PSAD56", "huso": 19, "epsg_origen": 24879, "tipo_publicacion": "manifestacion", "fuente_pdf": "http://www.diariooficial.interior.gob.cl/publicaciones/2026/08/24/44532/07/2857473.pdf", "archivo": "gm_manifestacion_2857473.pdf", "fecha": "24-08-2026", "edicion": "44532" }, "geometry": { "type": "Polygon", "coordinates": [ [ [ -71.403539879842455, -32.472669196222633 ], [ -71.392907308233845, -32.472871846362629 ], [ -71.393384585113452, -32.490898209712164 ], [ -71.404019272471146, -32.490695419555337 ], [ -71.403539879842455, -32.472669196222633 ] ] ] } },
{ "type": "Feature", "properties": { "cve": "2857474", "nombre": "LOICA 15-A, 1 AL 40", "solicitante": "Agrícola Las Loicas SpA", "region": "REGIÓN DE VALPARAÍSO", "provincia": "Provincia de Petorca", "comuna": "Papudo", "superficie_ha": 200.0, "datum_original": "PSAD56", "huso": 19, "epsg_origen": 24879, "tipo_publicacion": "manifestacion", "fuente_pdf": "http://www.diariooficial.interior.gob.cl/publicaciones/2026/08/24/44532/07/2857474.pdf", "archivo": "gm_manifestacion_2857474.pdf", "fecha": "24-08-2026", "edicion": "44532" }, "geometry": { "type": "Polygon", "coordinates": [ [ [ -71.392907308233845, -32.472871846362629 ], [ -71.382274630128975, -32.473073599673093 ], [ -71.3827497911725, -32.491100102420461 ], [ -71.393384585113452, -32.490898209712164 ], [ -71.392907308233845, -32.472871846362629 ] ] ] } },
{ "type": "Feature", "properties": { "cve": "2857475", "nombre": "LOICA 16- A, 1 AL 60", "solicitante": "Agrícola Las Loicas SpA", "region": "REGIÓN DE VALPARAÍSO", "provincia": "Provincia de Petorca", "comuna": "Papudo", "superficie_ha": 300.0, "datum_original": "PSAD56", "huso": 19, "epsg_origen": 24879, "tipo_publicacion": "manifestacion", "fuente_pdf": "http://www.diariooficial.interior.gob.cl/publicaciones/2026/08/24/44532/07/2857475.pdf", "archivo": "gm_manifestacion_2857475.pdf", "fecha": "24-08-2026", "edicion": "44532" }, "geometry": { "type": "Polygon", "coordinates": [ [ [ -71.427294154897211, -32.485739649549785 ], [ -71.395392066127059, -32.486351145096876 ], [ -71.395631022795882, -32.495364298207264 ], [ -71.427536286446951, -32.494752591479539 ], [ -71.427294154897211, -32.485739649549785 ] ] ] } },
{ "type": "Feature", "properties": { "cve": "2857476", "nombre": "LOICA 17- A, 1 AL 20", "solicitante": "Agrícola Las Loicas SpA", "region": "REGIÓN DE VALPARAÍSO", "provincia": "Provincia de Petorca", "comuna": "Papudo", "superficie_ha": 100.0, "datum_original": "PSAD56", "huso": 19, "epsg_origen": 24879, "tipo_publicacion": "manifestacion", "fuente_pdf": "http://www.diariooficial.interior.gob.cl/publicaciones/2026/08/24/44532/07/2857476.pdf", "archivo": "gm_manifestacion_2857476.pdf", "fecha": "24-08-2026", "edicion": "44532" }, "geometry": { "type": "Polygon", "coordinates": [ [ [ -71.395392066127059, -32.486351145096876 ], [ -71.384757822596541, -32.486553182411804 ], [ -71.384995720884362, -32.495566405296636 ], [ -71.395631022795882, -32.495364298207264 ], [ -71.395392066127059, -32.486351145096876 ] ] ] } },
{ "type": "Feature", "properties": { "cve": "2857478", "nombre": "LOICA 18- A, 1 AL 40", "solicitante": "Agrícola Las Loicas SpA", "region": "REGIÓN DE VALPARAÍSO", "provincia": "Provincia de Petorca", "comuna": "Papudo", "superficie_ha": 200.0, "datum_original": "PSAD56", "huso": 19, "epsg_origen": 24879, "tipo_publicacion": "manifestacion", "fuente_pdf": "http://www.diariooficial.interior.gob.cl/publicaciones/2026/08/24/44532/07/2857478.pdf", "archivo": "gm_manifestacion_2857478.pdf", "fecha": "24-08-2026", "edicion": "44532" }, "geometry": { "type": "Polygon", "coordinates": [ [ [ -71.407329731642605, -32.495140943685364 ], [ -71.386059255863557, -32.495546234980445 ], [ -71.386297366266362, -32.504559436323468 ], [ -71.407569959698819, -32.50415400508075 ], [ -71.407329731642605, -32.495140943685364 ] ] ] } },
{ "type": "Feature", "properties": { "cve": "2857463", "nombre": "LOICA 3-A, 1 AL 40", "solicitante": "Agrícola Las Loicas SpA", "region": "REGIÓN DE VALPARAÍSO", "provincia": "Provincia de Petorca", "comuna": "Papudo", "superficie_ha": 200.0, "datum_original": "PSAD56", "huso": 19, "epsg_origen": 24879, "tipo_publicacion": "manifestacion", "fuente_pdf": "http://www.diariooficial.interior.gob.cl/publicaciones/2026/08/24/44532/07/2857463.pdf", "archivo": "gm_manifestacion_2857463.pdf", "fecha": "24-08-2026", "edicion": "44532" }, "geometry": { "type": "Polygon", "coordinates": [ [ [ -71.384158194899285, -32.423440099647081 ], [ -71.362904202693173, -32.423840691743706 ], [ -71.363139353821865, -32.432854148129557 ], [ -71.384395456315346, -32.432453417540053 ], [ -71.384158194899285, -32.423440099647081 ] ] ] } },
{ "type": "Feature", "properties": { "cve": "2857464", "nombre": "LOICA 6-A, 1 AL 40", "solicitante": "Agrícola Las Loicas SpA", "region": "REGIÓN DE VALPARAÍSO", "provincia": "Provincia de Petorca", "comuna": "Papudo", "superficie_ha": 200.0, "datum_original": "PSAD56", "huso": 19, "epsg_origen": 24879, "tipo_publicacion": "manifestacion", "fuente_pdf": "http://www.diariooficial.interior.gob.cl/publicaciones/2026/08/24/44532/07/2857464.pdf", "archivo": "gm_manifestacion_2857464.pdf", "fecha": "24-08-2026", "edicion": "44532" }, "geometry": { "type": "Polygon", "coordinates": [ [ [ -71.363256968770102, -32.437360870873057 ], [ -71.34199939057207, -32.437758088021148 ], [ -71.342232587392559, -32.446771659903845 ], [ -71.363492277461106, -32.446374305459543 ], [ -71.363256968770102, -32.437360870873057 ] ] ] } },
{ "type": "Feature", "properties": { "cve": "2857465", "nombre": "LOICA 7-A, 1 AL 60", "solicitante": "Agrícola Las Loicas SpA", "region": "REGIÓN DE VALPARAÍSO", "provincia": "Provincia de Petorca", "comuna": "Papudo", "superficie_ha": 300.0, "datum_original": "PSAD56", "huso": 19, "epsg_origen": 24879, "tipo_publicacion": "manifestacion", "fuente_pdf": "http://www.diariooficial.interior.gob.cl/publicaciones/2026/08/24/44532/07/2857465.pdf", "archivo": "gm_manifestacion_2857465.pdf", "fecha": "24-08-2026", "edicion": "44532" }, "geometry": { "type": "Polygon", "coordinates": [ [ [ -71.374121965088563, -32.44617428424656 ], [ -71.342232587392559, -32.446771659903845 ], [ -71.342465888366306, -32.455785217276983 ], [ -71.374358435216607, -32.455187635171235 ], [ -71.374121965088563, -32.44617428424656 ] ] ] } },
{ "type": "Feature", "properties": { "cve": "2857466", "nombre": "LOICA 8-A, 1 AL 60", "solicitante": "Agrícola Las Loicas SpA", "region": "REGIÓN DE VALPARAÍSO", "provincia": "Provincia de Petorca", "comuna": "Papudo", "superficie_ha": 300.0, "datum_original": "PSAD56", "huso": 19, "epsg_origen": 24879, "tipo_publicacion": "manifestacion", "fuente_pdf": "http://www.diariooficial.interior.gob.cl/publicaciones/2026/08/24/44532/07/2857466.pdf", "archivo": "gm_manifestacion_2857466.pdf", "fecha": "24-08-2026", "edicion": "44532" }, "geometry": { "type": "Polygon", "coordinates": [ [ [ -71.374358435216607, -32.455187635171235 ], [ -71.342465888366306, -32.455785217276983 ], [ -71.342699293535802, -32.464798760137896 ], [ -71.374595010953612, -32.464200971543427 ], [ -71.374358435216607, -32.455187635171235 ] ] ] } },
{ "type": "Feature", "properties": { "cve": "2857467", "nombre": "LOICA 9-A, 1 AL 60", "solicitante": "Agrícola Las Loicas SpA", "region": "REGIÓN DE VALPARAÍSO", "provincia": "Provincia de Petorca", "comuna": "Papudo", "superficie_ha": 60.0, "datum_original": "PSAD56", "huso": 19, "epsg_origen": 24879, "tipo_publicacion": "manifestacion", "fuente_pdf": "http://www.diariooficial.interior.gob.cl/publicaciones/2026/08/24/44532/07/2857467.pdf", "archivo": "gm_manifestacion_2857467.pdf", "fecha": "24-08-2026", "edicion": "44532" }, "geometry": { "type": "Polygon", "coordinates": [ [ [ -71.342111312050264, -32.442084604335463 ], [ -71.331481859729266, -32.442281902048983 ], [ -71.331621161637543, -32.44769008365391 ], [ -71.342251247637037, -32.447492745027688 ], [ -71.342111312050264, -32.442084604335463 ] ] ] } },
{ "type": "Feature", "properties": { "cve": "2857468", "nombre": "LOICA 9-B, 1 AL 120", "solicitante": "Agrícola Las Loicas SpA", "region": "REGIÓN DE VALPARAÍSO", "provincia": "Provincia de Petorca", "comuna": "Papudo", "superficie_ha": 120.0, "datum_original": "PSAD56", "huso": 19, "epsg_origen": 24879, "tipo_publicacion": "manifestacion", "fuente_pdf": "http://www.diariooficial.interior.gob.cl/publicaciones/2026/08/24/44532/07/2857468.pdf", "archivo": "gm_manifestacion_2857468.pdf", "fecha": "24-08-2026", "edicion": "44532" }, "geometry": { "type": "Polygon", "coordinates": [ [ [ -71.342349224857628, -32.45127844040428 ], [ -71.331718695182275, -32.451475807672253 ], [ -71.331997463263349, -32.462292147918042 ], [ -71.342629261041864, -32.462094698803575 ], [ -71.342349224857628, -32.45127844040428 ] ] ] } },
{ "type": "Feature", "properties": { "cve": "2857391", "nombre": "La Joyita tres 1 al 6", "solicitante": "Fuentes Salinas Dicter Rodrigo", "region": "REGIÓN DE VALPARAÍSO", "provincia": "Provincia de San Felipe de Aconcagua", "comuna": "Putaendo", "superficie_ha": 6.0, "datum_original": "PSAD56", "huso": 19, "epsg_origen": 24879, "tipo_publicacion": "manifestacion", "fuente_pdf": "http://www.diariooficial.interior.gob.cl/publicaciones/2026/08/24/44532/07/2857391.pdf", "archivo": "gm_manifestacion_2857391.pdf", "fecha": "24-08-2026", "edicion": "44532" }, "geometry": { "type": "Polygon", "coordinates": [ [ [ -70.756145384422112, -32.648871062523078 ], [ -70.752948069677672, -32.648915759730215 ], [ -70.752983260939303, -32.650719079161483 ], [ -70.756180639790998, -32.650674378874342 ], [ -70.756145384422112, -32.648871062523078 ] ] ] } },
{ "type": "Feature", "properties": { "cve": "2857921", "nombre": "LA CUADRILLA 1-30", "solicitante": "Muñoz Jofré Sebastián Nicolás y otro", "region": "REGIÓN METROPOLITANA DE SANTIAGO", "provincia": "Provincia de Santiago", "comuna": null, "superficie_ha": 300.0, "datum_original": "PSAD56", "huso": 19, "epsg_origen": 24879, "tipo_publicacion": "manifestacion", "fuente_pdf": "http://www.diariooficial.interior.gob.cl/publicaciones/2026/08/24/44532/07/2857921.pdf", "archivo": "gm_manifestacion_2857921.pdf", "fecha": "24-08-2026", "edicion": "44532" }, "geometry": { "type": "Polygon", "coordinates": [ [ [ -70.920463592006257, -33.506344589746526 ], [ -70.909702942719747, -33.506510965532705 ], [ -70.910297476685372, -33.533554572235538 ], [ -70.921061470999021, -33.533388026756661 ], [ -70.920463592006257, -33.506344589746526 ] ] ] } },
{ "type": "Feature", "properties": { "cve": "2857279", "nombre": "MAIPO 1 AL 72", "solicitante": "SLM JCS Primera 1 al 20 de San Bernardo", "region": "REGIÓN METROPOLITANA DE SANTIAGO", "provincia": "Provincia de Maipo", "comuna": null, "superficie_ha": 72.0, "datum_original": "PSAD56", "huso": 19, "epsg_origen": 24879, "tipo_publicacion": "manifestacion", "fuente_pdf": "http://www.diariooficial.interior.gob.cl/publicaciones/2026/08/24/44532/07/2857279.pdf", "archivo": "gm_manifestacion_2857279.pdf", "fecha": "24-08-2026", "edicion": "44532" }, "geometry": { "type": "Polygon", "coordinates": [ [ [ -70.689827296183822, -33.658050826163418 ], [ -70.681202614561286, -33.658168441576109 ], [ -70.681360469547101, -33.666282354186677 ], [ -70.689985960039138, -33.666164702870994 ], [ -70.689827296183822, -33.658050826163418 ] ] ] } },
{ "type": "Feature", "properties": { "cve": "2856901", "nombre": "SAN VICENTE 1-24", "solicitante": "Muñoz Jofré Sebastián Nicolás y otro", "region": "REGIÓN METROPOLITANA DE SANTIAGO", "provincia": "Provincia de Melipilla", "comuna": null, "superficie_ha": 240.0, "datum_original": "PSAD56", "huso": 19, "epsg_origen": 24879, "tipo_publicacion": "manifestacion", "fuente_pdf": "http://www.diariooficial.interior.gob.cl/publicaciones/2026/08/24/44532/07/2856901.pdf", "archivo": "gm_manifestacion_2856901.pdf", "fecha": "24-08-2026", "edicion": "44532" }, "geometry": { "type": "Polygon", "coordinates": [ [ [ -71.009957767073715, -33.256039978784031 ], [ -70.993863796017564, -33.256299139645385 ], [ -70.99419161966081, -33.270722274476931 ], [ -71.010288232500926, -33.270462972126829 ], [ -71.009957767073715, -33.256039978784031 ] ] ] } },
{ "type": "Feature", "properties": { "cve": "2857307", "nombre": "ALESSIA 1, 1 AL 40", "solicitante": "MAE Holding Chile SpA", "region": "REGIÓN DE ANTOFAGASTA", "provincia": "Provincia de Antofagasta", "comuna": null, "superficie_ha": 156.0, "datum_original": "PSAD56", "huso": 19, "epsg_origen": 24879, "tipo_publicacion": "mensura", "fuente_pdf": "http://www.diariooficial.interior.gob.cl/publicaciones/2026/08/24/44532/07/2857307.pdf", "archivo": "gm_mensura_2857307.pdf", "fecha": "24-08-2026", "edicion": "44532" }, "geometry": { "type": "Polygon", "coordinates": [ [ [ -70.382395543252926, -23.091997508432133 ], [ -70.378490914887294, -23.092031644384662 ], [ -70.378500126797846, -23.092934709448325 ], [ -70.374595464940455, -23.092968750393858 ], [ -70.374586279102985, -23.092065683848158 ], [ -70.36677698536235, -23.092133473305118 ], [ -70.366868342958924, -23.101164163435644 ], [ -70.38248794401342, -23.101028139361762 ], [ -70.382395543252926, -23.091997508432133 ] ] ] } },
{ "type": "Feature", "properties": { "cve": "2857308", "nombre": "ALESSIA 2, 1 AL 18", "solicitante": "MAE Holding Chile SpA", "region": "REGIÓN DE ANTOFAGASTA", "provincia": "Provincia de Antofagasta", "comuna": null, "superficie_ha": 63.0, "datum_original": "PSAD56", "huso": 19, "epsg_origen": 24879, "tipo_publicacion": "mensura", "fuente_pdf": "http://www.diariooficial.interior.gob.cl/publicaciones/2026/08/24/44532/07/2857308.pdf", "archivo": "gm_mensura_2857308.pdf", "fecha": "24-08-2026", "edicion": "44532" }, "geometry": { "type": "Polygon", "coordinates": [ [ [ -70.38248794401342, -23.101028139361762 ], [ -70.363939654614455, -23.101189496001055 ], [ -70.363985252821536, -23.105704842544597 ], [ -70.364961515340909, -23.105696402553054 ], [ -70.364925009767248, -23.102084127002559 ], [ -70.374687348747713, -23.101999409931693 ], [ -70.374733307994575, -23.106514735664106 ], [ -70.382543406794582, -23.106446512751091 ], [ -70.38248794401342, -23.101028139361762 ] ] ] } },
{ "type": "Feature", "properties": { "cve": "2858006", "nombre": "ESTRELLA 1 AL 10", "solicitante": "Muraña Salinas Hugo", "region": "REGIÓN DE ANTOFAGASTA", "provincia": "Provincia de Antofagasta", "comuna": null, "superficie_ha": 50.0, "datum_original": "PSAD56", "huso": 19, "epsg_origen": 24879, "tipo_publicacion": "mensura", "fuente_pdf": "http://www.diariooficial.interior.gob.cl/publicaciones/2026/08/24/44532/07/2858006.pdf", "archivo": "gm_mensura_2858006.pdf", "fecha": "24-08-2026", "edicion": "44532" }, "geometry": { "type": "Polygon", "coordinates": [ [ [ -69.675461052045975, -24.03596279402047 ], [ -69.670544179305068, -24.035984396778236 ], [ -69.670591062146769, -24.045015942119765 ], [ -69.675508278600134, -24.044994330240439 ], [ -69.675461052045975, -24.03596279402047 ] ] ] } },
{ "type": "Feature", "properties": { "cve": "2858014", "nombre": "BASIN B III 17, 1 AL 20", "solicitante": "Compañía Minera Kairos Chile SpA", "region": "REGIÓN DE ANTOFAGASTA", "provincia": "Provincia de El Loa", "comuna": null, "superficie_ha": 200.0, "datum_original": "PSAD56", "huso": 19, "epsg_origen": 24879, "tipo_publicacion": "mensura", "fuente_pdf": "http://www.diariooficial.interior.gob.cl/publicaciones/2026/08/24/44532/07/2858014.pdf", "archivo": "gm_mensura_2858014.pdf", "fecha": "24-08-2026", "edicion": "44532" }, "geometry": { "type": "Polygon", "coordinates": [ [ [ -67.206006114157887, -23.042706514465241 ], [ -67.186494127189306, -23.042483961517551 ], [ -67.186373208892064, -23.051512744885382 ], [ -67.205886495142039, -23.051735394878047 ], [ -67.206006114157887, -23.042706514465241 ] ] ] } },
{ "type": "Feature", "properties": { "cve": "2858016", "nombre": "BASIN III 12, 1 AL 30", "solicitante": "Compañía Minera Kairos Chile SpA", "region": "REGIÓN DE ANTOFAGASTA", "provincia": "Provincia de El Loa", "comuna": null, "superficie_ha": 300.0, "datum_original": "PSAD56", "huso": 19, "epsg_origen": 24879, "tipo_publicacion": "mensura", "fuente_pdf": "http://www.diariooficial.interior.gob.cl/publicaciones/2026/08/24/44532/07/2858016.pdf", "archivo": "gm_mensura_2858016.pdf", "fecha": "24-08-2026", "edicion": "44532" }, "geometry": { "type": "Polygon", "coordinates": [ [ [ -67.186010088390447, -23.078599028991196 ], [ -67.17625158568265, -23.078486655089549 ], [ -67.175885962635093, -23.105572693284714 ], [ -67.185646419093629, -23.105685214028011 ], [ -67.186010088390447, -23.078599028991196 ] ] ] } },
{ "type": "Feature", "properties": { "cve": "2858015", "nombre": "BASIN III 5, 1 AL 20", "solicitante": "Compañía Minera Kairos Chile SpA", "region": "REGIÓN DE ANTOFAGASTA", "provincia": "Provincia de El Loa", "comuna": null, "superficie_ha": 200.0, "datum_original": "PSAD56", "huso": 19, "epsg_origen": 24879, "tipo_publicacion": "mensura", "fuente_pdf": "http://www.diariooficial.interior.gob.cl/publicaciones/2026/08/24/44532/07/2858015.pdf", "archivo": "gm_mensura_2858015.pdf", "fecha": "24-08-2026", "edicion": "44532" }, "geometry": { "type": "Polygon", "coordinates": [ [ [ -67.186252229671922, -23.060541517255906 ], [ -67.176495027827357, -23.060429241217026 ], [ -67.17625158568265, -23.078486655089549 ], [ -67.186010088390447, -23.078599028991196 ], [ -67.186252229671922, -23.060541517255906 ] ] ] } },
{ "type": "Feature", "properties": { "cve": "2858010", "nombre": "LOS HELADOS III 26, 1 AL 30", "solicitante": "Compañía Minera Kairos Chile SpA", "region": "REGIÓN DE ANTOFAGASTA", "provincia": "Provincia de El Loa", "comuna": null, "superficie_ha": 300.0, "datum_original": "PSAD56", "huso": 19, "epsg_origen": 24879, "tipo_publicacion": "mensura", "fuente_pdf": "http://www.diariooficial.interior.gob.cl/publicaciones/2026/08/24/44532/07/2858010.pdf", "archivo": "gm_mensura_2858010.pdf", "fecha": "24-08-2026", "edicion": "44532" }, "geometry": { "type": "Polygon", "coordinates": [ [ [ -67.088427859317619, -23.077448193745621 ], [ -67.078669984390245, -23.077329798747424 ], [ -67.078284826892443, -23.10441432526482 ], [ -67.088044655010364, -23.104532874969994 ], [ -67.088427859317619, -23.077448193745621 ] ] ] } },
{ "type": "Feature", "properties": { "cve": "2857438", "nombre": "LA ARAUCANA A 1 AL 30", "solicitante": "Zabaleta Andrade José Iván", "region": "REGIÓN DE ANTOFAGASTA", "provincia": "Provincia de Tocopilla", "comuna": null, "superficie_ha": 300.0, "datum_original": "PSAD56", "huso": 19, "epsg_origen": 24879, "tipo_publicacion": "mensura", "fuente_pdf": "http://www.diariooficial.interior.gob.cl/publicaciones/2026/08/24/44532/07/2857438.pdf", "archivo": "gm_mensura_2857438.pdf", "fecha": "24-08-2026", "edicion": "44532" }, "geometry": { "type": "Polygon", "coordinates": [ [ [ -69.011425408366492, -21.381542400020123 ], [ -68.982485461407762, -21.381541875045702 ], [ -68.982484386218715, -21.390577063893417 ], [ -69.01142575901406, -21.386059995792493 ], [ -69.011425408366492, -21.381542400020123 ] ] ] } },
{ "type": "Feature", "properties": { "cve": "2857439", "nombre": "LA ARAUCANA B 1 AL 30", "solicitante": "Zabaleta Andrade José Iván", "region": "REGIÓN DE ANTOFAGASTA", "provincia": "Provincia de Tocopilla", "comuna": null, "superficie_ha": 300.0, "datum_original": "PSAD56", "huso": 19, "epsg_origen": 24879, "tipo_publicacion": "mensura", "fuente_pdf": "http://www.diariooficial.interior.gob.cl/publicaciones/2026/08/24/44532/07/2857439.pdf", "archivo": "gm_mensura_2857439.pdf", "fecha": "24-08-2026", "edicion": "44532" }, "geometry": { "type": "Polygon", "coordinates": [ [ [ -69.011426109753771, -21.390577589111011 ], [ -69.001778868528802, -21.390577968805477 ], [ -69.001779196458671, -21.41768347768981 ], [ -69.01142821612784, -21.417683097467918 ], [ -69.011426109753771, -21.390577589111011 ] ] ] } },
{ "type": "Feature", "properties": { "cve": "2857440", "nombre": "LA ARAUCANA C 1 AL 30", "solicitante": "Zabaleta Andrade José Iván", "region": "REGIÓN DE ANTOFAGASTA", "provincia": "Provincia de Tocopilla", "comuna": null, "superficie_ha": 300.0, "datum_original": "PSAD56", "huso": 19, "epsg_origen": 24879, "tipo_publicacion": "mensura", "fuente_pdf": "http://www.diariooficial.interior.gob.cl/publicaciones/2026/08/24/44532/07/2857440.pdf", "archivo": "gm_mensura_2857440.pdf", "fecha": "24-08-2026", "edicion": "44532" }, "geometry": { "type": "Polygon", "coordinates": [ [ [ -69.001778868528802, -21.390577968805477 ], [ -68.992131627246707, -21.390577793732938 ], [ -68.992130176732303, -21.417683302374051 ], [ -69.001779196458671, -21.41768347768981 ], [ -69.001778868528802, -21.390577968805477 ] ] ] } },
{ "type": "Feature", "properties": { "cve": "2857441", "nombre": "LA ARAUCANA D 1 AL 30", "solicitante": "Zabaleta Andrade José Iván", "region": "REGIÓN DE ANTOFAGASTA", "provincia": "Provincia de Tocopilla", "comuna": null, "superficie_ha": 300.0, "datum_original": "PSAD56", "huso": 19, "epsg_origen": 24879, "tipo_publicacion": "mensura", "fuente_pdf": "http://www.diariooficial.interior.gob.cl/publicaciones/2026/08/24/44532/07/2857441.pdf", "archivo": "gm_mensura_2857441.pdf", "fecha": "24-08-2026", "edicion": "44532" }, "geometry": { "type": "Polygon", "coordinates": [ [ [ -68.992131627246707, -21.390577793732938 ], [ -68.982484386218715, -21.390577063893417 ], [ -68.982481157260253, -21.417682571520654 ], [ -68.992130176732303, -21.417683302374051 ], [ -68.992131627246707, -21.390577793732938 ] ] ] } },
{ "type": "Feature", "properties": { "cve": "2857442", "nombre": "LA ARAUCANA E 1 AL 30", "solicitante": "Zabaleta Andrade José Iván", "region": "REGIÓN DE ANTOFAGASTA", "provincia": "Provincia de Tocopilla", "comuna": null, "superficie_ha": 300.0, "datum_original": "PSAD56", "huso": 19, "epsg_origen": 24879, "tipo_publicacion": "mensura", "fuente_pdf": "http://www.diariooficial.interior.gob.cl/publicaciones/2026/08/24/44532/07/2857442.pdf", "archivo": "gm_mensura_2857442.pdf", "fecha": "24-08-2026", "edicion": "44532" }, "geometry": { "type": "Polygon", "coordinates": [ [ [ -69.01142821612784, -21.417683097467918 ], [ -68.982481157260253, -21.417682571520654 ], [ -68.982480079809818, -21.426717721080095 ], [ -69.011428918990305, -21.426718247270628 ], [ -69.01142821612784, -21.417683097467918 ] ] ] } },
{ "type": "Feature", "properties": { "cve": "2857443", "nombre": "LA ARAUCANA F 1 AL 30", "solicitante": "Zabaleta Andrade José Iván", "region": "REGIÓN DE ANTOFAGASTA", "provincia": "Provincia de Tocopilla", "comuna": null, "superficie_ha": 300.0, "datum_original": "PSAD56", "huso": 19, "epsg_origen": 24879, "tipo_publicacion": "mensura", "fuente_pdf": "http://www.diariooficial.interior.gob.cl/publicaciones/2026/08/24/44532/07/2857443.pdf", "archivo": "gm_mensura_2857443.pdf", "fecha": "24-08-2026", "edicion": "44532" }, "geometry": { "type": "Polygon", "coordinates": [ [ [ -69.021073350610322, -21.390576654649585 ], [ -69.011426109753771, -21.390577589111011 ], [ -69.01142821612784, -21.417683097467918 ], [ -69.021077235428322, -21.417682161708417 ], [ -69.021073350610322, -21.390576654649585 ] ] ] } },
{ "type": "Feature", "properties": { "cve": "2857651", "nombre": "GENESIS TAMAR 1 AL 8", "solicitante": "Flández Hernández Pedro Ernesto", "region": "REGIÓN DE ATACAMA", "provincia": "Provincia de Copiapó", "comuna": null, "superficie_ha": 64.0, "datum_original": "PSAD56", "huso": 19, "epsg_origen": 24879, "tipo_publicacion": "mensura", "fuente_pdf": "http://www.diariooficial.interior.gob.cl/publicaciones/2026/08/24/44532/07/2857651.pdf", "archivo": "gm_mensura_2857651.pdf", "fecha": "24-08-2026", "edicion": "44532" }, "geometry": { "type": "Polygon", "coordinates": [ [ [ -70.27450867082085, -27.94330309191071 ], [ -70.266378441079553, -27.943378115100224 ], [ -70.266462666601981, -27.950598236554729 ], [ -70.274593436720806, -27.950523190629696 ], [ -70.27450867082085, -27.94330309191071 ] ] ] } },
{ "type": "Feature", "properties": { "cve": "2858382", "nombre": "LA VICTORIA 1 AL 8", "solicitante": "Maldonado Rojas César Alberto", "region": "REGIÓN DE ATACAMA", "provincia": "Provincia de Copiapó", "comuna": null, "superficie_ha": 48.0, "datum_original": "WGS84", "huso": 19, "epsg_origen": 32719, "tipo_publicacion": "mensura", "fuente_pdf": "http://www.diariooficial.interior.gob.cl/publicaciones/2026/08/24/44532/07/2858382.pdf", "archivo": "gm_mensura_2858382.pdf", "fecha": "24-08-2026", "edicion": "44532" }, "geometry": { "type": "Polygon", "coordinates": [ [ [ -69.871366249381339, -27.34410471365879 ], [ -69.866311803837405, -27.344136154738138 ], [ -69.866318825301136, -27.34503886628956 ], [ -69.86328612946663, -27.345057643885774 ], [ -69.863328117673518, -27.350473915039618 ], [ -69.864339065764966, -27.350467661713552 ], [ -69.864332058720791, -27.349564950390864 ], [ -69.865342998292107, -27.349558689988999 ], [ -69.86533598338228, -27.348655978788564 ], [ -69.867357845156917, -27.348643436518543 ], [ -69.867371908075484, -27.350448857836813 ], [ -69.871415693226439, -27.350423683571588 ], [ -69.871366249381339, -27.34410471365879 ] ] ] } },
{ "type": "Feature", "properties": { "cve": "2857607", "nombre": "QUIQUE 3D 1 AL 30", "solicitante": "Báez Gajardo Manuel Rodolfo", "region": "REGIÓN DE ATACAMA", "provincia": "Provincia de Copiapó", "comuna": null, "superficie_ha": 300.0, "datum_original": "PSAD56", "huso": 19, "epsg_origen": 24879, "tipo_publicacion": "mensura", "fuente_pdf": "http://www.diariooficial.interior.gob.cl/publicaciones/2026/08/24/44532/07/2857607.pdf", "archivo": "gm_mensura_2857607.pdf", "fecha": "24-08-2026", "edicion": "44532" }, "geometry": { "type": "Polygon", "coordinates": [ [ [ -70.729142449050912, -27.900438429109379 ], [ -70.718985777013756, -27.900565505217866 ], [ -70.719413923358061, -27.92763549289381 ], [ -70.729573122044272, -27.927508272228383 ], [ -70.729142449050912, -27.900438429109379 ] ] ] } },
{ "type": "Feature", "properties": { "cve": "2857881", "nombre": "RENACER 1 AL 4", "solicitante": "Muñoz López Héctor Domingo", "region": "REGIÓN DE ATACAMA", "provincia": "Provincia de Copiapó", "comuna": null, "superficie_ha": 17.0, "datum_original": "PSAD56", "huso": 19, "epsg_origen": 24879, "tipo_publicacion": "mensura", "fuente_pdf": "http://www.diariooficial.interior.gob.cl/publicaciones/2026/08/24/44532/07/2857881.pdf", "archivo": "gm_mensura_2857881.pdf", "fecha": "24-08-2026", "edicion": "44532" }, "geometry": { "type": "Polygon", "coordinates": [ [ [ -70.195821659548344, -27.345091722539838 ], [ -70.190767683412133, -27.345134899377932 ], [ -70.190806286305289, -27.348745377713232 ], [ -70.194849599115301, -27.348710845556031 ], [ -70.194820548019038, -27.346002990967495 ], [ -70.195831350529971, -27.345994340645092 ], [ -70.195821659548344, -27.345091722539838 ] ] ] } },
{ "type": "Feature", "properties": { "cve": "2857983", "nombre": "LORENA 1 AL 10", "solicitante": "Cortés Castro Paulina Lorena", "region": "REGIÓN DE ATACAMA", "provincia": "Provincia de Chañaral", "comuna": null, "superficie_ha": 100.0, "datum_original": "PSAD56", "huso": 19, "epsg_origen": 24879, "tipo_publicacion": "mensura", "fuente_pdf": "http://www.diariooficial.interior.gob.cl/publicaciones/2026/08/24/44532/07/2857983.pdf", "archivo": "gm_mensura_2857983.pdf", "fecha": "24-08-2026", "edicion": "44532" }, "geometry": { "type": "Polygon", "coordinates": [ [ [ -70.309645199965445, -25.900963196656061 ], [ -70.29966401468775, -25.901052993451273 ], [ -70.299762941410123, -25.910080546102296 ], [ -70.30974488589986, -25.909990713444159 ], [ -70.309645199965445, -25.900963196656061 ] ] ] } },
{ "type": "Feature", "properties": { "cve": "2858390", "nombre": "LA FORTUNA VII 4, 1 AL 30", "solicitante": "Compañía Minera Kairos Chile SpA", "region": "REGIÓN DE ATACAMA", "provincia": "Provincia de Huasco", "comuna": null, "superficie_ha": 300.0, "datum_original": "PSAD56", "huso": 19, "epsg_origen": 24879, "tipo_publicacion": "mensura", "fuente_pdf": "http://www.diariooficial.interior.gob.cl/publicaciones/2026/08/24/44532/07/2858390.pdf", "archivo": "gm_mensura_2858390.pdf", "fecha": "24-08-2026", "edicion": "44532" }, "geometry": { "type": "Polygon", "coordinates": [ [ [ -70.392059156931012, -29.312160547414503 ], [ -70.361173990794882, -29.312478971995429 ], [ -70.361293766979202, -29.321501940971597 ], [ -70.392181648732475, -29.321183399481729 ], [ -70.392059156931012, -29.312160547414503 ] ] ] } },
{ "type": "Feature", "properties": { "cve": "2857235", "nombre": "DON GREGORIO 5, 1 AL 222", "solicitante": "Solís Portales Cristián Andrés", "region": "REGIÓN DE COQUIMBO", "provincia": "Provincia de Choapa", "comuna": null, "superficie_ha": 222.0, "datum_original": "PSAD56", "huso": 19, "epsg_origen": 24879, "tipo_publicacion": "mensura", "fuente_pdf": "http://www.diariooficial.interior.gob.cl/publicaciones/2026/08/24/44532/07/2857235.pdf", "archivo": "gm_mensura_2857235.pdf", "fecha": "24-08-2026", "edicion": "44532" }, "geometry": { "type": "Polygon", "coordinates": [ [ [ -71.012754374944308, -31.487400364365929 ], [ -71.006440981986245, -31.487499506648859 ], [ -71.006479487968036, -31.489302896526173 ], [ -71.005427232620988, -31.4893193911571 ], [ -71.005446476827032, -31.490221086467407 ], [ -71.007551006818986, -31.490188087404544 ], [ -71.007589538148778, -31.491991475289584 ], [ -71.006537253421584, -31.492007980301899 ], [ -71.006595026652946, -31.494713062829248 ], [ -71.005542710813117, -31.494729560938605 ], [ -71.005600461570722, -31.497434643956854 ], [ -71.004548114614479, -31.49745113516154 ], [ -71.004605842891038, -31.50015621866994 ], [ -71.00355346481453, -31.500172702968179 ], [ -71.00361117060271, -31.50287778696595 ], [ -71.002558761402113, -31.502894264356001 ], [ -71.002693367832109, -31.509206126215581 ], [ -71.00374584765737, -31.509189644772526 ], [ -71.003784334586797, -31.510993031468786 ], [ -71.004573709025962, -31.510980663842226 ], [ -71.00459296135493, -31.511882356547762 ], [ -71.007750484525815, -31.511832835653351 ], [ -71.007731201921246, -31.510931144687515 ], [ -71.009046821663333, -31.510910488733572 ], [ -71.009066116882607, -31.511812178973738 ], [ -71.010118621794007, -31.511795643900076 ], [ -71.010157235015043, -31.513599022802211 ], [ -71.011209759244906, -31.513582477917318 ], [ -71.011229077248046, -31.514484166578971 ], [ -71.013334143292852, -31.514451049697673 ], [ -71.012754374944308, -31.487400364365929 ] ] ] } },
{ "type": "Feature", "properties": { "cve": "2856964", "nombre": "FERNANDA 5 DEL 1-2", "solicitante": "Guerrero Ríos Héctor Andrés", "region": "REGIÓN DE COQUIMBO", "provincia": "Provincia de Choapa", "comuna": null, "superficie_ha": 10.0, "datum_original": "PSAD56", "huso": 19, "epsg_origen": 24879, "tipo_publicacion": "mensura", "fuente_pdf": "http://www.diariooficial.interior.gob.cl/publicaciones/2026/08/24/44532/07/2856964.pdf", "archivo": "gm_mensura_2856964.pdf", "fecha": "24-08-2026", "edicion": "44532" }, "geometry": { "type": "Polygon", "coordinates": [ [ [ -71.061239888947995, -32.061583905425408 ], [ -71.053828847607051, -32.061704250297574 ], [ -71.053869153836843, -32.063507423229687 ], [ -71.057045382055492, -32.063455896277226 ], [ -71.057025197376603, -32.062554311674049 ], [ -71.061260114205695, -32.062485487775021 ], [ -71.061239888947995, -32.061583905425408 ] ] ] } },
{ "type": "Feature", "properties": { "cve": "2858128", "nombre": "MINA AURA DEL 1 AL 14", "solicitante": "Pontigo Rubio Ronald Andrés", "region": "REGIÓN DE COQUIMBO", "provincia": "Provincia de Choapa", "comuna": null, "superficie_ha": null, "datum_original": "PSAD56", "huso": 19, "epsg_origen": 24879, "tipo_publicacion": "mensura", "fuente_pdf": "http://www.diariooficial.interior.gob.cl/publicaciones/2026/08/24/44532/07/2858128.pdf", "archivo": "gm_mensura_2858128.pdf", "fecha": "24-08-2026", "edicion": "44532" }, "geometry": { "type": "Polygon", "coordinates": [ [ [ -71.157906230947887, -31.711422924660511 ], [ -71.150523634474908, -31.711547696868458 ], [ -71.150815140965221, -31.724169811823028 ], [ -71.155034343892439, -31.724098530782612 ], [ -71.154783980741072, -31.713279606727149 ], [ -71.15794800618653, -31.713226076895424 ], [ -71.157906230947887, -31.711422924660511 ] ] ] } },
{ "type": "Feature", "properties": { "cve": "2858004", "nombre": "INCÓGNITA 1, 1 AL 5", "solicitante": "Araya Araya Rodrigo Alejandro", "region": "REGIÓN DE COQUIMBO", "provincia": "Provincia de Limarí", "comuna": null, "superficie_ha": 15.0, "datum_original": "PSAD56", "huso": 19, "epsg_origen": 24879, "tipo_publicacion": "mensura", "fuente_pdf": "http://www.diariooficial.interior.gob.cl/publicaciones/2026/08/24/44532/07/2858004.pdf", "archivo": "gm_mensura_2858004.pdf", "fecha": "24-08-2026", "edicion": "44532" }, "geometry": { "type": "Polygon", "coordinates": [ [ [ -71.072585925698746, -30.908623094491741 ], [ -71.069448505761201, -30.908673339337742 ], [ -71.069545563554769, -30.913182044777773 ], [ -71.070591420038724, -30.913165301967815 ], [ -71.072585925698746, -30.908623094491741 ] ] ] } },
{ "type": "Feature", "properties": { "cve": "2858000", "nombre": "MAITE 1 AL 14", "solicitante": "Araya Araya Rodrigo Alejandro", "region": "REGIÓN DE COQUIMBO", "provincia": "Provincia de Limarí", "comuna": null, "superficie_ha": 56.0, "datum_original": "PSAD56", "huso": 19, "epsg_origen": 24879, "tipo_publicacion": "mensura", "fuente_pdf": "http://www.diariooficial.interior.gob.cl/publicaciones/2026/08/24/44532/07/2858000.pdf", "archivo": "gm_mensura_2858000.pdf", "fecha": "24-08-2026", "edicion": "44532" }, "geometry": { "type": "Polygon", "coordinates": [ [ [ -71.127066679345944, -30.953372339665957 ], [ -71.118696604058641, -30.953509858197481 ], [ -71.118835970268933, -30.959821801618492 ], [ -71.12720659512307, -30.959684248917014 ], [ -71.127066679345944, -30.953372339665957 ] ] ] } },
{ "type": "Feature", "properties": { "cve": "2858026", "nombre": "COTI 5C 1 AL 240", "solicitante": "Quilleco SpA", "region": "REGIÓN DEL BIOBÍO", "provincia": "Provincia de Biobío", "comuna": null, "superficie_ha": 240.0, "datum_original": "PSAD56", "huso": 18, "epsg_origen": 24878, "tipo_publicacion": "mensura", "fuente_pdf": "http://www.diariooficial.interior.gob.cl/publicaciones/2026/08/24/44532/07/2858026.pdf", "archivo": "gm_mensura_2858026.pdf", "fecha": "24-08-2026", "edicion": "44532" }, "geometry": { "type": "Polygon", "coordinates": [ [ [ -72.050013594764053, -37.288552664207828 ], [ -72.067053761023729, -37.285372131967677 ], [ -72.033255129714448, -37.284529185267807 ], [ -72.032972149062161, -37.291730675819309 ], [ -72.066773992889892, -37.292573840997022 ], [ -72.050013594764053, -37.288552664207828 ] ] ] } },
{ "type": "Feature", "properties": { "cve": "2858375", "nombre": "ALONDRA 53", "solicitante": "Minera Mirasol Chile Limitada", "region": "REGIÓN DE ANTOFAGASTA", "provincia": "Provincia de Antofagasta", "comuna": "Antofagasta", "superficie_ha": 300.0, "datum_original": "WGS84", "huso": 19, "epsg_origen": 32719, "tipo_publicacion": "pedimento", "fuente_pdf": "http://www.diariooficial.interior.gob.cl/publicaciones/2026/08/24/44532/07/2858375.pdf", "archivo": "gm_pedimento_2858375.pdf", "fecha": "24-08-2026", "edicion": "44532" }, "geometry": { "type": "Polygon", "coordinates": [ [ [ -68.11345507247384, -24.248270864066967 ], [ -68.103605511094528, -24.248213152161281 ], [ -68.103415497604033, -24.275305756109404 ], [ -68.113267146176625, -24.275363540633393 ], [ -68.11345507247384, -24.248270864066967 ] ] ] } },
{ "type": "Feature", "properties": { "cve": "2858376", "nombre": "ALONDRA 67", "solicitante": "Minera Mirasol Chile Limitada", "region": "REGIÓN DE ANTOFAGASTA", "provincia": "Provincia de Antofagasta", "comuna": "Antofagasta", "superficie_ha": 300.0, "datum_original": "WGS84", "huso": 19, "epsg_origen": 32719, "tipo_publicacion": "pedimento", "fuente_pdf": "http://www.diariooficial.interior.gob.cl/publicaciones/2026/08/24/44532/07/2858376.pdf", "archivo": "gm_pedimento_2858376.pdf", "fecha": "24-08-2026", "edicion": "44532" }, "geometry": { "type": "Polygon", "coordinates": [ [ [ -68.12349023005811, -24.221235092335785 ], [ -68.113642722085331, -24.221178089681672 ], [ -68.11345507247384, -24.248270864066967 ], [ -68.123304664595992, -24.248327938507806 ], [ -68.12349023005811, -24.221235092335785 ] ] ] } },
{ "type": "Feature", "properties": { "cve": "2858377", "nombre": "ALONDRA 68", "solicitante": "Minera Mirasol Chile Limitada", "region": "REGIÓN DE ANTOFAGASTA", "provincia": "Provincia de Antofagasta", "comuna": "Antofagasta", "superficie_ha": 300.0, "datum_original": "WGS84", "huso": 19, "epsg_origen": 32719, "tipo_publicacion": "pedimento", "fuente_pdf": "http://www.diariooficial.interior.gob.cl/publicaciones/2026/08/24/44532/07/2858377.pdf", "archivo": "gm_pedimento_2858377.pdf", "fecha": "24-08-2026", "edicion": "44532" }, "geometry": { "type": "Polygon", "coordinates": [ [ [ -68.133337768403948, -24.221291458318934 ], [ -68.12349023005811, -24.221235092335785 ], [ -68.123304664595992, -24.248327938507806 ], [ -68.133154287119595, -24.248384375475936 ], [ -68.133337768403948, -24.221291458318934 ] ] ] } },
{ "type": "Feature", "properties": { "cve": "2858379", "nombre": "ALONDRA 69", "solicitante": "Minera Mirasol Chile Limitada", "region": "REGIÓN DE ANTOFAGASTA", "provincia": "Provincia de Antofagasta", "comuna": "Antofagasta", "superficie_ha": 300.0, "datum_original": "WGS84", "huso": 19, "epsg_origen": 32719, "tipo_publicacion": "pedimento", "fuente_pdf": "http://www.diariooficial.interior.gob.cl/publicaciones/2026/08/24/44532/07/2858379.pdf", "archivo": "gm_pedimento_2858379.pdf", "fecha": "24-08-2026", "edicion": "44532" }, "geometry": { "type": "Polygon", "coordinates": [ [ [ -68.123304664595992, -24.248327938507806 ], [ -68.11345507247384, -24.248270864066967 ], [ -68.113267146176625, -24.275363540633393 ], [ -68.12311882552082, -24.275420686890481 ], [ -68.123304664595992, -24.248327938507806 ] ] ] } },
{ "type": "Feature", "properties": { "cve": "2858355", "nombre": "ANMAKAL ABCDE", "solicitante": "Anmakal Minería SpA", "region": "REGIÓN DE ANTOFAGASTA", "provincia": "Provincia de Antofagasta", "comuna": null, "superficie_ha": 1000.0, "datum_original": "PSAD56", "huso": 19, "epsg_origen": 24879, "tipo_publicacion": "pedimento", "fuente_pdf": "http://www.diariooficial.interior.gob.cl/publicaciones/2026/08/24/44532/07/2858355.pdf", "archivo": "gm_pedimento_2858355.pdf", "fecha": "24-08-2026", "edicion": "44532" }, "geometry": { "type": "Polygon", "coordinates": [ [ [ -70.538082183323269, -23.388575817911555 ], [ -70.489169151584377, -23.38904933616039 ], [ -70.489371138782715, -23.407109051024584 ], [ -70.538290798688251, -23.406635124502642 ], [ -70.538082183323269, -23.388575817911555 ] ] ] } },
{ "type": "Feature", "properties": { "cve": "2858394", "nombre": "CATALINA 1 A", "solicitante": "Minera Plata Carina SpA", "region": "REGIÓN DE ANTOFAGASTA", "provincia": "Provincia de Antofagasta", "comuna": null, "superficie_ha": 300.0, "datum_original": "PSAD56", "huso": 19, "epsg_origen": 24879, "tipo_publicacion": "pedimento", "fuente_pdf": "http://www.diariooficial.interior.gob.cl/publicaciones/2026/08/24/44532/07/2858394.pdf", "archivo": "gm_pedimento_2858394.pdf", "fecha": "24-08-2026", "edicion": "44532" }, "geometry": { "type": "Polygon", "coordinates": [ [ [ -68.499415924515787, -24.253397586183311 ], [ -68.489565236887586, -24.25336485814104 ], [ -68.48945702479709, -24.280459467458929 ], [ -68.499309800554826, -24.280492236682619 ], [ -68.499415924515787, -24.253397586183311 ] ] ] } },
{ "type": "Feature", "properties": { "cve": "2858397", "nombre": "CATALINA 10 A", "solicitante": "Minera Plata Carina SpA", "region": "REGIÓN DE ANTOFAGASTA", "provincia": "Provincia de Antofagasta", "comuna": null, "superficie_ha": 300.0, "datum_original": "PSAD56", "huso": 19, "epsg_origen": 24879, "tipo_publicacion": "pedimento", "fuente_pdf": "http://www.diariooficial.interior.gob.cl/publicaciones/2026/08/24/44532/07/2858397.pdf", "archivo": "gm_pedimento_2858397.pdf", "fecha": "24-08-2026", "edicion": "44532" }, "geometry": { "type": "Polygon", "coordinates": [ [ [ -68.469714027217421, -24.289423499944473 ], [ -68.459860608935415, -24.28938880069262 ], [ -68.459745907575808, -24.316483151111374 ], [ -68.46960141804027, -24.31651789397576 ], [ -68.469714027217421, -24.289423499944473 ] ] ] } },
{ "type": "Feature", "properties": { "cve": "2858398", "nombre": "CATALINA 12 A", "solicitante": "Minera Plata Carina SpA", "region": "REGIÓN DE ANTOFAGASTA", "provincia": "Provincia de Antofagasta", "comuna": null, "superficie_ha": 300.0, "datum_original": "PSAD56", "huso": 19, "epsg_origen": 24879, "tipo_publicacion": "pedimento", "fuente_pdf": "http://www.diariooficial.interior.gob.cl/publicaciones/2026/08/24/44532/07/2858398.pdf", "archivo": "gm_pedimento_2858398.pdf", "fecha": "24-08-2026", "edicion": "44532" }, "geometry": { "type": "Polygon", "coordinates": [ [ [ -68.568493004175551, -24.217482119572256 ], [ -68.538948983033123, -24.217395559730267 ], [ -68.538916472557986, -24.226427216381396 ], [ -68.568462576799703, -24.226513812565408 ], [ -68.568493004175551, -24.217482119572256 ] ] ] } },
{ "type": "Feature", "properties": { "cve": "2858399", "nombre": "CATALINA 13 A", "solicitante": "Minera Plata Carina SpA", "region": "REGIÓN DE ANTOFAGASTA", "provincia": "Provincia de Antofagasta", "comuna": null, "superficie_ha": 300.0, "datum_original": "PSAD56", "huso": 19, "epsg_origen": 24879, "tipo_publicacion": "pedimento", "fuente_pdf": "http://www.diariooficial.interior.gob.cl/publicaciones/2026/08/24/44532/07/2858399.pdf", "archivo": "gm_pedimento_2858399.pdf", "fecha": "24-08-2026", "edicion": "44532" }, "geometry": { "type": "Polygon", "coordinates": [ [ [ -68.568462576799703, -24.226513812565408 ], [ -68.538916472557986, -24.226427216381396 ], [ -68.538883946102601, -24.235458862188558 ], [ -68.568432134467471, -24.235545494719574 ], [ -68.568462576799703, -24.226513812565408 ] ] ] } },
{ "type": "Feature", "properties": { "cve": "2858400", "nombre": "CATALINA 14 A", "solicitante": "Minera Plata Carina SpA", "region": "REGIÓN DE ANTOFAGASTA", "provincia": "Provincia de Antofagasta", "comuna": null, "superficie_ha": 300.0, "datum_original": "PSAD56", "huso": 19, "epsg_origen": 24879, "tipo_publicacion": "pedimento", "fuente_pdf": "http://www.diariooficial.interior.gob.cl/publicaciones/2026/08/24/44532/07/2858400.pdf", "archivo": "gm_pedimento_2858400.pdf", "fecha": "24-08-2026", "edicion": "44532" }, "geometry": { "type": "Polygon", "coordinates": [ [ [ -68.568432134467471, -24.235545494719574 ], [ -68.538883946102601, -24.235458862188558 ], [ -68.53885140366198, -24.244490497148757 ], [ -68.568401677174222, -24.244577166031753 ], [ -68.568432134467471, -24.235545494719574 ] ] ] } },
{ "type": "Feature", "properties": { "cve": "2858401", "nombre": "CATALINA 16 A", "solicitante": "Minera Plata Carina SpA", "region": "REGIÓN DE ANTOFAGASTA", "provincia": "Provincia de Antofagasta", "comuna": null, "superficie_ha": 300.0, "datum_original": "PSAD56", "huso": 19, "epsg_origen": 24879, "tipo_publicacion": "pedimento", "fuente_pdf": "http://www.diariooficial.interior.gob.cl/publicaciones/2026/08/24/44532/07/2858401.pdf", "archivo": "gm_pedimento_2858401.pdf", "fecha": "24-08-2026", "edicion": "44532" }, "geometry": { "type": "Polygon", "coordinates": [ [ [ -68.588305105428432, -24.181409670979715 ], [ -68.558769315827789, -24.181327070019179 ], [ -68.558738255223901, -24.190358794498053 ], [ -68.588276123859544, -24.190441430177831 ], [ -68.588305105428432, -24.181409670979715 ] ] ] } },
{ "type": "Feature", "properties": { "cve": "2858402", "nombre": "CATALINA 17 A", "solicitante": "Minera Plata Carina SpA", "region": "REGIÓN DE ANTOFAGASTA", "provincia": "Provincia de Antofagasta", "comuna": null, "superficie_ha": 300.0, "datum_original": "PSAD56", "huso": 19, "epsg_origen": 24879, "tipo_publicacion": "pedimento", "fuente_pdf": "http://www.diariooficial.interior.gob.cl/publicaciones/2026/08/24/44532/07/2858402.pdf", "archivo": "gm_pedimento_2858402.pdf", "fecha": "24-08-2026", "edicion": "44532" }, "geometry": { "type": "Polygon", "coordinates": [ [ [ -68.588276123859544, -24.190441430177831 ], [ -68.558738255223901, -24.190358794498053 ], [ -68.558707179341312, -24.199390508148316 ], [ -68.588247128034595, -24.199473178552072 ], [ -68.588276123859544, -24.190441430177831 ] ] ] } },
{ "type": "Feature", "properties": { "cve": "2858403", "nombre": "CATALINA 18A", "solicitante": "Minera Plata Carina SpA", "region": "REGIÓN DE ANTOFAGASTA", "provincia": "Provincia de Antofagasta", "comuna": null, "superficie_ha": 300.0, "datum_original": "PSAD56", "huso": 19, "epsg_origen": 24879, "tipo_publicacion": "pedimento", "fuente_pdf": "http://www.diariooficial.interior.gob.cl/publicaciones/2026/08/24/44532/07/2858403.pdf", "archivo": "gm_pedimento_2858403.pdf", "fecha": "24-08-2026", "edicion": "44532" }, "geometry": { "type": "Polygon", "coordinates": [ [ [ -68.588247128034595, -24.199473178552072 ], [ -68.558707179341312, -24.199390508148316 ], [ -68.558676088175332, -24.208422210966965 ], [ -68.588218117949239, -24.208504916099479 ], [ -68.588247128034595, -24.199473178552072 ] ] ] } },
{ "type": "Feature", "properties": { "cve": "2858395", "nombre": "CATALINA 5 A", "solicitante": "Minera Plata Carina SpA", "region": "REGIÓN DE ANTOFAGASTA", "provincia": "Provincia de Antofagasta", "comuna": null, "superficie_ha": 200.0, "datum_original": "PSAD56", "huso": 19, "epsg_origen": 24879, "tipo_publicacion": "pedimento", "fuente_pdf": "http://www.diariooficial.interior.gob.cl/publicaciones/2026/08/24/44532/07/2858395.pdf", "archivo": "gm_pedimento_2858395.pdf", "fecha": "24-08-2026", "edicion": "44532" }, "geometry": { "type": "Polygon", "coordinates": [ [ [ -68.499309800554826, -24.280492236682619 ], [ -68.479604266759324, -24.280426059732392 ], [ -68.479567463908964, -24.289457560435245 ], [ -68.499274391152696, -24.289523765114836 ], [ -68.499309800554826, -24.280492236682619 ] ] ] } },
{ "type": "Feature", "properties": { "cve": "2858396", "nombre": "CATALINA 9 A", "solicitante": "Minera Plata Carina SpA", "region": "REGIÓN DE ANTOFAGASTA", "provincia": "Provincia de Antofagasta", "comuna": null, "superficie_ha": 300.0, "datum_original": "PSAD56", "huso": 19, "epsg_origen": 24879, "tipo_publicacion": "pedimento", "fuente_pdf": "http://www.diariooficial.interior.gob.cl/publicaciones/2026/08/24/44532/07/2858396.pdf", "archivo": "gm_pedimento_2858396.pdf", "fecha": "24-08-2026", "edicion": "44532" }, "geometry": { "type": "Polygon", "coordinates": [ [ [ -68.479567463908964, -24.289457560435245 ], [ -68.469714027217421, -24.289423499944473 ], [ -68.46960141804027, -24.31651789397576 ], [ -68.479456946931478, -24.316551997276243 ], [ -68.479567463908964, -24.289457560435245 ] ] ] } },
{ "type": "Feature", "properties": { "cve": "2857243", "nombre": "PANDI 1", "solicitante": "Valdés Vargas Victoria Carolina Fernanda", "region": "REGIÓN DE ANTOFAGASTA", "provincia": "Provincia de Antofagasta", "comuna": "Mejillones", "superficie_ha": 100.0, "datum_original": "PSAD56", "huso": 19, "epsg_origen": 24879, "tipo_publicacion": "pedimento", "fuente_pdf": "http://www.diariooficial.interior.gob.cl/publicaciones/2026/08/24/44532/07/2857243.pdf", "archivo": "gm_pedimento_2857243.pdf", "fecha": "24-08-2026", "edicion": "44532" }, "geometry": { "type": "Polygon", "coordinates": [ [ [ -70.256529534199515, -23.282714094900417 ], [ -70.246753607503564, -23.282792075415781 ], [ -70.246837712901765, -23.291822978617741 ], [ -70.25661429865572, -23.291744964364064 ], [ -70.256529534199515, -23.282714094900417 ] ] ] } },
{ "type": "Feature", "properties": { "cve": "2857244", "nombre": "PANDI 2", "solicitante": "Valdés Vargas Victoria Carolina Fernanda", "region": "REGIÓN DE ANTOFAGASTA", "provincia": "Provincia de Antofagasta", "comuna": "Mejillones", "superficie_ha": 300.0, "datum_original": "PSAD56", "huso": 19, "epsg_origen": 24879, "tipo_publicacion": "pedimento", "fuente_pdf": "http://www.diariooficial.interior.gob.cl/publicaciones/2026/08/24/44532/07/2857244.pdf", "archivo": "gm_pedimento_2857244.pdf", "fecha": "24-08-2026", "edicion": "44532" }, "geometry": { "type": "Polygon", "coordinates": [ [ [ -70.246585523127493, -23.264730236708925 ], [ -70.236810871438308, -23.264807541558071 ], [ -70.23706108499114, -23.291900383878716 ], [ -70.246837712901765, -23.291822978617741 ], [ -70.246585523127493, -23.264730236708925 ] ] ] } },
{ "type": "Feature", "properties": { "cve": "2857245", "nombre": "PANDI 3", "solicitante": "Valdés Vargas Victoria Carolina Fernanda", "region": "REGIÓN DE ANTOFAGASTA", "provincia": "Provincia de Antofagasta", "comuna": "Mejillones", "superficie_ha": 300.0, "datum_original": "PSAD56", "huso": 19, "epsg_origen": 24879, "tipo_publicacion": "pedimento", "fuente_pdf": "http://www.diariooficial.interior.gob.cl/publicaciones/2026/08/24/44532/07/2857245.pdf", "archivo": "gm_pedimento_2857245.pdf", "fecha": "24-08-2026", "edicion": "44532" }, "geometry": { "type": "Polygon", "coordinates": [ [ [ -70.236810871438308, -23.264807541558071 ], [ -70.227036177960258, -23.264884238193869 ], [ -70.227284415254047, -23.291977180136435 ], [ -70.23706108499114, -23.291900383878716 ], [ -70.236810871438308, -23.264807541558071 ] ] ] } },
{ "type": "Feature", "properties": { "cve": "2857246", "nombre": "PANDI 4", "solicitante": "Valdés Vargas Victoria Carolina Fernanda", "region": "REGIÓN DE ANTOFAGASTA", "provincia": "Provincia de Antofagasta", "comuna": "Mejillones", "superficie_ha": 300.0, "datum_original": "PSAD56", "huso": 19, "epsg_origen": 24879, "tipo_publicacion": "pedimento", "fuente_pdf": "http://www.diariooficial.interior.gob.cl/publicaciones/2026/08/24/44532/07/2857246.pdf", "archivo": "gm_pedimento_2857246.pdf", "fecha": "24-08-2026", "edicion": "44532" }, "geometry": { "type": "Polygon", "coordinates": [ [ [ -70.25661429865572, -23.291744964364064 ], [ -70.246837712901765, -23.291822978617741 ], [ -70.24709028208882, -23.318915623578739 ], [ -70.256868846998643, -23.318837508083611 ], [ -70.25661429865572, -23.291744964364064 ] ] ] } },
{ "type": "Feature", "properties": { "cve": "2857247", "nombre": "PANDI 5", "solicitante": "Valdés Vargas Victoria Carolina Fernanda", "region": "REGIÓN DE ANTOFAGASTA", "provincia": "Provincia de Antofagasta", "comuna": "Mejillones", "superficie_ha": 300.0, "datum_original": "PSAD56", "huso": 19, "epsg_origen": 24879, "tipo_publicacion": "pedimento", "fuente_pdf": "http://www.diariooficial.interior.gob.cl/publicaciones/2026/08/24/44532/07/2857247.pdf", "archivo": "gm_pedimento_2857247.pdf", "fecha": "24-08-2026", "edicion": "44532" }, "geometry": { "type": "Polygon", "coordinates": [ [ [ -70.246837712901765, -23.291822978617741 ], [ -70.23706108499114, -23.291900383878716 ], [ -70.237311674984312, -23.318993129290963 ], [ -70.24709028208882, -23.318915623578739 ], [ -70.246837712901765, -23.291822978617741 ] ] ] } },
{ "type": "Feature", "properties": { "cve": "2857248", "nombre": "PANDI 6", "solicitante": "Valdés Vargas Victoria Carolina Fernanda", "region": "REGIÓN DE ANTOFAGASTA", "provincia": "Provincia de Antofagasta", "comuna": "Mejillones", "superficie_ha": 300.0, "datum_original": "PSAD56", "huso": 19, "epsg_origen": 24879, "tipo_publicacion": "pedimento", "fuente_pdf": "http://www.diariooficial.interior.gob.cl/publicaciones/2026/08/24/44532/07/2857248.pdf", "archivo": "gm_pedimento_2857248.pdf", "fecha": "24-08-2026", "edicion": "44532" }, "geometry": { "type": "Polygon", "coordinates": [ [ [ -70.23706108499114, -23.291900383878716 ], [ -70.227284415254047, -23.291977180136435 ], [ -70.22753302601572, -23.319070025209722 ], [ -70.237311674984312, -23.318993129290963 ], [ -70.23706108499114, -23.291900383878716 ] ] ] } },
{ "type": "Feature", "properties": { "cve": "2857249", "nombre": "PANDI 7", "solicitante": "Valdés Vargas Victoria Carolina Fernanda", "region": "REGIÓN DE ANTOFAGASTA", "provincia": "Provincia de Antofagasta", "comuna": "Mejillones", "superficie_ha": 300.0, "datum_original": "PSAD56", "huso": 19, "epsg_origen": 24879, "tipo_publicacion": "pedimento", "fuente_pdf": "http://www.diariooficial.interior.gob.cl/publicaciones/2026/08/24/44532/07/2857249.pdf", "archivo": "gm_pedimento_2857249.pdf", "fecha": "24-08-2026", "edicion": "44532" }, "geometry": { "type": "Polygon", "coordinates": [ [ [ -70.256868846998643, -23.318837508083611 ], [ -70.22753302601572, -23.319070025209722 ], [ -70.227615979320547, -23.328100952025839 ], [ -70.256953781480263, -23.327868334422174 ], [ -70.256868846998643, -23.318837508083611 ] ] ] } },
{ "type": "Feature", "properties": { "cve": "2857303", "nombre": "SALVIA SUR 10", "solicitante": "Verai Chile SpA", "region": "REGIÓN DE ANTOFAGASTA", "provincia": "Provincia de Antofagasta", "comuna": "Taltal", "superficie_ha": 200.0, "datum_original": "PSAD56", "huso": 19, "epsg_origen": 24879, "tipo_publicacion": "pedimento", "fuente_pdf": "http://www.diariooficial.interior.gob.cl/publicaciones/2026/08/24/44532/07/2857303.pdf", "archivo": "gm_pedimento_2857303.pdf", "fecha": "24-08-2026", "edicion": "44532" }, "geometry": { "type": "Polygon", "coordinates": [ [ [ -69.946298773366323, -25.398141378066828 ], [ -69.93635808756467, -25.398205001260898 ], [ -69.936497505382576, -25.4162635932732 ], [ -69.94643967075406, -25.416199918520135 ], [ -69.946298773366323, -25.398141378066828 ] ] ] } },
{ "type": "Feature", "properties": { "cve": "2857304", "nombre": "SALVIA SUR 11", "solicitante": "Verai Chile SpA", "region": "REGIÓN DE ANTOFAGASTA", "provincia": "Provincia de Antofagasta", "comuna": "Taltal", "superficie_ha": 300.0, "datum_original": "PSAD56", "huso": 19, "epsg_origen": 24879, "tipo_publicacion": "pedimento", "fuente_pdf": "http://www.diariooficial.interior.gob.cl/publicaciones/2026/08/24/44532/07/2857304.pdf", "archivo": "gm_pedimento_2857304.pdf", "fecha": "24-08-2026", "edicion": "44532" }, "geometry": { "type": "Polygon", "coordinates": [ [ [ -69.956310596672395, -25.407106333065364 ], [ -69.946369205127922, -25.40717065397498 ], [ -69.946580703644173, -25.434258413509749 ], [ -69.95652431611083, -25.434194014428275 ], [ -69.956310596672395, -25.407106333065364 ] ] ] } },
{ "type": "Feature", "properties": { "cve": "2857305", "nombre": "SALVIA SUR 12", "solicitante": "Verai Chile SpA", "region": "REGIÓN DE ANTOFAGASTA", "provincia": "Provincia de Antofagasta", "comuna": "Taltal", "superficie_ha": 300.0, "datum_original": "PSAD56", "huso": 19, "epsg_origen": 24879, "tipo_publicacion": "pedimento", "fuente_pdf": "http://www.diariooficial.interior.gob.cl/publicaciones/2026/08/24/44532/07/2857305.pdf", "archivo": "gm_pedimento_2857305.pdf", "fecha": "24-08-2026", "edicion": "44532" }, "geometry": { "type": "Polygon", "coordinates": [ [ [ -69.94643967075406, -25.416199918520135 ], [ -69.936497505382576, -25.4162635932732 ], [ -69.936706883536061, -25.443351396067886 ], [ -69.946651270930133, -25.443287643948331 ], [ -69.94643967075406, -25.416199918520135 ] ] ] } },
{ "type": "Feature", "properties": { "cve": "2857302", "nombre": "SALVIA SUR 9", "solicitante": "Verai Chile SpA", "region": "REGIÓN DE ANTOFAGASTA", "provincia": "Provincia de Antofagasta", "comuna": "Taltal", "superficie_ha": 100.0, "datum_original": "PSAD56", "huso": 19, "epsg_origen": 24879, "tipo_publicacion": "pedimento", "fuente_pdf": "http://www.diariooficial.interior.gob.cl/publicaciones/2026/08/24/44532/07/2857302.pdf", "archivo": "gm_pedimento_2857302.pdf", "fecha": "24-08-2026", "edicion": "44532" }, "geometry": { "type": "Polygon", "coordinates": [ [ [ -69.956239425314649, -25.39807708320695 ], [ -69.946298773366323, -25.398141378066828 ], [ -69.946369205127922, -25.40717065397498 ], [ -69.956310596672395, -25.407106333065364 ], [ -69.956239425314649, -25.39807708320695 ] ] ] } },
{ "type": "Feature", "properties": { "cve": "2858029", "nombre": "VICTORIA 1", "solicitante": "Valdés Vargas Victoria Carolina Fernanda", "region": "REGIÓN DE ANTOFAGASTA", "provincia": "Provincia de Antofagasta", "comuna": "Antofagasta", "superficie_ha": 100.0, "datum_original": "PSAD56", "huso": 19, "epsg_origen": 24879, "tipo_publicacion": "pedimento", "fuente_pdf": "http://www.diariooficial.interior.gob.cl/publicaciones/2026/08/24/44532/07/2858029.pdf", "archivo": "gm_pedimento_2858029.pdf", "fecha": "24-08-2026", "edicion": "44532" }, "geometry": { "type": "Polygon", "coordinates": [ [ [ -70.479160888066261, -23.368824883527353 ], [ -70.469379568737793, -23.368917051338773 ], [ -70.469479099638804, -23.3779470185987 ], [ -70.479261080934478, -23.377854811028758 ], [ -70.479160888066261, -23.368824883527353 ] ] ] } },
{ "type": "Feature", "properties": { "cve": "2858032", "nombre": "VICTORIA 13", "solicitante": "Valdés Vargas Victoria Carolina Fernanda", "region": "REGIÓN DE ANTOFAGASTA", "provincia": "Provincia de Antofagasta", "comuna": "Antofagasta", "superficie_ha": 300.0, "datum_original": "PSAD56", "huso": 19, "epsg_origen": 24879, "tipo_publicacion": "pedimento", "fuente_pdf": "http://www.diariooficial.interior.gob.cl/publicaciones/2026/08/24/44532/07/2858032.pdf", "archivo": "gm_pedimento_2858032.pdf", "fecha": "24-08-2026", "edicion": "44532" }, "geometry": { "type": "Polygon", "coordinates": [ [ [ -70.376477905414902, -23.372019752381831 ], [ -70.347131794003474, -23.372275200408872 ], [ -70.347223060494741, -23.381305639700553 ], [ -70.376571158554498, -23.381050081487267 ], [ -70.376477905414902, -23.372019752381831 ] ] ] } },
{ "type": "Feature", "properties": { "cve": "2858033", "nombre": "VICTORIA 17", "solicitante": "Valdés Vargas Victoria Carolina Fernanda", "region": "REGIÓN DE ANTOFAGASTA", "provincia": "Provincia de Antofagasta", "comuna": "Antofagasta", "superficie_ha": 300.0, "datum_original": "PSAD56", "huso": 19, "epsg_origen": 24879, "tipo_publicacion": "pedimento", "fuente_pdf": "http://www.diariooficial.interior.gob.cl/publicaciones/2026/08/24/44532/07/2858033.pdf", "archivo": "gm_pedimento_2858033.pdf", "fecha": "24-08-2026", "edicion": "44532" }, "geometry": { "type": "Polygon", "coordinates": [ [ [ -70.322407823258487, -23.345392218516487 ], [ -70.312627566595538, -23.345474510592894 ], [ -70.312894145497495, -23.372566270099469 ], [ -70.322676387007078, -23.372483871423704 ], [ -70.322407823258487, -23.345392218516487 ] ] ] } },
{ "type": "Feature", "properties": { "cve": "2858034", "nombre": "VICTORIA 21", "solicitante": "Valdés Vargas Victoria Carolina Fernanda", "region": "REGIÓN DE ANTOFAGASTA", "provincia": "Provincia de Antofagasta", "comuna": "Antofagasta", "superficie_ha": 100.0, "datum_original": "PSAD56", "huso": 19, "epsg_origen": 24879, "tipo_publicacion": "pedimento", "fuente_pdf": "http://www.diariooficial.interior.gob.cl/publicaciones/2026/08/24/44532/07/2858034.pdf", "archivo": "gm_pedimento_2858034.pdf", "fecha": "24-08-2026", "edicion": "44532" }, "geometry": { "type": "Polygon", "coordinates": [ [ [ -70.255731380638593, -23.327878136440106 ], [ -70.245952150055146, -23.327956209436 ], [ -70.246036383775035, -23.336987062947117 ], [ -70.255816275070373, -23.336908956223734 ], [ -70.255731380638593, -23.327878136440106 ] ] ] } },
{ "type": "Feature", "properties": { "cve": "2858035", "nombre": "VICTORIA 25", "solicitante": "Valdés Vargas Victoria Carolina Fernanda", "region": "REGIÓN DE ANTOFAGASTA", "provincia": "Provincia de Antofagasta", "comuna": "Antofagasta", "superficie_ha": 300.0, "datum_original": "PSAD56", "huso": 19, "epsg_origen": 24879, "tipo_publicacion": "pedimento", "fuente_pdf": "http://www.diariooficial.interior.gob.cl/publicaciones/2026/08/24/44532/07/2858035.pdf", "archivo": "gm_pedimento_2858035.pdf", "fecha": "24-08-2026", "edicion": "44532" }, "geometry": { "type": "Polygon", "coordinates": [ [ [ -70.28328653128392, -23.345717723774072 ], [ -70.253945104935411, -23.345955442151823 ], [ -70.254029952125649, -23.35498624711639 ], [ -70.283373362525253, -23.35474842610644 ], [ -70.28328653128392, -23.345717723774072 ] ] ] } },
{ "type": "Feature", "properties": { "cve": "2858036", "nombre": "VICTORIA 29", "solicitante": "Valdés Vargas Victoria Carolina Fernanda", "region": "REGIÓN DE ANTOFAGASTA", "provincia": "Provincia de Antofagasta", "comuna": "Antofagasta", "superficie_ha": 200.0, "datum_original": "PSAD56", "huso": 19, "epsg_origen": 24879, "tipo_publicacion": "pedimento", "fuente_pdf": "http://www.diariooficial.interior.gob.cl/publicaciones/2026/08/24/44532/07/2858036.pdf", "archivo": "gm_pedimento_2858036.pdf", "fecha": "24-08-2026", "edicion": "44532" }, "geometry": { "type": "Polygon", "coordinates": [ [ [ -70.244164544132744, -23.346033460492983 ], [ -70.234383941204882, -23.346110868257316 ], [ -70.234551031863035, -23.364172601604874 ], [ -70.244332957899232, -23.364095126996087 ], [ -70.244164544132744, -23.346033460492983 ] ] ] } },
{ "type": "Feature", "properties": { "cve": "2858037", "nombre": "VICTORIA 33", "solicitante": "Valdés Vargas Victoria Carolina Fernanda", "region": "REGIÓN DE ANTOFAGASTA", "provincia": "Provincia de Antofagasta", "comuna": "Antofagasta", "superficie_ha": 200.0, "datum_original": "PSAD56", "huso": 19, "epsg_origen": 24879, "tipo_publicacion": "pedimento", "fuente_pdf": "http://www.diariooficial.interior.gob.cl/publicaciones/2026/08/24/44532/07/2858037.pdf", "archivo": "gm_pedimento_2858037.pdf", "fecha": "24-08-2026", "edicion": "44532" }, "geometry": { "type": "Polygon", "coordinates": [ [ [ -70.288438347843041, -23.372769592365081 ], [ -70.268873513031252, -23.372929499250301 ], [ -70.268959481196703, -23.381960220772395 ], [ -70.288525640669548, -23.381800244911435 ], [ -70.288438347843041, -23.372769592365081 ] ] ] } },
{ "type": "Feature", "properties": { "cve": "2858038", "nombre": "VICTORIA 37", "solicitante": "Valdés Vargas Victoria Carolina Fernanda", "region": "REGIÓN DE ANTOFAGASTA", "provincia": "Provincia de Antofagasta", "comuna": "Antofagasta", "superficie_ha": 300.0, "datum_original": "PSAD56", "huso": 19, "epsg_origen": 24879, "tipo_publicacion": "pedimento", "fuente_pdf": "http://www.diariooficial.interior.gob.cl/publicaciones/2026/08/24/44532/07/2858038.pdf", "archivo": "gm_pedimento_2858038.pdf", "fecha": "24-08-2026", "edicion": "44532" }, "geometry": { "type": "Polygon", "coordinates": [ [ [ -70.308268993347426, -23.399698955251388 ], [ -70.27891597362526, -23.399941880511701 ], [ -70.279002734173361, -23.408972535212115 ], [ -70.308357743809907, -23.408729505260471 ], [ -70.308268993347426, -23.399698955251388 ] ] ] } },
{ "type": "Feature", "properties": { "cve": "2858030", "nombre": "VICTORIA 5", "solicitante": "Valdés Vargas Victoria Carolina Fernanda", "region": "REGIÓN DE ANTOFAGASTA", "provincia": "Provincia de Antofagasta", "comuna": "Antofagasta", "superficie_ha": 300.0, "datum_original": "PSAD56", "huso": 19, "epsg_origen": 24879, "tipo_publicacion": "pedimento", "fuente_pdf": "http://www.diariooficial.interior.gob.cl/publicaciones/2026/08/24/44532/07/2858030.pdf", "archivo": "gm_pedimento_2858030.pdf", "fecha": "24-08-2026", "edicion": "44532" }, "geometry": { "type": "Polygon", "coordinates": [ [ [ -70.430132761522486, -23.357991942219439 ], [ -70.400790404144246, -23.358257303301833 ], [ -70.4008852415418, -23.367287555084012 ], [ -70.430229583845446, -23.367022079488699 ], [ -70.430132761522486, -23.357991942219439 ] ] ] } },
{ "type": "Feature", "properties": { "cve": "2858031", "nombre": "VICTORIA 9", "solicitante": "Valdés Vargas Victoria Carolina Fernanda", "region": "REGIÓN DE ANTOFAGASTA", "provincia": "Provincia de Antofagasta", "comuna": "Antofagasta", "superficie_ha": 300.0, "datum_original": "PSAD56", "huso": 19, "epsg_origen": 24879, "tipo_publicacion": "pedimento", "fuente_pdf": "http://www.diariooficial.interior.gob.cl/publicaciones/2026/08/24/44532/07/2858031.pdf", "archivo": "gm_pedimento_2858031.pdf", "fecha": "24-08-2026", "edicion": "44532" }, "geometry": { "type": "Polygon", "coordinates": [ [ [ -70.400980126393108, -23.376317795993113 ], [ -70.371633370961376, -23.376577884246956 ], [ -70.371726316240753, -23.385608226450305 ], [ -70.401075058712465, -23.38534802602587 ], [ -70.400980126393108, -23.376317795993113 ] ] ] } },
{ "type": "Feature", "properties": { "cve": "2858251", "nombre": "ALONDRA 1", "solicitante": "Minera Mirasol Chile Limitada", "region": "REGIÓN DE ANTOFAGASTA", "provincia": "Provincia de El Loa", "comuna": "San Pedro de Atacama", "superficie_ha": 300.0, "datum_original": "WGS84", "huso": 19, "epsg_origen": 32719, "tipo_publicacion": "pedimento", "fuente_pdf": "http://www.diariooficial.interior.gob.cl/publicaciones/2026/08/24/44532/07/2858251.pdf", "archivo": "gm_pedimento_2858251.pdf", "fecha": "24-08-2026", "edicion": "44532" }, "geometry": { "type": "Polygon", "coordinates": [ [ [ -67.981421491311309, -24.130039779271051 ], [ -67.97158138560097, -24.129973823601656 ], [ -67.971364587819664, -24.157065794003277 ], [ -67.98120676701393, -24.157131832969181 ], [ -67.981421491311309, -24.130039779271051 ] ] ] } },
{ "type": "Feature", "properties": { "cve": "2858260", "nombre": "ALONDRA 10", "solicitante": "Minera Mirasol Chile Limitada", "region": "REGIÓN DE ANTOFAGASTA", "provincia": "Provincia de El Loa", "comuna": "San Pedro de Atacama", "superficie_ha": 300.0, "datum_original": "WGS84", "huso": 19, "epsg_origen": 32719, "tipo_publicacion": "pedimento", "fuente_pdf": "http://www.diariooficial.interior.gob.cl/publicaciones/2026/08/24/44532/07/2858260.pdf", "archivo": "gm_pedimento_2858260.pdf", "fecha": "24-08-2026", "edicion": "44532" }, "geometry": { "type": "Polygon", "coordinates": [ [ [ -67.961522444207134, -24.156999120366812 ], [ -67.951680336516546, -24.156931812068969 ], [ -67.951459065507194, -24.184023515401179 ], [ -67.961303249677286, -24.184090908631177 ], [ -67.961522444207134, -24.156999120366812 ] ] ] } },
{ "type": "Feature", "properties": { "cve": "2858261", "nombre": "ALONDRA 11", "solicitante": "Minera Mirasol Chile Limitada", "region": "REGIÓN DE ANTOFAGASTA", "provincia": "Provincia de El Loa", "comuna": "San Pedro de Atacama", "superficie_ha": 300.0, "datum_original": "WGS84", "huso": 19, "epsg_origen": 32719, "tipo_publicacion": "pedimento", "fuente_pdf": "http://www.diariooficial.interior.gob.cl/publicaciones/2026/08/24/44532/07/2858261.pdf", "archivo": "gm_pedimento_2858261.pdf", "fecha": "24-08-2026", "edicion": "44532" }, "geometry": { "type": "Polygon", "coordinates": [ [ [ -67.951680336516546, -24.156931812068969 ], [ -67.941838265088151, -24.156863869119 ], [ -67.941614917633046, -24.183955486718311 ], [ -67.951459065507194, -24.184023515401179 ], [ -67.951680336516546, -24.156931812068969 ] ] ] } },
{ "type": "Feature", "properties": { "cve": "2858262", "nombre": "ALONDRA 12", "solicitante": "Minera Mirasol Chile Limitada", "region": "REGIÓN DE ANTOFAGASTA", "provincia": "Provincia de El Loa", "comuna": "San Pedro de Atacama", "superficie_ha": 300.0, "datum_original": "WGS84", "huso": 19, "epsg_origen": 32719, "tipo_publicacion": "pedimento", "fuente_pdf": "http://www.diariooficial.interior.gob.cl/publicaciones/2026/08/24/44532/07/2858262.pdf", "archivo": "gm_pedimento_2858262.pdf", "fecha": "24-08-2026", "edicion": "44532" }, "geometry": { "type": "Polygon", "coordinates": [ [ [ -67.941838265088151, -24.156863869119 ], [ -67.931996230262186, -24.156795291526247 ], [ -67.931770806395406, -24.183886822591944 ], [ -67.941614917633046, -24.183955486718311 ], [ -67.941838265088151, -24.156863869119 ] ] ] } },
{ "type": "Feature", "properties": { "cve": "2858263", "nombre": "ALONDRA 13", "solicitante": "Minera Mirasol Chile Limitada", "region": "REGIÓN DE ANTOFAGASTA", "provincia": "Provincia de El Loa", "comuna": "San Pedro de Atacama", "superficie_ha": 300.0, "datum_original": "WGS84", "huso": 19, "epsg_origen": 32719, "tipo_publicacion": "pedimento", "fuente_pdf": "http://www.diariooficial.interior.gob.cl/publicaciones/2026/08/24/44532/07/2858263.pdf", "archivo": "gm_pedimento_2858263.pdf", "fecha": "24-08-2026", "edicion": "44532" }, "geometry": { "type": "Polygon", "coordinates": [ [ [ -67.931996230262186, -24.156795291526247 ], [ -67.922154232378844, -24.156726079300142 ], [ -67.921926732134821, -24.183817523031514 ], [ -67.931770806395406, -24.183886822591944 ], [ -67.931996230262186, -24.156795291526247 ] ] ] } },
{ "type": "Feature", "properties": { "cve": "2858264", "nombre": "ALONDRA 14", "solicitante": "Minera Mirasol Chile Limitada", "region": "REGIÓN DE ANTOFAGASTA", "provincia": "Provincia de El Loa", "comuna": "San Pedro de Atacama", "superficie_ha": 300.0, "datum_original": "WGS84", "huso": 19, "epsg_origen": 32719, "tipo_publicacion": "pedimento", "fuente_pdf": "http://www.diariooficial.interior.gob.cl/publicaciones/2026/08/24/44532/07/2858264.pdf", "archivo": "gm_pedimento_2858264.pdf", "fecha": "24-08-2026", "edicion": "44532" }, "geometry": { "type": "Polygon", "coordinates": [ [ [ -67.922154232378844, -24.156726079300142 ], [ -67.912312271778347, -24.156656232450207 ], [ -67.912082695191785, -24.183747588046547 ], [ -67.921926732134821, -24.183817523031514 ], [ -67.922154232378844, -24.156726079300142 ] ] ] } },
{ "type": "Feature", "properties": { "cve": "2858265", "nombre": "ALONDRA 15", "solicitante": "Minera Mirasol Chile Limitada", "region": "REGIÓN DE ANTOFAGASTA", "provincia": "Provincia de El Loa", "comuna": "San Pedro de Atacama", "superficie_ha": 300.0, "datum_original": "WGS84", "huso": 19, "epsg_origen": 32719, "tipo_publicacion": "pedimento", "fuente_pdf": "http://www.diariooficial.interior.gob.cl/publicaciones/2026/08/24/44532/07/2858265.pdf", "archivo": "gm_pedimento_2858265.pdf", "fecha": "24-08-2026", "edicion": "44532" }, "geometry": { "type": "Polygon", "coordinates": [ [ [ -67.912312271778347, -24.156656232450207 ], [ -67.902470348800904, -24.15658575098605 ], [ -67.902238695906846, -24.18367701764668 ], [ -67.912082695191785, -24.183747588046547 ], [ -67.912312271778347, -24.156656232450207 ] ] ] } },
{ "type": "Feature", "properties": { "cve": "2858266", "nombre": "ALONDRA 16", "solicitante": "Minera Mirasol Chile Limitada", "region": "REGIÓN DE ANTOFAGASTA", "provincia": "Provincia de El Loa", "comuna": "San Pedro de Atacama", "superficie_ha": 300.0, "datum_original": "WGS84", "huso": 19, "epsg_origen": 32719, "tipo_publicacion": "pedimento", "fuente_pdf": "http://www.diariooficial.interior.gob.cl/publicaciones/2026/08/24/44532/07/2858266.pdf", "archivo": "gm_pedimento_2858266.pdf", "fecha": "24-08-2026", "edicion": "44532" }, "geometry": { "type": "Polygon", "coordinates": [ [ [ -67.98099172554322, -24.184223788695576 ], [ -67.97114746980283, -24.184157666399042 ], [ -67.97093003125218, -24.211249440705373 ], [ -67.980776366603763, -24.211315646366721 ], [ -67.98099172554322, -24.184223788695576 ] ] ] } },
{ "type": "Feature", "properties": { "cve": "2858267", "nombre": "ALONDRA 17", "solicitante": "Minera Mirasol Chile Limitada", "region": "REGIÓN DE ANTOFAGASTA", "provincia": "Provincia de El Loa", "comuna": "San Pedro de Atacama", "superficie_ha": 300.0, "datum_original": "WGS84", "huso": 19, "epsg_origen": 32719, "tipo_publicacion": "pedimento", "fuente_pdf": "http://www.diariooficial.interior.gob.cl/publicaciones/2026/08/24/44532/07/2858267.pdf", "archivo": "gm_pedimento_2858267.pdf", "fecha": "24-08-2026", "edicion": "44532" }, "geometry": { "type": "Polygon", "coordinates": [ [ [ -67.97114746980283, -24.184157666399042 ], [ -67.961303249677286, -24.184090908631177 ], [ -67.961083731548655, -24.211182598771611 ], [ -67.97093003125218, -24.211249440705373 ], [ -67.97114746980283, -24.184157666399042 ] ] ] } },
{ "type": "Feature", "properties": { "cve": "2858268", "nombre": "ALONDRA 18", "solicitante": "Minera Mirasol Chile Limitada", "region": "REGIÓN DE ANTOFAGASTA", "provincia": "Provincia de El Loa", "comuna": "San Pedro de Atacama", "superficie_ha": 300.0, "datum_original": "WGS84", "huso": 19, "epsg_origen": 32719, "tipo_publicacion": "pedimento", "fuente_pdf": "http://www.diariooficial.interior.gob.cl/publicaciones/2026/08/24/44532/07/2858268.pdf", "archivo": "gm_pedimento_2858268.pdf", "fecha": "24-08-2026", "edicion": "44532" }, "geometry": { "type": "Polygon", "coordinates": [ [ [ -67.961303249677286, -24.184090908631177 ], [ -67.951459065507194, -24.184023515401179 ], [ -67.951237467834062, -24.211115120574629 ], [ -67.961083731548655, -24.211182598771611 ], [ -67.961303249677286, -24.184090908631177 ] ] ] } },
{ "type": "Feature", "properties": { "cve": "2858269", "nombre": "ALONDRA 19", "solicitante": "Minera Mirasol Chile Limitada", "region": "REGIÓN DE ANTOFAGASTA", "provincia": "Provincia de El Loa", "comuna": "San Pedro de Atacama", "superficie_ha": 300.0, "datum_original": "WGS84", "huso": 19, "epsg_origen": 32719, "tipo_publicacion": "pedimento", "fuente_pdf": "http://www.diariooficial.interior.gob.cl/publicaciones/2026/08/24/44532/07/2858269.pdf", "archivo": "gm_pedimento_2858269.pdf", "fecha": "24-08-2026", "edicion": "44532" }, "geometry": { "type": "Polygon", "coordinates": [ [ [ -67.951459065507194, -24.184023515401179 ], [ -67.941614917633046, -24.183955486718311 ], [ -67.941391240449306, -24.21104700612371 ], [ -67.951237467834062, -24.211115120574629 ], [ -67.951459065507194, -24.184023515401179 ] ] ] } },
{ "type": "Feature", "properties": { "cve": "2858252", "nombre": "ALONDRA 2", "solicitante": "Minera Mirasol Chile Limitada", "region": "REGIÓN DE ANTOFAGASTA", "provincia": "Provincia de El Loa", "comuna": "San Pedro de Atacama", "superficie_ha": 300.0, "datum_original": "WGS84", "huso": 19, "epsg_origen": 32719, "tipo_publicacion": "pedimento", "fuente_pdf": "http://www.diariooficial.interior.gob.cl/publicaciones/2026/08/24/44532/07/2858252.pdf", "archivo": "gm_pedimento_2858252.pdf", "fecha": "24-08-2026", "edicion": "44532" }, "geometry": { "type": "Polygon", "coordinates": [ [ [ -67.97158138560097, -24.129973823601656 ], [ -67.961741315439269, -24.129907234062156 ], [ -67.961522444207134, -24.156999120366812 ], [ -67.971364587819664, -24.157065794003277 ], [ -67.97158138560097, -24.129973823601656 ] ] ] } },
{ "type": "Feature", "properties": { "cve": "2858270", "nombre": "ALONDRA 20", "solicitante": "Minera Mirasol Chile Limitada", "region": "REGIÓN DE ANTOFAGASTA", "provincia": "Provincia de El Loa", "comuna": "San Pedro de Atacama", "superficie_ha": 300.0, "datum_original": "WGS84", "huso": 19, "epsg_origen": 32719, "tipo_publicacion": "pedimento", "fuente_pdf": "http://www.diariooficial.interior.gob.cl/publicaciones/2026/08/24/44532/07/2858270.pdf", "archivo": "gm_pedimento_2858270.pdf", "fecha": "24-08-2026", "edicion": "44532" }, "geometry": { "type": "Polygon", "coordinates": [ [ [ -67.941614917633046, -24.183955486718311 ], [ -67.931770806395406, -24.183886822591944 ], [ -67.931545049735192, -24.210978255428234 ], [ -67.941391240449306, -24.21104700612371 ], [ -67.941614917633046, -24.183955486718311 ] ] ] } },
{ "type": "Feature", "properties": { "cve": "2858271", "nombre": "ALONDRA 21", "solicitante": "Minera Mirasol Chile Limitada", "region": "REGIÓN DE ANTOFAGASTA", "provincia": "Provincia de El Loa", "comuna": "San Pedro de Atacama", "superficie_ha": 300.0, "datum_original": "WGS84", "huso": 19, "epsg_origen": 32719, "tipo_publicacion": "pedimento", "fuente_pdf": "http://www.diariooficial.interior.gob.cl/publicaciones/2026/08/24/44532/07/2858271.pdf", "archivo": "gm_pedimento_2858271.pdf", "fecha": "24-08-2026", "edicion": "44532" }, "geometry": { "type": "Polygon", "coordinates": [ [ [ -67.931770806395406, -24.183886822591944 ], [ -67.921926732134821, -24.183817523031514 ], [ -67.921698896032595, -24.210908868497661 ], [ -67.931545049735192, -24.210978255428234 ], [ -67.931770806395406, -24.183886822591944 ] ] ] } },
{ "type": "Feature", "properties": { "cve": "2858272", "nombre": "ALONDRA 22", "solicitante": "Minera Mirasol Chile Limitada", "region": "REGIÓN DE ANTOFAGASTA", "provincia": "Provincia de El Loa", "comuna": "San Pedro de Atacama", "superficie_ha": 300.0, "datum_original": "WGS84", "huso": 19, "epsg_origen": 32719, "tipo_publicacion": "pedimento", "fuente_pdf": "http://www.diariooficial.interior.gob.cl/publicaciones/2026/08/24/44532/07/2858272.pdf", "archivo": "gm_pedimento_2858272.pdf", "fecha": "24-08-2026", "edicion": "44532" }, "geometry": { "type": "Polygon", "coordinates": [ [ [ -67.921926732134821, -24.183817523031514 ], [ -67.912082695191785, -24.183747588046547 ], [ -67.911852779682363, -24.210838845341531 ], [ -67.921698896032595, -24.210908868497661 ], [ -67.921926732134821, -24.183817523031514 ] ] ] } },
{ "type": "Feature", "properties": { "cve": "2858273", "nombre": "ALONDRA 23", "solicitante": "Minera Mirasol Chile Limitada", "region": "REGIÓN DE ANTOFAGASTA", "provincia": "Provincia de El Loa", "comuna": "San Pedro de Atacama", "superficie_ha": 300.0, "datum_original": "WGS84", "huso": 19, "epsg_origen": 32719, "tipo_publicacion": "pedimento", "fuente_pdf": "http://www.diariooficial.interior.gob.cl/publicaciones/2026/08/24/44532/07/2858273.pdf", "archivo": "gm_pedimento_2858273.pdf", "fecha": "24-08-2026", "edicion": "44532" }, "geometry": { "type": "Polygon", "coordinates": [ [ [ -67.912082695191785, -24.183747588046547 ], [ -67.902238695906846, -24.18367701764668 ], [ -67.902006701025343, -24.210768185969485 ], [ -67.911852779682363, -24.210838845341531 ], [ -67.912082695191785, -24.183747588046547 ] ] ] } },
{ "type": "Feature", "properties": { "cve": "2858274", "nombre": "ALONDRA 24", "solicitante": "Minera Mirasol Chile Limitada", "region": "REGIÓN DE ANTOFAGASTA", "provincia": "Provincia de El Loa", "comuna": "San Pedro de Atacama", "superficie_ha": 300.0, "datum_original": "WGS84", "huso": 19, "epsg_origen": 32719, "tipo_publicacion": "pedimento", "fuente_pdf": "http://www.diariooficial.interior.gob.cl/publicaciones/2026/08/24/44532/07/2858274.pdf", "archivo": "gm_pedimento_2858274.pdf", "fecha": "24-08-2026", "edicion": "44532" }, "geometry": { "type": "Polygon", "coordinates": [ [ [ -67.991190783519997, -24.139135824002825 ], [ -67.981349951768792, -24.139070474717684 ], [ -67.981135121779744, -24.166162495767857 ], [ -67.990978028068071, -24.166227927560321 ], [ -67.991190783519997, -24.139135824002825 ] ] ] } },
{ "type": "Feature", "properties": { "cve": "2858275", "nombre": "ALONDRA 25", "solicitante": "Minera Mirasol Chile Limitada", "region": "REGIÓN DE ANTOFAGASTA", "provincia": "Provincia de El Loa", "comuna": "San Pedro de Atacama", "superficie_ha": 300.0, "datum_original": "WGS84", "huso": 19, "epsg_origen": 32719, "tipo_publicacion": "pedimento", "fuente_pdf": "http://www.diariooficial.interior.gob.cl/publicaciones/2026/08/24/44532/07/2858275.pdf", "archivo": "gm_pedimento_2858275.pdf", "fecha": "24-08-2026", "edicion": "44532" }, "geometry": { "type": "Polygon", "coordinates": [ [ [ -68.001031650150793, -24.139200539133018 ], [ -67.991190783519997, -24.139135824002825 ], [ -67.990978028068071, -24.166227927560321 ], [ -68.000820969268446, -24.166292724397259 ], [ -68.001031650150793, -24.139200539133018 ] ] ] } },
{ "type": "Feature", "properties": { "cve": "2858276", "nombre": "ALONDRA 26", "solicitante": "Minera Mirasol Chile Limitada", "region": "REGIÓN DE ANTOFAGASTA", "provincia": "Provincia de El Loa", "comuna": "San Pedro de Atacama", "superficie_ha": 300.0, "datum_original": "WGS84", "huso": 19, "epsg_origen": 32719, "tipo_publicacion": "pedimento", "fuente_pdf": "http://www.diariooficial.interior.gob.cl/publicaciones/2026/08/24/44532/07/2858276.pdf", "archivo": "gm_pedimento_2858276.pdf", "fecha": "24-08-2026", "edicion": "44532" }, "geometry": { "type": "Polygon", "coordinates": [ [ [ -68.010872551321114, -24.139264620099361 ], [ -68.001031650150793, -24.139200539133018 ], [ -68.000820969268446, -24.166292724397259 ], [ -68.010663945040505, -24.166356886269753 ], [ -68.010872551321114, -24.139264620099361 ] ] ] } },
{ "type": "Feature", "properties": { "cve": "2858277", "nombre": "ALONDRA 27", "solicitante": "Minera Mirasol Chile Limitada", "region": "REGIÓN DE ANTOFAGASTA", "provincia": "Provincia de El Loa", "comuna": "San Pedro de Atacama", "superficie_ha": 300.0, "datum_original": "WGS84", "huso": 19, "epsg_origen": 32719, "tipo_publicacion": "pedimento", "fuente_pdf": "http://www.diariooficial.interior.gob.cl/publicaciones/2026/08/24/44532/07/2858277.pdf", "archivo": "gm_pedimento_2858277.pdf", "fecha": "24-08-2026", "edicion": "44532" }, "geometry": { "type": "Polygon", "coordinates": [ [ [ -67.990978028068071, -24.166227927560321 ], [ -67.981135121779744, -24.166162495767857 ], [ -67.980919974518983, -24.193254418818441 ], [ -67.990764958407652, -24.193319933152033 ], [ -67.990978028068071, -24.166227927560321 ] ] ] } },
{ "type": "Feature", "properties": { "cve": "2858278", "nombre": "ALONDRA 28", "solicitante": "Minera Mirasol Chile Limitada", "region": "REGIÓN DE ANTOFAGASTA", "provincia": "Provincia de El Loa", "comuna": "San Pedro de Atacama", "superficie_ha": 300.0, "datum_original": "WGS84", "huso": 19, "epsg_origen": 32719, "tipo_publicacion": "pedimento", "fuente_pdf": "http://www.diariooficial.interior.gob.cl/publicaciones/2026/08/24/44532/07/2858278.pdf", "archivo": "gm_pedimento_2858278.pdf", "fecha": "24-08-2026", "edicion": "44532" }, "geometry": { "type": "Polygon", "coordinates": [ [ [ -68.000820969268446, -24.166292724397259 ], [ -67.990978028068071, -24.166227927560321 ], [ -67.990764958407652, -24.193319933152033 ], [ -68.000609977240913, -24.193384811729189 ], [ -68.000820969268446, -24.166292724397259 ] ] ] } },
{ "type": "Feature", "properties": { "cve": "2858279", "nombre": "ALONDRA 29", "solicitante": "Minera Mirasol Chile Limitada", "region": "REGIÓN DE ANTOFAGASTA", "provincia": "Provincia de El Loa", "comuna": "San Pedro de Atacama", "superficie_ha": 300.0, "datum_original": "WGS84", "huso": 19, "epsg_origen": 32719, "tipo_publicacion": "pedimento", "fuente_pdf": "http://www.diariooficial.interior.gob.cl/publicaciones/2026/08/24/44532/07/2858279.pdf", "archivo": "gm_pedimento_2858279.pdf", "fecha": "24-08-2026", "edicion": "44532" }, "geometry": { "type": "Polygon", "coordinates": [ [ [ -68.010663945040505, -24.166356886269753 ], [ -68.000820969268446, -24.166292724397259 ], [ -68.000609977240913, -24.193384811729189 ], [ -68.010455030678045, -24.193449054540995 ], [ -68.010663945040505, -24.166356886269753 ] ] ] } },
{ "type": "Feature", "properties": { "cve": "2858253", "nombre": "ALONDRA 3", "solicitante": "Minera Mirasol Chile Limitada", "region": "REGIÓN DE ANTOFAGASTA", "provincia": "Provincia de El Loa", "comuna": "San Pedro de Atacama", "superficie_ha": 300.0, "datum_original": "WGS84", "huso": 19, "epsg_origen": 32719, "tipo_publicacion": "pedimento", "fuente_pdf": "http://www.diariooficial.interior.gob.cl/publicaciones/2026/08/24/44532/07/2858253.pdf", "archivo": "gm_pedimento_2858253.pdf", "fecha": "24-08-2026", "edicion": "44532" }, "geometry": { "type": "Polygon", "coordinates": [ [ [ -67.961741315439269, -24.129907234062156 ], [ -67.95190128116613, -24.129840010661695 ], [ -67.951680336516546, -24.156931812068969 ], [ -67.961522444207134, -24.156999120366812 ], [ -67.961741315439269, -24.129907234062156 ] ] ] } },
{ "type": "Feature", "properties": { "cve": "2858280", "nombre": "ALONDRA 30", "solicitante": "Minera Mirasol Chile Limitada", "region": "REGIÓN DE ANTOFAGASTA", "provincia": "Provincia de El Loa", "comuna": "San Pedro de Atacama", "superficie_ha": 300.0, "datum_original": "WGS84", "huso": 19, "epsg_origen": 32719, "tipo_publicacion": "pedimento", "fuente_pdf": "http://www.diariooficial.interior.gob.cl/publicaciones/2026/08/24/44532/07/2858280.pdf", "archivo": "gm_pedimento_2858280.pdf", "fecha": "24-08-2026", "edicion": "44532" }, "geometry": { "type": "Polygon", "coordinates": [ [ [ -68.020506955043871, -24.166420413168989 ], [ -68.010663945040505, -24.166356886269753 ], [ -68.010455030678045, -24.193449054540995 ], [ -68.020300118378401, -24.193512661578598 ], [ -68.020506955043871, -24.166420413168989 ] ] ] } },
{ "type": "Feature", "properties": { "cve": "2858281", "nombre": "ALONDRA 31", "solicitante": "Minera Mirasol Chile Limitada", "region": "REGIÓN DE ANTOFAGASTA", "provincia": "Provincia de El Loa", "comuna": "San Pedro de Atacama", "superficie_ha": 300.0, "datum_original": "WGS84", "huso": 19, "epsg_origen": 32719, "tipo_publicacion": "pedimento", "fuente_pdf": "http://www.diariooficial.interior.gob.cl/publicaciones/2026/08/24/44532/07/2858281.pdf", "archivo": "gm_pedimento_2858281.pdf", "fecha": "24-08-2026", "edicion": "44532" }, "geometry": { "type": "Polygon", "coordinates": [ [ [ -68.030349998938163, -24.166483305086221 ], [ -68.020506955043871, -24.166420413168989 ], [ -68.020300118378401, -24.193512661578598 ], [ -68.030145240001261, -24.193575632833259 ], [ -68.030349998938163, -24.166483305086221 ] ] ] } },
{ "type": "Feature", "properties": { "cve": "2858282", "nombre": "ALONDRA 32", "solicitante": "Minera Mirasol Chile Limitada", "region": "REGIÓN DE ANTOFAGASTA", "provincia": "Provincia de El Loa", "comuna": "San Pedro de Atacama", "superficie_ha": 300.0, "datum_original": "WGS84", "huso": 19, "epsg_origen": 32719, "tipo_publicacion": "pedimento", "fuente_pdf": "http://www.diariooficial.interior.gob.cl/publicaciones/2026/08/24/44532/07/2858282.pdf", "archivo": "gm_pedimento_2858282.pdf", "fecha": "24-08-2026", "edicion": "44532" }, "geometry": { "type": "Polygon", "coordinates": [ [ [ -68.040193076382991, -24.166545562012789 ], [ -68.030349998938163, -24.166483305086221 ], [ -68.030145240001261, -24.193575632833259 ], [ -68.039990395205919, -24.193637968296304 ], [ -68.040193076382991, -24.166545562012789 ] ] ] } },
{ "type": "Feature", "properties": { "cve": "2858283", "nombre": "ALONDRA 33", "solicitante": "Minera Mirasol Chile Limitada", "region": "REGIÓN DE ANTOFAGASTA", "provincia": "Provincia de El Loa", "comuna": "San Pedro de Atacama", "superficie_ha": 300.0, "datum_original": "WGS84", "huso": 19, "epsg_origen": 32719, "tipo_publicacion": "pedimento", "fuente_pdf": "http://www.diariooficial.interior.gob.cl/publicaciones/2026/08/24/44532/07/2858283.pdf", "archivo": "gm_pedimento_2858283.pdf", "fecha": "24-08-2026", "edicion": "44532" }, "geometry": { "type": "Polygon", "coordinates": [ [ [ -68.050036187037975, -24.166607183940144 ], [ -68.040193076382991, -24.166545562012789 ], [ -68.039990395205919, -24.193637968296304 ], [ -68.049835583651685, -24.193699667959155 ], [ -68.050036187037975, -24.166607183940144 ] ] ] } },
{ "type": "Feature", "properties": { "cve": "2858284", "nombre": "ALONDRA 34", "solicitante": "Minera Mirasol Chile Limitada", "region": "REGIÓN DE ANTOFAGASTA", "provincia": "Provincia de El Loa", "comuna": "San Pedro de Atacama", "superficie_ha": 300.0, "datum_original": "WGS84", "huso": 19, "epsg_origen": 32719, "tipo_publicacion": "pedimento", "fuente_pdf": "http://www.diariooficial.interior.gob.cl/publicaciones/2026/08/24/44532/07/2858284.pdf", "archivo": "gm_pedimento_2858284.pdf", "fecha": "24-08-2026", "edicion": "44532" }, "geometry": { "type": "Polygon", "coordinates": [ [ [ -68.059879330562708, -24.166668170859811 ], [ -68.050036187037975, -24.166607183940144 ], [ -68.049835583651685, -24.193699667959155 ], [ -68.059680804997797, -24.193760731813331 ], [ -68.059879330562708, -24.166668170859811 ] ] ] } },
{ "type": "Feature", "properties": { "cve": "2858285", "nombre": "ALONDRA 35", "solicitante": "Minera Mirasol Chile Limitada", "region": "REGIÓN DE ANTOFAGASTA", "provincia": "Provincia de El Loa", "comuna": "San Pedro de Atacama", "superficie_ha": 300.0, "datum_original": "WGS84", "huso": 19, "epsg_origen": 32719, "tipo_publicacion": "pedimento", "fuente_pdf": "http://www.diariooficial.interior.gob.cl/publicaciones/2026/08/24/44532/07/2858285.pdf", "archivo": "gm_pedimento_2858285.pdf", "fecha": "24-08-2026", "edicion": "44532" }, "geometry": { "type": "Polygon", "coordinates": [ [ [ -68.025222674970806, -24.193544226679339 ], [ -68.015377570266622, -24.193480937532119 ], [ -68.015169387912934, -24.220573048006681 ], [ -68.025016573396243, -24.220636416924517 ], [ -68.025222674970806, -24.193544226679339 ] ] ] } },
{ "type": "Feature", "properties": { "cve": "2858286", "nombre": "ALONDRA 36", "solicitante": "Minera Mirasol Chile Limitada", "region": "REGIÓN DE ANTOFAGASTA", "provincia": "Provincia de El Loa", "comuna": "San Pedro de Atacama", "superficie_ha": 300.0, "datum_original": "WGS84", "huso": 19, "epsg_origen": 32719, "tipo_publicacion": "pedimento", "fuente_pdf": "http://www.diariooficial.interior.gob.cl/publicaciones/2026/08/24/44532/07/2858286.pdf", "archivo": "gm_pedimento_2858286.pdf", "fecha": "24-08-2026", "edicion": "44532" }, "geometry": { "type": "Polygon", "coordinates": [ [ [ -68.035067813427162, -24.193606880039265 ], [ -68.025222674970806, -24.193544226679339 ], [ -68.025016573396243, -24.220636416924517 ], [ -68.034863792663188, -24.220699149253782 ], [ -68.035067813427162, -24.193606880039265 ] ] ] } },
{ "type": "Feature", "properties": { "cve": "2858287", "nombre": "ALONDRA 37", "solicitante": "Minera Mirasol Chile Limitada", "region": "REGIÓN DE ANTOFAGASTA", "provincia": "Provincia de El Loa", "comuna": "San Pedro de Atacama", "superficie_ha": 300.0, "datum_original": "WGS84", "huso": 19, "epsg_origen": 32719, "tipo_publicacion": "pedimento", "fuente_pdf": "http://www.diariooficial.interior.gob.cl/publicaciones/2026/08/24/44532/07/2858287.pdf", "archivo": "gm_pedimento_2858287.pdf", "fecha": "24-08-2026", "edicion": "44532" }, "geometry": { "type": "Polygon", "coordinates": [ [ [ -68.044912985294957, -24.193668897603281 ], [ -68.035067813427162, -24.193606880039265 ], [ -68.034863792663188, -24.220699149253782 ], [ -68.04471104537275, -24.220761244985841 ], [ -68.044912985294957, -24.193668897603281 ] ] ] } },
{ "type": "Feature", "properties": { "cve": "2858289", "nombre": "ALONDRA 38", "solicitante": "Minera Mirasol Chile Limitada", "region": "REGIÓN DE ANTOFAGASTA", "provincia": "Provincia de El Loa", "comuna": "San Pedro de Atacama", "superficie_ha": 300.0, "datum_original": "WGS84", "huso": 19, "epsg_origen": 32719, "tipo_publicacion": "pedimento", "fuente_pdf": "http://www.diariooficial.interior.gob.cl/publicaciones/2026/08/24/44532/07/2858289.pdf", "archivo": "gm_pedimento_2858289.pdf", "fecha": "24-08-2026", "edicion": "44532" }, "geometry": { "type": "Polygon", "coordinates": [ [ [ -68.054758190233485, -24.193730279362857 ], [ -68.044912985294957, -24.193668897603281 ], [ -68.04471104537275, -24.220761244985841 ], [ -68.054558331183912, -24.220822704112148 ], [ -68.054758190233485, -24.193730279362857 ] ] ] } },
{ "type": "Feature", "properties": { "cve": "2858290", "nombre": "ALONDRA 39", "solicitante": "Minera Mirasol Chile Limitada", "region": "REGIÓN DE ANTOFAGASTA", "provincia": "Provincia de El Loa", "comuna": "San Pedro de Atacama", "superficie_ha": 300.0, "datum_original": "WGS84", "huso": 19, "epsg_origen": 32719, "tipo_publicacion": "pedimento", "fuente_pdf": "http://www.diariooficial.interior.gob.cl/publicaciones/2026/08/24/44532/07/2858290.pdf", "archivo": "gm_pedimento_2858290.pdf", "fecha": "24-08-2026", "edicion": "44532" }, "geometry": { "type": "Polygon", "coordinates": [ [ [ -68.064603427902043, -24.193791025309537 ], [ -68.054758190233485, -24.193730279362857 ], [ -68.054558331183912, -24.220822704112148 ], [ -68.064405649755599, -24.220883526624249 ], [ -68.064603427902043, -24.193791025309537 ] ] ] } },
{ "type": "Feature", "properties": { "cve": "2858254", "nombre": "ALONDRA 4", "solicitante": "Minera Mirasol Chile Limitada", "region": "REGIÓN DE ANTOFAGASTA", "provincia": "Provincia de El Loa", "comuna": "San Pedro de Atacama", "superficie_ha": 300.0, "datum_original": "WGS84", "huso": 19, "epsg_origen": 32719, "tipo_publicacion": "pedimento", "fuente_pdf": "http://www.diariooficial.interior.gob.cl/publicaciones/2026/08/24/44532/07/2858254.pdf", "archivo": "gm_pedimento_2858254.pdf", "fecha": "24-08-2026", "edicion": "44532" }, "geometry": { "type": "Polygon", "coordinates": [ [ [ -67.95190128116613, -24.129840010661695 ], [ -67.942061283121475, -24.129772153409522 ], [ -67.941838265088151, -24.156863869119 ], [ -67.951680336516546, -24.156931812068969 ], [ -67.95190128116613, -24.129840010661695 ] ] ] } },
{ "type": "Feature", "properties": { "cve": "2858291", "nombre": "ALONDRA 40", "solicitante": "Minera Mirasol Chile Limitada", "region": "REGIÓN DE ANTOFAGASTA", "provincia": "Provincia de El Loa", "comuna": "San Pedro de Atacama", "superficie_ha": 300.0, "datum_original": "WGS84", "huso": 19, "epsg_origen": 32719, "tipo_publicacion": "pedimento", "fuente_pdf": "http://www.diariooficial.interior.gob.cl/publicaciones/2026/08/24/44532/07/2858291.pdf", "archivo": "gm_pedimento_2858291.pdf", "fecha": "24-08-2026", "edicion": "44532" }, "geometry": { "type": "Polygon", "coordinates": [ [ [ -68.074448697959866, -24.193851135434965 ], [ -68.064603427902043, -24.193791025309537 ], [ -68.064405649755599, -24.220883526624249 ], [ -68.074253000746779, -24.220943712513769 ], [ -68.074448697959866, -24.193851135434965 ] ] ] } },
{ "type": "Feature", "properties": { "cve": "2858292", "nombre": "ALONDRA 41", "solicitante": "Minera Mirasol Chile Limitada", "region": "REGIÓN DE ANTOFAGASTA", "provincia": "Provincia de El Loa", "comuna": "San Pedro de Atacama", "superficie_ha": 300.0, "datum_original": "WGS84", "huso": 19, "epsg_origen": 32719, "tipo_publicacion": "pedimento", "fuente_pdf": "http://www.diariooficial.interior.gob.cl/publicaciones/2026/08/24/44532/07/2858292.pdf", "archivo": "gm_pedimento_2858292.pdf", "fecha": "24-08-2026", "edicion": "44532" }, "geometry": { "type": "Polygon", "coordinates": [ [ [ -68.084294000066237, -24.193910609730878 ], [ -68.074448697959866, -24.193851135434965 ], [ -68.074253000746779, -24.220943712513769 ], [ -68.084100383816406, -24.221003261772417 ], [ -68.084294000066237, -24.193910609730878 ] ] ] } },
{ "type": "Feature", "properties": { "cve": "2858293", "nombre": "ALONDRA 42", "solicitante": "Minera Mirasol Chile Limitada", "region": "REGIÓN DE ANTOFAGASTA", "provincia": "Provincia de El Loa", "comuna": "San Pedro de Atacama", "superficie_ha": 300.0, "datum_original": "WGS84", "huso": 19, "epsg_origen": 32719, "tipo_publicacion": "pedimento", "fuente_pdf": "http://www.diariooficial.interior.gob.cl/publicaciones/2026/08/24/44532/07/2858293.pdf", "archivo": "gm_pedimento_2858293.pdf", "fecha": "24-08-2026", "edicion": "44532" }, "geometry": { "type": "Polygon", "coordinates": [ [ [ -68.04471104537275, -24.220761244985841 ], [ -68.034863792663188, -24.220699149253782 ], [ -68.03465947091567, -24.247791320484318 ], [ -68.044508807536289, -24.247853494416532 ], [ -68.04471104537275, -24.220761244985841 ] ] ] } },
{ "type": "Feature", "properties": { "cve": "2858294", "nombre": "ALONDRA 43", "solicitante": "Minera Mirasol Chile Limitada", "region": "REGIÓN DE ANTOFAGASTA", "provincia": "Provincia de El Loa", "comuna": "San Pedro de Atacama", "superficie_ha": 300.0, "datum_original": "WGS84", "huso": 19, "epsg_origen": 32719, "tipo_publicacion": "pedimento", "fuente_pdf": "http://www.diariooficial.interior.gob.cl/publicaciones/2026/08/24/44532/07/2858294.pdf", "archivo": "gm_pedimento_2858294.pdf", "fecha": "24-08-2026", "edicion": "44532" }, "geometry": { "type": "Polygon", "coordinates": [ [ [ -68.054558331183912, -24.220822704112148 ], [ -68.04471104537275, -24.220761244985841 ], [ -68.044508807536289, -24.247853494416532 ], [ -68.054358177289387, -24.24791503094136 ], [ -68.054558331183912, -24.220822704112148 ] ] ] } },
{ "type": "Feature", "properties": { "cve": "2858295", "nombre": "ALONDRA 44", "solicitante": "Minera Mirasol Chile Limitada", "region": "REGIÓN DE ANTOFAGASTA", "provincia": "Provincia de El Loa", "comuna": "San Pedro de Atacama", "superficie_ha": 300.0, "datum_original": "WGS84", "huso": 19, "epsg_origen": 32719, "tipo_publicacion": "pedimento", "fuente_pdf": "http://www.diariooficial.interior.gob.cl/publicaciones/2026/08/24/44532/07/2858295.pdf", "archivo": "gm_pedimento_2858295.pdf", "fecha": "24-08-2026", "edicion": "44532" }, "geometry": { "type": "Polygon", "coordinates": [ [ [ -68.064405649755599, -24.220883526624249 ], [ -68.054558331183912, -24.220822704112148 ], [ -68.054358177289387, -24.24791503094136 ], [ -68.064207579833635, -24.24797593005033 ], [ -68.064405649755599, -24.220883526624249 ] ] ] } },
{ "type": "Feature", "properties": { "cve": "2858296", "nombre": "ALONDRA 45", "solicitante": "Minera Mirasol Chile Limitada", "region": "REGIÓN DE ANTOFAGASTA", "provincia": "Provincia de El Loa", "comuna": "San Pedro de Atacama", "superficie_ha": 300.0, "datum_original": "WGS84", "huso": 19, "epsg_origen": 32719, "tipo_publicacion": "pedimento", "fuente_pdf": "http://www.diariooficial.interior.gob.cl/publicaciones/2026/08/24/44532/07/2858296.pdf", "archivo": "gm_pedimento_2858296.pdf", "fecha": "24-08-2026", "edicion": "44532" }, "geometry": { "type": "Polygon", "coordinates": [ [ [ -68.074253000746779, -24.220943712513769 ], [ -68.064405649755599, -24.220883526624249 ], [ -68.064207579833635, -24.24797593005033 ], [ -68.074057014827645, -24.248036191735064 ], [ -68.074253000746779, -24.220943712513769 ] ] ] } },
{ "type": "Feature", "properties": { "cve": "2858297", "nombre": "ALONDRA 46", "solicitante": "Minera Mirasol Chile Limitada", "region": "REGIÓN DE ANTOFAGASTA", "provincia": "Provincia de El Loa", "comuna": "San Pedro de Atacama", "superficie_ha": 300.0, "datum_original": "WGS84", "huso": 19, "epsg_origen": 32719, "tipo_publicacion": "pedimento", "fuente_pdf": "http://www.diariooficial.interior.gob.cl/publicaciones/2026/08/24/44532/07/2858297.pdf", "archivo": "gm_pedimento_2858297.pdf", "fecha": "24-08-2026", "edicion": "44532" }, "geometry": { "type": "Polygon", "coordinates": [ [ [ -68.084100383816406, -24.221003261772417 ], [ -68.074253000746779, -24.220943712513769 ], [ -68.074057014827645, -24.248036191735064 ], [ -68.083906481930057, -24.248095815987256 ], [ -68.084100383816406, -24.221003261772417 ] ] ] } },
{ "type": "Feature", "properties": { "cve": "2858298", "nombre": "ALONDRA 47", "solicitante": "Minera Mirasol Chile Limitada", "region": "REGIÓN DE ANTOFAGASTA", "provincia": "Provincia de El Loa", "comuna": "San Pedro de Atacama", "superficie_ha": 300.0, "datum_original": "WGS84", "huso": 19, "epsg_origen": 32719, "tipo_publicacion": "pedimento", "fuente_pdf": "http://www.diariooficial.interior.gob.cl/publicaciones/2026/08/24/44532/07/2858298.pdf", "archivo": "gm_pedimento_2858298.pdf", "fecha": "24-08-2026", "edicion": "44532" }, "geometry": { "type": "Polygon", "coordinates": [ [ [ -68.093947798623418, -24.221062174392014 ], [ -68.084100383816406, -24.221003261772417 ], [ -68.083906481930057, -24.248095815987256 ], [ -68.093755980799472, -24.248154802798702 ], [ -68.093947798623418, -24.221062174392014 ] ] ] } },
{ "type": "Feature", "properties": { "cve": "2858299", "nombre": "ALONDRA 48", "solicitante": "Minera Mirasol Chile Limitada", "region": "REGIÓN DE ANTOFAGASTA", "provincia": "Provincia de El Loa", "comuna": "San Pedro de Atacama", "superficie_ha": 300.0, "datum_original": "WGS84", "huso": 19, "epsg_origen": 32719, "tipo_publicacion": "pedimento", "fuente_pdf": "http://www.diariooficial.interior.gob.cl/publicaciones/2026/08/24/44532/07/2858299.pdf", "archivo": "gm_pedimento_2858299.pdf", "fecha": "24-08-2026", "edicion": "44532" }, "geometry": { "type": "Polygon", "coordinates": [ [ [ -68.103795244826756, -24.221120450364438 ], [ -68.093947798623418, -24.221062174392014 ], [ -68.093755980799472, -24.248154802798702 ], [ -68.103605511094528, -24.248213152161281 ], [ -68.103795244826756, -24.221120450364438 ] ] ] } },
{ "type": "Feature", "properties": { "cve": "2858300", "nombre": "ALONDRA 49", "solicitante": "Minera Mirasol Chile Limitada", "region": "REGIÓN DE ANTOFAGASTA", "provincia": "Provincia de El Loa", "comuna": "San Pedro de Atacama", "superficie_ha": 300.0, "datum_original": "WGS84", "huso": 19, "epsg_origen": 32719, "tipo_publicacion": "pedimento", "fuente_pdf": "http://www.diariooficial.interior.gob.cl/publicaciones/2026/08/24/44532/07/2858300.pdf", "archivo": "gm_pedimento_2858300.pdf", "fecha": "24-08-2026", "edicion": "44532" }, "geometry": { "type": "Polygon", "coordinates": [ [ [ -68.113642722085331, -24.221178089681672 ], [ -68.103795244826756, -24.221120450364438 ], [ -68.103605511094528, -24.248213152161281 ], [ -68.11345507247384, -24.248270864066967 ], [ -68.113642722085331, -24.221178089681672 ] ] ] } },
{ "type": "Feature", "properties": { "cve": "2858255", "nombre": "ALONDRA 5", "solicitante": "Minera Mirasol Chile Limitada", "region": "REGIÓN DE ANTOFAGASTA", "provincia": "Provincia de El Loa", "comuna": "San Pedro de Atacama", "superficie_ha": 300.0, "datum_original": "WGS84", "huso": 19, "epsg_origen": 32719, "tipo_publicacion": "pedimento", "fuente_pdf": "http://www.diariooficial.interior.gob.cl/publicaciones/2026/08/24/44532/07/2858255.pdf", "archivo": "gm_pedimento_2858255.pdf", "fecha": "24-08-2026", "edicion": "44532" }, "geometry": { "type": "Polygon", "coordinates": [ [ [ -67.942061283121475, -24.129772153409522 ], [ -67.932221321645216, -24.129703662314959 ], [ -67.931996230262186, -24.156795291526247 ], [ -67.941838265088151, -24.156863869119 ], [ -67.942061283121475, -24.129772153409522 ] ] ] } },
{ "type": "Feature", "properties": { "cve": "2858301", "nombre": "ALONDRA 50", "solicitante": "Minera Mirasol Chile Limitada", "region": "REGIÓN DE ANTOFAGASTA", "provincia": "Provincia de El Loa", "comuna": "San Pedro de Atacama", "superficie_ha": 300.0, "datum_original": "WGS84", "huso": 19, "epsg_origen": 32719, "tipo_publicacion": "pedimento", "fuente_pdf": "http://www.diariooficial.interior.gob.cl/publicaciones/2026/08/24/44532/07/2858301.pdf", "archivo": "gm_pedimento_2858301.pdf", "fecha": "24-08-2026", "edicion": "44532" }, "geometry": { "type": "Polygon", "coordinates": [ [ [ -68.083906481930057, -24.248095815987256 ], [ -68.074057014827645, -24.248036191735064 ], [ -68.073860739932897, -24.275128573016069 ], [ -68.083712294140454, -24.275188272292656 ], [ -68.083906481930057, -24.248095815987256 ] ] ] } },
{ "type": "Feature", "properties": { "cve": "2858302", "nombre": "ALONDRA 51", "solicitante": "Minera Mirasol Chile Limitada", "region": "REGIÓN DE ANTOFAGASTA", "provincia": "Provincia de El Loa", "comuna": "San Pedro de Atacama", "superficie_ha": 300.0, "datum_original": "WGS84", "huso": 19, "epsg_origen": 32719, "tipo_publicacion": "pedimento", "fuente_pdf": "http://www.diariooficial.interior.gob.cl/publicaciones/2026/08/24/44532/07/2858302.pdf", "archivo": "gm_pedimento_2858302.pdf", "fecha": "24-08-2026", "edicion": "44532" }, "geometry": { "type": "Polygon", "coordinates": [ [ [ -68.093755980799472, -24.248154802798702 ], [ -68.083906481930057, -24.248095815987256 ], [ -68.083712294140454, -24.275188272292656 ], [ -68.093563880144742, -24.275247333326472 ], [ -68.093755980799472, -24.248154802798702 ] ] ] } },
{ "type": "Feature", "properties": { "cve": "2858303", "nombre": "ALONDRA 52", "solicitante": "Minera Mirasol Chile Limitada", "region": "REGIÓN DE ANTOFAGASTA", "provincia": "Provincia de El Loa", "comuna": "San Pedro de Atacama", "superficie_ha": 300.0, "datum_original": "WGS84", "huso": 19, "epsg_origen": 32719, "tipo_publicacion": "pedimento", "fuente_pdf": "http://www.diariooficial.interior.gob.cl/publicaciones/2026/08/24/44532/07/2858303.pdf", "archivo": "gm_pedimento_2858303.pdf", "fecha": "24-08-2026", "edicion": "44532" }, "geometry": { "type": "Polygon", "coordinates": [ [ [ -68.103605511094528, -24.248213152161281 ], [ -68.093755980799472, -24.248154802798702 ], [ -68.093563880144742, -24.275247333326472 ], [ -68.103415497604033, -24.275305756109404 ], [ -68.103605511094528, -24.248213152161281 ] ] ] } },
{ "type": "Feature", "properties": { "cve": "2858304", "nombre": "ALONDRA 54", "solicitante": "Minera Mirasol Chile Limitada", "region": "REGIÓN DE ANTOFAGASTA", "provincia": "Provincia de El Loa", "comuna": "San Pedro de Atacama", "superficie_ha": 300.0, "datum_original": "WGS84", "huso": 19, "epsg_origen": 32719, "tipo_publicacion": "pedimento", "fuente_pdf": "http://www.diariooficial.interior.gob.cl/publicaciones/2026/08/24/44532/07/2858304.pdf", "archivo": "gm_pedimento_2858304.pdf", "fecha": "24-08-2026", "edicion": "44532" }, "geometry": { "type": "Polygon", "coordinates": [ [ [ -68.074057014827645, -24.248036191735064 ], [ -68.044508807536289, -24.247853494416532 ], [ -68.044441328672889, -24.25688422244534 ], [ -68.073991621984462, -24.257066996381742 ], [ -68.074057014827645, -24.248036191735064 ] ] ] } },
{ "type": "Feature", "properties": { "cve": "2858305", "nombre": "ALONDRA 55", "solicitante": "Minera Mirasol Chile Limitada", "region": "REGIÓN DE ANTOFAGASTA", "provincia": "Provincia de El Loa", "comuna": "San Pedro de Atacama", "superficie_ha": 300.0, "datum_original": "WGS84", "huso": 19, "epsg_origen": 32719, "tipo_publicacion": "pedimento", "fuente_pdf": "http://www.diariooficial.interior.gob.cl/publicaciones/2026/08/24/44532/07/2858305.pdf", "archivo": "gm_pedimento_2858305.pdf", "fecha": "24-08-2026", "edicion": "44532" }, "geometry": { "type": "Polygon", "coordinates": [ [ [ -68.044508807536289, -24.247853494416532 ], [ -68.014960898437266, -24.247665060432045 ], [ -68.014891333646531, -24.256695709437423 ], [ -68.044441328672889, -24.25688422244534 ], [ -68.044508807536289, -24.247853494416532 ] ] ] } },
{ "type": "Feature", "properties": { "cve": "2858306", "nombre": "ALONDRA 56", "solicitante": "Minera Mirasol Chile Limitada", "region": "REGIÓN DE ANTOFAGASTA", "provincia": "Provincia de El Loa", "comuna": "San Pedro de Atacama", "superficie_ha": 300.0, "datum_original": "WGS84", "huso": 19, "epsg_origen": 32719, "tipo_publicacion": "pedimento", "fuente_pdf": "http://www.diariooficial.interior.gob.cl/publicaciones/2026/08/24/44532/07/2858306.pdf", "archivo": "gm_pedimento_2858306.pdf", "fecha": "24-08-2026", "edicion": "44532" }, "geometry": { "type": "Polygon", "coordinates": [ [ [ -68.073991621984462, -24.257066996381742 ], [ -68.044441328672889, -24.25688422244534 ], [ -68.044373816666692, -24.265914939578323 ], [ -68.073926197022871, -24.2660977901431 ], [ -68.073991621984462, -24.257066996381742 ] ] ] } },
{ "type": "Feature", "properties": { "cve": "2858307", "nombre": "ALONDRA 57", "solicitante": "Minera Mirasol Chile Limitada", "region": "REGIÓN DE ANTOFAGASTA", "provincia": "Provincia de El Loa", "comuna": "San Pedro de Atacama", "superficie_ha": 300.0, "datum_original": "WGS84", "huso": 19, "epsg_origen": 32719, "tipo_publicacion": "pedimento", "fuente_pdf": "http://www.diariooficial.interior.gob.cl/publicaciones/2026/08/24/44532/07/2858307.pdf", "archivo": "gm_pedimento_2858307.pdf", "fecha": "24-08-2026", "edicion": "44532" }, "geometry": { "type": "Polygon", "coordinates": [ [ [ -68.044441328672889, -24.25688422244534 ], [ -68.014891333646531, -24.256695709437423 ], [ -68.01482173468861, -24.26572634753613 ], [ -68.044373816666692, -24.265914939578323 ], [ -68.044441328672889, -24.25688422244534 ] ] ] } },
{ "type": "Feature", "properties": { "cve": "2858308", "nombre": "ALONDRA 58", "solicitante": "Minera Mirasol Chile Limitada", "region": "REGIÓN DE ANTOFAGASTA", "provincia": "Provincia de El Loa", "comuna": "San Pedro de Atacama", "superficie_ha": 300.0, "datum_original": "WGS84", "huso": 19, "epsg_origen": 32719, "tipo_publicacion": "pedimento", "fuente_pdf": "http://www.diariooficial.interior.gob.cl/publicaciones/2026/08/24/44532/07/2858308.pdf", "archivo": "gm_pedimento_2858308.pdf", "fecha": "24-08-2026", "edicion": "44532" }, "geometry": { "type": "Polygon", "coordinates": [ [ [ -68.073926197022871, -24.2660977901431 ], [ -68.044373816666692, -24.265914939578323 ], [ -68.044306271507367, -24.274945645812402 ], [ -68.073860739932897, -24.275128573016069 ], [ -68.073926197022871, -24.2660977901431 ] ] ] } },
{ "type": "Feature", "properties": { "cve": "2858309", "nombre": "ALONDRA 59", "solicitante": "Minera Mirasol Chile Limitada", "region": "REGIÓN DE ANTOFAGASTA", "provincia": "Provincia de El Loa", "comuna": "San Pedro de Atacama", "superficie_ha": 300.0, "datum_original": "WGS84", "huso": 19, "epsg_origen": 32719, "tipo_publicacion": "pedimento", "fuente_pdf": "http://www.diariooficial.interior.gob.cl/publicaciones/2026/08/24/44532/07/2858309.pdf", "archivo": "gm_pedimento_2858309.pdf", "fecha": "24-08-2026", "edicion": "44532" }, "geometry": { "type": "Polygon", "coordinates": [ [ [ -68.044373816666692, -24.265914939578323 ], [ -68.01482173468861, -24.26572634753613 ], [ -68.014752101552915, -24.274756974725097 ], [ -68.044306271507367, -24.274945645812402 ], [ -68.044373816666692, -24.265914939578323 ] ] ] } },
{ "type": "Feature", "properties": { "cve": "2858256", "nombre": "ALONDRA 6", "solicitante": "Minera Mirasol Chile Limitada", "region": "REGIÓN DE ANTOFAGASTA", "provincia": "Provincia de El Loa", "comuna": "San Pedro de Atacama", "superficie_ha": 300.0, "datum_original": "WGS84", "huso": 19, "epsg_origen": 32719, "tipo_publicacion": "pedimento", "fuente_pdf": "http://www.diariooficial.interior.gob.cl/publicaciones/2026/08/24/44532/07/2858256.pdf", "archivo": "gm_pedimento_2858256.pdf", "fecha": "24-08-2026", "edicion": "44532" }, "geometry": { "type": "Polygon", "coordinates": [ [ [ -67.932221321645216, -24.129703662314959 ], [ -67.922381397077245, -24.129634537387435 ], [ -67.922154232378844, -24.156726079300142 ], [ -67.931996230262186, -24.156795291526247 ], [ -67.932221321645216, -24.129703662314959 ] ] ] } },
{ "type": "Feature", "properties": { "cve": "2858310", "nombre": "ALONDRA 60", "solicitante": "Minera Mirasol Chile Limitada", "region": "REGIÓN DE ANTOFAGASTA", "provincia": "Provincia de El Loa", "comuna": "San Pedro de Atacama", "superficie_ha": 300.0, "datum_original": "WGS84", "huso": 19, "epsg_origen": 32719, "tipo_publicacion": "pedimento", "fuente_pdf": "http://www.diariooficial.interior.gob.cl/publicaciones/2026/08/24/44532/07/2858310.pdf", "archivo": "gm_pedimento_2858310.pdf", "fecha": "24-08-2026", "edicion": "44532" }, "geometry": { "type": "Polygon", "coordinates": [ [ [ -68.073860739932897, -24.275128573016069 ], [ -68.044306271507367, -24.274945645812402 ], [ -68.044238693184582, -24.283976341144513 ], [ -68.073795250704492, -24.284159344997597 ], [ -68.073860739932897, -24.275128573016069 ] ] ] } },
{ "type": "Feature", "properties": { "cve": "2858311", "nombre": "ALONDRA 61", "solicitante": "Minera Mirasol Chile Limitada", "region": "REGIÓN DE ANTOFAGASTA", "provincia": "Provincia de El Loa", "comuna": "San Pedro de Atacama", "superficie_ha": 300.0, "datum_original": "WGS84", "huso": 19, "epsg_origen": 32719, "tipo_publicacion": "pedimento", "fuente_pdf": "http://www.diariooficial.interior.gob.cl/publicaciones/2026/08/24/44532/07/2858311.pdf", "archivo": "gm_pedimento_2858311.pdf", "fecha": "24-08-2026", "edicion": "44532" }, "geometry": { "type": "Polygon", "coordinates": [ [ [ -68.044306271507367, -24.274945645812402 ], [ -68.014752101552915, -24.274756974725097 ], [ -68.014682434228774, -24.283787591001246 ], [ -68.044238693184582, -24.283976341144513 ], [ -68.044306271507367, -24.274945645812402 ] ] ] } },
{ "type": "Feature", "properties": { "cve": "2858312", "nombre": "ALONDRA 62", "solicitante": "Minera Mirasol Chile Limitada", "region": "REGIÓN DE ANTOFAGASTA", "provincia": "Provincia de El Loa", "comuna": "San Pedro de Atacama", "superficie_ha": 300.0, "datum_original": "WGS84", "huso": 19, "epsg_origen": 32719, "tipo_publicacion": "pedimento", "fuente_pdf": "http://www.diariooficial.interior.gob.cl/publicaciones/2026/08/24/44532/07/2858312.pdf", "archivo": "gm_pedimento_2858312.pdf", "fecha": "24-08-2026", "edicion": "44532" }, "geometry": { "type": "Polygon", "coordinates": [ [ [ -68.073795250704492, -24.284159344997597 ], [ -68.044238693184582, -24.283976341144513 ], [ -68.04417108168802, -24.293007025571587 ], [ -68.073729729327681, -24.293190106084619 ], [ -68.073795250704492, -24.284159344997597 ] ] ] } },
{ "type": "Feature", "properties": { "cve": "2858313", "nombre": "ALONDRA 63", "solicitante": "Minera Mirasol Chile Limitada", "region": "REGIÓN DE ANTOFAGASTA", "provincia": "Provincia de El Loa", "comuna": "San Pedro de Atacama", "superficie_ha": 300.0, "datum_original": "WGS84", "huso": 19, "epsg_origen": 32719, "tipo_publicacion": "pedimento", "fuente_pdf": "http://www.diariooficial.interior.gob.cl/publicaciones/2026/08/24/44532/07/2858313.pdf", "archivo": "gm_pedimento_2858313.pdf", "fecha": "24-08-2026", "edicion": "44532" }, "geometry": { "type": "Polygon", "coordinates": [ [ [ -68.073729729327681, -24.293190106084619 ], [ -68.04417108168802, -24.293007025571587 ], [ -68.044103437007308, -24.302037699090569 ], [ -68.073664175792416, -24.302220856274065 ], [ -68.073729729327681, -24.293190106084619 ] ] ] } },
{ "type": "Feature", "properties": { "cve": "2858314", "nombre": "ALONDRA 64", "solicitante": "Minera Mirasol Chile Limitada", "region": "REGIÓN DE ANTOFAGASTA", "provincia": "Provincia de El Loa", "comuna": "San Pedro de Atacama", "superficie_ha": 300.0, "datum_original": "WGS84", "huso": 19, "epsg_origen": 32719, "tipo_publicacion": "pedimento", "fuente_pdf": "http://www.diariooficial.interior.gob.cl/publicaciones/2026/08/24/44532/07/2858314.pdf", "archivo": "gm_pedimento_2858314.pdf", "fecha": "24-08-2026", "edicion": "44532" }, "geometry": { "type": "Polygon", "coordinates": [ [ [ -68.094139333880435, -24.19396944818908 ], [ -68.084294000066237, -24.193910609730878 ], [ -68.084100383816406, -24.221003261772417 ], [ -68.093947798623418, -24.221062174392014 ], [ -68.094139333880435, -24.19396944818908 ] ] ] } },
{ "type": "Feature", "properties": { "cve": "2858315", "nombre": "ALONDRA 65", "solicitante": "Minera Mirasol Chile Limitada", "region": "REGIÓN DE ANTOFAGASTA", "provincia": "Provincia de El Loa", "comuna": "San Pedro de Atacama", "superficie_ha": 300.0, "datum_original": "WGS84", "huso": 19, "epsg_origen": 32719, "tipo_publicacion": "pedimento", "fuente_pdf": "http://www.diariooficial.interior.gob.cl/publicaciones/2026/08/24/44532/07/2858315.pdf", "archivo": "gm_pedimento_2858315.pdf", "fecha": "24-08-2026", "edicion": "44532" }, "geometry": { "type": "Polygon", "coordinates": [ [ [ -68.103984699061684, -24.194027650801491 ], [ -68.094139333880435, -24.19396944818908 ], [ -68.093947798623418, -24.221062174392014 ], [ -68.103795244826756, -24.221120450364438 ], [ -68.103984699061684, -24.194027650801491 ] ] ] } },
{ "type": "Feature", "properties": { "cve": "2858316", "nombre": "ALONDRA 66", "solicitante": "Minera Mirasol Chile Limitada", "region": "REGIÓN DE ANTOFAGASTA", "provincia": "Provincia de El Loa", "comuna": "San Pedro de Atacama", "superficie_ha": 300.0, "datum_original": "WGS84", "huso": 19, "epsg_origen": 32719, "tipo_publicacion": "pedimento", "fuente_pdf": "http://www.diariooficial.interior.gob.cl/publicaciones/2026/08/24/44532/07/2858316.pdf", "archivo": "gm_pedimento_2858316.pdf", "fecha": "24-08-2026", "edicion": "44532" }, "geometry": { "type": "Polygon", "coordinates": [ [ [ -68.11383009526925, -24.194085217560094 ], [ -68.103984699061684, -24.194027650801491 ], [ -68.103795244826756, -24.221120450364438 ], [ -68.113642722085331, -24.221178089681672 ], [ -68.11383009526925, -24.194085217560094 ] ] ] } },
{ "type": "Feature", "properties": { "cve": "2858257", "nombre": "ALONDRA 7", "solicitante": "Minera Mirasol Chile Limitada", "region": "REGIÓN DE ANTOFAGASTA", "provincia": "Provincia de El Loa", "comuna": "San Pedro de Atacama", "superficie_ha": 300.0, "datum_original": "WGS84", "huso": 19, "epsg_origen": 32719, "tipo_publicacion": "pedimento", "fuente_pdf": "http://www.diariooficial.interior.gob.cl/publicaciones/2026/08/24/44532/07/2858257.pdf", "archivo": "gm_pedimento_2858257.pdf", "fecha": "24-08-2026", "edicion": "44532" }, "geometry": { "type": "Polygon", "coordinates": [ [ [ -67.922381397077245, -24.129634537387435 ], [ -67.91254150975746, -24.12956477863645 ], [ -67.912312271778347, -24.156656232450207 ], [ -67.922154232378844, -24.156726079300142 ], [ -67.922381397077245, -24.129634537387435 ] ] ] } },
{ "type": "Feature", "properties": { "cve": "2858258", "nombre": "ALONDRA 8", "solicitante": "Minera Mirasol Chile Limitada", "region": "REGIÓN DE ANTOFAGASTA", "provincia": "Provincia de El Loa", "comuna": "San Pedro de Atacama", "superficie_ha": 300.0, "datum_original": "WGS84", "huso": 19, "epsg_origen": 32719, "tipo_publicacion": "pedimento", "fuente_pdf": "http://www.diariooficial.interior.gob.cl/publicaciones/2026/08/24/44532/07/2858258.pdf", "archivo": "gm_pedimento_2858258.pdf", "fecha": "24-08-2026", "edicion": "44532" }, "geometry": { "type": "Polygon", "coordinates": [ [ [ -67.98120676701393, -24.157131832969181 ], [ -67.971364587819664, -24.157065794003277 ], [ -67.97114746980283, -24.184157666399042 ], [ -67.98099172554322, -24.184223788695576 ], [ -67.98120676701393, -24.157131832969181 ] ] ] } },
{ "type": "Feature", "properties": { "cve": "2858259", "nombre": "ALONDRA 9", "solicitante": "Minera Mirasol Chile Limitada", "region": "REGIÓN DE ANTOFAGASTA", "provincia": "Provincia de El Loa", "comuna": "San Pedro de Atacama", "superficie_ha": 300.0, "datum_original": "WGS84", "huso": 19, "epsg_origen": 32719, "tipo_publicacion": "pedimento", "fuente_pdf": "http://www.diariooficial.interior.gob.cl/publicaciones/2026/08/24/44532/07/2858259.pdf", "archivo": "gm_pedimento_2858259.pdf", "fecha": "24-08-2026", "edicion": "44532" }, "geometry": { "type": "Polygon", "coordinates": [ [ [ -67.971364587819664, -24.157065794003277 ], [ -67.961522444207134, -24.156999120366812 ], [ -67.961303249677286, -24.184090908631177 ], [ -67.97114746980283, -24.184157666399042 ], [ -67.971364587819664, -24.157065794003277 ] ] ] } },
{ "type": "Feature", "properties": { "cve": "2858416", "nombre": "BENZAITEN 1", "solicitante": "Compañía Minera Minerales Copiapó Limitada", "region": "REGIÓN DE ATACAMA", "provincia": "Provincia de Copiapó", "comuna": null, "superficie_ha": 200.0, "datum_original": "PSAD56", "huso": 19, "epsg_origen": 24879, "tipo_publicacion": "pedimento", "fuente_pdf": "http://www.diariooficial.interior.gob.cl/publicaciones/2026/08/24/44532/07/2858416.pdf", "archivo": "gm_pedimento_2858416.pdf", "fecha": "24-08-2026", "edicion": "44532" }, "geometry": { "type": "Polygon", "coordinates": [ [ [ -70.190750625626109, -26.962830641911754 ], [ -70.170603304627136, -26.962999324284617 ], [ -70.170696647087993, -26.972026077810987 ], [ -70.190845573691973, -26.971857329957555 ], [ -70.190750625626109, -26.962830641911754 ] ] ] } },
{ "type": "Feature", "properties": { "cve": "2858417", "nombre": "BENZAITEN 2", "solicitante": "Compañía Minera Minerales Copiapó Limitada", "region": "REGIÓN DE ATACAMA", "provincia": "Provincia de Copiapó", "comuna": null, "superficie_ha": 200.0, "datum_original": "PSAD56", "huso": 19, "epsg_origen": 24879, "tipo_publicacion": "pedimento", "fuente_pdf": "http://www.diariooficial.interior.gob.cl/publicaciones/2026/08/24/44532/07/2858417.pdf", "archivo": "gm_pedimento_2858417.pdf", "fecha": "24-08-2026", "edicion": "44532" }, "geometry": { "type": "Polygon", "coordinates": [ [ [ -70.190845573691973, -26.971857329957555 ], [ -70.170696647087993, -26.972026077810987 ], [ -70.17079003334608, -26.981052819383869 ], [ -70.190940566308186, -26.980884006039677 ], [ -70.190845573691973, -26.971857329957555 ] ] ] } },
{ "type": "Feature", "properties": { "cve": "2858418", "nombre": "BENZAITEN 3", "solicitante": "Compañía Minera Minerales Copiapó Limitada", "region": "REGIÓN DE ATACAMA", "provincia": "Provincia de Copiapó", "comuna": null, "superficie_ha": 100.0, "datum_original": "PSAD56", "huso": 19, "epsg_origen": 24879, "tipo_publicacion": "pedimento", "fuente_pdf": "http://www.diariooficial.interior.gob.cl/publicaciones/2026/08/24/44532/07/2858418.pdf", "archivo": "gm_pedimento_2858418.pdf", "fecha": "24-08-2026", "edicion": "44532" }, "geometry": { "type": "Polygon", "coordinates": [ [ [ -70.200919970357106, -26.971771876727882 ], [ -70.190845573691973, -26.971857329957555 ], [ -70.190940566308186, -26.980884006039677 ], [ -70.201015766129487, -26.98079851964583 ], [ -70.200919970357106, -26.971771876727882 ] ] ] } },
{ "type": "Feature", "properties": { "cve": "2858419", "nombre": "BENZAITEN 4", "solicitante": "Compañía Minera Minerales Copiapó Limitada", "region": "REGIÓN DE ATACAMA", "provincia": "Provincia de Copiapó", "comuna": null, "superficie_ha": 100.0, "datum_original": "PSAD56", "huso": 19, "epsg_origen": 24879, "tipo_publicacion": "pedimento", "fuente_pdf": "http://www.diariooficial.interior.gob.cl/publicaciones/2026/08/24/44532/07/2858419.pdf", "archivo": "gm_pedimento_2858419.pdf", "fecha": "24-08-2026", "edicion": "44532" }, "geometry": { "type": "Polygon", "coordinates": [ [ [ -70.198496970372773, -26.980819958725867 ], [ -70.188421759374791, -26.980905265168214 ], [ -70.188516595671018, -26.989931937532592 ], [ -70.198592610205722, -26.98984659799072 ], [ -70.198496970372773, -26.980819958725867 ] ] ] } },
{ "type": "Feature", "properties": { "cve": "2857776", "nombre": "Salares 1", "solicitante": "Solís Portales Cristián Andrés", "region": "REGIÓN DE ATACAMA", "provincia": "Provincia de Chañaral", "comuna": "DIEGO DE ALMAGRO", "superficie_ha": 300.0, "datum_original": "PSAD56", "huso": 19, "epsg_origen": 24879, "tipo_publicacion": "pedimento", "fuente_pdf": "http://www.diariooficial.interior.gob.cl/publicaciones/2026/08/24/44532/07/2857776.pdf", "archivo": "gm_pedimento_2857776.pdf", "fecha": "24-08-2026", "edicion": "44532" }, "geometry": { "type": "Polygon", "coordinates": [ [ [ -68.752796765802259, -25.635766127228749 ], [ -68.742835241238197, -25.635748933570195 ], [ -68.742777174533529, -25.662839279428916 ], [ -68.752740948310347, -25.662856493850203 ], [ -68.752796765802259, -25.635766127228749 ] ] ] } },
{ "type": "Feature", "properties": { "cve": "2857777", "nombre": "Salares 2", "solicitante": "Solís Portales Cristián Andrés", "region": "REGIÓN DE ATACAMA", "provincia": "Provincia de Chañaral", "comuna": "Diego de Almagron", "superficie_ha": 300.0, "datum_original": "PSAD56", "huso": 19, "epsg_origen": 24879, "tipo_publicacion": "pedimento", "fuente_pdf": "http://www.diariooficial.interior.gob.cl/publicaciones/2026/08/24/44532/07/2857777.pdf", "archivo": "gm_pedimento_2857777.pdf", "fecha": "24-08-2026", "edicion": "44532" }, "geometry": { "type": "Polygon", "coordinates": [ [ [ -68.762758299270445, -25.635782641733478 ], [ -68.752796765802259, -25.635766127228749 ], [ -68.752740948310347, -25.662856493850203 ], [ -68.762704731000028, -25.662873028297547 ], [ -68.762758299270445, -25.635782641733478 ] ] ] } },
{ "type": "Feature", "properties": { "cve": "2857778", "nombre": "Salares 3", "solicitante": "Solís Portales Cristián Andrés", "region": "REGIÓN DE ATACAMA", "provincia": "Provincia de Chañaral", "comuna": "Diego de Almagro", "superficie_ha": 300.0, "datum_original": "PSAD56", "huso": 19, "epsg_origen": 24879, "tipo_publicacion": "pedimento", "fuente_pdf": "http://www.diariooficial.interior.gob.cl/publicaciones/2026/08/24/44532/07/2857778.pdf", "archivo": "gm_pedimento_2857778.pdf", "fecha": "24-08-2026", "edicion": "44532" }, "geometry": { "type": "Polygon", "coordinates": [ [ [ -68.772719841283902, -25.635798477082076 ], [ -68.762758299270445, -25.635782641733478 ], [ -68.762704731000028, -25.662873028297547 ], [ -68.772668522243421, -25.662888882768613 ], [ -68.772719841283902, -25.635798477082076 ] ] ] } },
{ "type": "Feature", "properties": { "cve": "2857779", "nombre": "Salares 4", "solicitante": "Solís Portales Cristián Andrés", "region": "REGIÓN DE ATACAMA", "provincia": "Provincia de Chañaral", "comuna": "Diego de Almagro", "superficie_ha": 300.0, "datum_original": "PSAD56", "huso": 19, "epsg_origen": 24879, "tipo_publicacion": "pedimento", "fuente_pdf": "http://www.diariooficial.interior.gob.cl/publicaciones/2026/08/24/44532/07/2857779.pdf", "archivo": "gm_pedimento_2857779.pdf", "fecha": "24-08-2026", "edicion": "44532" }, "geometry": { "type": "Polygon", "coordinates": [ [ [ -68.782681391483891, -25.635813633272335 ], [ -68.772719841283902, -25.635798477082076 ], [ -68.772668522243421, -25.662888882768613 ], [ -68.78263232168139, -25.662904057261212 ], [ -68.782681391483891, -25.635813633272335 ] ] ] } },
{ "type": "Feature", "properties": { "cve": "2857780", "nombre": "Salares 5", "solicitante": "Solís Portales Cristián Andrés", "region": "REGIÓN DE ATACAMA", "provincia": "Provincia de Chañaral", "comuna": "Diego de Almagron", "superficie_ha": 300.0, "datum_original": "PSAD56", "huso": 19, "epsg_origen": 24879, "tipo_publicacion": "pedimento", "fuente_pdf": "http://www.diariooficial.interior.gob.cl/publicaciones/2026/08/24/44532/07/2857780.pdf", "archivo": "gm_pedimento_2857780.pdf", "fecha": "24-08-2026", "edicion": "44532" }, "geometry": { "type": "Polygon", "coordinates": [ [ [ -68.792642949511603, -25.635828110302132 ], [ -68.782681391483891, -25.635813633272335 ], [ -68.78263232168139, -25.662904057261212 ], [ -68.79259612895477, -25.66291855177321 ], [ -68.792642949511603, -25.635828110302132 ] ] ] } },
{ "type": "Feature", "properties": { "cve": "2857781", "nombre": "Salares 6", "solicitante": "Solís Portales Cristián Andrés", "region": "REGIÓN DE ATACAMA", "provincia": "Provincia de Chañaral", "comuna": "Diego de Almagron", "superficie_ha": 300.0, "datum_original": "PSAD56", "huso": 19, "epsg_origen": 24879, "tipo_publicacion": "pedimento", "fuente_pdf": "http://www.diariooficial.interior.gob.cl/publicaciones/2026/08/24/44532/07/2857781.pdf", "archivo": "gm_pedimento_2857781.pdf", "fecha": "24-08-2026", "edicion": "44532" }, "geometry": { "type": "Polygon", "coordinates": [ [ [ -68.802589665019994, -25.64487207214702 ], [ -68.792627350131269, -25.644858268726495 ], [ -68.792580507153673, -25.671948676389935 ], [ -68.802545072372496, -25.671962496474961 ], [ -68.802589665019994, -25.64487207214702 ] ] ] } },
{ "type": "Feature", "properties": { "cve": "2857782", "nombre": "Salares 7", "solicitante": "Solís Portales Cristián Andrés", "region": "REGIÓN DE ATACAMA", "provincia": "Provincia de Chañaral", "comuna": "Diego de Almagron", "superficie_ha": 300.0, "datum_original": "PSAD56", "huso": 19, "epsg_origen": 24879, "tipo_publicacion": "pedimento", "fuente_pdf": "http://www.diariooficial.interior.gob.cl/publicaciones/2026/08/24/44532/07/2857782.pdf", "archivo": "gm_pedimento_2857782.pdf", "fecha": "24-08-2026", "edicion": "44532" }, "geometry": { "type": "Polygon", "coordinates": [ [ [ -68.812551987021166, -25.644885196129781 ], [ -68.802589665019994, -25.64487207214702 ], [ -68.802545072372496, -25.671962496474961 ], [ -68.812509644710786, -25.671975636301969 ], [ -68.812551987021166, -25.644885196129781 ] ] ] } },
{ "type": "Feature", "properties": { "cve": "2857783", "nombre": "Salares 8", "solicitante": "Solís Portales Cristián Andrés", "region": "REGIÓN DE ATACAMA", "provincia": "Provincia de Chañaral", "comuna": "Diego de Almagron", "superficie_ha": 300.0, "datum_original": "PSAD56", "huso": 19, "epsg_origen": 24879, "tipo_publicacion": "pedimento", "fuente_pdf": "http://www.diariooficial.interior.gob.cl/publicaciones/2026/08/24/44532/07/2857783.pdf", "archivo": "gm_pedimento_2857783.pdf", "fecha": "24-08-2026", "edicion": "44532" }, "geometry": { "type": "Polygon", "coordinates": [ [ [ -68.78263232168139, -25.662904057261212 ], [ -68.752740948310347, -25.662856493850203 ], [ -68.752722324658393, -25.671886593509758 ], [ -68.782615949413596, -25.671934176048833 ], [ -68.78263232168139, -25.662904057261212 ] ] ] } },
{ "type": "Feature", "properties": { "cve": "2857784", "nombre": "Salares 9", "solicitante": "Solís Portales Cristián Andrés", "region": "REGIÓN DE ATACAMA", "provincia": "Provincia de Chañaral", "comuna": "Diego de Almagron", "superficie_ha": 300.0, "datum_original": "PSAD56", "huso": 19, "epsg_origen": 24879, "tipo_publicacion": "pedimento", "fuente_pdf": "http://www.diariooficial.interior.gob.cl/publicaciones/2026/08/24/44532/07/2857784.pdf", "archivo": "gm_pedimento_2857784.pdf", "fecha": "24-08-2026", "edicion": "44532" }, "geometry": { "type": "Polygon", "coordinates": [ [ [ -68.792580507153673, -25.671948676389935 ], [ -68.762686857806699, -25.67190313460657 ], [ -68.762668976057086, -25.6809332296381 ], [ -68.792564877874085, -25.680978789731842 ], [ -68.792580507153673, -25.671948676389935 ] ] ] } },
{ "type": "Feature", "properties": { "cve": "2857803", "nombre": "GLADYS 1", "solicitante": "Olcay Montti Luis Gonzalo", "region": "REGIÓN DE ATACAMA", "provincia": "Provincia de Huasco", "comuna": null, "superficie_ha": 300.0, "datum_original": "PSAD56", "huso": 19, "epsg_origen": 24879, "tipo_publicacion": "pedimento", "fuente_pdf": "http://www.diariooficial.interior.gob.cl/publicaciones/2026/08/24/44532/07/2857803.pdf", "archivo": "gm_pedimento_2857803.pdf", "fecha": "24-08-2026", "edicion": "44532" }, "geometry": { "type": "Polygon", "coordinates": [ [ [ -69.717606651676164, -28.568359365220438 ], [ -69.707382692308073, -28.568413035362308 ], [ -69.707563892465899, -28.595490522970152 ], [ -69.717790470216102, -28.595436792702955 ], [ -69.717606651676164, -28.568359365220438 ] ] ] } },
{ "type": "Feature", "properties": { "cve": "2857804", "nombre": "GLADYS 2", "solicitante": "Olcay Montti Luis Gonzalo", "region": "REGIÓN DE ATACAMA", "provincia": "Provincia de Huasco", "comuna": null, "superficie_ha": 300.0, "datum_original": "PSAD56", "huso": 19, "epsg_origen": 24879, "tipo_publicacion": "pedimento", "fuente_pdf": "http://www.diariooficial.interior.gob.cl/publicaciones/2026/08/24/44532/07/2857804.pdf", "archivo": "gm_pedimento_2857804.pdf", "fecha": "24-08-2026", "edicion": "44532" }, "geometry": { "type": "Polygon", "coordinates": [ [ [ -69.707382692308073, -28.568413035362308 ], [ -69.697158705175667, -28.568465935490703 ], [ -69.697337286921154, -28.595543482361315 ], [ -69.707563892465899, -28.595490522970152 ], [ -69.707382692308073, -28.568413035362308 ] ] ] } },
{ "type": "Feature", "properties": { "cve": "2857805", "nombre": "GLADYS 3", "solicitante": "Olcay Montti Luis Gonzalo", "region": "REGIÓN DE ATACAMA", "provincia": "Provincia de Huasco", "comuna": null, "superficie_ha": 300.0, "datum_original": "PSAD56", "huso": 19, "epsg_origen": 24879, "tipo_publicacion": "pedimento", "fuente_pdf": "http://www.diariooficial.interior.gob.cl/publicaciones/2026/08/24/44532/07/2857805.pdf", "archivo": "gm_pedimento_2857805.pdf", "fecha": "24-08-2026", "edicion": "44532" }, "geometry": { "type": "Polygon", "coordinates": [ [ [ -69.717790470216102, -28.595436792702955 ], [ -69.68711065398351, -28.595595670868793 ], [ -69.687169362388062, -28.604621514849555 ], [ -69.71785179944186, -28.604462577401218 ], [ -69.717790470216102, -28.595436792702955 ] ] ] } },
{ "type": "Feature", "properties": { "cve": "2857806", "nombre": "GLADYS 4", "solicitante": "Olcay Montti Luis Gonzalo", "region": "REGIÓN DE ATACAMA", "provincia": "Provincia de Huasco", "comuna": null, "superficie_ha": 300.0, "datum_original": "PSAD56", "huso": 19, "epsg_origen": 24879, "tipo_publicacion": "pedimento", "fuente_pdf": "http://www.diariooficial.interior.gob.cl/publicaciones/2026/08/24/44532/07/2857806.pdf", "archivo": "gm_pedimento_2857806.pdf", "fecha": "24-08-2026", "edicion": "44532" }, "geometry": { "type": "Polygon", "coordinates": [ [ [ -69.728079222582764, -28.604408055929689 ], [ -69.697396868942761, -28.604569306868857 ], [ -69.697456478367471, -28.613595119147607 ], [ -69.728141454003634, -28.613433808053042 ], [ -69.728079222582764, -28.604408055929689 ] ] ] } },
{ "type": "Feature", "properties": { "cve": "2857807", "nombre": "GLADYS 5", "solicitante": "Olcay Montti Luis Gonzalo", "region": "REGIÓN DE ATACAMA", "provincia": "Provincia de Huasco", "comuna": null, "superficie_ha": 100.0, "datum_original": "PSAD56", "huso": 19, "epsg_origen": 24879, "tipo_publicacion": "pedimento", "fuente_pdf": "http://www.diariooficial.interior.gob.cl/publicaciones/2026/08/24/44532/07/2857807.pdf", "archivo": "gm_pedimento_2857807.pdf", "fecha": "24-08-2026", "edicion": "44532" }, "geometry": { "type": "Polygon", "coordinates": [ [ [ -69.697396868942761, -28.604569306868857 ], [ -69.687169362388062, -28.604621514849555 ], [ -69.687228097793962, -28.613647346604761 ], [ -69.697456478367471, -28.613595119147607 ], [ -69.697396868942761, -28.604569306868857 ] ] ] } },
{ "type": "Feature", "properties": { "cve": "2857808", "nombre": "GLADYS 6", "solicitante": "Olcay Montti Luis Gonzalo", "region": "REGIÓN DE ATACAMA", "provincia": "Provincia de Huasco", "comuna": null, "superficie_ha": 100.0, "datum_original": "PSAD56", "huso": 19, "epsg_origen": 24879, "tipo_publicacion": "pedimento", "fuente_pdf": "http://www.diariooficial.interior.gob.cl/publicaciones/2026/08/24/44532/07/2857808.pdf", "archivo": "gm_pedimento_2857808.pdf", "fecha": "24-08-2026", "edicion": "44532" }, "geometry": { "type": "Polygon", "coordinates": [ [ [ -69.717913156874204, -28.613488349864028 ], [ -69.707684831528184, -28.613542120231472 ], [ -69.707745342776676, -28.622567900511509 ], [ -69.717974542523365, -28.622514110088922 ], [ -69.717913156874204, -28.613488349864028 ] ] ] } },
{ "type": "Feature", "properties": { "cve": "2857021", "nombre": "BMF X2", "solicitante": "Invexmin Chile SpA", "region": "REGIÓN DE COQUIMBO", "provincia": "Provincia de Elqui", "comuna": null, "superficie_ha": 200.0, "datum_original": "PSAD56", "huso": 19, "epsg_origen": 24879, "tipo_publicacion": "pedimento", "fuente_pdf": "http://www.diariooficial.interior.gob.cl/publicaciones/2026/08/24/44532/07/2857021.pdf", "archivo": "gm_pedimento_2857021.pdf", "fecha": "24-08-2026", "edicion": "44532" }, "geometry": { "type": "Polygon", "coordinates": [ [ [ -70.082845017715869, -30.244505250836465 ], [ -70.072452998114258, -30.24459072910188 ], [ -70.072649040586825, -30.262636028393757 ], [ -70.083042958930207, -30.262550488559377 ], [ -70.082845017715869, -30.244505250836465 ] ] ] } },
{ "type": "Feature", "properties": { "cve": "2858191", "nombre": "LOS WARBOS 24", "solicitante": "FMR Chile Exploration SpA", "region": "REGIÓN DE COQUIMBO", "provincia": "Provincia de Limarí", "comuna": null, "superficie_ha": 300.0, "datum_original": "PSAD56", "huso": 19, "epsg_origen": 24879, "tipo_publicacion": "pedimento", "fuente_pdf": "http://www.diariooficial.interior.gob.cl/publicaciones/2026/08/24/44532/07/2858191.pdf", "archivo": "gm_pedimento_2858191.pdf", "fecha": "24-08-2026", "edicion": "44532" }, "geometry": { "type": "Polygon", "coordinates": [ [ [ -70.525289339960096, -30.628065207177741 ], [ -70.514858405140288, -30.628187145844752 ], [ -70.515280253904578, -30.655248733333021 ], [ -70.525714090732222, -30.655126663927632 ], [ -70.525289339960096, -30.628065207177741 ] ] ] } },
{ "type": "Feature", "properties": { "cve": "2858190", "nombre": "LOS WARBOS 25", "solicitante": "FMR Chile Exploration SpA", "region": "REGIÓN DE COQUIMBO", "provincia": "Provincia de Limarí", "comuna": null, "superficie_ha": 300.0, "datum_original": "PSAD56", "huso": 19, "epsg_origen": 24879, "tipo_publicacion": "pedimento", "fuente_pdf": "http://www.diariooficial.interior.gob.cl/publicaciones/2026/08/24/44532/07/2858190.pdf", "archivo": "gm_pedimento_2858190.pdf", "fecha": "24-08-2026", "edicion": "44532" }, "geometry": { "type": "Polygon", "coordinates": [ [ [ -70.514858405140288, -30.628187145844752 ], [ -70.504427406885227, -30.628308248374882 ], [ -70.504846353568055, -30.655369965705372 ], [ -70.515280253904578, -30.655248733333021 ], [ -70.514858405140288, -30.628187145844752 ] ] ] } },
{ "type": "Feature", "properties": { "cve": "2858192", "nombre": "LOS WARBOS 27", "solicitante": "FMR Chile Exploration SpA", "region": "REGIÓN DE COQUIMBO", "provincia": "Provincia de Limarí", "comuna": null, "superficie_ha": 300.0, "datum_original": "PSAD56", "huso": 19, "epsg_origen": 24879, "tipo_publicacion": "pedimento", "fuente_pdf": "http://www.diariooficial.interior.gob.cl/publicaciones/2026/08/24/44532/07/2858192.pdf", "archivo": "gm_pedimento_2858192.pdf", "fecha": "24-08-2026", "edicion": "44532" }, "geometry": { "type": "Polygon", "coordinates": [ [ [ -70.493996345631032, -30.628428514750151 ], [ -70.483565221813876, -30.628547944952761 ], [ -70.483978364115018, -30.655609919279115 ], [ -70.494412390159312, -30.655490361026676 ], [ -70.493996345631032, -30.628428514750151 ] ] ] } },
{ "type": "Feature", "properties": { "cve": "2858194", "nombre": "LOS WARBOS 28", "solicitante": "FMR Chile Exploration SpA", "region": "REGIÓN DE COQUIMBO", "provincia": "Provincia de Limarí", "comuna": null, "superficie_ha": 300.0, "datum_original": "PSAD56", "huso": 19, "epsg_origen": 24879, "tipo_publicacion": "pedimento", "fuente_pdf": "http://www.diariooficial.interior.gob.cl/publicaciones/2026/08/24/44532/07/2858194.pdf", "archivo": "gm_pedimento_2858194.pdf", "fecha": "24-08-2026", "edicion": "44532" }, "geometry": { "type": "Polygon", "coordinates": [ [ [ -70.483565221813876, -30.628547944952761 ], [ -70.473134035869961, -30.628666538964985 ], [ -70.473544275871916, -30.655728640444931 ], [ -70.483978364115018, -30.655609919279115 ], [ -70.483565221813876, -30.628547944952761 ] ] ] } },
{ "type": "Feature", "properties": { "cve": "2858195", "nombre": "LOS WARBOS 29", "solicitante": "FMR Chile Exploration SpA", "region": "REGIÓN DE COQUIMBO", "provincia": "Provincia de Limarí", "comuna": null, "superficie_ha": 300.0, "datum_original": "PSAD56", "huso": 19, "epsg_origen": 24879, "tipo_publicacion": "pedimento", "fuente_pdf": "http://www.diariooficial.interior.gob.cl/publicaciones/2026/08/24/44532/07/2858195.pdf", "archivo": "gm_pedimento_2858195.pdf", "fecha": "24-08-2026", "edicion": "44532" }, "geometry": { "type": "Polygon", "coordinates": [ [ [ -70.473134035869961, -30.628666538964985 ], [ -70.462702788235475, -30.628784296769261 ], [ -70.463110125866649, -30.655846524506533 ], [ -70.473544275871916, -30.655728640444931 ], [ -70.473134035869961, -30.628666538964985 ] ] ] } }
]
}
