{
"type": "FeatureCollection",
"name": "boletin_mineria_20260921",
"crs": { "type": "name", "properties": { "name": "urn:ogc:def:crs:OGC:1.3:CRS84" } },
"features": [
{ "type": "Feature", "properties": { "cve": "2873026", "nombre": "CALA 12 1 AL 30", "solicitante": "Beseler Valdivia Jorge Carlos", "region": "REGIÓN DE TARAPACÁ", "provincia": "Provincia del Tamarugal", "comuna": null, "superficie_ha": 300.0, "datum_original": "PSAD56", "huso": 19, "epsg_origen": 24879, "tipo_publicacion": "manifestacion", "fuente_pdf": "http://www.diariooficial.interior.gob.cl/publicaciones/2026/09/21/44554/07/2873026.pdf", "archivo": "gm_manifestacion_2873026.pdf", "fecha": "21-09-2026", "edicion": "44554" }, "geometry": { "type": "Polygon", "coordinates": [ [ [ -69.316968273832885, -19.86773085979058 ], [ -69.288313374965199, -19.867779517324035 ], [ -69.288329711324721, -19.876816188799058 ], [ -69.316986233767764, -19.876767507316689 ], [ -69.316968273832885, -19.86773085979058 ] ] ] } },
{ "type": "Feature", "properties": { "cve": "2873027", "nombre": "CALA 13 1 AL 30", "solicitante": "Beseler Valdivia Jorge Carlos", "region": "REGIÓN DE TARAPACÁ", "provincia": "Provincia del Tamarugal", "comuna": null, "superficie_ha": 300.0, "datum_original": "PSAD56", "huso": 19, "epsg_origen": 24879, "tipo_publicacion": "manifestacion", "fuente_pdf": "http://www.diariooficial.interior.gob.cl/publicaciones/2026/09/21/44554/07/2873027.pdf", "archivo": "gm_manifestacion_2873027.pdf", "fecha": "21-09-2026", "edicion": "44554" }, "geometry": { "type": "Polygon", "coordinates": [ [ [ -69.403046683352215, -19.91273996398051 ], [ -69.393492450635108, -19.912761354311694 ], [ -69.393559539428693, -19.939870904956969 ], [ -69.403115400995688, -19.939849483098129 ], [ -69.403046683352215, -19.91273996398051 ] ] ] } },
{ "type": "Feature", "properties": { "cve": "2873028", "nombre": "CALA 14 1 AL 30", "solicitante": "Beseler Valdivia Jorge Carlos", "region": "REGIÓN DE TARAPACÁ", "provincia": "Provincia del Tamarugal", "comuna": null, "superficie_ha": 300.0, "datum_original": "PSAD56", "huso": 19, "epsg_origen": 24879, "tipo_publicacion": "manifestacion", "fuente_pdf": "http://www.diariooficial.interior.gob.cl/publicaciones/2026/09/21/44554/07/2873028.pdf", "archivo": "gm_manifestacion_2873028.pdf", "fecha": "21-09-2026", "edicion": "44554" }, "geometry": { "type": "Polygon", "coordinates": [ [ [ -69.393492450635108, -19.912761354311694 ], [ -69.383938205650367, -19.912782231531626 ], [ -69.384003665584444, -19.939891812948272 ], [ -69.393559539428693, -19.939870904956969 ], [ -69.393492450635108, -19.912761354311694 ] ] ] } },
{ "type": "Feature", "properties": { "cve": "2873029", "nombre": "CALA 15 1 AL 30", "solicitante": "Beseler Valdivia Jorge Carlos", "region": "REGIÓN DE TARAPACÁ", "provincia": "Provincia del Tamarugal", "comuna": null, "superficie_ha": 300.0, "datum_original": "PSAD56", "huso": 19, "epsg_origen": 24879, "tipo_publicacion": "manifestacion", "fuente_pdf": "http://www.diariooficial.interior.gob.cl/publicaciones/2026/09/21/44554/07/2873029.pdf", "archivo": "gm_manifestacion_2873029.pdf", "fecha": "21-09-2026", "edicion": "44554" }, "geometry": { "type": "Polygon", "coordinates": [ [ [ -69.383938205650367, -19.912782231531626 ], [ -69.374383948695751, -19.912802595637498 ], [ -69.374447779761041, -19.939912207069252 ], [ -69.384003665584444, -19.939891812948272 ], [ -69.383938205650367, -19.912782231531626 ] ] ] } },
{ "type": "Feature", "properties": { "cve": "2873030", "nombre": "CALA 18 1 AL 30", "solicitante": "Beseler Valdivia Jorge Carlos", "region": "REGIÓN DE TARAPACÁ", "provincia": "Provincia del Tamarugal", "comuna": null, "superficie_ha": 300.0, "datum_original": "PSAD56", "huso": 19, "epsg_origen": 24879, "tipo_publicacion": "manifestacion", "fuente_pdf": "http://www.diariooficial.interior.gob.cl/publicaciones/2026/09/21/44554/07/2873030.pdf", "archivo": "gm_manifestacion_2873030.pdf", "fecha": "21-09-2026", "edicion": "44554" }, "geometry": { "type": "Polygon", "coordinates": [ [ [ -69.403115400995688, -19.939849483098129 ], [ -69.393559539428693, -19.939870904956969 ], [ -69.393626738719774, -19.966980371920183 ], [ -69.403184231819409, -19.966958918523286 ], [ -69.403115400995688, -19.939849483098129 ] ] ] } },
{ "type": "Feature", "properties": { "cve": "2873031", "nombre": "CALA 19 1 AL 30", "solicitante": "Beseler Valdivia Jorge Carlos", "region": "REGIÓN DE TARAPACÁ", "provincia": "Provincia del Tamarugal", "comuna": null, "superficie_ha": 300.0, "datum_original": "PSAD56", "huso": 19, "epsg_origen": 24879, "tipo_publicacion": "manifestacion", "fuente_pdf": "http://www.diariooficial.interior.gob.cl/publicaciones/2026/09/21/44554/07/2873031.pdf", "archivo": "gm_manifestacion_2873031.pdf", "fecha": "21-09-2026", "edicion": "44554" }, "geometry": { "type": "Polygon", "coordinates": [ [ [ -69.393559539428693, -19.939870904956969 ], [ -69.384003665584444, -19.939891812948272 ], [ -69.384069233333307, -19.967001310693007 ], [ -69.393626738719774, -19.966980371920183 ], [ -69.393559539428693, -19.939870904956969 ] ] ] } },
{ "type": "Feature", "properties": { "cve": "2873032", "nombre": "CALA 20 1 AL 30", "solicitante": "Beseler Valdivia Jorge Carlos", "region": "REGIÓN DE TARAPACÁ", "provincia": "Provincia del Tamarugal", "comuna": null, "superficie_ha": 300.0, "datum_original": "PSAD56", "huso": 19, "epsg_origen": 24879, "tipo_publicacion": "manifestacion", "fuente_pdf": "http://www.diariooficial.interior.gob.cl/publicaciones/2026/09/21/44554/07/2873032.pdf", "archivo": "gm_manifestacion_2873032.pdf", "fecha": "21-09-2026", "edicion": "44554" }, "geometry": { "type": "Polygon", "coordinates": [ [ [ -69.384003665584444, -19.939891812948272 ], [ -69.374447779761041, -19.939912207069252 ], [ -69.374511715958349, -19.967021734838983 ], [ -69.384069233333307, -19.967001310693007 ], [ -69.384003665584444, -19.939891812948272 ] ] ] } },
{ "type": "Feature", "properties": { "cve": "2873033", "nombre": "CALA 21 1 AL 30", "solicitante": "Beseler Valdivia Jorge Carlos", "region": "REGIÓN DE TARAPACÁ", "provincia": "Provincia del Tamarugal", "comuna": null, "superficie_ha": 300.0, "datum_original": "PSAD56", "huso": 19, "epsg_origen": 24879, "tipo_publicacion": "manifestacion", "fuente_pdf": "http://www.diariooficial.interior.gob.cl/publicaciones/2026/09/21/44554/07/2873033.pdf", "archivo": "gm_manifestacion_2873033.pdf", "fecha": "21-09-2026", "edicion": "44554" }, "geometry": { "type": "Polygon", "coordinates": [ [ [ -69.374447779761041, -19.939912207069252 ], [ -69.364891882256558, -19.939932087317203 ], [ -69.3649541868932, -19.967041644355394 ], [ -69.374511715958349, -19.967021734838983 ], [ -69.374447779761041, -19.939912207069252 ] ] ] } },
{ "type": "Feature", "properties": { "cve": "2873034", "nombre": "CALA 23 1 AL 30", "solicitante": "Beseler Valdivia Jorge Carlos", "region": "REGIÓN DE TARAPACÁ", "provincia": "Provincia del Tamarugal", "comuna": null, "superficie_ha": 300.0, "datum_original": "PSAD56", "huso": 19, "epsg_origen": 24879, "tipo_publicacion": "manifestacion", "fuente_pdf": "http://www.diariooficial.interior.gob.cl/publicaciones/2026/09/21/44554/07/2873034.pdf", "archivo": "gm_manifestacion_2873034.pdf", "fecha": "21-09-2026", "edicion": "44554" }, "geometry": { "type": "Polygon", "coordinates": [ [ [ -69.422299179965009, -19.966914467868708 ], [ -69.412741712333926, -19.966936950505158 ], [ -69.412812290633738, -19.994046269838911 ], [ -69.422371392462381, -19.994023754140457 ], [ -69.422299179965009, -19.966914467868708 ] ] ] } },
{ "type": "Feature", "properties": { "cve": "2873035", "nombre": "CALA 24 1 AL 30", "solicitante": "Beseler Valdivia Jorge Carlos", "region": "REGIÓN DE TARAPACÁ", "provincia": "Provincia del Tamarugal", "comuna": null, "superficie_ha": 300.0, "datum_original": "PSAD56", "huso": 19, "epsg_origen": 24879, "tipo_publicacion": "manifestacion", "fuente_pdf": "http://www.diariooficial.interior.gob.cl/publicaciones/2026/09/21/44554/07/2873035.pdf", "archivo": "gm_manifestacion_2873035.pdf", "fecha": "21-09-2026", "edicion": "44554" }, "geometry": { "type": "Polygon", "coordinates": [ [ [ -69.412741712333926, -19.966936950505158 ], [ -69.403184231819409, -19.966958918523286 ], [ -69.403253175911615, -19.994068270162284 ], [ -69.412812290633738, -19.994046269838911 ], [ -69.412741712333926, -19.966936950505158 ] ] ] } },
{ "type": "Feature", "properties": { "cve": "2873036", "nombre": "CALA 25 1 AL 30", "solicitante": "Beseler Valdivia Jorge Carlos", "region": "REGIÓN DE TARAPACÁ", "provincia": "Provincia del Tamarugal", "comuna": null, "superficie_ha": 300.0, "datum_original": "PSAD56", "huso": 19, "epsg_origen": 24879, "tipo_publicacion": "manifestacion", "fuente_pdf": "http://www.diariooficial.interior.gob.cl/publicaciones/2026/09/21/44554/07/2873036.pdf", "archivo": "gm_manifestacion_2873036.pdf", "fecha": "21-09-2026", "edicion": "44554" }, "geometry": { "type": "Polygon", "coordinates": [ [ [ -69.403184231819409, -19.966958918523286 ], [ -69.393626738719774, -19.966980371920183 ], [ -69.393694048594526, -19.994089755107655 ], [ -69.403253175911615, -19.994068270162284 ], [ -69.403184231819409, -19.966958918523286 ] ] ] } },
{ "type": "Feature", "properties": { "cve": "2873037", "nombre": "CALA 26 1 AL 30", "solicitante": "Beseler Valdivia Jorge Carlos", "region": "REGIÓN DE TARAPACÁ", "provincia": "Provincia del Tamarugal", "comuna": null, "superficie_ha": 300.0, "datum_original": "PSAD56", "huso": 19, "epsg_origen": 24879, "tipo_publicacion": "manifestacion", "fuente_pdf": "http://www.diariooficial.interior.gob.cl/publicaciones/2026/09/21/44554/07/2873037.pdf", "archivo": "gm_manifestacion_2873037.pdf", "fecha": "21-09-2026", "edicion": "44554" }, "geometry": { "type": "Polygon", "coordinates": [ [ [ -69.393626738719774, -19.966980371920183 ], [ -69.384069233333307, -19.967001310693007 ], [ -69.384134908981011, -19.994110724672179 ], [ -69.393694048594526, -19.994089755107655 ], [ -69.393626738719774, -19.966980371920183 ] ] ] } },
{ "type": "Feature", "properties": { "cve": "2873038", "nombre": "CALA 27 1 AL 30", "solicitante": "Beseler Valdivia Jorge Carlos", "region": "REGIÓN DE TARAPACÁ", "provincia": "Provincia del Tamarugal", "comuna": null, "superficie_ha": 300.0, "datum_original": "PSAD56", "huso": 19, "epsg_origen": 24879, "tipo_publicacion": "manifestacion", "fuente_pdf": "http://www.diariooficial.interior.gob.cl/publicaciones/2026/09/21/44554/07/2873038.pdf", "archivo": "gm_manifestacion_2873038.pdf", "fecha": "21-09-2026", "edicion": "44554" }, "geometry": { "type": "Polygon", "coordinates": [ [ [ -69.384069233333307, -19.967001310693007 ], [ -69.374511715958349, -19.967021734838983 ], [ -69.374575757369655, -19.994131178853067 ], [ -69.384134908981011, -19.994110724672179 ], [ -69.384069233333307, -19.967001310693007 ] ] ] } },
{ "type": "Feature", "properties": { "cve": "2873039", "nombre": "CALA 28 1 AL 30", "solicitante": "Beseler Valdivia Jorge Carlos", "region": "REGIÓN DE TARAPACÁ", "provincia": "Provincia del Tamarugal", "comuna": null, "superficie_ha": 300.0, "datum_original": "PSAD56", "huso": 19, "epsg_origen": 24879, "tipo_publicacion": "manifestacion", "fuente_pdf": "http://www.diariooficial.interior.gob.cl/publicaciones/2026/09/21/44554/07/2873039.pdf", "archivo": "gm_manifestacion_2873039.pdf", "fecha": "21-09-2026", "edicion": "44554" }, "geometry": { "type": "Polygon", "coordinates": [ [ [ -69.374511715958349, -19.967021734838983 ], [ -69.3649541868932, -19.967041644355394 ], [ -69.365016594058972, -19.994151117647608 ], [ -69.374575757369655, -19.994131178853067 ], [ -69.374511715958349, -19.967021734838983 ] ] ] } },
{ "type": "Feature", "properties": { "cve": "2873019", "nombre": "CALA 3 1 AL 30", "solicitante": "Beseler Valdivia Jorge Carlos", "region": "REGIÓN DE TARAPACÁ", "provincia": "Provincia del Tamarugal", "comuna": null, "superficie_ha": 300.0, "datum_original": "PSAD56", "huso": 19, "epsg_origen": 24879, "tipo_publicacion": "manifestacion", "fuente_pdf": "http://www.diariooficial.interior.gob.cl/publicaciones/2026/09/21/44554/07/2873019.pdf", "archivo": "gm_manifestacion_2873019.pdf", "fecha": "21-09-2026", "edicion": "44554" }, "geometry": { "type": "Polygon", "coordinates": [ [ [ -69.450997193501891, -19.975880335781756 ], [ -69.422323237610883, -19.975950905942554 ], [ -69.422347308442198, -19.984987334700957 ], [ -69.451022898509777, -19.984916729964631 ], [ -69.450997193501891, -19.975880335781756 ] ] ] } },
{ "type": "Feature", "properties": { "cve": "2873040", "nombre": "CALA 30 1 AL 30", "solicitante": "Beseler Valdivia Jorge Carlos", "region": "REGIÓN DE TARAPACÁ", "provincia": "Provincia del Tamarugal", "comuna": null, "superficie_ha": 300.0, "datum_original": "PSAD56", "huso": 19, "epsg_origen": 24879, "tipo_publicacion": "manifestacion", "fuente_pdf": "http://www.diariooficial.interior.gob.cl/publicaciones/2026/09/21/44554/07/2873040.pdf", "archivo": "gm_manifestacion_2873040.pdf", "fecha": "21-09-2026", "edicion": "44554" }, "geometry": { "type": "Polygon", "coordinates": [ [ [ -69.422371392462381, -19.994023754140457 ], [ -69.412812290633738, -19.994046269838911 ], [ -69.412882984977372, -20.021155505282184 ], [ -69.422443723690435, -20.021132956510776 ], [ -69.422371392462381, -19.994023754140457 ] ] ] } },
{ "type": "Feature", "properties": { "cve": "2873041", "nombre": "CALA 31 1 AL 30", "solicitante": "Beseler Valdivia Jorge Carlos", "region": "REGIÓN DE TARAPACÁ", "provincia": "Provincia del Tamarugal", "comuna": "Huara", "superficie_ha": 300.0, "datum_original": "PSAD56", "huso": 19, "epsg_origen": 24879, "tipo_publicacion": "manifestacion", "fuente_pdf": "http://www.diariooficial.interior.gob.cl/publicaciones/2026/09/21/44554/07/2873041.pdf", "archivo": "gm_manifestacion_2873041.pdf", "fecha": "21-09-2026", "edicion": "44554" }, "geometry": { "type": "Polygon", "coordinates": [ [ [ -69.412812290633738, -19.994046269838911 ], [ -69.403253175911615, -19.994068270162284 ], [ -69.40332223336074, -20.021177537921499 ], [ -69.412882984977372, -20.021155505282184 ], [ -69.412812290633738, -19.994046269838911 ] ] ] } },
{ "type": "Feature", "properties": { "cve": "2873042", "nombre": "CALA 32 1 AL 30", "solicitante": "Beseler Valdivia Jorge Carlos", "region": "REGIÓN DE TARAPACÁ", "provincia": "Provincia del Tamarugal", "comuna": null, "superficie_ha": 300.0, "datum_original": "PSAD56", "huso": 19, "epsg_origen": 24879, "tipo_publicacion": "manifestacion", "fuente_pdf": "http://www.diariooficial.interior.gob.cl/publicaciones/2026/09/21/44554/07/2873042.pdf", "archivo": "gm_manifestacion_2873042.pdf", "fecha": "21-09-2026", "edicion": "44554" }, "geometry": { "type": "Polygon", "coordinates": [ [ [ -69.403253175911615, -19.994068270162284 ], [ -69.393694048594526, -19.994089755107655 ], [ -69.393761469139292, -20.021199054425775 ], [ -69.40332223336074, -20.021177537921499 ], [ -69.403253175911615, -19.994068270162284 ] ] ] } },
{ "type": "Feature", "properties": { "cve": "2873043", "nombre": "CALA 33 1 AL 30", "solicitante": "Beseler Valdivia Jorge Carlos", "region": "REGIÓN DE TARAPACÁ", "provincia": "Provincia del Tamarugal", "comuna": null, "superficie_ha": 300.0, "datum_original": "PSAD56", "huso": 19, "epsg_origen": 24879, "tipo_publicacion": "manifestacion", "fuente_pdf": "http://www.diariooficial.interior.gob.cl/publicaciones/2026/09/21/44554/07/2873043.pdf", "archivo": "gm_manifestacion_2873043.pdf", "fecha": "21-09-2026", "edicion": "44554" }, "geometry": { "type": "Polygon", "coordinates": [ [ [ -69.393694048594526, -19.994089755107655 ], [ -69.384134908981011, -19.994110724672179 ], [ -69.384200692611827, -20.021220054792185 ], [ -69.393761469139292, -20.021199054425775 ], [ -69.393694048594526, -19.994089755107655 ] ] ] } },
{ "type": "Feature", "properties": { "cve": "2873044", "nombre": "CALA 34 1 AL 30", "solicitante": "Beseler Valdivia Jorge Carlos", "region": "REGIÓN DE TARAPACÁ", "provincia": "Provincia del Tamarugal", "comuna": null, "superficie_ha": 300.0, "datum_original": "PSAD56", "huso": 19, "epsg_origen": 24879, "tipo_publicacion": "manifestacion", "fuente_pdf": "http://www.diariooficial.interior.gob.cl/publicaciones/2026/09/21/44554/07/2873044.pdf", "archivo": "gm_manifestacion_2873044.pdf", "fecha": "21-09-2026", "edicion": "44554" }, "geometry": { "type": "Polygon", "coordinates": [ [ [ -69.384134908981011, -19.994110724672179 ], [ -69.374575757369655, -19.994131178853067 ], [ -69.374639904077114, -20.021240539017921 ], [ -69.384200692611827, -20.021220054792185 ], [ -69.384134908981011, -19.994110724672179 ] ] ] } },
{ "type": "Feature", "properties": { "cve": "2873045", "nombre": "CALA 35 1 AL 30", "solicitante": "Beseler Valdivia Jorge Carlos", "region": "REGIÓN DE TARAPACÁ", "provincia": "Provincia del Tamarugal", "comuna": null, "superficie_ha": 300.0, "datum_original": "PSAD56", "huso": 19, "epsg_origen": 24879, "tipo_publicacion": "manifestacion", "fuente_pdf": "http://www.diariooficial.interior.gob.cl/publicaciones/2026/09/21/44554/07/2873045.pdf", "archivo": "gm_manifestacion_2873045.pdf", "fecha": "21-09-2026", "edicion": "44554" }, "geometry": { "type": "Polygon", "coordinates": [ [ [ -69.374575757369655, -19.994131178853067 ], [ -69.365016594058972, -19.994151117647608 ], [ -69.365079103833963, -20.02126050710028 ], [ -69.374639904077114, -20.021240539017921 ], [ -69.374575757369655, -19.994131178853067 ] ] ] } },
{ "type": "Feature", "properties": { "cve": "2873046", "nombre": "CALA 36 1 AL 30", "solicitante": "Beseler Valdivia Jorge Carlos", "region": "REGIÓN DE TARAPACÁ", "provincia": "Provincia del Tamarugal", "comuna": null, "superficie_ha": 300.0, "datum_original": "PSAD56", "huso": 19, "epsg_origen": 24879, "tipo_publicacion": "manifestacion", "fuente_pdf": "http://www.diariooficial.interior.gob.cl/publicaciones/2026/09/21/44554/07/2873046.pdf", "archivo": "gm_manifestacion_2873046.pdf", "fecha": "21-09-2026", "edicion": "44554" }, "geometry": { "type": "Polygon", "coordinates": [ [ [ -69.365016594058972, -19.994151117647608 ], [ -69.355457419347545, -19.994170541053165 ], [ -69.355518292181102, -20.021279959036608 ], [ -69.365079103833963, -20.02126050710028 ], [ -69.365016594058972, -19.994151117647608 ] ] ] } },
{ "type": "Feature", "properties": { "cve": "2873020", "nombre": "CALA 4 1 AL 30", "solicitante": "Beseler Valdivia Jorge Carlos", "region": "REGIÓN DE TARAPACÁ", "provincia": "Provincia del Tamarugal", "comuna": null, "superficie_ha": 300.0, "datum_original": "PSAD56", "huso": 19, "epsg_origen": 24879, "tipo_publicacion": "manifestacion", "fuente_pdf": "http://www.diariooficial.interior.gob.cl/publicaciones/2026/09/21/44554/07/2873020.pdf", "archivo": "gm_manifestacion_2873020.pdf", "fecha": "21-09-2026", "edicion": "44554" }, "geometry": { "type": "Polygon", "coordinates": [ [ [ -69.451022898509777, -19.984916729964631 ], [ -69.422347308442198, -19.984987334700957 ], [ -69.422371392462381, -19.994023754140457 ], [ -69.451048617601913, -19.993953114824791 ], [ -69.451022898509777, -19.984916729964631 ] ] ] } },
{ "type": "Feature", "properties": { "cve": "2873021", "nombre": "CALA 5 1 AL 30", "solicitante": "Beseler Valdivia Jorge Carlos", "region": "REGIÓN DE TARAPACÁ", "provincia": "Provincia del Tamarugal", "comuna": null, "superficie_ha": 300.0, "datum_original": "PSAD56", "huso": 19, "epsg_origen": 24879, "tipo_publicacion": "manifestacion", "fuente_pdf": "http://www.diariooficial.interior.gob.cl/publicaciones/2026/09/21/44554/07/2873021.pdf", "archivo": "gm_manifestacion_2873021.pdf", "fecha": "21-09-2026", "edicion": "44554" }, "geometry": { "type": "Polygon", "coordinates": [ [ [ -69.451048617601913, -19.993953114824791 ], [ -69.422371392462381, -19.994023754140457 ], [ -69.422395489674855, -20.003060164257569 ], [ -69.451074350781951, -20.002989490358743 ], [ -69.451048617601913, -19.993953114824791 ] ] ] } },
{ "type": "Feature", "properties": { "cve": "2873022", "nombre": "CALA 6 1 AL 30", "solicitante": "Beseler Valdivia Jorge Carlos", "region": "REGIÓN DE TARAPACÁ", "provincia": "Provincia del Tamarugal", "comuna": null, "superficie_ha": 300.0, "datum_original": "PSAD56", "huso": 19, "epsg_origen": 24879, "tipo_publicacion": "manifestacion", "fuente_pdf": "http://www.diariooficial.interior.gob.cl/publicaciones/2026/09/21/44554/07/2873022.pdf", "archivo": "gm_manifestacion_2873022.pdf", "fecha": "21-09-2026", "edicion": "44554" }, "geometry": { "type": "Polygon", "coordinates": [ [ [ -69.451074350781951, -20.002989490358743 ], [ -69.422395489674855, -20.003060164257569 ], [ -69.42241960008306, -20.012096565048825 ], [ -69.451100098053573, -20.012025856563028 ], [ -69.451074350781951, -20.002989490358743 ] ] ] } },
{ "type": "Feature", "properties": { "cve": "2873023", "nombre": "CALA 7 1 AL 30", "solicitante": "Beseler Valdivia Jorge Carlos", "region": "REGIÓN DE TARAPACÁ", "provincia": "Provincia del Tamarugal", "comuna": null, "superficie_ha": 300.0, "datum_original": "PSAD56", "huso": 19, "epsg_origen": 24879, "tipo_publicacion": "manifestacion", "fuente_pdf": "http://www.diariooficial.interior.gob.cl/publicaciones/2026/09/21/44554/07/2873023.pdf", "archivo": "gm_manifestacion_2873023.pdf", "fecha": "21-09-2026", "edicion": "44554" }, "geometry": { "type": "Polygon", "coordinates": [ [ [ -69.393425472253057, -19.88565172007813 ], [ -69.383872853447116, -19.885672566536801 ], [ -69.383938205650367, -19.912782231531626 ], [ -69.393492450635108, -19.912761354311694 ], [ -69.393425472253057, -19.88565172007813 ] ] ] } },
{ "type": "Feature", "properties": { "cve": "2873024", "nombre": "CALA 8 1 AL 30", "solicitante": "Beseler Valdivia Jorge Carlos", "region": "REGIÓN DE TARAPACÁ", "provincia": "Provincia del Tamarugal", "comuna": null, "superficie_ha": 300.0, "datum_original": "PSAD56", "huso": 19, "epsg_origen": 24879, "tipo_publicacion": "manifestacion", "fuente_pdf": "http://www.diariooficial.interior.gob.cl/publicaciones/2026/09/21/44554/07/2873024.pdf", "archivo": "gm_manifestacion_2873024.pdf", "fecha": "21-09-2026", "edicion": "44554" }, "geometry": { "type": "Polygon", "coordinates": [ [ [ -69.383872853447116, -19.885672566536801 ], [ -69.374320222680637, -19.885692900637469 ], [ -69.374383948695751, -19.912802595637498 ], [ -69.383938205650367, -19.912782231531626 ], [ -69.383872853447116, -19.885672566536801 ] ] ] } },
{ "type": "Feature", "properties": { "cve": "2873025", "nombre": "CALA 9 1 AL 30", "solicitante": "Beseler Valdivia Jorge Carlos", "region": "REGIÓN DE TARAPACÁ", "provincia": "Provincia del Tamarugal", "comuna": null, "superficie_ha": 300.0, "datum_original": "PSAD56", "huso": 19, "epsg_origen": 24879, "tipo_publicacion": "manifestacion", "fuente_pdf": "http://www.diariooficial.interior.gob.cl/publicaciones/2026/09/21/44554/07/2873025.pdf", "archivo": "gm_manifestacion_2873025.pdf", "fecha": "21-09-2026", "edicion": "44554" }, "geometry": { "type": "Polygon", "coordinates": [ [ [ -69.374320222680637, -19.885692900637469 ], [ -69.364767580251268, -19.885712722377455 ], [ -69.36482968006915, -19.912822446626656 ], [ -69.374383948695751, -19.912802595637498 ], [ -69.374320222680637, -19.885692900637469 ] ] ] } },
{ "type": "Feature", "properties": { "cve": "2872703", "nombre": "ANIKA 1, 1 al 20", "solicitante": "Antofagasta Minerals S.A.", "region": "REGIÓN DE ANTOFAGASTA", "provincia": "Provincia de Antofagasta", "comuna": null, "superficie_ha": 200.0, "datum_original": "PSAD56", "huso": 19, "epsg_origen": 24879, "tipo_publicacion": "manifestacion", "fuente_pdf": "http://www.diariooficial.interior.gob.cl/publicaciones/2026/09/21/44554/07/2872703.pdf", "archivo": "gm_manifestacion_2872703.pdf", "fecha": "21-09-2026", "edicion": "44554" }, "geometry": { "type": "Polygon", "coordinates": [ [ [ -68.903811204232809, -23.572251356453968 ], [ -68.884212082001525, -23.57223799432537 ], [ -68.884204161573493, -23.581270690141007 ], [ -68.903804624469672, -23.58128405799701 ], [ -68.903811204232809, -23.572251356453968 ] ] ] } },
{ "type": "Feature", "properties": { "cve": "2872702", "nombre": "ANIKA 2, 1 al 30", "solicitante": "Antofagasta Minerals S.A.", "region": "REGIÓN DE ANTOFAGASTA", "provincia": "Provincia de Antofagasta", "comuna": null, "superficie_ha": 300.0, "datum_original": "PSAD56", "huso": 19, "epsg_origen": 24879, "tipo_publicacion": "manifestacion", "fuente_pdf": "http://www.diariooficial.interior.gob.cl/publicaciones/2026/09/21/44554/07/2872702.pdf", "archivo": "gm_manifestacion_2872702.pdf", "fecha": "21-09-2026", "edicion": "44554" }, "geometry": { "type": "Polygon", "coordinates": [ [ [ -68.884212082001525, -23.57223799432537 ], [ -68.854813429075961, -23.572213318223145 ], [ -68.854803497659873, -23.581246003461889 ], [ -68.884204161573493, -23.581270690141007 ], [ -68.884212082001525, -23.57223799432537 ] ] ] } },
{ "type": "Feature", "properties": { "cve": "2872704", "nombre": "ANIKA 3, 1 al 30", "solicitante": "Antofagasta Minerals S.A.", "region": "REGIÓN DE ANTOFAGASTA", "provincia": "Provincia de Antofagasta", "comuna": null, "superficie_ha": 300.0, "datum_original": "PSAD56", "huso": 19, "epsg_origen": 24879, "tipo_publicacion": "manifestacion", "fuente_pdf": "http://www.diariooficial.interior.gob.cl/publicaciones/2026/09/21/44554/07/2872704.pdf", "archivo": "gm_manifestacion_2872704.pdf", "fecha": "21-09-2026", "edicion": "44554" }, "geometry": { "type": "Polygon", "coordinates": [ [ [ -68.884204161573493, -23.581270690141007 ], [ -68.854803497659873, -23.581246003461889 ], [ -68.854793561296063, -23.590278678108561 ], [ -68.884196237199632, -23.590303375365984 ], [ -68.884204161573493, -23.581270690141007 ] ] ] } },
{ "type": "Feature", "properties": { "cve": "2872705", "nombre": "ANIKA 5, 1 al 30", "solicitante": "Antofagasta Minerals S.A.", "region": "REGIÓN DE ANTOFAGASTA", "provincia": "Provincia de Antofagasta", "comuna": null, "superficie_ha": 300.0, "datum_original": "PSAD56", "huso": 19, "epsg_origen": 24879, "tipo_publicacion": "manifestacion", "fuente_pdf": "http://www.diariooficial.interior.gob.cl/publicaciones/2026/09/21/44554/07/2872705.pdf", "archivo": "gm_manifestacion_2872705.pdf", "fecha": "21-09-2026", "edicion": "44554" }, "geometry": { "type": "Polygon", "coordinates": [ [ [ -68.88418830887872, -23.599336049997241 ], [ -68.854783619983081, -23.599311342160117 ], [ -68.854773673719393, -23.608343995613492 ], [ -68.88418037660955, -23.608368714031734 ], [ -68.88418830887872, -23.599336049997241 ] ] ] } },
{ "type": "Feature", "properties": { "cve": "2872706", "nombre": "ANIKA 6, 1 al 10", "solicitante": "Antofagasta Minerals S.A.", "region": "REGIÓN DE ANTOFAGASTA", "provincia": "Provincia de Antofagasta", "comuna": null, "superficie_ha": 100.0, "datum_original": "PSAD56", "huso": 19, "epsg_origen": 24879, "tipo_publicacion": "manifestacion", "fuente_pdf": "http://www.diariooficial.interior.gob.cl/publicaciones/2026/09/21/44554/07/2872706.pdf", "archivo": "gm_manifestacion_2872706.pdf", "fecha": "21-09-2026", "edicion": "44554" }, "geometry": { "type": "Polygon", "coordinates": [ [ [ -68.864575903509319, -23.608352853865362 ], [ -68.854773673719393, -23.608343995613492 ], [ -68.854763722503506, -23.617376638465647 ], [ -68.864566623957828, -23.617385500509936 ], [ -68.864575903509319, -23.608352853865362 ] ] ] } },
{ "type": "Feature", "properties": { "cve": "2872899", "nombre": "ESPEJO B14 1/20", "solicitante": "Minera Freeport-Mcmoran South America Limitada", "region": "REGIÓN DE ANTOFAGASTA", "provincia": "Provincia de Antofagasta", "comuna": "Sierra Gorda", "superficie_ha": 100.0, "datum_original": "PSAD56", "huso": 19, "epsg_origen": 24879, "tipo_publicacion": "manifestacion", "fuente_pdf": "http://www.diariooficial.interior.gob.cl/publicaciones/2026/09/21/44554/07/2872899.pdf", "archivo": "gm_manifestacion_2872899.pdf", "fecha": "21-09-2026", "edicion": "44554" }, "geometry": { "type": "Polygon", "coordinates": [ [ [ -69.372774810982719, -23.06599274695963 ], [ -69.363012472438385, -23.066015468257458 ], [ -69.363036708264261, -23.075048588881419 ], [ -69.372799698535957, -23.075025857679044 ], [ -69.372774810982719, -23.06599274695963 ] ] ] } },
{ "type": "Feature", "properties": { "cve": "2872898", "nombre": "ESPEJO B22 1/60", "solicitante": "Minera Freeport-Mcmoran South America Limitada", "region": "REGIÓN DE ANTOFAGASTA", "provincia": "Provincia de Antofagasta", "comuna": "Sierra Gorda", "superficie_ha": 300.0, "datum_original": "PSAD56", "huso": 19, "epsg_origen": 24879, "tipo_publicacion": "manifestacion", "fuente_pdf": "http://www.diariooficial.interior.gob.cl/publicaciones/2026/09/21/44554/07/2872898.pdf", "archivo": "gm_manifestacion_2872898.pdf", "fecha": "21-09-2026", "edicion": "44554" }, "geometry": { "type": "Polygon", "coordinates": [ [ [ -69.353344529372634, -23.102170045079944 ], [ -69.343579557835412, -23.102191598100166 ], [ -69.343648528325886, -23.129290860388352 ], [ -69.353415459994835, -23.129269279213116 ], [ -69.353344529372634, -23.102170045079944 ] ] ] } },
{ "type": "Feature", "properties": { "cve": "2872895", "nombre": "MARCO POLO 2 DEL 1 AL 1", "solicitante": "Antofagasta Minerals y Energía SpA y otra", "region": "REGIÓN DE ANTOFAGASTA", "provincia": "Provincia de Antofagasta", "comuna": "Antofagasta", "superficie_ha": 5.0, "datum_original": "PSAD56", "huso": 19, "epsg_origen": 24879, "tipo_publicacion": "manifestacion", "fuente_pdf": "http://www.diariooficial.interior.gob.cl/publicaciones/2026/09/21/44554/07/2872895.pdf", "archivo": "gm_manifestacion_2872895.pdf", "fecha": "21-09-2026", "edicion": "44554" }, "geometry": { "type": "Polygon", "coordinates": [ [ [ -69.602007580030815, -24.100620650406395 ], [ -69.600039817520056, -24.100628386819697 ], [ -69.600050335757999, -24.102886285886804 ], [ -69.602018132757053, -24.102878548658534 ], [ -69.602007580030815, -24.100620650406395 ] ] ] } },
{ "type": "Feature", "properties": { "cve": "2872896", "nombre": "MARCO POLO 3 DEL 1 AL 10", "solicitante": "Antofagasta Minerales y Energía SpA y otro", "region": "REGIÓN DE ANTOFAGASTA", "provincia": "Provincia de Antofagasta", "comuna": "Antofagasta", "superficie_ha": 100.0, "datum_original": "PSAD56", "huso": 19, "epsg_origen": 24879, "tipo_publicacion": "manifestacion", "fuente_pdf": "http://www.diariooficial.interior.gob.cl/publicaciones/2026/09/21/44554/07/2872896.pdf", "archivo": "gm_manifestacion_2872896.pdf", "fecha": "21-09-2026", "edicion": "44554" }, "geometry": { "type": "Polygon", "coordinates": [ [ [ -69.631584818469165, -24.112919928134104 ], [ -69.621745112385682, -24.112960279732704 ], [ -69.621788740399168, -24.121991820589571 ], [ -69.631629136826348, -24.121951451994189 ], [ -69.631584818469165, -24.112919928134104 ] ] ] } },
{ "type": "Feature", "properties": { "cve": "2872917", "nombre": "NUEVA MNEGROS 1 AL 30", "solicitante": "Geomantos Minerals SpA", "region": "REGIÓN DE ANTOFAGASTA", "provincia": "Provincia de Antofagasta", "comuna": null, "superficie_ha": 300.0, "datum_original": "PSAD56", "huso": 19, "epsg_origen": 24879, "tipo_publicacion": "manifestacion", "fuente_pdf": "http://www.diariooficial.interior.gob.cl/publicaciones/2026/09/21/44554/07/2872917.pdf", "archivo": "gm_manifestacion_2872917.pdf", "fecha": "21-09-2026", "edicion": "44554" }, "geometry": { "type": "Polygon", "coordinates": [ [ [ -70.320002549664281, -24.083292776123319 ], [ -70.290496115053614, -24.083544609219516 ], [ -70.290586539170633, -24.092574417689541 ], [ -70.320095039828502, -24.092322478439225 ], [ -70.320002549664281, -24.083292776123319 ] ] ] } },
{ "type": "Feature", "properties": { "cve": "2872658", "nombre": "NEREIDA E52 1/60", "solicitante": "Minera Freeport-Mcmoran South America Limitada", "region": "REGIÓN DE ANTOFAGASTA", "provincia": "Provincia de El Loa", "comuna": "Calama", "superficie_ha": 300.0, "datum_original": "PSAD56", "huso": 19, "epsg_origen": 24879, "tipo_publicacion": "manifestacion", "fuente_pdf": "http://www.diariooficial.interior.gob.cl/publicaciones/2026/09/21/44554/07/2872658.pdf", "archivo": "gm_manifestacion_2872658.pdf", "fecha": "21-09-2026", "edicion": "44554" }, "geometry": { "type": "Polygon", "coordinates": [ [ [ -68.543360148138916, -22.948341441544464 ], [ -68.514098909220934, -22.948254544524485 ], [ -68.514066653788191, -22.957287656401938 ], [ -68.543329834976831, -22.957374591453306 ], [ -68.543360148138916, -22.948341441544464 ] ] ] } },
{ "type": "Feature", "properties": { "cve": "2872845", "nombre": "CRISOCOLA III 1 AL 11", "solicitante": "Gutiérrez Padilla Luis César Sergio", "region": "REGIÓN DE ATACAMA", "provincia": "Provincia de Copiapó", "comuna": null, "superficie_ha": 44.0, "datum_original": "PSAD56", "huso": 19, "epsg_origen": 24879, "tipo_publicacion": "manifestacion", "fuente_pdf": "http://www.diariooficial.interior.gob.cl/publicaciones/2026/09/21/44554/07/2872845.pdf", "archivo": "gm_manifestacion_2872845.pdf", "fecha": "21-09-2026", "edicion": "44554" }, "geometry": { "type": "Polygon", "coordinates": [ [ [ -70.642464890772999, -27.403735508909001 ], [ -70.63842036208689, -27.403783084207195 ], [ -70.638566809504155, -27.413709887305743 ], [ -70.642611699307849, -27.413662291922503 ], [ -70.642464890772999, -27.403735508909001 ] ] ] } },
{ "type": "Feature", "properties": { "cve": "2872846", "nombre": "LOMAS BAYAS 1 AL 10", "solicitante": "Gutiérrez Padilla Luis César Sergio", "region": "REGIÓN DE ATACAMA", "provincia": "Provincia de Copiapó", "comuna": null, "superficie_ha": 30.0, "datum_original": "PSAD56", "huso": 19, "epsg_origen": 24879, "tipo_publicacion": "manifestacion", "fuente_pdf": "http://www.diariooficial.interior.gob.cl/publicaciones/2026/09/21/44554/07/2872846.pdf", "archivo": "gm_manifestacion_2872846.pdf", "fecha": "21-09-2026", "edicion": "44554" }, "geometry": { "type": "Polygon", "coordinates": [ [ [ -70.006751037636846, -27.785749113082822 ], [ -70.0037063265858, -27.785771259315272 ], [ -70.00378922419533, -27.794797441072141 ], [ -70.006834186610277, -27.794775286417607 ], [ -70.006751037636846, -27.785749113082822 ] ] ] } },
{ "type": "Feature", "properties": { "cve": "2872847", "nombre": "SAN JUAN I 1 AL 8", "solicitante": "Gutiérrez Padilla Luis César Sergio", "region": "REGIÓN DE ATACAMA", "provincia": "Provincia de Copiapó", "comuna": null, "superficie_ha": 8.0, "datum_original": "PSAD56", "huso": 19, "epsg_origen": 24879, "tipo_publicacion": "manifestacion", "fuente_pdf": "http://www.diariooficial.interior.gob.cl/publicaciones/2026/09/21/44554/07/2872847.pdf", "archivo": "gm_manifestacion_2872847.pdf", "fecha": "21-09-2026", "edicion": "44554" }, "geometry": { "type": "Polygon", "coordinates": [ [ [ -70.389935049211815, -27.589266034420149 ], [ -70.385883261073914, -27.589306537561463 ], [ -70.385905958464605, -27.591111574341927 ], [ -70.389957812908932, -27.591071068105784 ], [ -70.389935049211815, -27.589266034420149 ] ] ] } },
{ "type": "Feature", "properties": { "cve": "2872848", "nombre": "SAN JUAN II 1 AL 4", "solicitante": "Gutiérrez Padilla Luis César Sergio", "region": "REGIÓN DE ATACAMA", "provincia": "Provincia de Copiapó", "comuna": null, "superficie_ha": 4.0, "datum_original": "PSAD56", "huso": 19, "epsg_origen": 24879, "tipo_publicacion": "manifestacion", "fuente_pdf": "http://www.diariooficial.interior.gob.cl/publicaciones/2026/09/21/44554/07/2872848.pdf", "archivo": "gm_manifestacion_2872848.pdf", "fecha": "21-09-2026", "edicion": "44554" }, "geometry": { "type": "Polygon", "coordinates": [ [ [ -70.383452184135024, -27.589330782726751 ], [ -70.381426284366839, -27.58935095453543 ], [ -70.381448908819792, -27.591155994709776 ], [ -70.383474841741574, -27.591135821359789 ], [ -70.383452184135024, -27.589330782726751 ] ] ] } },
{ "type": "Feature", "properties": { "cve": "2872849", "nombre": "SAN JUAN III 1 AL 10", "solicitante": "Gutiérrez Padilla Luis César Sergio", "region": "REGIÓN DE ATACAMA", "provincia": "Provincia de Copiapó", "comuna": null, "superficie_ha": 100.0, "datum_original": "PSAD56", "huso": 19, "epsg_origen": 24879, "tipo_publicacion": "manifestacion", "fuente_pdf": "http://www.diariooficial.interior.gob.cl/publicaciones/2026/09/21/44554/07/2872849.pdf", "archivo": "gm_manifestacion_2872849.pdf", "fecha": "21-09-2026", "edicion": "44554" }, "geometry": { "type": "Polygon", "coordinates": [ [ [ -70.389639313827075, -27.565800551878411 ], [ -70.379511981222322, -27.565901487830871 ], [ -70.379624855275054, -27.574926721818287 ], [ -70.389753015867981, -27.574825747278535 ], [ -70.389639313827075, -27.565800551878411 ] ] ] } },
{ "type": "Feature", "properties": { "cve": "2872958", "nombre": "ROMA 1 al 45", "solicitante": "Sociedad Comercial H y H Limitada", "region": "REGIÓN DE ATACAMA", "provincia": "Provincia de Chañaral", "comuna": "Chañaral", "superficie_ha": 10.0, "datum_original": "WGS84", "huso": 19, "epsg_origen": 32719, "tipo_publicacion": "manifestacion", "fuente_pdf": "http://www.diariooficial.interior.gob.cl/publicaciones/2026/09/21/44554/07/2872958.pdf", "archivo": "gm_manifestacion_2872958.pdf", "fecha": "21-09-2026", "edicion": "44554" }, "geometry": { "type": "Polygon", "coordinates": [ [ [ -70.378841881178417, -26.688445816600712 ], [ -70.373817561422868, -26.688494518840674 ], [ -70.373839210049724, -26.690299795936792 ], [ -70.378863608917513, -26.690251089889333 ], [ -70.378841881178417, -26.688445816600712 ] ] ] } },
{ "type": "Feature", "properties": { "cve": "2872559", "nombre": "BRONCE SUR 1 AL 3", "solicitante": "Aguirre Carroza Fernando Patricio", "region": "REGIÓN DE COQUIMBO", "provincia": "Provincia de Choapa", "comuna": null, "superficie_ha": 3.0, "datum_original": "WGS84", "huso": 19, "epsg_origen": 32719, "tipo_publicacion": "manifestacion", "fuente_pdf": "http://www.diariooficial.interior.gob.cl/publicaciones/2026/09/21/44554/07/2872559.pdf", "archivo": "gm_manifestacion_2872559.pdf", "fecha": "21-09-2026", "edicion": "44554" }, "geometry": { "type": "Polygon", "coordinates": [ [ [ -71.058795083328732, -31.394830687396702 ], [ -71.057743912841403, -31.394847568622733 ], [ -71.057802941524784, -31.397552617580594 ], [ -71.058854142114185, -31.397535734571672 ], [ -71.058795083328732, -31.394830687396702 ] ] ] } },
{ "type": "Feature", "properties": { "cve": "2872829", "nombre": "LA LAURITA 3 1 AL 8", "solicitante": "Orrego Álvarez Germán del Tránsito", "region": "REGIÓN DE COQUIMBO", "provincia": "Provincia de Choapa", "comuna": null, "superficie_ha": 16.0, "datum_original": "WGS84", "huso": 19, "epsg_origen": 32719, "tipo_publicacion": "manifestacion", "fuente_pdf": "http://www.diariooficial.interior.gob.cl/publicaciones/2026/09/21/44554/07/2872829.pdf", "archivo": "gm_manifestacion_2872829.pdf", "fecha": "21-09-2026", "edicion": "44554" }, "geometry": { "type": "Polygon", "coordinates": [ [ [ -71.172186788807636, -31.410159560914568 ], [ -71.170084259398323, -31.410195189425458 ], [ -71.170250377406035, -31.417408109327244 ], [ -71.172353067453685, -31.417372470785153 ], [ -71.172186788807636, -31.410159560914568 ] ] ] } },
{ "type": "Feature", "properties": { "cve": "2872902", "nombre": "MALLORCA II 1, 1 al 30", "solicitante": "Prenafeta Villa Alberto Cristian", "region": "REGIÓN DE COQUIMBO", "provincia": "Provincia de Choapa", "comuna": null, "superficie_ha": 300.0, "datum_original": "PSAD56", "huso": 19, "epsg_origen": 24879, "tipo_publicacion": "manifestacion", "fuente_pdf": "http://www.diariooficial.interior.gob.cl/publicaciones/2026/09/21/44554/07/2872902.pdf", "archivo": "gm_manifestacion_2872902.pdf", "fecha": "21-09-2026", "edicion": "44554" }, "geometry": { "type": "Polygon", "coordinates": [ [ [ -71.40973073488351, -31.881869413230774 ], [ -71.378038121681129, -31.88246645792222 ], [ -71.378269873144447, -31.891480592695665 ], [ -71.409965567706877, -31.890883339672172 ], [ -71.40973073488351, -31.881869413230774 ] ] ] } },
{ "type": "Feature", "properties": { "cve": "2872903", "nombre": "MALLORCA II 2, 1 al 30", "solicitante": "Prenafeta Villa Alberto Cristian", "region": "REGIÓN DE COQUIMBO", "provincia": "Provincia de Choapa", "comuna": null, "superficie_ha": 300.0, "datum_original": "PSAD56", "huso": 19, "epsg_origen": 24879, "tipo_publicacion": "manifestacion", "fuente_pdf": "http://www.diariooficial.interior.gob.cl/publicaciones/2026/09/21/44554/07/2872903.pdf", "archivo": "gm_manifestacion_2872903.pdf", "fecha": "21-09-2026", "edicion": "44554" }, "geometry": { "type": "Polygon", "coordinates": [ [ [ -71.378038121681129, -31.88246645792222 ], [ -71.346344574863508, -31.88305561244044 ], [ -71.346573244592363, -31.892069952795346 ], [ -71.378269873144447, -31.891480592695665 ], [ -71.378038121681129, -31.88246645792222 ] ] ] } },
{ "type": "Feature", "properties": { "cve": "2872904", "nombre": "MALLORCA II 3, 1 al 300", "solicitante": "Prenafeta Villa Alberto Cristian", "region": "REGIÓN DE COQUIMBO", "provincia": "Provincia de Choapa", "comuna": null, "superficie_ha": 300.0, "datum_original": "PSAD56", "huso": 19, "epsg_origen": 24879, "tipo_publicacion": "manifestacion", "fuente_pdf": "http://www.diariooficial.interior.gob.cl/publicaciones/2026/09/21/44554/07/2872904.pdf", "archivo": "gm_manifestacion_2872904.pdf", "fecha": "21-09-2026", "edicion": "44554" }, "geometry": { "type": "Polygon", "coordinates": [ [ [ -71.359320481137729, -31.873796820909298 ], [ -71.32762947600898, -31.87438116851887 ], [ -71.32785624633415, -31.88339564186537 ], [ -71.359550332035965, -31.88281109031789 ], [ -71.359320481137729, -31.873796820909298 ] ] ] } },
{ "type": "Feature", "properties": { "cve": "2872905", "nombre": "MALLORCA II 4, 1 al 20", "solicitante": "Prenafeta Villa Alberto Cristian", "region": "REGIÓN DE COQUIMBO", "provincia": "Provincia de Choapa", "comuna": null, "superficie_ha": 200.0, "datum_original": "PSAD56", "huso": 19, "epsg_origen": 24879, "tipo_publicacion": "manifestacion", "fuente_pdf": "http://www.diariooficial.interior.gob.cl/publicaciones/2026/09/21/44554/07/2872905.pdf", "archivo": "gm_manifestacion_2872905.pdf", "fecha": "21-09-2026", "edicion": "44554" }, "geometry": { "type": "Polygon", "coordinates": [ [ [ -71.346344574863508, -31.88305561244044 ], [ -71.325215031098324, -31.883443998294656 ], [ -71.325441646131949, -31.892458474175566 ], [ -71.346573244592363, -31.892069952795346 ], [ -71.346344574863508, -31.88305561244044 ] ] ] } },
{ "type": "Feature", "properties": { "cve": "2872906", "nombre": "MALLORCA II 5, 1 al 30", "solicitante": "Prenafeta Villa Alberto Cristian", "region": "REGIÓN DE COQUIMBO", "provincia": "Provincia de Choapa", "comuna": null, "superficie_ha": 300.0, "datum_original": "PSAD56", "huso": 19, "epsg_origen": 24879, "tipo_publicacion": "manifestacion", "fuente_pdf": "http://www.diariooficial.interior.gob.cl/publicaciones/2026/09/21/44554/07/2872906.pdf", "archivo": "gm_manifestacion_2872906.pdf", "fecha": "21-09-2026", "edicion": "44554" }, "geometry": { "type": "Polygon", "coordinates": [ [ [ -71.404683017333099, -31.890983429928209 ], [ -71.372987166244599, -31.891579367520375 ], [ -71.373218507658621, -31.900593522350974 ], [ -71.404917441547639, -31.899997376845555 ], [ -71.404683017333099, -31.890983429928209 ] ] ] } },
{ "type": "Feature", "properties": { "cve": "2872907", "nombre": "MALLORCA II 6, 1 al 30", "solicitante": "Prenafeta Villa Alberto Cristian", "region": "REGIÓN DE COQUIMBO", "provincia": "Provincia de Choapa", "comuna": null, "superficie_ha": 300.0, "datum_original": "PSAD56", "huso": 19, "epsg_origen": 24879, "tipo_publicacion": "manifestacion", "fuente_pdf": "http://www.diariooficial.interior.gob.cl/publicaciones/2026/09/21/44554/07/2872907.pdf", "archivo": "gm_manifestacion_2872907.pdf", "fecha": "21-09-2026", "edicion": "44554" }, "geometry": { "type": "Polygon", "coordinates": [ [ [ -71.372987166244599, -31.891579367520375 ], [ -71.341290383233215, -31.892167412054732 ], [ -71.341518641472874, -31.901181772047419 ], [ -71.373218507658621, -31.900593522350974 ], [ -71.372987166244599, -31.891579367520375 ] ] ] } },
{ "type": "Feature", "properties": { "cve": "2872909", "nombre": "MAQUEDA II 10, 1 al 10", "solicitante": "Prenafeta Villa Alberto Cristian", "region": "REGIÓN DE COQUIMBO", "provincia": "Provincia de Choapa", "comuna": null, "superficie_ha": 100.0, "datum_original": "PSAD56", "huso": 19, "epsg_origen": 24879, "tipo_publicacion": "manifestacion", "fuente_pdf": "http://www.diariooficial.interior.gob.cl/publicaciones/2026/09/21/44554/07/2872909.pdf", "archivo": "gm_manifestacion_2872909.pdf", "fecha": "21-09-2026", "edicion": "44554" }, "geometry": { "type": "Polygon", "coordinates": [ [ [ -71.463983408771483, -31.889847234166282 ], [ -71.453418824274777, -31.890051678727442 ], [ -71.453657988068102, -31.899065300576716 ], [ -71.464223599884519, -31.898860784690111 ], [ -71.463983408771483, -31.889847234166282 ] ] ] } },
{ "type": "Feature", "properties": { "cve": "2872908", "nombre": "MAQUEDA II 9, 1 AL 200", "solicitante": "Prenafeta Villa Alberto Cristian", "region": "REGIÓN DE COQUIMBO", "provincia": "Provincia de Choapa", "comuna": null, "superficie_ha": 200.0, "datum_original": "PSAD56", "huso": 19, "epsg_origen": 24879, "tipo_publicacion": "manifestacion", "fuente_pdf": "http://www.diariooficial.interior.gob.cl/publicaciones/2026/09/21/44554/07/2872908.pdf", "archivo": "gm_manifestacion_2872908.pdf", "fecha": "21-09-2026", "edicion": "44554" }, "geometry": { "type": "Polygon", "coordinates": [ [ [ -71.472194093921146, -31.880669539492192 ], [ -71.451067043142586, -31.881078811853499 ], [ -71.451305894515613, -31.890092462427482 ], [ -71.472434998989598, -31.889683047259162 ], [ -71.472194093921146, -31.880669539492192 ] ] ] } },
{ "type": "Feature", "properties": { "cve": "2872474", "nombre": "COMPLEMENTO 4 1 AL 4", "solicitante": "Marín Fernández Luis Claudio", "region": "REGIÓN DE COQUIMBO", "provincia": "Provincia de Limarí", "comuna": "Combarbalá", "superficie_ha": 40.0, "datum_original": "PSAD56", "huso": 19, "epsg_origen": 24879, "tipo_publicacion": "manifestacion", "fuente_pdf": "http://www.diariooficial.interior.gob.cl/publicaciones/2026/09/21/44554/07/2872474.pdf", "archivo": "gm_manifestacion_2872474.pdf", "fecha": "21-09-2026", "edicion": "44554" }, "geometry": { "type": "Polygon", "coordinates": [ [ [ -71.000271563394705, -31.286086819679976 ], [ -70.995021574206234, -31.286168477989541 ], [ -70.995173538258101, -31.29338231290409 ], [ -71.000423926697579, -31.293300631547854 ], [ -71.000271563394705, -31.286086819679976 ] ] ] } },
{ "type": "Feature", "properties": { "cve": "2872475", "nombre": "COMPLEMENTO 5 1 AL 15", "solicitante": "Marín Fernández Luis Claudio", "region": "REGIÓN DE COQUIMBO", "provincia": "Provincia de Limarí", "comuna": "Combarbalá", "superficie_ha": 150.0, "datum_original": "PSAD56", "huso": 19, "epsg_origen": 24879, "tipo_publicacion": "manifestacion", "fuente_pdf": "http://www.diariooficial.interior.gob.cl/publicaciones/2026/09/21/44554/07/2872475.pdf", "archivo": "gm_manifestacion_2872475.pdf", "fecha": "21-09-2026", "edicion": "44554" }, "geometry": { "type": "Polygon", "coordinates": [ [ [ -71.010802391507468, -31.275007914597438 ], [ -71.002928370909046, -31.275130928217202 ], [ -71.003309723597567, -31.293165442984034 ], [ -71.011185240931809, -31.293042342541057 ], [ -71.010802391507468, -31.275007914597438 ] ] ] } },
{ "type": "Feature", "properties": { "cve": "2872435", "nombre": "LA NEGRITA 1 AL 72", "solicitante": "Puelles Larrondo Mitchel Yhon Jairo", "region": "REGIÓN DE COQUIMBO", "provincia": "Provincia de Limarí", "comuna": null, "superficie_ha": 72.0, "datum_original": "PSAD56", "huso": 19, "epsg_origen": 24879, "tipo_publicacion": "manifestacion", "fuente_pdf": "http://www.diariooficial.interior.gob.cl/publicaciones/2026/09/21/44554/07/2872435.pdf", "archivo": "gm_manifestacion_2872435.pdf", "fecha": "21-09-2026", "edicion": "44554" }, "geometry": { "type": "Polygon", "coordinates": [ [ [ -70.884743166526931, -31.186190194185464 ], [ -70.878449370841111, -31.186282230122284 ], [ -70.87866318061468, -31.19710389589148 ], [ -70.88495769164372, -31.197011820914902 ], [ -70.884743166526931, -31.186190194185464 ] ] ] } },
{ "type": "Feature", "properties": { "cve": "2872757", "nombre": "SOMBRA 1106, 1 AL 60", "solicitante": "NR Entre Ríos SpA", "region": "REGIÓN DEL BIOBÍO", "provincia": "Provincia de Biobío", "comuna": null, "superficie_ha": 60.0, "datum_original": "PSAD56", "huso": 18, "epsg_origen": 24878, "tipo_publicacion": "manifestacion", "fuente_pdf": "http://www.diariooficial.interior.gob.cl/publicaciones/2026/09/21/44554/07/2872757.pdf", "archivo": "gm_manifestacion_2872757.pdf", "fecha": "21-09-2026", "edicion": "44554" }, "geometry": { "type": "Polygon", "coordinates": [ [ [ -72.436306209519714, -37.582856190788313 ], [ -72.424991650181312, -37.582609770862831 ], [ -72.42480543344341, -37.588012407395809 ], [ -72.436120808825805, -37.5882588750979 ], [ -72.436306209519714, -37.582856190788313 ] ] ] } },
{ "type": "Feature", "properties": { "cve": "2872758", "nombre": "SOMBRA 1107, 1 AL 200", "solicitante": "NR Entre Ríos SpA", "region": "REGIÓN DEL BIOBÍO", "provincia": "Provincia de Biobío", "comuna": null, "superficie_ha": 200.0, "datum_original": "PSAD56", "huso": 18, "epsg_origen": 24878, "tipo_publicacion": "manifestacion", "fuente_pdf": "http://www.diariooficial.interior.gob.cl/publicaciones/2026/09/21/44554/07/2872758.pdf", "archivo": "gm_manifestacion_2872758.pdf", "fecha": "21-09-2026", "edicion": "44554" }, "geometry": { "type": "Polygon", "coordinates": [ [ [ -72.447362474113689, -37.590665350643725 ], [ -72.436046634683649, -37.590419947205284 ], [ -72.435428208592796, -37.608428845507547 ], [ -72.44674677016026, -37.608674407560294 ], [ -72.447362474113689, -37.590665350643725 ] ] ] } },
{ "type": "Feature", "properties": { "cve": "2872759", "nombre": "SOMBRA 1109, 1 AL 140", "solicitante": "NR Entre Ríos SpA", "region": "REGIÓN DEL BIOBÍO", "provincia": "Provincia de Biobío", "comuna": null, "superficie_ha": 140.0, "datum_original": "PSAD56", "huso": 18, "epsg_origen": 24878, "tipo_publicacion": "manifestacion", "fuente_pdf": "http://www.diariooficial.interior.gob.cl/publicaciones/2026/09/21/44554/07/2872759.pdf", "archivo": "gm_manifestacion_2872759.pdf", "fecha": "21-09-2026", "edicion": "44554" }, "geometry": { "type": "Polygon", "coordinates": [ [ [ -72.454976812357629, -37.599841080189023 ], [ -72.447054690651584, -37.599669887112263 ], [ -72.446438712575215, -37.617678911985436 ], [ -72.454362740700844, -37.61785021570239 ], [ -72.454976812357629, -37.599841080189023 ] ] ] } },
{ "type": "Feature", "properties": { "cve": "2872760", "nombre": "SOMBRA 1110, 1 AL 80", "solicitante": "NR Entre Ríos SpA", "region": "REGIÓN DEL BIOBÍO", "provincia": "Provincia de Biobío", "comuna": null, "superficie_ha": 80.0, "datum_original": "PSAD56", "huso": 18, "epsg_origen": 24878, "tipo_publicacion": "manifestacion", "fuente_pdf": "http://www.diariooficial.interior.gob.cl/publicaciones/2026/09/21/44554/07/2872760.pdf", "archivo": "gm_manifestacion_2872760.pdf", "fecha": "21-09-2026", "edicion": "44554" }, "geometry": { "type": "Polygon", "coordinates": [ [ [ -72.446931538902192, -37.603271697214069 ], [ -72.435613794229852, -37.603026182753538 ], [ -72.435366335698589, -37.610229731808907 ], [ -72.446685169612834, -37.610475309727228 ], [ -72.446931538902192, -37.603271697214069 ] ] ] } },
{ "type": "Feature", "properties": { "cve": "2872761", "nombre": "SOMBRA 1112, 1 AL 72", "solicitante": "NR Entre Ríos SpA", "region": "REGIÓN DEL BIOBÍO", "provincia": "Provincia de Biobío", "comuna": null, "superficie_ha": 72.0, "datum_original": "PSAD56", "huso": 18, "epsg_origen": 24878, "tipo_publicacion": "manifestacion", "fuente_pdf": "http://www.diariooficial.interior.gob.cl/publicaciones/2026/09/21/44554/07/2872761.pdf", "archivo": "gm_manifestacion_2872761.pdf", "fecha": "21-09-2026", "edicion": "44554" }, "geometry": { "type": "Polygon", "coordinates": [ [ [ -72.436611400699121, -37.610256798449576 ], [ -72.4264245542455, -37.610034958706478 ], [ -72.426176146808643, -37.61723844715592 ], [ -72.436363973889158, -37.617460344233372 ], [ -72.436611400699121, -37.610256798449576 ] ] ] } },
{ "type": "Feature", "properties": { "cve": "2872762", "nombre": "SOMBRA 1113, 1 AL 21", "solicitante": "NR Entre Ríos SpA", "region": "REGIÓN DEL BIOBÍO", "provincia": "Provincia de Biobío", "comuna": null, "superficie_ha": 21.0, "datum_original": "PSAD56", "huso": 18, "epsg_origen": 24878, "tipo_publicacion": "manifestacion", "fuente_pdf": "http://www.diariooficial.interior.gob.cl/publicaciones/2026/09/21/44554/07/2872762.pdf", "archivo": "gm_manifestacion_2872762.pdf", "fecha": "21-09-2026", "edicion": "44554" }, "geometry": { "type": "Polygon", "coordinates": [ [ [ -72.420531853341927, -37.61666457573245 ], [ -72.412608161413544, -37.616491005129511 ], [ -72.412514497492722, -37.619192282086495 ], [ -72.420438475482996, -37.619365869509423 ], [ -72.420531853341927, -37.61666457573245 ] ] ] } },
{ "type": "Feature", "properties": { "cve": "2872763", "nombre": "SOMBRA 1114, 1 AL 56", "solicitante": "NR Entre Ríos SpA", "region": "REGIÓN DEL BIOBÍO", "provincia": "Provincia de Biobío", "comuna": null, "superficie_ha": 56.0, "datum_original": "PSAD56", "huso": 18, "epsg_origen": 24878, "tipo_publicacion": "manifestacion", "fuente_pdf": "http://www.diariooficial.interior.gob.cl/publicaciones/2026/09/21/44554/07/2872763.pdf", "archivo": "gm_manifestacion_2872763.pdf", "fecha": "21-09-2026", "edicion": "44554" }, "geometry": { "type": "Polygon", "coordinates": [ [ [ -72.40460624680469, -37.618567953378658 ], [ -72.396682452902667, -37.618393306047999 ], [ -72.396431100924545, -37.62559661470501 ], [ -72.404355657776321, -37.62577130716852 ], [ -72.40460624680469, -37.618567953378658 ] ] ] } },
{ "type": "Feature", "properties": { "cve": "2873010", "nombre": "ELENA 1 AL 6", "solicitante": "Álvarez Leiva Cristian Eduardo", "region": "REGIÓN DE TARAPACÁ", "provincia": "Provincia de Iquique", "comuna": null, "superficie_ha": 12.0, "datum_original": "PSAD56", "huso": 19, "epsg_origen": 24879, "tipo_publicacion": "mensura", "fuente_pdf": "http://www.diariooficial.interior.gob.cl/publicaciones/2026/09/21/44554/07/2873010.pdf", "archivo": "gm_mensura_2873010.pdf", "fecha": "21-09-2026", "edicion": "44554" }, "geometry": { "type": "Polygon", "coordinates": [ [ [ -70.050215203773689, -20.818125899615971 ], [ -70.044449971161256, -20.818161112721612 ], [ -70.044462421512918, -20.819967970664504 ], [ -70.050227722819017, -20.819932754225569 ], [ -70.050215203773689, -20.818125899615971 ] ] ] } },
{ "type": "Feature", "properties": { "cve": "2873011", "nombre": "TOMIKO 1 AL 22", "solicitante": "Álvarez Leiva Cristian Eduardo", "region": "REGIÓN DE TARAPACÁ", "provincia": "Provincia de Iquique", "comuna": null, "superficie_ha": 44.0, "datum_original": "PSAD56", "huso": 19, "epsg_origen": 24879, "tipo_publicacion": "mensura", "fuente_pdf": "http://www.diariooficial.interior.gob.cl/publicaciones/2026/09/21/44554/07/2873011.pdf", "archivo": "gm_mensura_2873011.pdf", "fecha": "21-09-2026", "edicion": "44554" }, "geometry": { "type": "Polygon", "coordinates": [ [ [ -70.060162309903163, -20.86639985674055 ], [ -70.056317609532016, -20.866423629020172 ], [ -70.056387056664576, -20.876361248447118 ], [ -70.060232009688661, -20.876337463813833 ], [ -70.060162309903163, -20.86639985674055 ] ] ] } },
{ "type": "Feature", "properties": { "cve": "2872962", "nombre": "ANTO CINCO, 1 AL 20", "solicitante": "Glencore Exploraciones Limitada", "region": "REGIÓN DE TARAPACÁ", "provincia": "Provincia del Tamarugal", "comuna": null, "superficie_ha": 100.0, "datum_original": "WGS84", "huso": 19, "epsg_origen": 32719, "tipo_publicacion": "mensura", "fuente_pdf": "http://www.diariooficial.interior.gob.cl/publicaciones/2026/09/21/44554/07/2872962.pdf", "archivo": "gm_mensura_2872962.pdf", "fecha": "21-09-2026", "edicion": "44554" }, "geometry": { "type": "Polygon", "coordinates": [ [ [ -69.038143116562154, -19.598023188076066 ], [ -69.028607338455004, -19.598024953781159 ], [ -69.028608935875425, -19.607062042661493 ], [ -69.038145246455713, -19.607060276077352 ], [ -69.038143116562154, -19.598023188076066 ] ] ] } },
{ "type": "Feature", "properties": { "cve": "2872963", "nombre": "ANTO CINCUENTA Y NUEVE, 1 AL 60", "solicitante": "Glencore Exploraciones Limitada", "region": "REGIÓN DE TARAPACÁ", "provincia": "Provincia del Tamarugal", "comuna": null, "superficie_ha": 300.0, "datum_original": "WGS84", "huso": 19, "epsg_origen": 32719, "tipo_publicacion": "mensura", "fuente_pdf": "http://www.diariooficial.interior.gob.cl/publicaciones/2026/09/21/44554/07/2872963.pdf", "archivo": "gm_mensura_2872963.pdf", "fecha": "21-09-2026", "edicion": "44554" }, "geometry": { "type": "Polygon", "coordinates": [ [ [ -69.009541117913258, -19.688397462645131 ], [ -68.980917764469467, -19.688396702145017 ], [ -68.980916693609032, -19.697433700936802 ], [ -69.009541653343518, -19.697434461814066 ], [ -69.009541117913258, -19.688397462645131 ] ] ] } },
{ "type": "Feature", "properties": { "cve": "2872964", "nombre": "ANTO CINCUENTA, 1 AL 60", "solicitante": "Glencore Exploraciones Limitada", "region": "REGIÓN DE TARAPACÁ", "provincia": "Provincia del Tamarugal", "comuna": null, "superficie_ha": 300.0, "datum_original": "WGS84", "huso": 19, "epsg_origen": 32719, "tipo_publicacion": "mensura", "fuente_pdf": "http://www.diariooficial.interior.gob.cl/publicaciones/2026/09/21/44554/07/2872964.pdf", "archivo": "gm_mensura_2872964.pdf", "fecha": "21-09-2026", "edicion": "44554" }, "geometry": { "type": "Polygon", "coordinates": [ [ [ -68.95230243892442, -19.661280335678587 ], [ -68.94276292996291, -19.661277551327576 ], [ -68.942753302880718, -19.68838859014695 ], [ -68.952294416353851, -19.68839137864564 ], [ -68.95230243892442, -19.661280335678587 ] ] ] } },
{ "type": "Feature", "properties": { "cve": "2872965", "nombre": "ANTO CUARENTA Y CINCO, 1 AL 60", "solicitante": "Glencore Exploraciones Limitada", "region": "REGIÓN DE TARAPACÁ", "provincia": "Provincia del Tamarugal", "comuna": null, "superficie_ha": 300.0, "datum_original": "WGS84", "huso": 19, "epsg_origen": 32719, "tipo_publicacion": "mensura", "fuente_pdf": "http://www.diariooficial.interior.gob.cl/publicaciones/2026/09/21/44554/07/2872965.pdf", "archivo": "gm_mensura_2872965.pdf", "fecha": "21-09-2026", "edicion": "44554" }, "geometry": { "type": "Polygon", "coordinates": [ [ [ -69.0, -19.661286663751582 ], [ -68.990460486601762, -19.661286410628598 ], [ -68.990458882086727, -19.688397462645131 ], [ -69.0, -19.688397716145182 ], [ -69.0, -19.661286663751582 ] ] ] } },
{ "type": "Feature", "properties": { "cve": "2872966", "nombre": "ANTO CUARENTA Y NUEVE, 1 AL 60", "solicitante": "Glencore Exploraciones Limitada", "region": "REGIÓN DE TARAPACÁ", "provincia": "Provincia del Tamarugal", "comuna": null, "superficie_ha": 300.0, "datum_original": "WGS84", "huso": 19, "epsg_origen": 32719, "tipo_publicacion": "mensura", "fuente_pdf": "http://www.diariooficial.interior.gob.cl/publicaciones/2026/09/21/44554/07/2872966.pdf", "archivo": "gm_mensura_2872966.pdf", "fecha": "21-09-2026", "edicion": "44554" }, "geometry": { "type": "Polygon", "coordinates": [ [ [ -68.961841949364853, -19.661282613784465 ], [ -68.95230243892442, -19.661280335678587 ], [ -68.952294416353851, -19.68839137864564 ], [ -68.961835531307017, -19.688393660145071 ], [ -68.961841949364853, -19.661282613784465 ] ] ] } },
{ "type": "Feature", "properties": { "cve": "2872967", "nombre": "ANTO CUARENTA Y OCHO, 1 AL 60", "solicitante": "Glencore Exploraciones Limitada", "region": "REGIÓN DE TARAPACÁ", "provincia": "Provincia del Tamarugal", "comuna": null, "superficie_ha": 300.0, "datum_original": "WGS84", "huso": 19, "epsg_origen": 32719, "tipo_publicacion": "mensura", "fuente_pdf": "http://www.diariooficial.interior.gob.cl/publicaciones/2026/09/21/44554/07/2872967.pdf", "archivo": "gm_mensura_2872967.pdf", "fecha": "21-09-2026", "edicion": "44554" }, "geometry": { "type": "Polygon", "coordinates": [ [ [ -68.971381460988397, -19.661284385644905 ], [ -68.961841949364853, -19.661282613784465 ], [ -68.961835531307017, -19.688393660145071 ], [ -68.971376647444231, -19.688395434644946 ], [ -68.971381460988397, -19.661284385644905 ] ] ] } },
{ "type": "Feature", "properties": { "cve": "2872968", "nombre": "ANTO CUARENTA Y SEIS, 1 AL 60", "solicitante": "Glencore Exploraciones Limitada", "region": "REGIÓN DE TARAPACÁ", "provincia": "Provincia del Tamarugal", "comuna": null, "superficie_ha": 300.0, "datum_original": "WGS84", "huso": 19, "epsg_origen": 32719, "tipo_publicacion": "mensura", "fuente_pdf": "http://www.diariooficial.interior.gob.cl/publicaciones/2026/09/21/44554/07/2872968.pdf", "archivo": "gm_mensura_2872968.pdf", "fecha": "21-09-2026", "edicion": "44554" }, "geometry": { "type": "Polygon", "coordinates": [ [ [ -68.990460486601762, -19.661286410628598 ], [ -68.980920973499295, -19.661285651259671 ], [ -68.980917764469467, -19.688396702145017 ], [ -68.990458882086727, -19.688397462645131 ], [ -68.990460486601762, -19.661286410628598 ] ] ] } },
{ "type": "Feature", "properties": { "cve": "2872969", "nombre": "ANTO CUARENTA Y SIETE, 1 AL 60", "solicitante": "Glencore Exploraciones Limitada", "region": "REGIÓN DE TARAPACÁ", "provincia": "Provincia del Tamarugal", "comuna": null, "superficie_ha": 300.0, "datum_original": "WGS84", "huso": 19, "epsg_origen": 32719, "tipo_publicacion": "mensura", "fuente_pdf": "http://www.diariooficial.interior.gob.cl/publicaciones/2026/09/21/44554/07/2872969.pdf", "archivo": "gm_mensura_2872969.pdf", "fecha": "21-09-2026", "edicion": "44554" }, "geometry": { "type": "Polygon", "coordinates": [ [ [ -68.980920973499295, -19.661285651259671 ], [ -68.971381460988397, -19.661284385644905 ], [ -68.971376647444231, -19.688395434644946 ], [ -68.980917764469467, -19.688396702145017 ], [ -68.980920973499295, -19.661285651259671 ] ] ] } },
{ "type": "Feature", "properties": { "cve": "2872970", "nombre": "ANTO CUATRO, 1 AL 20", "solicitante": "Glencore Exploraciones Limitada", "region": "REGIÓN DE TARAPACÁ", "provincia": "Provincia del Tamarugal", "comuna": null, "superficie_ha": 100.0, "datum_original": "WGS84", "huso": 19, "epsg_origen": 32719, "tipo_publicacion": "mensura", "fuente_pdf": "http://www.diariooficial.interior.gob.cl/publicaciones/2026/09/21/44554/07/2872970.pdf", "archivo": "gm_mensura_2872970.pdf", "fecha": "21-09-2026", "edicion": "44554" }, "geometry": { "type": "Polygon", "coordinates": [ [ [ -69.04767889348831, -19.59802091788421 ], [ -69.038143116562154, -19.598023188076066 ], [ -69.038145246455713, -19.607060276077352 ], [ -69.04768155585468, -19.607058004755281 ], [ -69.04767889348831, -19.59802091788421 ] ] ] } },
{ "type": "Feature", "properties": { "cve": "2872971", "nombre": "ANTO OCHO, 1 AL 20", "solicitante": "Glencore Exploraciones Limitada", "region": "REGIÓN DE TARAPACÁ", "provincia": "Provincia del Tamarugal", "comuna": null, "superficie_ha": 100.0, "datum_original": "WGS84", "huso": 19, "epsg_origen": 32719, "tipo_publicacion": "mensura", "fuente_pdf": "http://www.diariooficial.interior.gob.cl/publicaciones/2026/09/21/44554/07/2872971.pdf", "archivo": "gm_mensura_2872971.pdf", "fecha": "21-09-2026", "edicion": "44554" }, "geometry": { "type": "Polygon", "coordinates": [ [ [ -69.009535779878661, -19.598026971730178 ], [ -69.0, -19.598027223973823 ], [ -69.0, -19.607064313984363 ], [ -69.009536312352239, -19.60706406161513 ], [ -69.009535779878661, -19.598026971730178 ] ] ] } },
{ "type": "Feature", "properties": { "cve": "2872972", "nombre": "ANTO SEIS, 1 AL 20", "solicitante": "Glencore Exploraciones Limitada", "region": "REGIÓN DE TARAPACÁ", "provincia": "Provincia del Tamarugal", "comuna": null, "superficie_ha": 100.0, "datum_original": "WGS84", "huso": 19, "epsg_origen": 32719, "tipo_publicacion": "mensura", "fuente_pdf": "http://www.diariooficial.interior.gob.cl/publicaciones/2026/09/21/44554/07/2872972.pdf", "archivo": "gm_mensura_2872972.pdf", "fecha": "21-09-2026", "edicion": "44554" }, "geometry": { "type": "Polygon", "coordinates": [ [ [ -69.028607338455004, -19.598024953781159 ], [ -69.019071559462091, -19.598026214999248 ], [ -69.019072624409162, -19.607063304507477 ], [ -69.028608935875425, -19.607062042661493 ], [ -69.028607338455004, -19.598024953781159 ] ] ] } },
{ "type": "Feature", "properties": { "cve": "2872973", "nombre": "ANTO SESENTA Y DOS, 1 AL 60", "solicitante": "Glencore Exploraciones Limitada", "region": "REGIÓN DE TARAPACÁ", "provincia": "Provincia del Tamarugal", "comuna": null, "superficie_ha": 300.0, "datum_original": "WGS84", "huso": 19, "epsg_origen": 32719, "tipo_publicacion": "mensura", "fuente_pdf": "http://www.diariooficial.interior.gob.cl/publicaciones/2026/09/21/44554/07/2872973.pdf", "archivo": "gm_mensura_2872973.pdf", "fecha": "21-09-2026", "edicion": "44554" }, "geometry": { "type": "Polygon", "coordinates": [ [ [ -68.971376647444231, -19.688395434644946 ], [ -68.942753302880718, -19.68838859014695 ], [ -68.942750090301828, -19.697425584915869 ], [ -68.971375041153763, -19.697432432808156 ], [ -68.971376647444231, -19.688395434644946 ] ] ] } },
{ "type": "Feature", "properties": { "cve": "2872974", "nombre": "ANTO SESENTA Y UNO, 1 AL 40", "solicitante": "Glencore Exploraciones Limitada", "region": "REGIÓN DE TARAPACÁ", "provincia": "Provincia del Tamarugal", "comuna": null, "superficie_ha": 200.0, "datum_original": "WGS84", "huso": 19, "epsg_origen": 32719, "tipo_publicacion": "mensura", "fuente_pdf": "http://www.diariooficial.interior.gob.cl/publicaciones/2026/09/21/44554/07/2872974.pdf", "archivo": "gm_mensura_2872974.pdf", "fecha": "21-09-2026", "edicion": "44554" }, "geometry": { "type": "Polygon", "coordinates": [ [ [ -68.980917764469467, -19.688396702145017 ], [ -68.971376647444231, -19.688395434644946 ], [ -68.971373433975032, -19.706469421880506 ], [ -68.980915622156417, -19.706470690637797 ], [ -68.980917764469467, -19.688396702145017 ] ] ] } },
{ "type": "Feature", "properties": { "cve": "2872975", "nombre": "ANTO SESENTA, 1 AL 60", "solicitante": "Glencore Exploraciones Limitada", "region": "REGIÓN DE TARAPACÁ", "provincia": "Provincia del Tamarugal", "comuna": null, "superficie_ha": 300.0, "datum_original": "WGS84", "huso": 19, "epsg_origen": 32719, "tipo_publicacion": "mensura", "fuente_pdf": "http://www.diariooficial.interior.gob.cl/publicaciones/2026/09/21/44554/07/2872975.pdf", "archivo": "gm_mensura_2872975.pdf", "fecha": "21-09-2026", "edicion": "44554" }, "geometry": { "type": "Polygon", "coordinates": [ [ [ -69.009541653343518, -19.697434461814066 ], [ -68.980916693609032, -19.697433700936802 ], [ -68.980915622156417, -19.706470690637797 ], [ -69.009542189069876, -19.706471451892234 ], [ -69.009541653343518, -19.697434461814066 ] ] ] } },
{ "type": "Feature", "properties": { "cve": "2872976", "nombre": "ANTO SIETE, 1 AL 20", "solicitante": "Glencore Exploraciones Limitada", "region": "REGIÓN DE TARAPACÁ", "provincia": "Provincia del Tamarugal", "comuna": null, "superficie_ha": 100.0, "datum_original": "WGS84", "huso": 19, "epsg_origen": 32719, "tipo_publicacion": "mensura", "fuente_pdf": "http://www.diariooficial.interior.gob.cl/publicaciones/2026/09/21/44554/07/2872976.pdf", "archivo": "gm_mensura_2872976.pdf", "fecha": "21-09-2026", "edicion": "44554" }, "geometry": { "type": "Polygon", "coordinates": [ [ [ -69.019071559462091, -19.598026214999248 ], [ -69.009535779878661, -19.598026971730178 ], [ -69.009536312352239, -19.60706406161513 ], [ -69.019072624409162, -19.607063304507477 ], [ -69.019071559462091, -19.598026214999248 ] ] ] } },
{ "type": "Feature", "properties": { "cve": "2872977", "nombre": "ANTO TREINTA Y DOS, 1 AL 60", "solicitante": "Glencore Exploraciones Limitada", "region": "REGIÓN DE TARAPACÁ", "provincia": "Provincia del Tamarugal", "comuna": null, "superficie_ha": 300.0, "datum_original": "WGS84", "huso": 19, "epsg_origen": 32719, "tipo_publicacion": "mensura", "fuente_pdf": "http://www.diariooficial.interior.gob.cl/publicaciones/2026/09/21/44554/07/2872977.pdf", "archivo": "gm_mensura_2872977.pdf", "fecha": "21-09-2026", "edicion": "44554" }, "geometry": { "type": "Polygon", "coordinates": [ [ [ -68.961848356774539, -19.634171485730523 ], [ -68.952310448184832, -19.634169211017106 ], [ -68.95230243892442, -19.661280335678587 ], [ -68.961841949364853, -19.661282613784465 ], [ -68.961848356774539, -19.634171485730523 ] ] ] } },
{ "type": "Feature", "properties": { "cve": "2872978", "nombre": "ANTO TREINTA Y TRES, 1 AL 60", "solicitante": "Glencore Exploraciones Limitada", "region": "REGIÓN DE TARAPACÁ", "provincia": "Provincia del Tamarugal", "comuna": null, "superficie_ha": 300.0, "datum_original": "WGS84", "huso": 19, "epsg_origen": 32719, "tipo_publicacion": "mensura", "fuente_pdf": "http://www.diariooficial.interior.gob.cl/publicaciones/2026/09/21/44554/07/2872978.pdf", "archivo": "gm_mensura_2872978.pdf", "fecha": "21-09-2026", "edicion": "44554" }, "geometry": { "type": "Polygon", "coordinates": [ [ [ -68.952310448184832, -19.634169211017106 ], [ -68.942772541072898, -19.634166430812421 ], [ -68.94276292996291, -19.661277551327576 ], [ -68.95230243892442, -19.661280335678587 ], [ -68.952310448184832, -19.634169211017106 ] ] ] } },
{ "type": "Feature", "properties": { "cve": "2872979", "nombre": "ANTO TREINTA Y UNO, 1 AL 60", "solicitante": "Glencore Exploraciones Limitada", "region": "REGIÓN DE TARAPACÁ", "provincia": "Provincia del Tamarugal", "comuna": null, "superficie_ha": 300.0, "datum_original": "WGS84", "huso": 19, "epsg_origen": 32719, "tipo_publicacion": "mensura", "fuente_pdf": "http://www.diariooficial.interior.gob.cl/publicaciones/2026/09/21/44554/07/2872979.pdf", "archivo": "gm_mensura_2872979.pdf", "fecha": "21-09-2026", "edicion": "44554" }, "geometry": { "type": "Polygon", "coordinates": [ [ [ -68.971386266546475, -19.634173254952387 ], [ -68.961848356774539, -19.634171485730523 ], [ -68.961841949364853, -19.661282613784465 ], [ -68.971381460988397, -19.661284385644905 ], [ -68.971386266546475, -19.634173254952387 ] ] ] } },
{ "type": "Feature", "properties": { "cve": "2872980", "nombre": "ANTO TREINTA, 1 AL 60", "solicitante": "Glencore Exploraciones Limitada", "region": "REGIÓN DE TARAPACÁ", "provincia": "Provincia del Tamarugal", "comuna": null, "superficie_ha": 300.0, "datum_original": "WGS84", "huso": 19, "epsg_origen": 32719, "tipo_publicacion": "mensura", "fuente_pdf": "http://www.diariooficial.interior.gob.cl/publicaciones/2026/09/21/44554/07/2872980.pdf", "archivo": "gm_mensura_2872980.pdf", "fecha": "21-09-2026", "edicion": "44554" }, "geometry": { "type": "Polygon", "coordinates": [ [ [ -68.980924177205054, -19.634174518682453 ], [ -68.971386266546475, -19.634173254952387 ], [ -68.971381460988397, -19.661284385644905 ], [ -68.980920973499295, -19.661285651259671 ], [ -68.980924177205054, -19.634174518682453 ] ] ] } },
{ "type": "Feature", "properties": { "cve": "2872981", "nombre": "ANTO VEINTINUEVE, 1 AL 60", "solicitante": "Glencore Exploraciones Limitada", "region": "REGIÓN DE TARAPACÁ", "provincia": "Provincia del Tamarugal", "comuna": null, "superficie_ha": 300.0, "datum_original": "WGS84", "huso": 19, "epsg_origen": 32719, "tipo_publicacion": "mensura", "fuente_pdf": "http://www.diariooficial.interior.gob.cl/publicaciones/2026/09/21/44554/07/2872981.pdf", "archivo": "gm_mensura_2872981.pdf", "fecha": "21-09-2026", "edicion": "44554" }, "geometry": { "type": "Polygon", "coordinates": [ [ [ -68.990462088454734, -19.634175276920562 ], [ -68.980924177205054, -19.634174518682453 ], [ -68.980920973499295, -19.661285651259671 ], [ -68.990460486601762, -19.661286410628598 ], [ -68.990462088454734, -19.634175276920562 ] ] ] } },
{ "type": "Feature", "properties": { "cve": "2872982", "nombre": "ANTO VEINTIOCHO, 1 AL 60", "solicitante": "Glencore Exploraciones Limitada", "region": "REGIÓN DE TARAPACÁ", "provincia": "Provincia del Tamarugal", "comuna": null, "superficie_ha": 300.0, "datum_original": "WGS84", "huso": 19, "epsg_origen": 32719, "tipo_publicacion": "mensura", "fuente_pdf": "http://www.diariooficial.interior.gob.cl/publicaciones/2026/09/21/44554/07/2872982.pdf", "archivo": "gm_mensura_2872982.pdf", "fecha": "21-09-2026", "edicion": "44554" }, "geometry": { "type": "Polygon", "coordinates": [ [ [ -69.0, -19.63417552966661 ], [ -68.990462088454734, -19.634175276920562 ], [ -68.990460486601762, -19.661286410628598 ], [ -69.0, -19.661286663751582 ], [ -69.0, -19.63417552966661 ] ] ] } },
{ "type": "Feature", "properties": { "cve": "2872956", "nombre": "DAVID 2 1 AL 5", "solicitante": "Contreras Gómez Luis Arturo", "region": "REGIÓN DE TARAPACÁ", "provincia": "Provincia del Tamarugal", "comuna": null, "superficie_ha": 50.0, "datum_original": "PSAD56", "huso": 19, "epsg_origen": 24879, "tipo_publicacion": "mensura", "fuente_pdf": "http://www.diariooficial.interior.gob.cl/publicaciones/2026/09/21/44554/07/2872956.pdf", "archivo": "gm_mensura_2872956.pdf", "fecha": "21-09-2026", "edicion": "44554" }, "geometry": { "type": "Polygon", "coordinates": [ [ [ -69.686672141674251, -21.380137955467898 ], [ -69.67702626982657, -21.38017714632181 ], [ -69.677047045934714, -21.384694425945149 ], [ -69.686693213731871, -21.384655226015983 ], [ -69.686672141674251, -21.380137955467898 ] ] ] } },
{ "type": "Feature", "properties": { "cve": "2872549", "nombre": "TURI IV 11, 1 AL 30", "solicitante": "Compañía Minera Kairos Chile SpA", "region": "REGIÓN DE ANTOFAGASTA", "provincia": "Provincia de El Loa", "comuna": null, "superficie_ha": 300.0, "datum_original": "PSAD56", "huso": 19, "epsg_origen": 24879, "tipo_publicacion": "mensura", "fuente_pdf": "http://www.diariooficial.interior.gob.cl/publicaciones/2026/09/21/44554/07/2872549.pdf", "archivo": "gm_mensura_2872549.pdf", "fecha": "21-09-2026", "edicion": "44554" }, "geometry": { "type": "Polygon", "coordinates": [ [ [ -68.356406473194284, -22.252118793611185 ], [ -68.346701944333176, -22.252080082084152 ], [ -68.346576154780095, -22.279180965876428 ], [ -68.356282551887048, -22.279219729490762 ], [ -68.356406473194284, -22.252118793611185 ] ] ] } },
{ "type": "Feature", "properties": { "cve": "2872550", "nombre": "TURI IV 12, 1 AL 30", "solicitante": "Compañía Minera Kairos Chile SpA", "region": "REGIÓN DE ANTOFAGASTA", "provincia": "Provincia de El Loa", "comuna": null, "superficie_ha": 300.0, "datum_original": "PSAD56", "huso": 19, "epsg_origen": 24879, "tipo_publicacion": "mensura", "fuente_pdf": "http://www.diariooficial.interior.gob.cl/publicaciones/2026/09/21/44554/07/2872550.pdf", "archivo": "gm_mensura_2872550.pdf", "fecha": "21-09-2026", "edicion": "44554" }, "geometry": { "type": "Polygon", "coordinates": [ [ [ -68.346701944333176, -22.252080082084152 ], [ -68.336997436994039, -22.252040791297514 ], [ -68.3368697792137, -22.279141622223111 ], [ -68.346576154780095, -22.279180965876428 ], [ -68.346701944333176, -22.252080082084152 ] ] ] } },
{ "type": "Feature", "properties": { "cve": "2872551", "nombre": "TURI IV 14, 1 AL 30", "solicitante": "Compañía Minera Kairos Chile SpA", "region": "REGIÓN DE ANTOFAGASTA", "provincia": "Provincia de El Loa", "comuna": null, "superficie_ha": 300.0, "datum_original": "PSAD56", "huso": 19, "epsg_origen": 24879, "tipo_publicacion": "mensura", "fuente_pdf": "http://www.diariooficial.interior.gob.cl/publicaciones/2026/09/21/44554/07/2872551.pdf", "archivo": "gm_mensura_2872551.pdf", "fecha": "21-09-2026", "edicion": "44554" }, "geometry": { "type": "Polygon", "coordinates": [ [ [ -68.327292951496489, -22.252000921256581 ], [ -68.317588488160098, -22.251960471966751 ], [ -68.317457093982071, -22.279061194820873 ], [ -68.32716342550772, -22.279101698536127 ], [ -68.327292951496489, -22.252000921256581 ] ] ] } },
{ "type": "Feature", "properties": { "cve": "2872552", "nombre": "TURI IV 15, 1 AL 20", "solicitante": "Compañía Minera Kairos Chile SpA", "region": "REGIÓN DE ANTOFAGASTA", "provincia": "Provincia de El Loa", "comuna": null, "superficie_ha": 200.0, "datum_original": "PSAD56", "huso": 19, "epsg_origen": 24879, "tipo_publicacion": "mensura", "fuente_pdf": "http://www.diariooficial.interior.gob.cl/publicaciones/2026/09/21/44554/07/2872552.pdf", "archivo": "gm_mensura_2872552.pdf", "fecha": "21-09-2026", "edicion": "44554" }, "geometry": { "type": "Polygon", "coordinates": [ [ [ -68.317566603185497, -22.256477265491323 ], [ -68.307861851168113, -22.25643622775868 ], [ -68.307773009605583, -22.274503339526273 ], [ -68.317479007069508, -22.274544414062095 ], [ -68.317566603185497, -22.256477265491323 ] ] ] } },
{ "type": "Feature", "properties": { "cve": "2872545", "nombre": "TURI IV 2, 1 AL 30", "solicitante": "Compañía Minera Kairos Chile SpA", "region": "REGIÓN DE ANTOFAGASTA", "provincia": "Provincia de El Loa", "comuna": null, "superficie_ha": 300.0, "datum_original": "PSAD56", "huso": 19, "epsg_origen": 24879, "tipo_publicacion": "mensura", "fuente_pdf": "http://www.diariooficial.interior.gob.cl/publicaciones/2026/09/21/44554/07/2872545.pdf", "archivo": "gm_mensura_2872545.pdf", "fecha": "21-09-2026", "edicion": "44554" }, "geometry": { "type": "Polygon", "coordinates": [ [ [ -68.366232888358581, -22.225055846914614 ], [ -68.356530203682652, -22.22501776594121 ], [ -68.356406473194284, -22.252118793611185 ], [ -68.366111023257716, -22.252156925873379 ], [ -68.366232888358581, -22.225055846914614 ] ] ] } },
{ "type": "Feature", "properties": { "cve": "2872553", "nombre": "TURI IV 26, 1 AL 20", "solicitante": "Compañía Minera Kairos Chile SpA", "region": "REGIÓN DE ANTOFAGASTA", "provincia": "Provincia de El Loa", "comuna": null, "superficie_ha": 200.0, "datum_original": "PSAD56", "huso": 19, "epsg_origen": 24879, "tipo_publicacion": "mensura", "fuente_pdf": "http://www.diariooficial.interior.gob.cl/publicaciones/2026/09/21/44554/07/2872553.pdf", "archivo": "gm_mensura_2872553.pdf", "fecha": "21-09-2026", "edicion": "44554" }, "geometry": { "type": "Polygon", "coordinates": [ [ [ -68.288907672456688, -22.166016618724214 ], [ -68.269510746595259, -22.165930873664269 ], [ -68.269464087541095, -22.174964460520656 ], [ -68.288862252098099, -22.175050244151951 ], [ -68.288907672456688, -22.166016618724214 ] ] ] } },
{ "type": "Feature", "properties": { "cve": "2872554", "nombre": "TURI IV 27, 1 AL 20", "solicitante": "Compañía Minera Kairos Chile SpA", "region": "REGIÓN DE ANTOFAGASTA", "provincia": "Provincia de El Loa", "comuna": null, "superficie_ha": 200.0, "datum_original": "PSAD56", "huso": 19, "epsg_origen": 24879, "tipo_publicacion": "mensura", "fuente_pdf": "http://www.diariooficial.interior.gob.cl/publicaciones/2026/09/21/44554/07/2872554.pdf", "archivo": "gm_mensura_2872554.pdf", "fecha": "21-09-2026", "edicion": "44554" }, "geometry": { "type": "Polygon", "coordinates": [ [ [ -68.296621544252105, -22.175083911344597 ], [ -68.277223341977063, -22.174999050939864 ], [ -68.277177154633051, -22.18403264315949 ], [ -68.296576596252066, -22.1841175417252 ], [ -68.296621544252105, -22.175083911344597 ] ] ] } },
{ "type": "Feature", "properties": { "cve": "2872555", "nombre": "TURI IV 28, 1 AL 20", "solicitante": "Compañía Minera Kairos Chile SpA", "region": "REGIÓN DE ANTOFAGASTA", "provincia": "Provincia de El Loa", "comuna": null, "superficie_ha": 200.0, "datum_original": "PSAD56", "huso": 19, "epsg_origen": 24879, "tipo_publicacion": "mensura", "fuente_pdf": "http://www.diariooficial.interior.gob.cl/publicaciones/2026/09/21/44554/07/2872555.pdf", "archivo": "gm_mensura_2872555.pdf", "fecha": "21-09-2026", "edicion": "44554" }, "geometry": { "type": "Polygon", "coordinates": [ [ [ -68.277223341977063, -22.174999050939864 ], [ -68.257825234762308, -22.17491188248264 ], [ -68.257777808101551, -22.183945435503414 ], [ -68.277177154633051, -22.18403264315949 ], [ -68.277223341977063, -22.174999050939864 ] ] ] } },
{ "type": "Feature", "properties": { "cve": "2872546", "nombre": "TURI IV 4, 1 AL 30", "solicitante": "Compañia Minera Kairos Chile SpA", "region": "REGIÓN DE ANTOFAGASTA", "provincia": "Provincia de El Loa", "comuna": null, "superficie_ha": 300.0, "datum_original": "PSAD56", "huso": 19, "epsg_origen": 24879, "tipo_publicacion": "mensura", "fuente_pdf": "http://www.diariooficial.interior.gob.cl/publicaciones/2026/09/21/44554/07/2872546.pdf", "archivo": "gm_mensura_2872546.pdf", "fecha": "21-09-2026", "edicion": "44554" }, "geometry": { "type": "Polygon", "coordinates": [ [ [ -68.346827540190787, -22.224979106482071 ], [ -68.337124898202333, -22.224939868542414 ], [ -68.336997436994039, -22.252040791297514 ], [ -68.346701944333176, -22.252080082084152 ], [ -68.346827540190787, -22.224979106482071 ] ] ] } },
{ "type": "Feature", "properties": { "cve": "2872547", "nombre": "TURI IV 5, 1 AL 30", "solicitante": "Compañía Minera Kairos Chile SpA", "region": "REGIÓN DE ANTOFAGASTA", "provincia": "Provincia de El Loa", "comuna": null, "superficie_ha": 300.0, "datum_original": "PSAD56", "huso": 19, "epsg_origen": 24879, "tipo_publicacion": "mensura", "fuente_pdf": "http://www.diariooficial.interior.gob.cl/publicaciones/2026/09/21/44554/07/2872547.pdf", "archivo": "gm_mensura_2872547.pdf", "fecha": "21-09-2026", "edicion": "44554" }, "geometry": { "type": "Polygon", "coordinates": [ [ [ -68.337124898202333, -22.224939868542414 ], [ -68.32742227803665, -22.224900052127545 ], [ -68.327292951496489, -22.252000921256581 ], [ -68.336997436994039, -22.252040791297514 ], [ -68.337124898202333, -22.224939868542414 ] ] ] } },
{ "type": "Feature", "properties": { "cve": "2872556", "nombre": "TURI IV 7, 1 AL 30", "solicitante": "Compañía Minera Kairos Chile SpA", "region": "REGIÓN DE ANTOFAGASTA", "provincia": "Provincia de El Loa", "comuna": null, "superficie_ha": 300.0, "datum_original": "PSAD56", "huso": 19, "epsg_origen": 24879, "tipo_publicacion": "mensura", "fuente_pdf": "http://www.diariooficial.interior.gob.cl/publicaciones/2026/09/21/44554/07/2872556.pdf", "archivo": "gm_mensura_2872556.pdf", "fecha": "21-09-2026", "edicion": "44554" }, "geometry": { "type": "Polygon", "coordinates": [ [ [ -68.317697828747185, -22.229376466072946 ], [ -68.307994942502432, -22.229335483527926 ], [ -68.307861851168113, -22.25643622775868 ], [ -68.317566603185497, -22.256477265491323 ], [ -68.317697828747185, -22.229376466072946 ] ] ] } },
{ "type": "Feature", "properties": { "cve": "2872548", "nombre": "TURI IV 9, 1 AL 20", "solicitante": "Compañía Minera Kairos Chile SpA", "region": "REGIÓN DE ANTOFAGASTA", "provincia": "Provincia de El Loa", "comuna": null, "superficie_ha": 200.0, "datum_original": "PSAD56", "huso": 19, "epsg_origen": 24879, "tipo_publicacion": "mensura", "fuente_pdf": "http://www.diariooficial.interior.gob.cl/publicaciones/2026/09/21/44554/07/2872548.pdf", "archivo": "gm_mensura_2872548.pdf", "fecha": "21-09-2026", "edicion": "44554" }, "geometry": { "type": "Polygon", "coordinates": [ [ [ -68.375815594203857, -22.252194478865587 ], [ -68.366111023257716, -22.252156925873379 ], [ -68.366029675454811, -22.270224260867256 ], [ -68.375735491602612, -22.270261847543054 ], [ -68.375815594203857, -22.252194478865587 ] ] ] } },
{ "type": "Feature", "properties": { "cve": "2872686", "nombre": "VALENTIN ESTE 8007 1/30", "solicitante": "Vale Exploraciones Chile Limitada", "region": "REGIÓN DE ANTOFAGASTA", "provincia": "Provincia de El Loa", "comuna": null, "superficie_ha": 300.0, "datum_original": "PSAD56", "huso": 19, "epsg_origen": 24879, "tipo_publicacion": "mensura", "fuente_pdf": "http://www.diariooficial.interior.gob.cl/publicaciones/2026/09/21/44554/07/2872686.pdf", "archivo": "gm_mensura_2872686.pdf", "fecha": "21-09-2026", "edicion": "44554" }, "geometry": { "type": "Polygon", "coordinates": [ [ [ -68.706914304760843, -21.702026971376277 ], [ -68.71177512855715, -21.68848333957072 ], [ -68.702108314141569, -21.688466264386754 ], [ -68.702052557265247, -21.715570428175837 ], [ -68.71172118097229, -21.715587526814712 ], [ -68.706914304760843, -21.702026971376277 ] ] ] } },
{ "type": "Feature", "properties": { "cve": "2872875", "nombre": "Solicitud de rectificación: CUMBRES DEL CHECO 1 AL 200", "solicitante": "Vargas Rojas Jorge Antonio", "region": "REGIÓN DE ATACAMA", "provincia": "Provincia de Copiapó", "comuna": null, "superficie_ha": 170.0, "datum_original": "PSAD56", "huso": 19, "epsg_origen": 24879, "tipo_publicacion": "mensura", "fuente_pdf": "http://www.diariooficial.interior.gob.cl/publicaciones/2026/09/21/44554/07/2872875.pdf", "archivo": "gm_mensura_2872875.pdf", "fecha": "21-09-2026", "edicion": "44554" }, "geometry": { "type": "Polygon", "coordinates": [ [ [ -71.106887641151374, -27.471042138331104 ], [ -71.096772851585612, -27.47119485971227 ], [ -71.097114631768804, -27.489238677858488 ], [ -71.103184502550207, -27.489147062953915 ], [ -71.103098780705267, -27.484636130743088 ], [ -71.106133581847658, -27.484590232932803 ], [ -71.105961951160154, -27.475568376500291 ], [ -71.106973467655237, -27.475553068408015 ], [ -71.106887641151374, -27.471042138331104 ] ] ] } },
{ "type": "Feature", "properties": { "cve": "2872874", "nombre": "Solicitud de rectificación: SALCAR  1 AL 24", "solicitante": "Vargas Rojas Jorge Antonio", "region": "REGIÓN DE ATACAMA", "provincia": "Provincia de Copiapó", "comuna": null, "superficie_ha": 96.0, "datum_original": "PSAD56", "huso": 19, "epsg_origen": 24879, "tipo_publicacion": "mensura", "fuente_pdf": "http://www.diariooficial.interior.gob.cl/publicaciones/2026/09/21/44554/07/2872874.pdf", "archivo": "gm_mensura_2872874.pdf", "fecha": "21-09-2026", "edicion": "44554" }, "geometry": { "type": "Polygon", "coordinates": [ [ [ -70.335887186266845, -28.303751571284181 ], [ -70.327729918552535, -28.303831144710966 ], [ -70.327864406268802, -28.314660486202236 ], [ -70.336022499647555, -28.314580876911098 ], [ -70.335887186266845, -28.303751571284181 ] ] ] } },
{ "type": "Feature", "properties": { "cve": "2872747", "nombre": "La Porfiada 1 al 10", "solicitante": "Pacheco Pacheco Luis Alberto", "region": "REGIÓN DE COQUIMBO", "provincia": "Provincia de Elqui", "comuna": null, "superficie_ha": 10.0, "datum_original": "PSAD56", "huso": 19, "epsg_origen": 24879, "tipo_publicacion": "mensura", "fuente_pdf": "http://www.diariooficial.interior.gob.cl/publicaciones/2026/09/21/44554/07/2872747.pdf", "archivo": "gm_mensura_2872747.pdf", "fecha": "21-09-2026", "edicion": "44554" }, "geometry": { "type": "Polygon", "coordinates": [ [ [ -71.187954447948812, -30.049656361250722 ], [ -71.177588537044116, -30.049828460215029 ], [ -71.177785936516045, -30.058846431201982 ], [ -71.188152785272123, -30.058674270051831 ], [ -71.187954447948812, -30.049656361250722 ] ] ] } },
{ "type": "Feature", "properties": { "cve": "2872299", "nombre": "SAN JOSE 1 AL 24", "solicitante": "Villa Kolimbatovic Maurice Cristian", "region": "REGIÓN DE COQUIMBO", "provincia": "Provincia de Elqui", "comuna": null, "superficie_ha": 72.0, "datum_original": "PSAD56", "huso": 19, "epsg_origen": 24879, "tipo_publicacion": "mensura", "fuente_pdf": "http://www.diariooficial.interior.gob.cl/publicaciones/2026/09/21/44554/07/2872299.pdf", "archivo": "gm_mensura_2872299.pdf", "fecha": "21-09-2026", "edicion": "44554" }, "geometry": { "type": "Polygon", "coordinates": [ [ [ -71.354674233011124, -30.06635098907697 ], [ -71.348454373105994, -30.066462284830138 ], [ -71.348710011937769, -30.077282540648035 ], [ -71.354930547376497, -30.077171196657638 ], [ -71.354674233011124, -30.06635098907697 ] ] ] } },
{ "type": "Feature", "properties": { "cve": "2872452", "nombre": "CUMBRE NEVADO, 1 AL 60", "solicitante": "SLM Cumbre Nevado de Los Vilos", "region": "REGIÓN DE COQUIMBO", "provincia": "Provincia de Choapa", "comuna": null, "superficie_ha": 300.0, "datum_original": "PSAD56", "huso": 19, "epsg_origen": 24879, "tipo_publicacion": "mensura", "fuente_pdf": "http://www.diariooficial.interior.gob.cl/publicaciones/2026/09/21/44554/07/2872452.pdf", "archivo": "gm_mensura_2872452.pdf", "fecha": "21-09-2026", "edicion": "44554" }, "geometry": { "type": "Polygon", "coordinates": [ [ [ -71.093803744647332, -32.049812251655901 ], [ -71.098787835305941, -32.03620124270158 ], [ -71.088203793365054, -32.036376044549108 ], [ -71.088818283257083, -32.063423099402094 ], [ -71.099405434172184, -32.063248114987438 ], [ -71.093803744647332, -32.049812251655901 ] ] ] } },
{ "type": "Feature", "properties": { "cve": "2872571", "nombre": "CATALINA 1 AL 10", "solicitante": "Ferrer Henríquez Benito Alfonso", "region": "REGIÓN DE VALPARAÍSO", "provincia": "Provincia de Valparaíso", "comuna": null, "superficie_ha": 60.0, "datum_original": "PSAD56", "huso": 19, "epsg_origen": 24879, "tipo_publicacion": "mensura", "fuente_pdf": "http://www.diariooficial.interior.gob.cl/publicaciones/2026/09/21/44554/07/2872571.pdf", "archivo": "gm_mensura_2872571.pdf", "fecha": "21-09-2026", "edicion": "44554" }, "geometry": { "type": "Polygon", "coordinates": [ [ [ -71.022453636902441, -33.295244528153709 ], [ -71.025569636488527, -33.290684947901255 ], [ -71.019129592028975, -33.290789765940154 ], [ -71.019337321411925, -33.299804039338525 ], [ -71.025778027324705, -33.299699185555504 ], [ -71.022453636902441, -33.295244528153709 ] ] ] } },
{ "type": "Feature", "properties": { "cve": "2872454", "nombre": "RUCALEO II, 1 AL 40", "solicitante": "Durandin Lavanchy Patrick Miguel", "region": "REGIÓN METROPOLITANA DE SANTIAGO", "provincia": "Provincia de Maipo", "comuna": null, "superficie_ha": 200.0, "datum_original": "PSAD56", "huso": 19, "epsg_origen": 24879, "tipo_publicacion": "mensura", "fuente_pdf": "http://www.diariooficial.interior.gob.cl/publicaciones/2026/09/21/44554/07/2872454.pdf", "archivo": "gm_mensura_2872454.pdf", "fecha": "21-09-2026", "edicion": "44554" }, "geometry": { "type": "Polygon", "coordinates": [ [ [ -70.909238982292962, -33.827086745102967 ], [ -70.898438254495218, -33.827253531748362 ], [ -70.898836987671743, -33.845281791798939 ], [ -70.909639980619275, -33.845114892297296 ], [ -70.909238982292962, -33.827086745102967 ] ] ] } },
{ "type": "Feature", "properties": { "cve": "2872831", "nombre": "SOFY A 41", "solicitante": "Zimerman Manes Ronny Ariel", "region": "REGIÓN DE ARICA Y PARINACOTA", "provincia": "Provincia de Arica", "comuna": "Camarones", "superficie_ha": 300.0, "datum_original": "PSAD56", "huso": 19, "epsg_origen": 24879, "tipo_publicacion": "pedimento", "fuente_pdf": "http://www.diariooficial.interior.gob.cl/publicaciones/2026/09/21/44554/07/2872831.pdf", "archivo": "gm_pedimento_2872831.pdf", "fecha": "21-09-2026", "edicion": "44554" }, "geometry": { "type": "Polygon", "coordinates": [ [ [ -69.262758526942918, -18.824017501244033 ], [ -69.253267381236782, -18.824030630808078 ], [ -69.253308019828353, -18.851143831777954 ], [ -69.262800688415837, -18.851130681915013 ], [ -69.262758526942918, -18.824017501244033 ] ] ] } },
{ "type": "Feature", "properties": { "cve": "2872996", "nombre": "ROMY 1", "solicitante": "Ingeniería en Procesamiento de Minerales SpA", "region": "REGIÓN DE TARAPACÁ", "provincia": "Provincia del Tamarugal", "comuna": "Pozo Almonte", "superficie_ha": 300.0, "datum_original": "WGS84", "huso": 19, "epsg_origen": 32719, "tipo_publicacion": "pedimento", "fuente_pdf": "http://www.diariooficial.interior.gob.cl/publicaciones/2026/09/21/44554/07/2872996.pdf", "archivo": "gm_pedimento_2872996.pdf", "fecha": "21-09-2026", "edicion": "44554" }, "geometry": { "type": "Polygon", "coordinates": [ [ [ -69.889756252570919, -20.128954201888753 ], [ -69.880189831327627, -20.129002232901769 ], [ -69.880341691452301, -20.156108645057643 ], [ -69.889909762672801, -20.156060543903983 ], [ -69.889756252570919, -20.128954201888753 ] ] ] } },
{ "type": "Feature", "properties": { "cve": "2872997", "nombre": "ROMY 2", "solicitante": "Ingeniería en Procesamiento de Minerales SpA", "region": "REGIÓN DE TARAPACÁ", "provincia": "Provincia del Tamarugal", "comuna": "Pozo Almonte", "superficie_ha": 300.0, "datum_original": "WGS84", "huso": 19, "epsg_origen": 32719, "tipo_publicacion": "pedimento", "fuente_pdf": "http://www.diariooficial.interior.gob.cl/publicaciones/2026/09/21/44554/07/2872997.pdf", "archivo": "gm_pedimento_2872997.pdf", "fecha": "21-09-2026", "edicion": "44554" }, "geometry": { "type": "Polygon", "coordinates": [ [ [ -69.880189831327627, -20.129002232901769 ], [ -69.870623382510104, -20.12904974485404 ], [ -69.870773592635857, -20.156156226392614 ], [ -69.880341691452301, -20.156108645057643 ], [ -69.880189831327627, -20.129002232901769 ] ] ] } },
{ "type": "Feature", "properties": { "cve": "2872998", "nombre": "ROMY 3", "solicitante": "Ingeniería en Procesamiento de Minerales SpA", "region": "REGIÓN DE TARAPACÁ", "provincia": "Provincia del Tamarugal", "comuna": "Pozo Almonte", "superficie_ha": 300.0, "datum_original": "WGS84", "huso": 19, "epsg_origen": 32719, "tipo_publicacion": "pedimento", "fuente_pdf": "http://www.diariooficial.interior.gob.cl/publicaciones/2026/09/21/44554/07/2872998.pdf", "archivo": "gm_pedimento_2872998.pdf", "fecha": "21-09-2026", "edicion": "44554" }, "geometry": { "type": "Polygon", "coordinates": [ [ [ -69.870623382510104, -20.12904974485404 ], [ -69.861056906417929, -20.129096737739268 ], [ -69.861205466523288, -20.156203287902571 ], [ -69.870773592635857, -20.156156226392614 ], [ -69.870623382510104, -20.12904974485404 ] ] ] } },
{ "type": "Feature", "properties": { "cve": "2872999", "nombre": "ROMY 4", "solicitante": "Ingeniería en Procesamiento de Minerales SpA", "region": "REGIÓN DE TARAPACÁ", "provincia": "Provincia del Tamarugal", "comuna": "Pozo Almonte", "superficie_ha": 100.0, "datum_original": "WGS84", "huso": 19, "epsg_origen": 32719, "tipo_publicacion": "pedimento", "fuente_pdf": "http://www.diariooficial.interior.gob.cl/publicaciones/2026/09/21/44554/07/2872999.pdf", "archivo": "gm_pedimento_2872999.pdf", "fecha": "21-09-2026", "edicion": "44554" }, "geometry": { "type": "Polygon", "coordinates": [ [ [ -69.861056906417929, -20.129096737739268 ], [ -69.851490403350653, -20.129143211551206 ], [ -69.851539346687076, -20.138178760267159 ], [ -69.861106399468525, -20.138132263835487 ], [ -69.861056906417929, -20.129096737739268 ] ] ] } },
{ "type": "Feature", "properties": { "cve": "2873000", "nombre": "ROMY 5", "solicitante": "Ingeniería en Procesamiento de Minerales SpA", "region": "REGIÓN DE TARAPACÁ", "provincia": "Provincia del Tamarugal", "comuna": "Pozo Almonte", "superficie_ha": 200.0, "datum_original": "WGS84", "huso": 19, "epsg_origen": 32719, "tipo_publicacion": "pedimento", "fuente_pdf": "http://www.diariooficial.interior.gob.cl/publicaciones/2026/09/21/44554/07/2873000.pdf", "archivo": "gm_pedimento_2873000.pdf", "fecha": "21-09-2026", "edicion": "44554" }, "geometry": { "type": "Polygon", "coordinates": [ [ [ -69.880341691452301, -20.156108645057643 ], [ -69.861205466523288, -20.156203287902571 ], [ -69.861255040541593, -20.165238785866425 ], [ -69.880392366676062, -20.165144097008788 ], [ -69.880341691452301, -20.156108645057643 ] ] ] } },
{ "type": "Feature", "properties": { "cve": "2872985", "nombre": "SOLSATION 7", "solicitante": "Ingeniería en Procesamiento de Minerales SpA", "region": "REGIÓN DE TARAPACÁ", "provincia": "Provincia del Tamarugal", "comuna": "Pica", "superficie_ha": 100.0, "datum_original": "PSAD56", "huso": 19, "epsg_origen": 24879, "tipo_publicacion": "pedimento", "fuente_pdf": "http://www.diariooficial.interior.gob.cl/publicaciones/2026/09/21/44554/07/2872985.pdf", "archivo": "gm_pedimento_2872985.pdf", "fecha": "21-09-2026", "edicion": "44554" }, "geometry": { "type": "Polygon", "coordinates": [ [ [ -68.953741442819165, -20.749049120691055 ], [ -68.944135483101846, -20.749046268315031 ], [ -68.944132164627661, -20.758082132208671 ], [ -68.953738694959398, -20.758084985938734 ], [ -68.953741442819165, -20.749049120691055 ] ] ] } },
{ "type": "Feature", "properties": { "cve": "2873001", "nombre": "STARK 1", "solicitante": "Ingeniería en Procesamiento de Minerales SpA", "region": "REGIÓN DE TARAPACÁ", "provincia": "Provincia del Tamarugal", "comuna": "Pozo Almonte", "superficie_ha": 300.0, "datum_original": "WGS84", "huso": 19, "epsg_origen": 32719, "tipo_publicacion": "pedimento", "fuente_pdf": "http://www.diariooficial.interior.gob.cl/publicaciones/2026/09/21/44554/07/2873001.pdf", "archivo": "gm_pedimento_2873001.pdf", "fecha": "21-09-2026", "edicion": "44554" }, "geometry": { "type": "Polygon", "coordinates": [ [ [ -69.851392596697352, -20.111072086018979 ], [ -69.841827165498231, -20.111117996024703 ], [ -69.841972267223113, -20.138224737366745 ], [ -69.851539346687076, -20.138178760267159 ], [ -69.851392596697352, -20.111072086018979 ] ] ] } },
{ "type": "Feature", "properties": { "cve": "2873002", "nombre": "STARK 2", "solicitante": "Ingeniería en Procesamiento de Minerales SpA", "region": "REGIÓN DE TARAPACÁ", "provincia": "Provincia del Tamarugal", "comuna": "Pozo Almonte", "superficie_ha": 300.0, "datum_original": "WGS84", "huso": 19, "epsg_origen": 32719, "tipo_publicacion": "pedimento", "fuente_pdf": "http://www.diariooficial.interior.gob.cl/publicaciones/2026/09/21/44554/07/2873002.pdf", "archivo": "gm_pedimento_2873002.pdf", "fecha": "21-09-2026", "edicion": "44554" }, "geometry": { "type": "Polygon", "coordinates": [ [ [ -69.841827165498231, -20.111117996024703 ], [ -69.832261707936993, -20.111163387450063 ], [ -69.832405161376315, -20.138270195128133 ], [ -69.841972267223113, -20.138224737366745 ], [ -69.841827165498231, -20.111117996024703 ] ] ] } },
{ "type": "Feature", "properties": { "cve": "2873003", "nombre": "STARK 3", "solicitante": "Ingeniería en Procesamiento de Minerales SpA", "region": "REGIÓN DE TARAPACÁ", "provincia": "Provincia del Tamarugal", "comuna": "Pozo Almonte", "superficie_ha": 300.0, "datum_original": "WGS84", "huso": 19, "epsg_origen": 32719, "tipo_publicacion": "pedimento", "fuente_pdf": "http://www.diariooficial.interior.gob.cl/publicaciones/2026/09/21/44554/07/2873003.pdf", "archivo": "gm_pedimento_2873003.pdf", "fecha": "21-09-2026", "edicion": "44554" }, "geometry": { "type": "Polygon", "coordinates": [ [ [ -69.832261707936993, -20.111163387450063 ], [ -69.822696224313091, -20.111208260289029 ], [ -69.822838029446373, -20.138315133545294 ], [ -69.832405161376315, -20.138270195128133 ], [ -69.832261707936993, -20.111163387450063 ] ] ] } },
{ "type": "Feature", "properties": { "cve": "2873004", "nombre": "STARK 4", "solicitante": "Ingeniería en Procesamiento de Minerales SpA", "region": "REGIÓN DE TARAPACÁ", "provincia": "Provincia del Tamarugal", "comuna": "Pozo Almonte", "superficie_ha": 100.0, "datum_original": "WGS84", "huso": 19, "epsg_origen": 32719, "tipo_publicacion": "pedimento", "fuente_pdf": "http://www.diariooficial.interior.gob.cl/publicaciones/2026/09/21/44554/07/2873004.pdf", "archivo": "gm_pedimento_2873004.pdf", "fecha": "21-09-2026", "edicion": "44554" }, "geometry": { "type": "Polygon", "coordinates": [ [ [ -69.841972267223113, -20.138224737366745 ], [ -69.832405161376315, -20.138270195128133 ], [ -69.83245303134666, -20.147305778959169 ], [ -69.842020687221193, -20.147260299080852 ], [ -69.841972267223113, -20.138224737366745 ] ] ] } },
{ "type": "Feature", "properties": { "cve": "2873005", "nombre": "STARK 5", "solicitante": "Ingeniería en Procesamiento de Minerales SpA", "region": "REGIÓN DE TARAPACÁ", "provincia": "Provincia del Tamarugal", "comuna": "Pozo Almonte", "superficie_ha": 200.0, "datum_original": "WGS84", "huso": 19, "epsg_origen": 32719, "tipo_publicacion": "pedimento", "fuente_pdf": "http://www.diariooficial.interior.gob.cl/publicaciones/2026/09/21/44554/07/2873005.pdf", "archivo": "gm_pedimento_2873005.pdf", "fecha": "21-09-2026", "edicion": "44554" }, "geometry": { "type": "Polygon", "coordinates": [ [ [ -69.832405161376315, -20.138270195128133 ], [ -69.822838029446373, -20.138315133545294 ], [ -69.822932695108094, -20.156386335568317 ], [ -69.832500927406983, -20.15634135342021 ], [ -69.832405161376315, -20.138270195128133 ] ] ] } },
{ "type": "Feature", "properties": { "cve": "2872699", "nombre": "NANCY 10", "solicitante": "Anka Mining Chile SpA", "region": "REGIÓN DE ANTOFAGASTA", "provincia": "Provincia de Antofagasta", "comuna": null, "superficie_ha": 200.0, "datum_original": "WGS84", "huso": 19, "epsg_origen": 32719, "tipo_publicacion": "pedimento", "fuente_pdf": "http://www.diariooficial.interior.gob.cl/publicaciones/2026/09/21/44554/07/2872699.pdf", "archivo": "gm_pedimento_2872699.pdf", "fecha": "21-09-2026", "edicion": "44554" }, "geometry": { "type": "Polygon", "coordinates": [ [ [ -68.811394227906646, -25.208063820021515 ], [ -68.801467654258957, -25.208050825661648 ], [ -68.801438341053483, -25.226112372638173 ], [ -68.811366380333268, -25.226125377587319 ], [ -68.811394227906646, -25.208063820021515 ] ] ] } },
{ "type": "Feature", "properties": { "cve": "2872698", "nombre": "NANCY 9", "solicitante": "Anka Mining Chile SpA", "region": "REGIÓN DE ANTOFAGASTA", "provincia": "Provincia de Antofagasta", "comuna": null, "superficie_ha": 100.0, "datum_original": "WGS84", "huso": 19, "epsg_origen": 32719, "tipo_publicacion": "pedimento", "fuente_pdf": "http://www.diariooficial.interior.gob.cl/publicaciones/2026/09/21/44554/07/2872698.pdf", "archivo": "gm_pedimento_2872698.pdf", "fecha": "21-09-2026", "edicion": "44554" }, "geometry": { "type": "Polygon", "coordinates": [ [ [ -68.821320808268041, -25.208076148014811 ], [ -68.811394227906646, -25.208063820021515 ], [ -68.81138030747789, -25.217094604323986 ], [ -68.821307620480781, -25.217106937340045 ], [ -68.821320808268041, -25.208076148014811 ] ] ] } },
{ "type": "Feature", "properties": { "cve": "2872575", "nombre": "TERESA 1", "solicitante": "Hilgers Gutschendies Mirco", "region": "REGIÓN DE ANTOFAGASTA", "provincia": "Provincia de Antofagasta", "comuna": "Taltal", "superficie_ha": 300.0, "datum_original": "PSAD56", "huso": 19, "epsg_origen": 24879, "tipo_publicacion": "pedimento", "fuente_pdf": "http://www.diariooficial.interior.gob.cl/publicaciones/2026/09/21/44554/07/2872575.pdf", "archivo": "gm_pedimento_2872575.pdf", "fecha": "21-09-2026", "edicion": "44554" }, "geometry": { "type": "Polygon", "coordinates": [ [ [ -69.429859762460381, -25.545041714023611 ], [ -69.419905923141258, -25.545070586747453 ], [ -69.42000035163359, -25.572160814583846 ], [ -69.429956429207181, -25.572131906904453 ], [ -69.429859762460381, -25.545041714023611 ] ] ] } },
{ "type": "Feature", "properties": { "cve": "2872584", "nombre": "TERESA 10", "solicitante": "Hilgers Gutschendies Mirco", "region": "REGIÓN DE ANTOFAGASTA", "provincia": "Provincia de Antofagasta", "comuna": "Taltal", "superficie_ha": 300.0, "datum_original": "PSAD56", "huso": 19, "epsg_origen": 24879, "tipo_publicacion": "pedimento", "fuente_pdf": "http://www.diariooficial.interior.gob.cl/publicaciones/2026/09/21/44554/07/2872584.pdf", "archivo": "gm_pedimento_2872584.pdf", "fecha": "21-09-2026", "edicion": "44554" }, "geometry": { "type": "Polygon", "coordinates": [ [ [ -69.380147388476317, -25.56323956483374 ], [ -69.370191985446738, -25.563265076253142 ], [ -69.370275302304208, -25.590355399016126 ], [ -69.380232945805929, -25.59032985672647 ], [ -69.380147388476317, -25.56323956483374 ] ] ] } },
{ "type": "Feature", "properties": { "cve": "2872585", "nombre": "TERESA 11", "solicitante": "Hilgers Gutschendies Mirco", "region": "REGIÓN DE ANTOFAGASTA", "provincia": "Provincia de Antofagasta", "comuna": "Taltal", "superficie_ha": 300.0, "datum_original": "PSAD56", "huso": 19, "epsg_origen": 24879, "tipo_publicacion": "pedimento", "fuente_pdf": "http://www.diariooficial.interior.gob.cl/publicaciones/2026/09/21/44554/07/2872585.pdf", "archivo": "gm_pedimento_2872585.pdf", "fecha": "21-09-2026", "edicion": "44554" }, "geometry": { "type": "Polygon", "coordinates": [ [ [ -69.370191985446738, -25.563265076253142 ], [ -69.360236569110882, -25.563289910740185 ], [ -69.36031764548315, -25.590380263554305 ], [ -69.370275302304208, -25.590355399016126 ], [ -69.370191985446738, -25.563265076253142 ] ] ] } },
{ "type": "Feature", "properties": { "cve": "2872586", "nombre": "TERESA 12", "solicitante": "Hilgers Gutschendies Mirco", "region": "REGIÓN DE ANTOFAGASTA", "provincia": "Provincia de Antofagasta", "comuna": "Taltal", "superficie_ha": 300.0, "datum_original": "PSAD56", "huso": 19, "epsg_origen": 24879, "tipo_publicacion": "pedimento", "fuente_pdf": "http://www.diariooficial.interior.gob.cl/publicaciones/2026/09/21/44554/07/2872586.pdf", "archivo": "gm_pedimento_2872586.pdf", "fecha": "21-09-2026", "edicion": "44554" }, "geometry": { "type": "Polygon", "coordinates": [ [ [ -69.360236569110882, -25.563289910740185 ], [ -69.350281139826564, -25.563314068291426 ], [ -69.350359975700897, -25.590404450337562 ], [ -69.36031764548315, -25.590380263554305 ], [ -69.360236569110882, -25.563289910740185 ] ] ] } },
{ "type": "Feature", "properties": { "cve": "2872587", "nombre": "TERESA 13", "solicitante": "Hilgers Gutschendies Mirco", "region": "REGIÓN DE ANTOFAGASTA", "provincia": "Provincia de Antofagasta", "comuna": "Taltal", "superficie_ha": 300.0, "datum_original": "PSAD56", "huso": 19, "epsg_origen": 24879, "tipo_publicacion": "pedimento", "fuente_pdf": "http://www.diariooficial.interior.gob.cl/publicaciones/2026/09/21/44554/07/2872587.pdf", "archivo": "gm_pedimento_2872587.pdf", "fecha": "21-09-2026", "edicion": "44554" }, "geometry": { "type": "Polygon", "coordinates": [ [ [ -69.350281139826564, -25.563314068291426 ], [ -69.340325697951599, -25.563337548903473 ], [ -69.340402293315677, -25.590427959362504 ], [ -69.350359975700897, -25.590404450337562 ], [ -69.350281139826564, -25.563314068291426 ] ] ] } },
{ "type": "Feature", "properties": { "cve": "2872588", "nombre": "TERESA 14", "solicitante": "Hilgers Gutschendies Mirco", "region": "REGIÓN DE ANTOFAGASTA", "provincia": "Provincia de Antofagasta", "comuna": "Taltal", "superficie_ha": 300.0, "datum_original": "PSAD56", "huso": 19, "epsg_origen": 24879, "tipo_publicacion": "pedimento", "fuente_pdf": "http://www.diariooficial.interior.gob.cl/publicaciones/2026/09/21/44554/07/2872588.pdf", "archivo": "gm_pedimento_2872588.pdf", "fecha": "21-09-2026", "edicion": "44554" }, "geometry": { "type": "Polygon", "coordinates": [ [ [ -69.340325697951599, -25.563337548903473 ], [ -69.330370243843845, -25.563360352573056 ], [ -69.330444598685617, -25.590450790625869 ], [ -69.340402293315677, -25.590427959362504 ], [ -69.340325697951599, -25.563337548903473 ] ] ] } },
{ "type": "Feature", "properties": { "cve": "2872589", "nombre": "TERESA 15", "solicitante": "Hilgers Gutschendies Mirco", "region": "REGIÓN DE ANTOFAGASTA", "provincia": "Provincia de Antofagasta", "comuna": "Taltal", "superficie_ha": 300.0, "datum_original": "PSAD56", "huso": 19, "epsg_origen": 24879, "tipo_publicacion": "pedimento", "fuente_pdf": "http://www.diariooficial.interior.gob.cl/publicaciones/2026/09/21/44554/07/2872589.pdf", "archivo": "gm_pedimento_2872589.pdf", "fecha": "21-09-2026", "edicion": "44554" }, "geometry": { "type": "Polygon", "coordinates": [ [ [ -69.330370243843845, -25.563360352573056 ], [ -69.320414777861075, -25.563382479297005 ], [ -69.32048689216893, -25.590472944124439 ], [ -69.330444598685617, -25.590450790625869 ], [ -69.330370243843845, -25.563360352573056 ] ] ] } },
{ "type": "Feature", "properties": { "cve": "2872590", "nombre": "TERESA 16", "solicitante": "Hilgers Gutschendies Mirco", "region": "REGIÓN DE ANTOFAGASTA", "provincia": "Provincia de Antofagasta", "comuna": "Taltal", "superficie_ha": 300.0, "datum_original": "PSAD56", "huso": 19, "epsg_origen": 24879, "tipo_publicacion": "pedimento", "fuente_pdf": "http://www.diariooficial.interior.gob.cl/publicaciones/2026/09/21/44554/07/2872590.pdf", "archivo": "gm_pedimento_2872590.pdf", "fecha": "21-09-2026", "edicion": "44554" }, "geometry": { "type": "Polygon", "coordinates": [ [ [ -69.320414777861075, -25.563382479297005 ], [ -69.31045930036116, -25.563403929072209 ], [ -69.310529174123772, -25.590494419855137 ], [ -69.32048689216893, -25.590472944124439 ], [ -69.320414777861075, -25.563382479297005 ] ] ] } },
{ "type": "Feature", "properties": { "cve": "2872591", "nombre": "TERESA 17", "solicitante": "Hilgers Gutschendies Mirco", "region": "REGIÓN DE ANTOFAGASTA", "provincia": "Provincia de Antofagasta", "comuna": "Taltal", "superficie_ha": 300.0, "datum_original": "PSAD56", "huso": 19, "epsg_origen": 24879, "tipo_publicacion": "pedimento", "fuente_pdf": "http://www.diariooficial.interior.gob.cl/publicaciones/2026/09/21/44554/07/2872591.pdf", "archivo": "gm_pedimento_2872591.pdf", "fecha": "21-09-2026", "edicion": "44554" }, "geometry": { "type": "Polygon", "coordinates": [ [ [ -69.31045930036116, -25.563403929072209 ], [ -69.30050381170193, -25.563424701895695 ], [ -69.300571444908343, -25.590515217814975 ], [ -69.310529174123772, -25.590494419855137 ], [ -69.31045930036116, -25.563403929072209 ] ] ] } },
{ "type": "Feature", "properties": { "cve": "2872592", "nombre": "TERESA 18", "solicitante": "Hilgers Gutschendies Mirco", "region": "REGIÓN DE ANTOFAGASTA", "provincia": "Provincia de Antofagasta", "comuna": "Taltal", "superficie_ha": 300.0, "datum_original": "PSAD56", "huso": 19, "epsg_origen": 24879, "tipo_publicacion": "pedimento", "fuente_pdf": "http://www.diariooficial.interior.gob.cl/publicaciones/2026/09/21/44554/07/2872592.pdf", "archivo": "gm_pedimento_2872592.pdf", "fecha": "21-09-2026", "edicion": "44554" }, "geometry": { "type": "Polygon", "coordinates": [ [ [ -69.420063379456153, -25.590220910125979 ], [ -69.390190575630157, -25.590303636688919 ], [ -69.390219869625312, -25.599333700884138 ], [ -69.420094916030564, -25.599250940983904 ], [ -69.420063379456153, -25.590220910125979 ] ] ] } },
{ "type": "Feature", "properties": { "cve": "2872593", "nombre": "TERESA 19", "solicitante": "Hilgers Gutschendies Mirco", "region": "REGIÓN DE ANTOFAGASTA", "provincia": "Provincia de Antofagasta", "comuna": "Taltal", "superficie_ha": 300.0, "datum_original": "PSAD56", "huso": 19, "epsg_origen": 24879, "tipo_publicacion": "pedimento", "fuente_pdf": "http://www.diariooficial.interior.gob.cl/publicaciones/2026/09/21/44554/07/2872593.pdf", "archivo": "gm_pedimento_2872593.pdf", "fecha": "21-09-2026", "edicion": "44554" }, "geometry": { "type": "Polygon", "coordinates": [ [ [ -69.420094916030564, -25.599250940983904 ], [ -69.390219869625312, -25.599333700884138 ], [ -69.390249177660991, -25.608363753805037 ], [ -69.420126467720266, -25.608280960562638 ], [ -69.420094916030564, -25.599250940983904 ] ] ] } },
{ "type": "Feature", "properties": { "cve": "2872576", "nombre": "TERESA 2", "solicitante": "Hilgers Gutschendies Mirco", "region": "REGIÓN DE ANTOFAGASTA", "provincia": "Provincia de Antofagasta", "comuna": "Taltal", "superficie_ha": 300.0, "datum_original": "PSAD56", "huso": 19, "epsg_origen": 24879, "tipo_publicacion": "pedimento", "fuente_pdf": "http://www.diariooficial.interior.gob.cl/publicaciones/2026/09/21/44554/07/2872576.pdf", "archivo": "gm_pedimento_2872576.pdf", "fecha": "21-09-2026", "edicion": "44554" }, "geometry": { "type": "Polygon", "coordinates": [ [ [ -69.429956429207181, -25.572131906904453 ], [ -69.42000035163359, -25.572160814583846 ], [ -69.420094916030564, -25.599250940983904 ], [ -69.430053235079825, -25.599221998333675 ], [ -69.429956429207181, -25.572131906904453 ] ] ] } },
{ "type": "Feature", "properties": { "cve": "2872594", "nombre": "TERESA 20", "solicitante": "Hilgers Gutschendies Mirco", "region": "REGIÓN DE ANTOFAGASTA", "provincia": "Provincia de Antofagasta", "comuna": "Taltal", "superficie_ha": 300.0, "datum_original": "PSAD56", "huso": 19, "epsg_origen": 24879, "tipo_publicacion": "pedimento", "fuente_pdf": "http://www.diariooficial.interior.gob.cl/publicaciones/2026/09/21/44554/07/2872594.pdf", "archivo": "gm_pedimento_2872594.pdf", "fecha": "21-09-2026", "edicion": "44554" }, "geometry": { "type": "Polygon", "coordinates": [ [ [ -69.420126467720266, -25.608280960562638 ], [ -69.390249177660991, -25.608363753805037 ], [ -69.390278499741783, -25.617393795448777 ], [ -69.420158034530303, -25.61731096885935 ], [ -69.420126467720266, -25.608280960562638 ] ] ] } },
{ "type": "Feature", "properties": { "cve": "2872595", "nombre": "TERESA 21", "solicitante": "Hilgers Gutschendies Mirco", "region": "REGIÓN DE ANTOFAGASTA", "provincia": "Provincia de Antofagasta", "comuna": "Taltal", "superficie_ha": 300.0, "datum_original": "PSAD56", "huso": 19, "epsg_origen": 24879, "tipo_publicacion": "pedimento", "fuente_pdf": "http://www.diariooficial.interior.gob.cl/publicaciones/2026/09/21/44554/07/2872595.pdf", "archivo": "gm_pedimento_2872595.pdf", "fecha": "21-09-2026", "edicion": "44554" }, "geometry": { "type": "Polygon", "coordinates": [ [ [ -69.420158034530303, -25.61731096885935 ], [ -69.390278499741783, -25.617393795448777 ], [ -69.39030783587225, -25.626423825812548 ], [ -69.420189616465535, -25.626340965871215 ], [ -69.420158034530303, -25.61731096885935 ] ] ] } },
{ "type": "Feature", "properties": { "cve": "2872596", "nombre": "TERESA 22", "solicitante": "Hilgers Gutschendies Mirco", "region": "REGIÓN DE ANTOFAGASTA", "provincia": "Provincia de Antofagasta", "comuna": "Taltal", "superficie_ha": 100.0, "datum_original": "PSAD56", "huso": 19, "epsg_origen": 24879, "tipo_publicacion": "pedimento", "fuente_pdf": "http://www.diariooficial.interior.gob.cl/publicaciones/2026/09/21/44554/07/2872596.pdf", "archivo": "gm_pedimento_2872596.pdf", "fecha": "21-09-2026", "edicion": "44554" }, "geometry": { "type": "Polygon", "coordinates": [ [ [ -69.400268443935587, -25.626396884663986 ], [ -69.39030783587225, -25.626423825812548 ], [ -69.390337186057053, -25.635453844893508 ], [ -69.400298543085356, -25.635426892899293 ], [ -69.400268443935587, -25.626396884663986 ] ] ] } },
{ "type": "Feature", "properties": { "cve": "2872597", "nombre": "TERESA 23", "solicitante": "Hilgers Gutschendies Mirco", "region": "REGIÓN DE ANTOFAGASTA", "provincia": "Provincia de Antofagasta", "comuna": "Taltal", "superficie_ha": 300.0, "datum_original": "PSAD56", "huso": 19, "epsg_origen": 24879, "tipo_publicacion": "pedimento", "fuente_pdf": "http://www.diariooficial.interior.gob.cl/publicaciones/2026/09/21/44554/07/2872597.pdf", "archivo": "gm_pedimento_2872597.pdf", "fecha": "21-09-2026", "edicion": "44554" }, "geometry": { "type": "Polygon", "coordinates": [ [ [ -69.390190575630157, -25.590303636688919 ], [ -69.380232945805929, -25.59032985672647 ], [ -69.380318626235336, -25.617420047189569 ], [ -69.390278499741783, -25.617393795448777 ], [ -69.390190575630157, -25.590303636688919 ] ] ] } },
{ "type": "Feature", "properties": { "cve": "2872598", "nombre": "TERESA 24", "solicitante": "Hilgers Gutschendies Mirco", "region": "REGIÓN DE ANTOFAGASTA", "provincia": "Provincia de Antofagasta", "comuna": "Taltal", "superficie_ha": 300.0, "datum_original": "PSAD56", "huso": 19, "epsg_origen": 24879, "tipo_publicacion": "pedimento", "fuente_pdf": "http://www.diariooficial.interior.gob.cl/publicaciones/2026/09/21/44554/07/2872598.pdf", "archivo": "gm_pedimento_2872598.pdf", "fecha": "21-09-2026", "edicion": "44554" }, "geometry": { "type": "Polygon", "coordinates": [ [ [ -69.380232945805929, -25.59032985672647 ], [ -69.370275302304208, -25.590355399016126 ], [ -69.370358739037954, -25.617445620363 ], [ -69.380318626235336, -25.617420047189569 ], [ -69.380232945805929, -25.59032985672647 ] ] ] } },
{ "type": "Feature", "properties": { "cve": "2872599", "nombre": "TERESA 25", "solicitante": "Hilgers Gutschendies Mirco", "region": "REGIÓN DE ANTOFAGASTA", "provincia": "Provincia de Antofagasta", "comuna": "Taltal", "superficie_ha": 300.0, "datum_original": "PSAD56", "huso": 19, "epsg_origen": 24879, "tipo_publicacion": "pedimento", "fuente_pdf": "http://www.diariooficial.interior.gob.cl/publicaciones/2026/09/21/44554/07/2872599.pdf", "archivo": "gm_pedimento_2872599.pdf", "fecha": "21-09-2026", "edicion": "44554" }, "geometry": { "type": "Polygon", "coordinates": [ [ [ -69.390278499741783, -25.617393795448777 ], [ -69.360398838508146, -25.617470514965479 ], [ -69.360425928792466, -25.626500576222046 ], [ -69.39030783587225, -25.626423825812548 ], [ -69.390278499741783, -25.617393795448777 ] ] ] } },
{ "type": "Feature", "properties": { "cve": "2872600", "nombre": "TERESA 26", "solicitante": "Hilgers Gutschendies Mirco", "region": "REGIÓN DE ANTOFAGASTA", "provincia": "Provincia de Antofagasta", "comuna": "Taltal", "superficie_ha": 300.0, "datum_original": "PSAD56", "huso": 19, "epsg_origen": 24879, "tipo_publicacion": "pedimento", "fuente_pdf": "http://www.diariooficial.interior.gob.cl/publicaciones/2026/09/21/44554/07/2872600.pdf", "archivo": "gm_pedimento_2872600.pdf", "fecha": "21-09-2026", "edicion": "44554" }, "geometry": { "type": "Polygon", "coordinates": [ [ [ -69.360398838508146, -25.617470514965479 ], [ -69.330519060509431, -25.617541127313057 ], [ -69.330543904909305, -25.626571217003267 ], [ -69.360425928792466, -25.626500576222046 ], [ -69.360398838508146, -25.617470514965479 ] ] ] } },
{ "type": "Feature", "properties": { "cve": "2872601", "nombre": "TERESA 27", "solicitante": "Hilgers Gutschendies Mirco", "region": "REGIÓN DE ANTOFAGASTA", "provincia": "Provincia de Antofagasta", "comuna": "Taltal", "superficie_ha": 300.0, "datum_original": "PSAD56", "huso": 19, "epsg_origen": 24879, "tipo_publicacion": "pedimento", "fuente_pdf": "http://www.diariooficial.interior.gob.cl/publicaciones/2026/09/21/44554/07/2872601.pdf", "archivo": "gm_pedimento_2872601.pdf", "fecha": "21-09-2026", "edicion": "44554" }, "geometry": { "type": "Polygon", "coordinates": [ [ [ -69.39030783587225, -25.626423825812548 ], [ -69.360425928792466, -25.626500576222046 ], [ -69.360453032055148, -25.635530626200328 ], [ -69.390337186057053, -25.635453844893508 ], [ -69.39030783587225, -25.626423825812548 ] ] ] } },
{ "type": "Feature", "properties": { "cve": "2872602", "nombre": "TERESA 28", "solicitante": "Hilgers Gutschendies Mirco", "region": "REGIÓN DE ANTOFAGASTA", "provincia": "Provincia de Antofagasta", "comuna": "Taltal", "superficie_ha": 300.0, "datum_original": "PSAD56", "huso": 19, "epsg_origen": 24879, "tipo_publicacion": "pedimento", "fuente_pdf": "http://www.diariooficial.interior.gob.cl/publicaciones/2026/09/21/44554/07/2872602.pdf", "archivo": "gm_pedimento_2872602.pdf", "fecha": "21-09-2026", "edicion": "44554" }, "geometry": { "type": "Polygon", "coordinates": [ [ [ -69.360425928792466, -25.626500576222046 ], [ -69.330543904909305, -25.626571217003267 ], [ -69.330568761211637, -25.635601295419345 ], [ -69.360453032055148, -25.635530626200328 ], [ -69.360425928792466, -25.626500576222046 ] ] ] } },
{ "type": "Feature", "properties": { "cve": "2872603", "nombre": "TERESA 29", "solicitante": "Hilgers Gutschendies Mirco", "region": "REGIÓN DE ANTOFAGASTA", "provincia": "Provincia de Antofagasta", "comuna": "Taltal", "superficie_ha": 300.0, "datum_original": "PSAD56", "huso": 19, "epsg_origen": 24879, "tipo_publicacion": "pedimento", "fuente_pdf": "http://www.diariooficial.interior.gob.cl/publicaciones/2026/09/21/44554/07/2872603.pdf", "archivo": "gm_pedimento_2872603.pdf", "fecha": "21-09-2026", "edicion": "44554" }, "geometry": { "type": "Polygon", "coordinates": [ [ [ -69.390337186057053, -25.635453844893508 ], [ -69.360453032055148, -25.635530626200328 ], [ -69.360480148300496, -25.644560664897504 ], [ -69.390366550300755, -25.644483852688843 ], [ -69.390337186057053, -25.635453844893508 ] ] ] } },
{ "type": "Feature", "properties": { "cve": "2872577", "nombre": "TERESA 3", "solicitante": "Hilgers Gutschendies Mirco", "region": "REGIÓN DE ANTOFAGASTA", "provincia": "Provincia de Antofagasta", "comuna": "Taltal", "superficie_ha": 300.0, "datum_original": "PSAD56", "huso": 19, "epsg_origen": 24879, "tipo_publicacion": "pedimento", "fuente_pdf": "http://www.diariooficial.interior.gob.cl/publicaciones/2026/09/21/44554/07/2872577.pdf", "archivo": "gm_pedimento_2872577.pdf", "fecha": "21-09-2026", "edicion": "44554" }, "geometry": { "type": "Polygon", "coordinates": [ [ [ -69.430053235079825, -25.599221998333675 ], [ -69.420094916030564, -25.599250940983904 ], [ -69.420189616465535, -25.626340965871215 ], [ -69.430150180214909, -25.626311988234811 ], [ -69.430053235079825, -25.599221998333675 ] ] ] } },
{ "type": "Feature", "properties": { "cve": "2872604", "nombre": "TERESA 30", "solicitante": "Hilgers Gutschendies Mirco", "region": "REGIÓN DE ANTOFAGASTA", "provincia": "Provincia de Antofagasta", "comuna": "Taltal", "superficie_ha": 300.0, "datum_original": "PSAD56", "huso": 19, "epsg_origen": 24879, "tipo_publicacion": "pedimento", "fuente_pdf": "http://www.diariooficial.interior.gob.cl/publicaciones/2026/09/21/44554/07/2872604.pdf", "archivo": "gm_pedimento_2872604.pdf", "fecha": "21-09-2026", "edicion": "44554" }, "geometry": { "type": "Polygon", "coordinates": [ [ [ -69.360453032055148, -25.635530626200328 ], [ -69.330568761211637, -25.635601295419345 ], [ -69.330593629420349, -25.644631362558478 ], [ -69.360480148300496, -25.644560664897504 ], [ -69.360453032055148, -25.635530626200328 ] ] ] } },
{ "type": "Feature", "properties": { "cve": "2872605", "nombre": "TERESA 31", "solicitante": "Hilgers Gutschendies Mirco", "region": "REGIÓN DE ANTOFAGASTA", "provincia": "Provincia de Antofagasta", "comuna": "Taltal", "superficie_ha": 300.0, "datum_original": "PSAD56", "huso": 19, "epsg_origen": 24879, "tipo_publicacion": "pedimento", "fuente_pdf": "http://www.diariooficial.interior.gob.cl/publicaciones/2026/09/21/44554/07/2872605.pdf", "archivo": "gm_pedimento_2872605.pdf", "fecha": "21-09-2026", "edicion": "44554" }, "geometry": { "type": "Polygon", "coordinates": [ [ [ -69.390366550300755, -25.644483852688843 ], [ -69.360480148300496, -25.644560664897504 ], [ -69.360507277532761, -25.653590692310743 ], [ -69.390395928607973, -25.653513849195736 ], [ -69.390366550300755, -25.644483852688843 ] ] ] } },
{ "type": "Feature", "properties": { "cve": "2872606", "nombre": "TERESA 32", "solicitante": "Hilgers Gutschendies Mirco", "region": "REGIÓN DE ANTOFAGASTA", "provincia": "Provincia de Antofagasta", "comuna": "Taltal", "superficie_ha": 300.0, "datum_original": "PSAD56", "huso": 19, "epsg_origen": 24879, "tipo_publicacion": "pedimento", "fuente_pdf": "http://www.diariooficial.interior.gob.cl/publicaciones/2026/09/21/44554/07/2872606.pdf", "archivo": "gm_pedimento_2872606.pdf", "fecha": "21-09-2026", "edicion": "44554" }, "geometry": { "type": "Polygon", "coordinates": [ [ [ -69.360480148300496, -25.644560664897504 ], [ -69.330593629420349, -25.644631362558478 ], [ -69.33061850953932, -25.653661418417851 ], [ -69.360507277532761, -25.653590692310743 ], [ -69.360480148300496, -25.644560664897504 ] ] ] } },
{ "type": "Feature", "properties": { "cve": "2872607", "nombre": "TERESA 33", "solicitante": "Hilgers Gutschendies Mirco", "region": "REGIÓN DE ANTOFAGASTA", "provincia": "Provincia de Antofagasta", "comuna": "Taltal", "superficie_ha": 300.0, "datum_original": "PSAD56", "huso": 19, "epsg_origen": 24879, "tipo_publicacion": "pedimento", "fuente_pdf": "http://www.diariooficial.interior.gob.cl/publicaciones/2026/09/21/44554/07/2872607.pdf", "archivo": "gm_pedimento_2872607.pdf", "fecha": "21-09-2026", "edicion": "44554" }, "geometry": { "type": "Polygon", "coordinates": [ [ [ -69.390395928607973, -25.653513849195736 ], [ -69.360507277532761, -25.653590692310743 ], [ -69.360534419756178, -25.662620708437256 ], [ -69.390425320983326, -25.662543834411359 ], [ -69.390395928607973, -25.653513849195736 ] ] ] } },
{ "type": "Feature", "properties": { "cve": "2872608", "nombre": "TERESA 34", "solicitante": "Hilgers Gutschendies  Mirco", "region": "REGIÓN DE ANTOFAGASTA", "provincia": "Provincia de Antofagasta", "comuna": "Taltal", "superficie_ha": 300.0, "datum_original": "PSAD56", "huso": 19, "epsg_origen": 24879, "tipo_publicacion": "pedimento", "fuente_pdf": "http://www.diariooficial.interior.gob.cl/publicaciones/2026/09/21/44554/07/2872608.pdf", "archivo": "gm_pedimento_2872608.pdf", "fecha": "21-09-2026", "edicion": "44554" }, "geometry": { "type": "Polygon", "coordinates": [ [ [ -69.360507277532761, -25.653590692310743 ], [ -69.33061850953932, -25.653661418417851 ], [ -69.330643401572473, -25.662691462994648 ], [ -69.360534419756178, -25.662620708437256 ], [ -69.360507277532761, -25.653590692310743 ] ] ] } },
{ "type": "Feature", "properties": { "cve": "2872609", "nombre": "TERESA 35", "solicitante": "Hilgers Gutschendies Mirco", "region": "REGIÓN DE ANTOFAGASTA", "provincia": "Provincia de Antofagasta", "comuna": "Taltal", "superficie_ha": 200.0, "datum_original": "PSAD56", "huso": 19, "epsg_origen": 24879, "tipo_publicacion": "pedimento", "fuente_pdf": "http://www.diariooficial.interior.gob.cl/publicaciones/2026/09/21/44554/07/2872609.pdf", "archivo": "gm_pedimento_2872609.pdf", "fecha": "21-09-2026", "edicion": "44554" }, "geometry": { "type": "Polygon", "coordinates": [ [ [ -69.380461700834644, -25.662570139021788 ], [ -69.360534419756178, -25.662620708437256 ], [ -69.360561574975023, -25.671650713274193 ], [ -69.380490356877445, -25.671600123521898 ], [ -69.380461700834644, -25.662570139021788 ] ] ] } },
{ "type": "Feature", "properties": { "cve": "2872610", "nombre": "TERESA 36", "solicitante": "Hilgers Gutschendies Mirco", "region": "REGIÓN DE ANTOFAGASTA", "provincia": "Provincia de Antofagasta", "comuna": "Taltal", "superficie_ha": 300.0, "datum_original": "PSAD56", "huso": 19, "epsg_origen": 24879, "tipo_publicacion": "pedimento", "fuente_pdf": "http://www.diariooficial.interior.gob.cl/publicaciones/2026/09/21/44554/07/2872610.pdf", "archivo": "gm_pedimento_2872610.pdf", "fecha": "21-09-2026", "edicion": "44554" }, "geometry": { "type": "Polygon", "coordinates": [ [ [ -69.360534419756178, -25.662620708437256 ], [ -69.330643401572473, -25.662691462994648 ], [ -69.330668305523687, -25.671721496286047 ], [ -69.360561574975023, -25.671650713274193 ], [ -69.360534419756178, -25.662620708437256 ] ] ] } },
{ "type": "Feature", "properties": { "cve": "2872611", "nombre": "TERESA 37", "solicitante": "Hilgers Gutschendies Mirco", "region": "REGIÓN DE ANTOFAGASTA", "provincia": "Provincia de Antofagasta", "comuna": "Taltal", "superficie_ha": 300.0, "datum_original": "PSAD56", "huso": 19, "epsg_origen": 24879, "tipo_publicacion": "pedimento", "fuente_pdf": "http://www.diariooficial.interior.gob.cl/publicaciones/2026/09/21/44554/07/2872611.pdf", "archivo": "gm_pedimento_2872611.pdf", "fecha": "21-09-2026", "edicion": "44554" }, "geometry": { "type": "Polygon", "coordinates": [ [ [ -69.380490356877445, -25.671600123521898 ], [ -69.370525972605563, -25.671625758503527 ], [ -69.370609769675653, -25.698715675144946 ], [ -69.380576407332711, -25.698690009238856 ], [ -69.380490356877445, -25.671600123521898 ] ] ] } },
{ "type": "Feature", "properties": { "cve": "2872612", "nombre": "TERESA 38", "solicitante": "Hilgers Gutschendies Mirco", "region": "REGIÓN DE ANTOFAGASTA", "provincia": "Provincia de Antofagasta", "comuna": "Taltal", "superficie_ha": 300.0, "datum_original": "PSAD56", "huso": 19, "epsg_origen": 24879, "tipo_publicacion": "pedimento", "fuente_pdf": "http://www.diariooficial.interior.gob.cl/publicaciones/2026/09/21/44554/07/2872612.pdf", "archivo": "gm_pedimento_2872612.pdf", "fecha": "21-09-2026", "edicion": "44554" }, "geometry": { "type": "Polygon", "coordinates": [ [ [ -69.380576407332711, -25.698690009238856 ], [ -69.370609769675653, -25.698715675144946 ], [ -69.370693687094459, -25.725805490065802 ], [ -69.380662581372903, -25.725779793221619 ], [ -69.380576407332711, -25.698690009238856 ] ] ] } },
{ "type": "Feature", "properties": { "cve": "2872613", "nombre": "TERESA 39", "solicitante": "Hilgers Gutschendies Mirco", "region": "REGIÓN DE ANTOFAGASTA", "provincia": "Provincia de Antofagasta", "comuna": "Taltal", "superficie_ha": 300.0, "datum_original": "PSAD56", "huso": 19, "epsg_origen": 24879, "tipo_publicacion": "pedimento", "fuente_pdf": "http://www.diariooficial.interior.gob.cl/publicaciones/2026/09/21/44554/07/2872613.pdf", "archivo": "gm_pedimento_2872613.pdf", "fecha": "21-09-2026", "edicion": "44554" }, "geometry": { "type": "Polygon", "coordinates": [ [ [ -69.270637282346541, -25.563482958627255 ], [ -69.260681752628358, -25.563501023615782 ], [ -69.260740423507514, -25.590591631888948 ], [ -69.270698193822184, -25.590573545040687 ], [ -69.270637282346541, -25.563482958627255 ] ] ] } },
{ "type": "Feature", "properties": { "cve": "2872578", "nombre": "TERESA 4", "solicitante": "Hilgers Gutschendies Mirco", "region": "REGIÓN DE ANTOFAGASTA", "provincia": "Provincia de Antofagasta", "comuna": "Taltal", "superficie_ha": 300.0, "datum_original": "PSAD56", "huso": 19, "epsg_origen": 24879, "tipo_publicacion": "pedimento", "fuente_pdf": "http://www.diariooficial.interior.gob.cl/publicaciones/2026/09/21/44554/07/2872578.pdf", "archivo": "gm_pedimento_2872578.pdf", "fecha": "21-09-2026", "edicion": "44554" }, "geometry": { "type": "Polygon", "coordinates": [ [ [ -69.419937384213071, -25.554100673958896 ], [ -69.390073539962756, -25.554183267221301 ], [ -69.39010277784179, -25.56321337648556 ], [ -69.419968860375562, -25.563130749905298 ], [ -69.419937384213071, -25.554100673958896 ] ] ] } },
{ "type": "Feature", "properties": { "cve": "2872614", "nombre": "TERESA 40", "solicitante": "Hilgers Gutschendies Mirco", "region": "REGIÓN DE ANTOFAGASTA", "provincia": "Provincia de Antofagasta", "comuna": "Taltal", "superficie_ha": 300.0, "datum_original": "PSAD56", "huso": 19, "epsg_origen": 24879, "tipo_publicacion": "pedimento", "fuente_pdf": "http://www.diariooficial.interior.gob.cl/publicaciones/2026/09/21/44554/07/2872614.pdf", "archivo": "gm_pedimento_2872614.pdf", "fecha": "21-09-2026", "edicion": "44554" }, "geometry": { "type": "Polygon", "coordinates": [ [ [ -69.260681752628358, -25.563501023615782 ], [ -69.250726213540005, -25.563518411639038 ], [ -69.250782643813494, -25.590609040952767 ], [ -69.260740423507514, -25.590591631888948 ], [ -69.260681752628358, -25.563501023615782 ] ] ] } },
{ "type": "Feature", "properties": { "cve": "2872615", "nombre": "TERESA 41", "solicitante": "Hilgers Gutschendies Mirco", "region": "REGIÓN DE ANTOFAGASTA", "provincia": "Provincia de Antofagasta", "comuna": "Taltal", "superficie_ha": 300.0, "datum_original": "PSAD56", "huso": 19, "epsg_origen": 24879, "tipo_publicacion": "pedimento", "fuente_pdf": "http://www.diariooficial.interior.gob.cl/publicaciones/2026/09/21/44554/07/2872615.pdf", "archivo": "gm_pedimento_2872615.pdf", "fecha": "21-09-2026", "edicion": "44554" }, "geometry": { "type": "Polygon", "coordinates": [ [ [ -69.250726213540005, -25.563518411639038 ], [ -69.240770665439385, -25.563535122694589 ], [ -69.240824855098339, -25.590625772229718 ], [ -69.250782643813494, -25.590609040952767 ], [ -69.250726213540005, -25.563518411639038 ] ] ] } },
{ "type": "Feature", "properties": { "cve": "2872616", "nombre": "TERESA 42", "solicitante": "Hilgers Gutschendies Mirco", "region": "REGIÓN DE ANTOFAGASTA", "provincia": "Provincia de Antofagasta", "comuna": "Taltal", "superficie_ha": 300.0, "datum_original": "PSAD56", "huso": 19, "epsg_origen": 24879, "tipo_publicacion": "pedimento", "fuente_pdf": "http://www.diariooficial.interior.gob.cl/publicaciones/2026/09/21/44554/07/2872616.pdf", "archivo": "gm_pedimento_2872616.pdf", "fecha": "21-09-2026", "edicion": "44554" }, "geometry": { "type": "Polygon", "coordinates": [ [ [ -69.240770665439385, -25.563535122694589 ], [ -69.230815108684325, -25.56355115678009 ], [ -69.230867057720246, -25.590641825717451 ], [ -69.240824855098339, -25.590625772229718 ], [ -69.240770665439385, -25.563535122694589 ] ] ] } },
{ "type": "Feature", "properties": { "cve": "2872617", "nombre": "TERESA 43", "solicitante": "Hilgers Gutschendies Mirco", "region": "REGIÓN DE ANTOFAGASTA", "provincia": "Provincia de Antofagasta", "comuna": "Taltal", "superficie_ha": 300.0, "datum_original": "PSAD56", "huso": 19, "epsg_origen": 24879, "tipo_publicacion": "pedimento", "fuente_pdf": "http://www.diariooficial.interior.gob.cl/publicaciones/2026/09/21/44554/07/2872617.pdf", "archivo": "gm_pedimento_2872617.pdf", "fecha": "21-09-2026", "edicion": "44554" }, "geometry": { "type": "Polygon", "coordinates": [ [ [ -69.230815108684325, -25.56355115678009 ], [ -69.22085954363267, -25.563566513893328 ], [ -69.220909252037416, -25.590657201413752 ], [ -69.230867057720246, -25.590641825717451 ], [ -69.230815108684325, -25.56355115678009 ] ] ] } },
{ "type": "Feature", "properties": { "cve": "2872618", "nombre": "TERESA 44", "solicitante": "Hilgers Gutschendies Mirco", "region": "REGIÓN DE ANTOFAGASTA", "provincia": "Provincia de Antofagasta", "comuna": "Taltal", "superficie_ha": 300.0, "datum_original": "PSAD56", "huso": 19, "epsg_origen": 24879, "tipo_publicacion": "pedimento", "fuente_pdf": "http://www.diariooficial.interior.gob.cl/publicaciones/2026/09/21/44554/07/2872618.pdf", "archivo": "gm_pedimento_2872618.pdf", "fecha": "21-09-2026", "edicion": "44554" }, "geometry": { "type": "Polygon", "coordinates": [ [ [ -69.22085954363267, -25.563566513893328 ], [ -69.210903970642249, -25.563581194032142 ], [ -69.21095143840806, -25.590671899316447 ], [ -69.220909252037416, -25.590657201413752 ], [ -69.22085954363267, -25.563566513893328 ] ] ] } },
{ "type": "Feature", "properties": { "cve": "2872619", "nombre": "TERESA 45", "solicitante": "Hilgers Gutschendies Mirco", "region": "REGIÓN DE ANTOFAGASTA", "provincia": "Provincia de Antofagasta", "comuna": "Taltal", "superficie_ha": 300.0, "datum_original": "PSAD56", "huso": 19, "epsg_origen": 24879, "tipo_publicacion": "pedimento", "fuente_pdf": "http://www.diariooficial.interior.gob.cl/publicaciones/2026/09/21/44554/07/2872619.pdf", "archivo": "gm_pedimento_2872619.pdf", "fecha": "21-09-2026", "edicion": "44554" }, "geometry": { "type": "Polygon", "coordinates": [ [ [ -69.280655954399379, -25.5905547804105 ], [ -69.270698193822184, -25.590573545040687 ], [ -69.270759192937803, -25.617664030153485 ], [ -69.280719197325624, -25.61764524283447 ], [ -69.280655954399379, -25.5905547804105 ] ] ] } },
{ "type": "Feature", "properties": { "cve": "2872620", "nombre": "TERESA 46", "solicitante": "Hilgers Gutschendies Mirco", "region": "REGIÓN DE ANTOFAGASTA", "provincia": "Provincia de Antofagasta", "comuna": "Taltal", "superficie_ha": 300.0, "datum_original": "PSAD56", "huso": 19, "epsg_origen": 24879, "tipo_publicacion": "pedimento", "fuente_pdf": "http://www.diariooficial.interior.gob.cl/publicaciones/2026/09/21/44554/07/2872620.pdf", "archivo": "gm_pedimento_2872620.pdf", "fecha": "21-09-2026", "edicion": "44554" }, "geometry": { "type": "Polygon", "coordinates": [ [ [ -69.240824855098339, -25.590625772229718 ], [ -69.230867057720246, -25.590641825717451 ], [ -69.230919081501028, -25.617732393390337 ], [ -69.240879122725943, -25.617716320491862 ], [ -69.240824855098339, -25.590625772229718 ] ] ] } },
{ "type": "Feature", "properties": { "cve": "2872621", "nombre": "TERESA 47", "solicitante": "Hilgers Gutschendies Mirco", "region": "REGIÓN DE ANTOFAGASTA", "provincia": "Provincia de Antofagasta", "comuna": "Taltal", "superficie_ha": 300.0, "datum_original": "PSAD56", "huso": 19, "epsg_origen": 24879, "tipo_publicacion": "pedimento", "fuente_pdf": "http://www.diariooficial.interior.gob.cl/publicaciones/2026/09/21/44554/07/2872621.pdf", "archivo": "gm_pedimento_2872621.pdf", "fecha": "21-09-2026", "edicion": "44554" }, "geometry": { "type": "Polygon", "coordinates": [ [ [ -69.230867057720246, -25.590641825717451 ], [ -69.220909252037416, -25.590657201413752 ], [ -69.220959031963218, -25.617747787677832 ], [ -69.230919081501028, -25.617732393390337 ], [ -69.230867057720246, -25.590641825717451 ] ] ] } },
{ "type": "Feature", "properties": { "cve": "2872622", "nombre": "TERESA 48", "solicitante": "Hilgers Gutschendies Mirco", "region": "REGIÓN DE ANTOFAGASTA", "provincia": "Provincia de Antofagasta", "comuna": "Taltal", "superficie_ha": 300.0, "datum_original": "PSAD56", "huso": 19, "epsg_origen": 24879, "tipo_publicacion": "pedimento", "fuente_pdf": "http://www.diariooficial.interior.gob.cl/publicaciones/2026/09/21/44554/07/2872622.pdf", "archivo": "gm_pedimento_2872622.pdf", "fecha": "21-09-2026", "edicion": "44554" }, "geometry": { "type": "Polygon", "coordinates": [ [ [ -69.29070104144111, -25.62665590069296 ], [ -69.280740298508405, -25.626675374449192 ], [ -69.280803662725148, -25.653765701674089 ], [ -69.290766653761793, -25.653746204395777 ], [ -69.29070104144111, -25.62665590069296 ] ] ] } },
{ "type": "Feature", "properties": { "cve": "2872623", "nombre": "TERESA 49", "solicitante": "Hilgers Gutschendies Mirco", "region": "REGIÓN DE ANTOFAGASTA", "provincia": "Provincia de Antofagasta", "comuna": "Taltal", "superficie_ha": 300.0, "datum_original": "PSAD56", "huso": 19, "epsg_origen": 24879, "tipo_publicacion": "pedimento", "fuente_pdf": "http://www.diariooficial.interior.gob.cl/publicaciones/2026/09/21/44554/07/2872623.pdf", "archivo": "gm_pedimento_2872623.pdf", "fecha": "21-09-2026", "edicion": "44554" }, "geometry": { "type": "Polygon", "coordinates": [ [ [ -69.280719197325624, -25.61764524283447 ], [ -69.270759192937803, -25.617664030153485 ], [ -69.270820279779471, -25.644754413889597 ], [ -69.280782531204849, -25.644735603871812 ], [ -69.280719197325624, -25.61764524283447 ] ] ] } },
{ "type": "Feature", "properties": { "cve": "2872579", "nombre": "TERESA 5", "solicitante": "Hilgers Gutschendies Mirco", "region": "REGIÓN DE ANTOFAGASTA", "provincia": "Provincia de Antofagasta", "comuna": "Taltal", "superficie_ha": 300.0, "datum_original": "PSAD56", "huso": 19, "epsg_origen": 24879, "tipo_publicacion": "pedimento", "fuente_pdf": "http://www.diariooficial.interior.gob.cl/publicaciones/2026/09/21/44554/07/2872579.pdf", "archivo": "gm_pedimento_2872579.pdf", "fecha": "21-09-2026", "edicion": "44554" }, "geometry": { "type": "Polygon", "coordinates": [ [ [ -69.390073539962756, -25.554183267221301 ], [ -69.360209569556531, -25.554259770614678 ], [ -69.360236569110882, -25.563289910740185 ], [ -69.39010277784179, -25.56321337648556 ], [ -69.390073539962756, -25.554183267221301 ] ] ] } },
{ "type": "Feature", "properties": { "cve": "2872624", "nombre": "TERESA 50", "solicitante": "Hilgers Gutschendies Mirco", "region": "REGIÓN DE ANTOFAGASTA", "provincia": "Provincia de Antofagasta", "comuna": "Taltal", "superficie_ha": 300.0, "datum_original": "PSAD56", "huso": 19, "epsg_origen": 24879, "tipo_publicacion": "pedimento", "fuente_pdf": "http://www.diariooficial.interior.gob.cl/publicaciones/2026/09/21/44554/07/2872624.pdf", "archivo": "gm_pedimento_2872624.pdf", "fecha": "21-09-2026", "edicion": "44554" }, "geometry": { "type": "Polygon", "coordinates": [ [ [ -69.230919081501028, -25.617732393390337 ], [ -69.220959031963218, -25.617747787677832 ], [ -69.221008883480337, -25.644838272609579 ], [ -69.230971180100127, -25.644822859722737 ], [ -69.230919081501028, -25.617732393390337 ] ] ] } },
{ "type": "Feature", "properties": { "cve": "2872625", "nombre": "TERESA 51", "solicitante": "Hilgers Gutschendies Mirco", "region": "REGIÓN DE ANTOFAGASTA", "provincia": "Provincia de Antofagasta", "comuna": "Taltal", "superficie_ha": 300.0, "datum_original": "PSAD56", "huso": 19, "epsg_origen": 24879, "tipo_publicacion": "pedimento", "fuente_pdf": "http://www.diariooficial.interior.gob.cl/publicaciones/2026/09/21/44554/07/2872625.pdf", "archivo": "gm_pedimento_2872625.pdf", "fecha": "21-09-2026", "edicion": "44554" }, "geometry": { "type": "Polygon", "coordinates": [ [ [ -69.300729634320547, -25.653726027428135 ], [ -69.290766653761793, -25.653746204395777 ], [ -69.290832360385821, -25.680836406600324 ], [ -69.300797592269333, -25.680816205279903 ], [ -69.300729634320547, -25.653726027428135 ] ] ] } },
{ "type": "Feature", "properties": { "cve": "2872626", "nombre": "TERESA 52", "solicitante": "Hilgers Gutschendies Mirco", "region": "REGIÓN DE ANTOFAGASTA", "provincia": "Provincia de Antofagasta", "comuna": "Taltal", "superficie_ha": 300.0, "datum_original": "PSAD56", "huso": 19, "epsg_origen": 24879, "tipo_publicacion": "pedimento", "fuente_pdf": "http://www.diariooficial.interior.gob.cl/publicaciones/2026/09/21/44554/07/2872626.pdf", "archivo": "gm_pedimento_2872626.pdf", "fecha": "21-09-2026", "edicion": "44554" }, "geometry": { "type": "Polygon", "coordinates": [ [ [ -69.300797592269333, -25.680816205279903 ], [ -69.290832360385821, -25.680836406600324 ], [ -69.290898161406062, -25.707926507230738 ], [ -69.300865647848568, -25.70790628154683 ], [ -69.300797592269333, -25.680816205279903 ] ] ] } },
{ "type": "Feature", "properties": { "cve": "2872627", "nombre": "TERESA 53", "solicitante": "Hilgers Gutschendies Mirco", "region": "REGIÓN DE ANTOFAGASTA", "provincia": "Provincia de Antofagasta", "comuna": "Taltal", "superficie_ha": 300.0, "datum_original": "PSAD56", "huso": 19, "epsg_origen": 24879, "tipo_publicacion": "pedimento", "fuente_pdf": "http://www.diariooficial.interior.gob.cl/publicaciones/2026/09/21/44554/07/2872627.pdf", "archivo": "gm_pedimento_2872627.pdf", "fecha": "21-09-2026", "edicion": "44554" }, "geometry": { "type": "Polygon", "coordinates": [ [ [ -69.250952422107801, -25.671880320898914 ], [ -69.240987892193687, -25.671897112893273 ], [ -69.24104239418746, -25.698987356880775 ], [ -69.251009177630252, -25.698970544629489 ], [ -69.250952422107801, -25.671880320898914 ] ] ] } },
{ "type": "Feature", "properties": { "cve": "2872628", "nombre": "TERESA 54", "solicitante": "Hilgers Gutschendies Mirco", "region": "REGIÓN DE ANTOFAGASTA", "provincia": "Provincia de Antofagasta", "comuna": "Taltal", "superficie_ha": 300.0, "datum_original": "PSAD56", "huso": 19, "epsg_origen": 24879, "tipo_publicacion": "pedimento", "fuente_pdf": "http://www.diariooficial.interior.gob.cl/publicaciones/2026/09/21/44554/07/2872628.pdf", "archivo": "gm_pedimento_2872628.pdf", "fecha": "21-09-2026", "edicion": "44554" }, "geometry": { "type": "Polygon", "coordinates": [ [ [ -69.191150721858776, -25.662940735549935 ], [ -69.161259224075181, -25.662976811664766 ], [ -69.161271370271933, -25.672006959711492 ], [ -69.19116511948053, -25.671970869088334 ], [ -69.191150721858776, -25.662940735549935 ] ] ] } },
{ "type": "Feature", "properties": { "cve": "2872629", "nombre": "TERESA 55", "solicitante": "Hilgers Gutschendies Mirco", "region": "REGIÓN DE ANTOFAGASTA", "provincia": "Provincia de Antofagasta", "comuna": "Taltal", "superficie_ha": 300.0, "datum_original": "PSAD56", "huso": 19, "epsg_origen": 24879, "tipo_publicacion": "pedimento", "fuente_pdf": "http://www.diariooficial.interior.gob.cl/publicaciones/2026/09/21/44554/07/2872629.pdf", "archivo": "gm_pedimento_2872629.pdf", "fecha": "21-09-2026", "edicion": "44554" }, "geometry": { "type": "Polygon", "coordinates": [ [ [ -69.19116511948053, -25.671970869088334 ], [ -69.161271370271933, -25.672006959711492 ], [ -69.161283522283355, -25.681037096486833 ], [ -69.19117952399472, -25.681000991353223 ], [ -69.19116511948053, -25.671970869088334 ] ] ] } },
{ "type": "Feature", "properties": { "cve": "2872630", "nombre": "TERESA 56", "solicitante": "Hilgers Gutschendies Mirco", "region": "REGIÓN DE ANTOFAGASTA", "provincia": "Provincia de Antofagasta", "comuna": "Taltal", "superficie_ha": 300.0, "datum_original": "PSAD56", "huso": 19, "epsg_origen": 24879, "tipo_publicacion": "pedimento", "fuente_pdf": "http://www.diariooficial.interior.gob.cl/publicaciones/2026/09/21/44554/07/2872630.pdf", "archivo": "gm_pedimento_2872630.pdf", "fecha": "21-09-2026", "edicion": "44554" }, "geometry": { "type": "Polygon", "coordinates": [ [ [ -69.19117952399472, -25.681000991353223 ], [ -69.161283522283355, -25.681037096486833 ], [ -69.161295680111337, -25.690067221987995 ], [ -69.191193935403632, -25.690031102341791 ], [ -69.19117952399472, -25.681000991353223 ] ] ] } },
{ "type": "Feature", "properties": { "cve": "2872631", "nombre": "TERESA 57", "solicitante": "Hilgers Gutschendies Mirco", "region": "REGIÓN DE ANTOFAGASTA", "provincia": "Provincia de Antofagasta", "comuna": "Taltal", "superficie_ha": 200.0, "datum_original": "PSAD56", "huso": 19, "epsg_origen": 24879, "tipo_publicacion": "pedimento", "fuente_pdf": "http://www.diariooficial.interior.gob.cl/publicaciones/2026/09/21/44554/07/2872631.pdf", "archivo": "gm_pedimento_2872631.pdf", "fecha": "21-09-2026", "edicion": "44554" }, "geometry": { "type": "Polygon", "coordinates": [ [ [ -69.191193935403632, -25.690031102341791 ], [ -69.171261771506323, -25.690055862915045 ], [ -69.171274686708003, -25.699085972574537 ], [ -69.191208353709541, -25.699061202051212 ], [ -69.191193935403632, -25.690031102341791 ] ] ] } },
{ "type": "Feature", "properties": { "cve": "2872632", "nombre": "TERESA 58", "solicitante": "Hilgers Gutschendies Mirco", "region": "REGIÓN DE ANTOFAGASTA", "provincia": "Provincia de Antofagasta", "comuna": "Taltal", "superficie_ha": 300.0, "datum_original": "PSAD56", "huso": 19, "epsg_origen": 24879, "tipo_publicacion": "pedimento", "fuente_pdf": "http://www.diariooficial.interior.gob.cl/publicaciones/2026/09/21/44554/07/2872632.pdf", "archivo": "gm_pedimento_2872632.pdf", "fecha": "21-09-2026", "edicion": "44554" }, "geometry": { "type": "Polygon", "coordinates": [ [ [ -69.121422106916796, -25.681075709130958 ], [ -69.111456741229773, -25.681083660937311 ], [ -69.111481958763278, -25.708174059765451 ], [ -69.121449579141199, -25.708166098368928 ], [ -69.121422106916796, -25.681075709130958 ] ] ] } },
{ "type": "Feature", "properties": { "cve": "2872580", "nombre": "TERESA 6", "solicitante": "Hilgers Gutschendies Mirco", "region": "REGIÓN DE ANTOFAGASTA", "provincia": "Provincia de Antofagasta", "comuna": "Taltal", "superficie_ha": 300.0, "datum_original": "PSAD56", "huso": 19, "epsg_origen": 24879, "tipo_publicacion": "pedimento", "fuente_pdf": "http://www.diariooficial.interior.gob.cl/publicaciones/2026/09/21/44554/07/2872580.pdf", "archivo": "gm_pedimento_2872580.pdf", "fecha": "21-09-2026", "edicion": "44554" }, "geometry": { "type": "Polygon", "coordinates": [ [ [ -69.419968860375562, -25.563130749905298 ], [ -69.410013514149227, -25.563158969017532 ], [ -69.41010579281344, -25.590249163384868 ], [ -69.420063379456153, -25.590220910125979 ], [ -69.419968860375562, -25.563130749905298 ] ] ] } },
{ "type": "Feature", "properties": { "cve": "2872581", "nombre": "TERESA 7", "solicitante": "Hilgers Gutschendies Mirco", "region": "REGIÓN DE ANTOFAGASTA", "provincia": "Provincia de Antofagasta", "comuna": "Taltal", "superficie_ha": 300.0, "datum_original": "PSAD56", "huso": 19, "epsg_origen": 24879, "tipo_publicacion": "pedimento", "fuente_pdf": "http://www.diariooficial.interior.gob.cl/publicaciones/2026/09/21/44554/07/2872581.pdf", "archivo": "gm_pedimento_2872581.pdf", "fecha": "21-09-2026", "edicion": "44554" }, "geometry": { "type": "Polygon", "coordinates": [ [ [ -69.410013514149227, -25.563158969017532 ], [ -69.40005815318537, -25.563186511212248 ], [ -69.400148191418708, -25.590276738907139 ], [ -69.41010579281344, -25.590249163384868 ], [ -69.410013514149227, -25.563158969017532 ] ] ] } },
{ "type": "Feature", "properties": { "cve": "2872582", "nombre": "TERESA 8", "solicitante": "Hilgers Gutschendies Mirco", "region": "REGIÓN DE ANTOFAGASTA", "provincia": "Provincia de Antofagasta", "comuna": "Taltal", "superficie_ha": 300.0, "datum_original": "PSAD56", "huso": 19, "epsg_origen": 24879, "tipo_publicacion": "pedimento", "fuente_pdf": "http://www.diariooficial.interior.gob.cl/publicaciones/2026/09/21/44554/07/2872582.pdf", "archivo": "gm_pedimento_2872582.pdf", "fecha": "21-09-2026", "edicion": "44554" }, "geometry": { "type": "Polygon", "coordinates": [ [ [ -69.40005815318537, -25.563186511212248 ], [ -69.39010277784179, -25.56321337648556 ], [ -69.390190575630157, -25.590303636688919 ], [ -69.400148191418708, -25.590276738907139 ], [ -69.40005815318537, -25.563186511212248 ] ] ] } },
{ "type": "Feature", "properties": { "cve": "2872583", "nombre": "TERESA 9", "solicitante": "Hilgers Gutschendies Mirco", "region": "REGIÓN DE ANTOFAGASTA", "provincia": "Provincia de Antofagasta", "comuna": "Taltal", "superficie_ha": 300.0, "datum_original": "PSAD56", "huso": 19, "epsg_origen": 24879, "tipo_publicacion": "pedimento", "fuente_pdf": "http://www.diariooficial.interior.gob.cl/publicaciones/2026/09/21/44554/07/2872583.pdf", "archivo": "gm_pedimento_2872583.pdf", "fecha": "21-09-2026", "edicion": "44554" }, "geometry": { "type": "Polygon", "coordinates": [ [ [ -69.39010277784179, -25.56321337648556 ], [ -69.380147388476317, -25.56323956483374 ], [ -69.380232945805929, -25.59032985672647 ], [ -69.390190575630157, -25.590303636688919 ], [ -69.39010277784179, -25.56321337648556 ] ] ] } },
{ "type": "Feature", "properties": { "cve": "2872887", "nombre": "SOLAR ELENA M", "solicitante": "Solar Elena SpA", "region": "REGIÓN DE ANTOFAGASTA", "provincia": "Provincia de Tocopilla", "comuna": null, "superficie_ha": 100.0, "datum_original": "PSAD56", "huso": 19, "epsg_origen": 24879, "tipo_publicacion": "pedimento", "fuente_pdf": "http://www.diariooficial.interior.gob.cl/publicaciones/2026/09/21/44554/07/2872887.pdf", "archivo": "gm_pedimento_2872887.pdf", "fecha": "21-09-2026", "edicion": "44554" }, "geometry": { "type": "Polygon", "coordinates": [ [ [ -69.496697881714525, -22.237908589942293 ], [ -69.486994063834871, -22.237937935208901 ], [ -69.4870252822612, -22.246971851426562 ], [ -69.496729722135839, -22.246942492992968 ], [ -69.496697881714525, -22.237908589942293 ] ] ] } },
{ "type": "Feature", "properties": { "cve": "2872888", "nombre": "SOLAR ELENA N", "solicitante": "Solar Elena SpA", "region": "REGIÓN DE ANTOFAGASTA", "provincia": "Provincia de Tocopilla", "comuna": null, "superficie_ha": 100.0, "datum_original": "PSAD56", "huso": 19, "epsg_origen": 24879, "tipo_publicacion": "pedimento", "fuente_pdf": "http://www.diariooficial.interior.gob.cl/publicaciones/2026/09/21/44554/07/2872888.pdf", "archivo": "gm_pedimento_2872888.pdf", "fecha": "21-09-2026", "edicion": "44554" }, "geometry": { "type": "Polygon", "coordinates": [ [ [ -69.486998121323225, -22.239112344891996 ], [ -69.477294206563798, -22.239141112921459 ], [ -69.4773248050343, -22.248175040725119 ], [ -69.487029341834855, -22.248146259788204 ], [ -69.486998121323225, -22.239112344891996 ] ] ] } },
{ "type": "Feature", "properties": { "cve": "2873056", "nombre": "NEA", "solicitante": "Sociedad de Exploración y Desarrollo Minero", "region": "REGIÓN DE ATACAMA", "provincia": "Provincia de Copiapó", "comuna": "Tierra Amarilla", "superficie_ha": 100.0, "datum_original": "PSAD56", "huso": 19, "epsg_origen": 24879, "tipo_publicacion": "pedimento", "fuente_pdf": "http://www.diariooficial.interior.gob.cl/publicaciones/2026/09/21/44554/07/2873056.pdf", "archivo": "gm_pedimento_2873056.pdf", "fecha": "21-09-2026", "edicion": "44554" }, "geometry": { "type": "Polygon", "coordinates": [ [ [ -70.196214722390636, -27.475527483092321 ], [ -70.186094884691471, -27.47561405966103 ], [ -70.186191563363138, -27.484640096931937 ], [ -70.196312225453482, -27.484553487188837 ], [ -70.196214722390636, -27.475527483092321 ] ] ] } },
{ "type": "Feature", "properties": { "cve": "2872750", "nombre": "ROBERT 21", "solicitante": "Fitzroy Minerals Exploration SpA", "region": "REGIÓN DE COQUIMBO", "provincia": "Provincia de Choapa", "comuna": "Salamanca", "superficie_ha": 300.0, "datum_original": "PSAD56", "huso": 19, "epsg_origen": 24879, "tipo_publicacion": "pedimento", "fuente_pdf": "http://www.diariooficial.interior.gob.cl/publicaciones/2026/09/21/44554/07/2872750.pdf", "archivo": "gm_pedimento_2872750.pdf", "fecha": "21-09-2026", "edicion": "44554" }, "geometry": { "type": "Polygon", "coordinates": [ [ [ -70.516351362955234, -32.032960424213776 ], [ -70.484589973309724, -32.033336288777996 ], [ -70.484735528835671, -32.042354965507585 ], [ -70.516500029624709, -32.041978970064825 ], [ -70.516351362955234, -32.032960424213776 ] ] ] } },
{ "type": "Feature", "properties": { "cve": "2872751", "nombre": "ROBERT 22", "solicitante": "Fitzroy Minerals Exploration SpA", "region": "REGIÓN DE COQUIMBO", "provincia": "Provincia de Choapa", "comuna": "Salamanca", "superficie_ha": 300.0, "datum_original": "PSAD56", "huso": 19, "epsg_origen": 24879, "tipo_publicacion": "pedimento", "fuente_pdf": "http://www.diariooficial.interior.gob.cl/publicaciones/2026/09/21/44554/07/2872751.pdf", "archivo": "gm_pedimento_2872751.pdf", "fecha": "21-09-2026", "edicion": "44554" }, "geometry": { "type": "Polygon", "coordinates": [ [ [ -70.516500029624709, -32.041978970064825 ], [ -70.484735528835671, -32.042354965507585 ], [ -70.484881149525364, -32.051373628704198 ], [ -70.516648762849883, -32.050997502357752 ], [ -70.516500029624709, -32.041978970064825 ] ] ] } },
{ "type": "Feature", "properties": { "cve": "2872422", "nombre": "JUNCALES 16", "solicitante": "Schreiber Mining Holdings Chile SpA", "region": "REGIÓN DE VALPARAÍSO", "provincia": "Provincia de Los Andes", "comuna": "Los Andes", "superficie_ha": 100.0, "datum_original": "PSAD56", "huso": 19, "epsg_origen": 24879, "tipo_publicacion": "pedimento", "fuente_pdf": "http://www.diariooficial.interior.gob.cl/publicaciones/2026/09/21/44554/07/2872422.pdf", "archivo": "gm_pedimento_2872422.pdf", "fecha": "21-09-2026", "edicion": "44554" }, "geometry": { "type": "Polygon", "coordinates": [ [ [ -70.098239821457994, -32.923793255418275 ], [ -70.087546193102341, -32.923886759316581 ], [ -70.087656543642098, -32.932905557044698 ], [ -70.098351256523898, -32.932812021061878 ], [ -70.098239821457994, -32.923793255418275 ] ] ] } },
{ "type": "Feature", "properties": { "cve": "2872423", "nombre": "JUNCALES 20", "solicitante": "Schreiber Mining Holdings Chile SpA", "region": "REGIÓN DE VALPARAÍSO", "provincia": "Provincia de Los Andes", "comuna": "Los Andes", "superficie_ha": 300.0, "datum_original": "PSAD56", "huso": 19, "epsg_origen": 24879, "tipo_publicacion": "pedimento", "fuente_pdf": "http://www.diariooficial.interior.gob.cl/publicaciones/2026/09/21/44554/07/2872423.pdf", "archivo": "gm_pedimento_2872423.pdf", "fecha": "21-09-2026", "edicion": "44554" }, "geometry": { "type": "Polygon", "coordinates": [ [ [ -70.114845984304523, -32.968744734649128 ], [ -70.082748891819136, -32.969027101982256 ], [ -70.082858945205288, -32.978045848332982 ], [ -70.11495929849832, -32.97776338417939 ], [ -70.114845984304523, -32.968744734649128 ] ] ] } },
{ "type": "Feature", "properties": { "cve": "2872424", "nombre": "JUNCALES 24", "solicitante": "Schreiber Mining Holdings Chile SpA", "region": "REGIÓN DE VALPARAÍSO", "provincia": "Provincia de Los Andes", "comuna": "Los Andes", "superficie_ha": 600.0, "datum_original": "PSAD56", "huso": 19, "epsg_origen": 24879, "tipo_publicacion": "pedimento", "fuente_pdf": "http://www.diariooficial.interior.gob.cl/publicaciones/2026/09/21/44554/07/2872424.pdf", "archivo": "gm_pedimento_2872424.pdf", "fecha": "21-09-2026", "edicion": "44554" }, "geometry": { "type": "Polygon", "coordinates": [ [ [ -70.08312327363501, -32.999690784628129 ], [ -70.061717570385355, -32.999874662978598 ], [ -70.062041844209318, -33.02693091332381 ], [ -70.083454082184488, -33.026746845877653 ], [ -70.08312327363501, -32.999690784628129 ] ] ] } },
{ "type": "Feature", "properties": { "cve": "2872425", "nombre": "JUNCALES 26", "solicitante": "Schreiber Mining Holdings Chile SpA", "region": "REGIÓN DE VALPARAÍSO", "provincia": "Provincia de Los Andes", "comuna": "Los Andes", "superficie_ha": 300.0, "datum_original": "PSAD56", "huso": 19, "epsg_origen": 24879, "tipo_publicacion": "pedimento", "fuente_pdf": "http://www.diariooficial.interior.gob.cl/publicaciones/2026/09/21/44554/07/2872425.pdf", "archivo": "gm_pedimento_2872425.pdf", "fecha": "21-09-2026", "edicion": "44554" }, "geometry": { "type": "Polygon", "coordinates": [ [ [ -70.061782390455534, -33.005285922739532 ], [ -70.029671516114533, -33.005554916208233 ], [ -70.029776321177437, -33.014573763891185 ], [ -70.061890462447948, -33.014304678239711 ], [ -70.061782390455534, -33.005285922739532 ] ] ] } },
{ "type": "Feature", "properties": { "cve": "2872426", "nombre": "JUNCALES 27", "solicitante": "Schreiber Mining Holdings Chile SpA", "region": "REGIÓN DE VALPARAÍSO", "provincia": "Provincia de Los Andes", "comuna": "Los Andes", "superficie_ha": 300.0, "datum_original": "PSAD56", "huso": 19, "epsg_origen": 24879, "tipo_publicacion": "pedimento", "fuente_pdf": "http://www.diariooficial.interior.gob.cl/publicaciones/2026/09/21/44554/07/2872426.pdf", "archivo": "gm_pedimento_2872426.pdf", "fecha": "21-09-2026", "edicion": "44554" }, "geometry": { "type": "Polygon", "coordinates": [ [ [ -70.066161462530246, -33.01336630238368 ], [ -70.034047705092178, -33.013636480095165 ], [ -70.034152987994432, -33.022655303549456 ], [ -70.066270013649103, -33.022385033261358 ], [ -70.066161462530246, -33.01336630238368 ] ] ] } },
{ "type": "Feature", "properties": { "cve": "2872780", "nombre": "NOVICIADO MINING", "solicitante": "Guiloff Dimitstein Andrés Enrique", "region": "REGIÓN METROPOLITANA DE SANTIAGO", "provincia": "Provincia de Santiago", "comuna": null, "superficie_ha": 100.0, "datum_original": "WGS84", "huso": 19, "epsg_origen": 32719, "tipo_publicacion": "pedimento", "fuente_pdf": "http://www.diariooficial.interior.gob.cl/publicaciones/2026/09/21/44554/07/2872780.pdf", "archivo": "gm_pedimento_2872780.pdf", "fecha": "21-09-2026", "edicion": "44554" }, "geometry": { "type": "Polygon", "coordinates": [ [ [ -70.872960132608284, -33.395251809871674 ], [ -70.862212828796416, -33.39541360578189 ], [ -70.862405203727931, -33.404428623841341 ], [ -70.873153616206451, -33.40426677284178 ], [ -70.872960132608284, -33.395251809871674 ] ] ] } },
{ "type": "Feature", "properties": { "cve": "2872919", "nombre": "LUNA 14", "solicitante": "Varela Echaurren Juan Francisco", "region": "REGIÓN DEL BIOBÍO", "provincia": "Provincia de Concepción", "comuna": null, "superficie_ha": 200.0, "datum_original": "PSAD56", "huso": 18, "epsg_origen": 24878, "tipo_publicacion": "pedimento", "fuente_pdf": "http://www.diariooficial.interior.gob.cl/publicaciones/2026/09/21/44554/07/2872919.pdf", "archivo": "gm_pedimento_2872919.pdf", "fecha": "21-09-2026", "edicion": "44554" }, "geometry": { "type": "Polygon", "coordinates": [ [ [ -72.679289365364284, -36.680718970053327 ], [ -72.668106284379149, -36.680500406031477 ], [ -72.667562030945035, -36.69851522118374 ], [ -72.678747716283283, -36.698733927804064 ], [ -72.679289365364284, -36.680718970053327 ] ] ] } },
{ "type": "Feature", "properties": { "cve": "2872920", "nombre": "LUNA 15", "solicitante": "Varela Echaurren Juan Francisco", "region": "REGIÓN DEL BIOBÍO", "provincia": "Provincia de Concepción", "comuna": null, "superficie_ha": 300.0, "datum_original": "PSAD56", "huso": 18, "epsg_origen": 24878, "tipo_publicacion": "pedimento", "fuente_pdf": "http://www.diariooficial.interior.gob.cl/publicaciones/2026/09/21/44554/07/2872920.pdf", "archivo": "gm_pedimento_2872920.pdf", "fecha": "21-09-2026", "edicion": "44554" }, "geometry": { "type": "Polygon", "coordinates": [ [ [ -72.678747716283283, -36.698733927804064 ], [ -72.667562030945035, -36.69851522118374 ], [ -72.666744743534792, -36.72553732770843 ], [ -72.677934339736595, -36.725756248349136 ], [ -72.678747716283283, -36.698733927804064 ] ] ] } },
{ "type": "Feature", "properties": { "cve": "2872921", "nombre": "LUNA 16", "solicitante": "Varela Echaurren Juan Francisco", "region": "REGIÓN DEL BIOBÍO", "provincia": "Provincia de Concepción", "comuna": null, "superficie_ha": 300.0, "datum_original": "PSAD56", "huso": 18, "epsg_origen": 24878, "tipo_publicacion": "pedimento", "fuente_pdf": "http://www.diariooficial.interior.gob.cl/publicaciones/2026/09/21/44554/07/2872921.pdf", "archivo": "gm_pedimento_2872921.pdf", "fecha": "21-09-2026", "edicion": "44554" }, "geometry": { "type": "Polygon", "coordinates": [ [ [ -72.677934339736595, -36.725756248349136 ], [ -72.666744743534792, -36.72553732770843 ], [ -72.665926366077883, -36.752559294735143 ], [ -72.67711987835024, -36.752778429543753 ], [ -72.677934339736595, -36.725756248349136 ] ] ] } },
{ "type": "Feature", "properties": { "cve": "2872922", "nombre": "LUNA 17", "solicitante": "Varela Echaurren Juan Francisco", "region": "REGIÓN DEL BIOBÍO", "provincia": "Provincia de Concepción", "comuna": null, "superficie_ha": 300.0, "datum_original": "PSAD56", "huso": 18, "epsg_origen": 24878, "tipo_publicacion": "pedimento", "fuente_pdf": "http://www.diariooficial.interior.gob.cl/publicaciones/2026/09/21/44554/07/2872922.pdf", "archivo": "gm_pedimento_2872922.pdf", "fecha": "21-09-2026", "edicion": "44554" }, "geometry": { "type": "Polygon", "coordinates": [ [ [ -72.67711987835024, -36.752778429543753 ], [ -72.665926366077883, -36.752559294735143 ], [ -72.665106897068668, -36.779581122203908 ], [ -72.676304330625726, -36.779800471328151 ], [ -72.67711987835024, -36.752778429543753 ] ] ] } },
{ "type": "Feature", "properties": { "cve": "2872923", "nombre": "LUNA 18", "solicitante": "Varela Echaurren Juan Francisco", "region": "REGIÓN DEL BIOBÍO", "provincia": "Provincia de Concepción", "comuna": null, "superficie_ha": 300.0, "datum_original": "PSAD56", "huso": 18, "epsg_origen": 24878, "tipo_publicacion": "pedimento", "fuente_pdf": "http://www.diariooficial.interior.gob.cl/publicaciones/2026/09/21/44554/07/2872923.pdf", "archivo": "gm_pedimento_2872923.pdf", "fecha": "21-09-2026", "edicion": "44554" }, "geometry": { "type": "Polygon", "coordinates": [ [ [ -72.668106284379149, -36.680500406031477 ], [ -72.63455776876323, -36.679838420187274 ], [ -72.634281797163865, -36.688845619585237 ], [ -72.667834218108965, -36.689507821353047 ], [ -72.668106284379149, -36.680500406031477 ] ] ] } },
{ "type": "Feature", "properties": { "cve": "2872924", "nombre": "LUNA 19", "solicitante": "Varela Echaurren Juan Francisco", "region": "REGIÓN DEL BIOBÍO", "provincia": "Provincia de Concepción", "comuna": null, "superficie_ha": 300.0, "datum_original": "PSAD56", "huso": 18, "epsg_origen": 24878, "tipo_publicacion": "pedimento", "fuente_pdf": "http://www.diariooficial.interior.gob.cl/publicaciones/2026/09/21/44554/07/2872924.pdf", "archivo": "gm_pedimento_2872924.pdf", "fecha": "21-09-2026", "edicion": "44554" }, "geometry": { "type": "Polygon", "coordinates": [ [ [ -72.667834218108965, -36.689507821353047 ], [ -72.634281797163865, -36.688845619585237 ], [ -72.634005702938495, -36.697852803442821 ], [ -72.667562030945035, -36.69851522118374 ], [ -72.667834218108965, -36.689507821353047 ] ] ] } },
{ "type": "Feature", "properties": { "cve": "2872925", "nombre": "LUNA 20", "solicitante": "Varela Echaurren Juan Francisco", "region": "REGIÓN DEL BIOBÍO", "provincia": "Provincia de Concepción", "comuna": null, "superficie_ha": 300.0, "datum_original": "PSAD56", "huso": 18, "epsg_origen": 24878, "tipo_publicacion": "pedimento", "fuente_pdf": "http://www.diariooficial.interior.gob.cl/publicaciones/2026/09/21/44554/07/2872925.pdf", "archivo": "gm_pedimento_2872925.pdf", "fecha": "21-09-2026", "edicion": "44554" }, "geometry": { "type": "Polygon", "coordinates": [ [ [ -72.667562030945035, -36.69851522118374 ], [ -72.634005702938495, -36.697852803442821 ], [ -72.633729486030731, -36.706859971757765 ], [ -72.667289722831768, -36.707522605521362 ], [ -72.667562030945035, -36.69851522118374 ] ] ] } },
{ "type": "Feature", "properties": { "cve": "2872926", "nombre": "LUNA 21", "solicitante": "Varela Echaurren Juan Francisco", "region": "REGIÓN DEL BIOBÍO", "provincia": "Provincia de Concepción", "comuna": null, "superficie_ha": 300.0, "datum_original": "PSAD56", "huso": 18, "epsg_origen": 24878, "tipo_publicacion": "pedimento", "fuente_pdf": "http://www.diariooficial.interior.gob.cl/publicaciones/2026/09/21/44554/07/2872926.pdf", "archivo": "gm_pedimento_2872926.pdf", "fecha": "21-09-2026", "edicion": "44554" }, "geometry": { "type": "Polygon", "coordinates": [ [ [ -72.667289722831768, -36.707522605521362 ], [ -72.633729486030731, -36.706859971757765 ], [ -72.633453146384213, -36.715867124527811 ], [ -72.66701729371357, -36.716529974363674 ], [ -72.667289722831768, -36.707522605521362 ] ] ] } },
{ "type": "Feature", "properties": { "cve": "2872927", "nombre": "LUNA 22", "solicitante": "Varela Echaurren Juan Francisco", "region": "REGIÓN DEL BIOBÍO", "provincia": "Provincia de Concepción", "comuna": null, "superficie_ha": 300.0, "datum_original": "PSAD56", "huso": 18, "epsg_origen": 24878, "tipo_publicacion": "pedimento", "fuente_pdf": "http://www.diariooficial.interior.gob.cl/publicaciones/2026/09/21/44554/07/2872927.pdf", "archivo": "gm_pedimento_2872927.pdf", "fecha": "21-09-2026", "edicion": "44554" }, "geometry": { "type": "Polygon", "coordinates": [ [ [ -72.66701729371357, -36.716529974363674 ], [ -72.633453146384213, -36.715867124527811 ], [ -72.633176683942452, -36.724874261750713 ], [ -72.666744743534792, -36.72553732770843 ], [ -72.66701729371357, -36.716529974363674 ] ] ] } },
{ "type": "Feature", "properties": { "cve": "2872928", "nombre": "LUNA 23", "solicitante": "Varela Echaurren Juan Francisco", "region": "REGIÓN DEL BIOBÍO", "provincia": "Provincia de Concepción", "comuna": null, "superficie_ha": 300.0, "datum_original": "PSAD56", "huso": 18, "epsg_origen": 24878, "tipo_publicacion": "pedimento", "fuente_pdf": "http://www.diariooficial.interior.gob.cl/publicaciones/2026/09/21/44554/07/2872928.pdf", "archivo": "gm_pedimento_2872928.pdf", "fecha": "21-09-2026", "edicion": "44554" }, "geometry": { "type": "Polygon", "coordinates": [ [ [ -72.666744743534792, -36.72553732770843 ], [ -72.633176683942452, -36.724874261750713 ], [ -72.632900098649031, -36.733881383424198 ], [ -72.666472072239756, -36.734544665553393 ], [ -72.666744743534792, -36.72553732770843 ] ] ] } },
{ "type": "Feature", "properties": { "cve": "2872929", "nombre": "LUNA 24", "solicitante": "Varela Echaurren Juan Francisco", "region": "REGIÓN DEL BIOBÍO", "provincia": "Provincia de Concepción", "comuna": null, "superficie_ha": 300.0, "datum_original": "PSAD56", "huso": 18, "epsg_origen": 24878, "tipo_publicacion": "pedimento", "fuente_pdf": "http://www.diariooficial.interior.gob.cl/publicaciones/2026/09/21/44554/07/2872929.pdf", "archivo": "gm_pedimento_2872929.pdf", "fecha": "21-09-2026", "edicion": "44554" }, "geometry": { "type": "Polygon", "coordinates": [ [ [ -72.666472072239756, -36.734544665553393 ], [ -72.632900098649031, -36.733881383424198 ], [ -72.63262339044735, -36.742888489546004 ], [ -72.666199279772698, -36.743551987896382 ], [ -72.666472072239756, -36.734544665553393 ] ] ] } },
{ "type": "Feature", "properties": { "cve": "2872930", "nombre": "LUNA 25", "solicitante": "Varela Echaurren Juan Francisco", "region": "REGIÓN DEL BIOBÍO", "provincia": "Provincia de Concepción", "comuna": null, "superficie_ha": 300.0, "datum_original": "PSAD56", "huso": 18, "epsg_origen": 24878, "tipo_publicacion": "pedimento", "fuente_pdf": "http://www.diariooficial.interior.gob.cl/publicaciones/2026/09/21/44554/07/2872930.pdf", "archivo": "gm_pedimento_2872930.pdf", "fecha": "21-09-2026", "edicion": "44554" }, "geometry": { "type": "Polygon", "coordinates": [ [ [ -72.666199279772698, -36.743551987896382 ], [ -72.63262339044735, -36.742888489546004 ], [ -72.632346559280904, -36.751895580113938 ], [ -72.665926366077883, -36.752559294735143 ], [ -72.666199279772698, -36.743551987896382 ] ] ] } },
{ "type": "Feature", "properties": { "cve": "2872931", "nombre": "LUNA 26", "solicitante": "Varela Echaurren Juan Francisco", "region": "REGIÓN DEL BIOBÍO", "provincia": "Provincia de Concepción", "comuna": null, "superficie_ha": 300.0, "datum_original": "PSAD56", "huso": 18, "epsg_origen": 24878, "tipo_publicacion": "pedimento", "fuente_pdf": "http://www.diariooficial.interior.gob.cl/publicaciones/2026/09/21/44554/07/2872931.pdf", "archivo": "gm_pedimento_2872931.pdf", "fecha": "21-09-2026", "edicion": "44554" }, "geometry": { "type": "Polygon", "coordinates": [ [ [ -72.665926366077883, -36.752559294735143 ], [ -72.632346559280904, -36.751895580113938 ], [ -72.632069605093051, -36.760902655125697 ], [ -72.66565333109952, -36.761566586067488 ], [ -72.665926366077883, -36.752559294735143 ] ] ] } },
{ "type": "Feature", "properties": { "cve": "2872932", "nombre": "LUNA 27", "solicitante": "Varela Echaurren Juan Francisco", "region": "REGIÓN DEL BIOBÍO", "provincia": "Provincia de Concepción", "comuna": null, "superficie_ha": 300.0, "datum_original": "PSAD56", "huso": 18, "epsg_origen": 24878, "tipo_publicacion": "pedimento", "fuente_pdf": "http://www.diariooficial.interior.gob.cl/publicaciones/2026/09/21/44554/07/2872932.pdf", "archivo": "gm_pedimento_2872932.pdf", "fecha": "21-09-2026", "edicion": "44554" }, "geometry": { "type": "Polygon", "coordinates": [ [ [ -72.66565333109952, -36.761566586067488 ], [ -72.632069605093051, -36.760902655125697 ], [ -72.631792527827201, -36.769909714579022 ], [ -72.665380174781745, -36.770573861891137 ], [ -72.66565333109952, -36.761566586067488 ] ] ] } },
{ "type": "Feature", "properties": { "cve": "2872933", "nombre": "LUNA 28", "solicitante": "Varela Echaurren Juan Francisco", "region": "REGIÓN DEL BIOBÍO", "provincia": "Provincia de Concepción", "comuna": null, "superficie_ha": 300.0, "datum_original": "PSAD56", "huso": 18, "epsg_origen": 24878, "tipo_publicacion": "pedimento", "fuente_pdf": "http://www.diariooficial.interior.gob.cl/publicaciones/2026/09/21/44554/07/2872933.pdf", "archivo": "gm_pedimento_2872933.pdf", "fecha": "21-09-2026", "edicion": "44554" }, "geometry": { "type": "Polygon", "coordinates": [ [ [ -72.665380174781745, -36.770573861891137 ], [ -72.631792527827201, -36.769909714579022 ], [ -72.631515327426641, -36.778916758471702 ], [ -72.665106897068668, -36.779581122203908 ], [ -72.665380174781745, -36.770573861891137 ] ] ] } },
{ "type": "Feature", "properties": { "cve": "2872934", "nombre": "LUNA 29", "solicitante": "Varela Echaurren Juan Francisco", "region": "REGIÓN DEL BIOBÍO", "provincia": "Provincia de Concepción", "comuna": null, "superficie_ha": 200.0, "datum_original": "PSAD56", "huso": 18, "epsg_origen": 24878, "tipo_publicacion": "pedimento", "fuente_pdf": "http://www.diariooficial.interior.gob.cl/publicaciones/2026/09/21/44554/07/2872934.pdf", "archivo": "gm_pedimento_2872934.pdf", "fecha": "21-09-2026", "edicion": "44554" }, "geometry": { "type": "Polygon", "coordinates": [ [ [ -72.634281797163865, -36.688845619585237 ], [ -72.611914128702693, -36.688398905575738 ], [ -72.611635430051052, -36.697405943742304 ], [ -72.634005702938495, -36.697852803442821 ], [ -72.634281797163865, -36.688845619585237 ] ] ] } },
{ "type": "Feature", "properties": { "cve": "2872935", "nombre": "LUNA 30", "solicitante": "Varela Echaurren Juan Francisco", "region": "REGIÓN DEL BIOBÍO", "provincia": "Provincia de Concepción", "comuna": null, "superficie_ha": 200.0, "datum_original": "PSAD56", "huso": 18, "epsg_origen": 24878, "tipo_publicacion": "pedimento", "fuente_pdf": "http://www.diariooficial.interior.gob.cl/publicaciones/2026/09/21/44554/07/2872935.pdf", "archivo": "gm_pedimento_2872935.pdf", "fecha": "21-09-2026", "edicion": "44554" }, "geometry": { "type": "Polygon", "coordinates": [ [ [ -72.634005702938495, -36.697852803442821 ], [ -72.611635430051052, -36.697405943742304 ], [ -72.611356607561888, -36.706412966332813 ], [ -72.633729486030731, -36.706859971757765 ], [ -72.634005702938495, -36.697852803442821 ] ] ] } },
{ "type": "Feature", "properties": { "cve": "2872936", "nombre": "LUNA 31", "solicitante": "Varela Echaurren Juan Francisco", "region": "REGIÓN DEL BIOBÍO", "provincia": "Provincia de Concepción", "comuna": null, "superficie_ha": 200.0, "datum_original": "PSAD56", "huso": 18, "epsg_origen": 24878, "tipo_publicacion": "pedimento", "fuente_pdf": "http://www.diariooficial.interior.gob.cl/publicaciones/2026/09/21/44554/07/2872936.pdf", "archivo": "gm_pedimento_2872936.pdf", "fecha": "21-09-2026", "edicion": "44554" }, "geometry": { "type": "Polygon", "coordinates": [ [ [ -72.633729486030731, -36.706859971757765 ], [ -72.611356607561888, -36.706412966332813 ], [ -72.611077661178243, -36.715419973344972 ], [ -72.633453146384213, -36.715867124527811 ], [ -72.633729486030731, -36.706859971757765 ] ] ] } },
{ "type": "Feature", "properties": { "cve": "2872937", "nombre": "LUNA 32", "solicitante": "Varela Echaurren Juan Francisco", "region": "REGIÓN DEL BIOBÍO", "provincia": "Provincia de Concepción", "comuna": null, "superficie_ha": 200.0, "datum_original": "PSAD56", "huso": 18, "epsg_origen": 24878, "tipo_publicacion": "pedimento", "fuente_pdf": "http://www.diariooficial.interior.gob.cl/publicaciones/2026/09/21/44554/07/2872937.pdf", "archivo": "gm_pedimento_2872937.pdf", "fecha": "21-09-2026", "edicion": "44554" }, "geometry": { "type": "Polygon", "coordinates": [ [ [ -72.633453146384213, -36.715867124527811 ], [ -72.611077661178243, -36.715419973344972 ], [ -72.610798590843146, -36.724426964776526 ], [ -72.633176683942452, -36.724874261750713 ], [ -72.633453146384213, -36.715867124527811 ] ] ] } },
{ "type": "Feature", "properties": { "cve": "2872938", "nombre": "LUNA 33", "solicitante": "Varela Echaurren Juan Francisco", "region": "REGIÓN DEL BIOBÍO", "provincia": "Provincia de Concepción", "comuna": null, "superficie_ha": 200.0, "datum_original": "PSAD56", "huso": 18, "epsg_origen": 24878, "tipo_publicacion": "pedimento", "fuente_pdf": "http://www.diariooficial.interior.gob.cl/publicaciones/2026/09/21/44554/07/2872938.pdf", "archivo": "gm_pedimento_2872938.pdf", "fecha": "21-09-2026", "edicion": "44554" }, "geometry": { "type": "Polygon", "coordinates": [ [ [ -72.633176683942452, -36.724874261750713 ], [ -72.610798590843146, -36.724426964776526 ], [ -72.610519396499598, -36.733433940625183 ], [ -72.632900098649031, -36.733881383424198 ], [ -72.633176683942452, -36.724874261750713 ] ] ] } },
{ "type": "Feature", "properties": { "cve": "2872939", "nombre": "LUNA 34", "solicitante": "Varela Echaurren Juan Francisco", "region": "REGIÓN DEL BIOBÍO", "provincia": "Provincia de Concepción", "comuna": null, "superficie_ha": 200.0, "datum_original": "PSAD56", "huso": 18, "epsg_origen": 24878, "tipo_publicacion": "pedimento", "fuente_pdf": "http://www.diariooficial.interior.gob.cl/publicaciones/2026/09/21/44554/07/2872939.pdf", "archivo": "gm_pedimento_2872939.pdf", "fecha": "21-09-2026", "edicion": "44554" }, "geometry": { "type": "Polygon", "coordinates": [ [ [ -72.632900098649031, -36.733881383424198 ], [ -72.610519396499598, -36.733433940625183 ], [ -72.610240078090555, -36.742440900888688 ], [ -72.63262339044735, -36.742888489546004 ], [ -72.632900098649031, -36.733881383424198 ] ] ] } },
{ "type": "Feature", "properties": { "cve": "2872940", "nombre": "LUNA 35", "solicitante": "Varela Echaurren Juan Francisco", "region": "REGIÓN DEL BIOBÍO", "provincia": "Provincia de Concepción", "comuna": null, "superficie_ha": 200.0, "datum_original": "PSAD56", "huso": 18, "epsg_origen": 24878, "tipo_publicacion": "pedimento", "fuente_pdf": "http://www.diariooficial.interior.gob.cl/publicaciones/2026/09/21/44554/07/2872940.pdf", "archivo": "gm_pedimento_2872940.pdf", "fecha": "21-09-2026", "edicion": "44554" }, "geometry": { "type": "Polygon", "coordinates": [ [ [ -72.63262339044735, -36.742888489546004 ], [ -72.610240078090555, -36.742440900888688 ], [ -72.609960635558906, -36.751447845564755 ], [ -72.632346559280904, -36.751895580113938 ], [ -72.63262339044735, -36.742888489546004 ] ] ] } },
{ "type": "Feature", "properties": { "cve": "2872941", "nombre": "LUNA 36", "solicitante": "Varela Echaurren Juan Francisco", "region": "REGIÓN DEL BIOBÍO", "provincia": "Provincia de Concepción", "comuna": null, "superficie_ha": 200.0, "datum_original": "PSAD56", "huso": 18, "epsg_origen": 24878, "tipo_publicacion": "pedimento", "fuente_pdf": "http://www.diariooficial.interior.gob.cl/publicaciones/2026/09/21/44554/07/2872941.pdf", "archivo": "gm_pedimento_2872941.pdf", "fecha": "21-09-2026", "edicion": "44554" }, "geometry": { "type": "Polygon", "coordinates": [ [ [ -72.632346559280904, -36.751895580113938 ], [ -72.609960635558906, -36.751447845564755 ], [ -72.609681068847507, -36.760454774651123 ], [ -72.632069605093051, -36.760902655125697 ], [ -72.632346559280904, -36.751895580113938 ] ] ] } },
{ "type": "Feature", "properties": { "cve": "2872942", "nombre": "LUNA 37", "solicitante": "Varela Echaurren Juan Francisco", "region": "REGIÓN DEL BIOBÍO", "provincia": "Provincia de Concepción", "comuna": null, "superficie_ha": 200.0, "datum_original": "PSAD56", "huso": 18, "epsg_origen": 24878, "tipo_publicacion": "pedimento", "fuente_pdf": "http://www.diariooficial.interior.gob.cl/publicaciones/2026/09/21/44554/07/2872942.pdf", "archivo": "gm_pedimento_2872942.pdf", "fecha": "21-09-2026", "edicion": "44554" }, "geometry": { "type": "Polygon", "coordinates": [ [ [ -72.632069605093051, -36.760902655125697 ], [ -72.609681068847507, -36.760454774651123 ], [ -72.609401377899218, -36.76946168814554 ], [ -72.631792527827201, -36.769909714579022 ], [ -72.632069605093051, -36.760902655125697 ] ] ] } },
{ "type": "Feature", "properties": { "cve": "2872943", "nombre": "LUNA 38", "solicitante": "Varela Echaurren Juan Francisco", "region": "REGIÓN DEL BIOBÍO", "provincia": "Provincia de Concepción", "comuna": null, "superficie_ha": 200.0, "datum_original": "PSAD56", "huso": 18, "epsg_origen": 24878, "tipo_publicacion": "pedimento", "fuente_pdf": "http://www.diariooficial.interior.gob.cl/publicaciones/2026/09/21/44554/07/2872943.pdf", "archivo": "gm_pedimento_2872943.pdf", "fecha": "21-09-2026", "edicion": "44554" }, "geometry": { "type": "Polygon", "coordinates": [ [ [ -72.631792527827201, -36.769909714579022 ], [ -72.609401377899218, -36.76946168814554 ], [ -72.60912156265681, -36.778468586045712 ], [ -72.631515327426641, -36.778916758471702 ], [ -72.631792527827201, -36.769909714579022 ] ] ] } },
{ "type": "Feature", "properties": { "cve": "2872944", "nombre": "LUNA 51", "solicitante": "Varela Echaurren Juan Francisco", "region": "REGIÓN DEL BIOBÍO", "provincia": "Provincia de Concepción", "comuna": null, "superficie_ha": 300.0, "datum_original": "PSAD56", "huso": 18, "epsg_origen": 24878, "tipo_publicacion": "pedimento", "fuente_pdf": "http://www.diariooficial.interior.gob.cl/publicaciones/2026/09/21/44554/07/2872944.pdf", "archivo": "gm_pedimento_2872944.pdf", "fecha": "21-09-2026", "edicion": "44554" }, "geometry": { "type": "Polygon", "coordinates": [ [ [ -72.640971447908143, -36.835883741327002 ], [ -72.607355864840599, -36.835211684083063 ], [ -72.607075140514084, -36.844218468076626 ], [ -72.640694658649778, -36.84489074416328 ], [ -72.640971447908143, -36.835883741327002 ] ] ] } },
{ "type": "Feature", "properties": { "cve": "2872945", "nombre": "LUNA 52", "solicitante": "Varela Echaurren Juan Francisco", "region": "REGIÓN DEL BIOBÍO", "provincia": "Provincia de Concepción", "comuna": null, "superficie_ha": 300.0, "datum_original": "PSAD56", "huso": 18, "epsg_origen": 24878, "tipo_publicacion": "pedimento", "fuente_pdf": "http://www.diariooficial.interior.gob.cl/publicaciones/2026/09/21/44554/07/2872945.pdf", "archivo": "gm_pedimento_2872945.pdf", "fecha": "21-09-2026", "edicion": "44554" }, "geometry": { "type": "Polygon", "coordinates": [ [ [ -72.640694658649778, -36.84489074416328 ], [ -72.607075140514084, -36.844218468076626 ], [ -72.606794291416989, -36.853225236457163 ], [ -72.64041774636668, -36.853897731437009 ], [ -72.640694658649778, -36.84489074416328 ] ] ] } },
{ "type": "Feature", "properties": { "cve": "2872946", "nombre": "LUNA 53", "solicitante": "Varela Echaurren Juan Francisco", "region": "REGIÓN DEL BIOBÍO", "provincia": "Provincia de Concepción", "comuna": null, "superficie_ha": 300.0, "datum_original": "PSAD56", "huso": 18, "epsg_origen": 24878, "tipo_publicacion": "pedimento", "fuente_pdf": "http://www.diariooficial.interior.gob.cl/publicaciones/2026/09/21/44554/07/2872946.pdf", "archivo": "gm_pedimento_2872946.pdf", "fecha": "21-09-2026", "edicion": "44554" }, "geometry": { "type": "Polygon", "coordinates": [ [ [ -72.64041774636668, -36.853897731437009 ], [ -72.606794291416989, -36.853225236457163 ], [ -72.606513317491803, -36.862231989222394 ], [ -72.640140711002061, -36.862904703145929 ], [ -72.64041774636668, -36.853897731437009 ] ] ] } },
{ "type": "Feature", "properties": { "cve": "2872947", "nombre": "LUNA 54", "solicitante": "Varela Echaurren Juan Francisco", "region": "REGIÓN DEL BIOBÍO", "provincia": "Provincia de Concepción", "comuna": null, "superficie_ha": 300.0, "datum_original": "PSAD56", "huso": 18, "epsg_origen": 24878, "tipo_publicacion": "pedimento", "fuente_pdf": "http://www.diariooficial.interior.gob.cl/publicaciones/2026/09/21/44554/07/2872947.pdf", "archivo": "gm_pedimento_2872947.pdf", "fecha": "21-09-2026", "edicion": "44554" }, "geometry": { "type": "Polygon", "coordinates": [ [ [ -72.607355864840599, -36.835211684083063 ], [ -72.573741404191921, -36.834530134285252 ], [ -72.573456745315184, -36.843536696348927 ], [ -72.607075140514084, -36.844218468076626 ], [ -72.607355864840599, -36.835211684083063 ] ] ] } },
{ "type": "Feature", "properties": { "cve": "2872948", "nombre": "LUNA 55", "solicitante": "Varela Echaurren Juan Francisco", "region": "REGIÓN DEL BIOBÍO", "provincia": "Provincia de Concepción", "comuna": null, "superficie_ha": 300.0, "datum_original": "PSAD56", "huso": 18, "epsg_origen": 24878, "tipo_publicacion": "pedimento", "fuente_pdf": "http://www.diariooficial.interior.gob.cl/publicaciones/2026/09/21/44554/07/2872948.pdf", "archivo": "gm_pedimento_2872948.pdf", "fecha": "21-09-2026", "edicion": "44554" }, "geometry": { "type": "Polygon", "coordinates": [ [ [ -72.607075140514084, -36.844218468076626 ], [ -72.573456745315184, -36.843536696348927 ], [ -72.573171959922448, -36.852543242748382 ], [ -72.606794291416989, -36.853225236457163 ], [ -72.607075140514084, -36.844218468076626 ] ] ] } },
{ "type": "Feature", "properties": { "cve": "2872949", "nombre": "LUNA 56", "solicitante": "Varela Echaurren Juan Francisco", "region": "REGIÓN DEL BIOBÍO", "provincia": "Provincia de Concepción", "comuna": null, "superficie_ha": 300.0, "datum_original": "PSAD56", "huso": 18, "epsg_origen": 24878, "tipo_publicacion": "pedimento", "fuente_pdf": "http://www.diariooficial.interior.gob.cl/publicaciones/2026/09/21/44554/07/2872949.pdf", "archivo": "gm_pedimento_2872949.pdf", "fecha": "21-09-2026", "edicion": "44554" }, "geometry": { "type": "Polygon", "coordinates": [ [ [ -72.606794291416989, -36.853225236457163 ], [ -72.573171959922448, -36.852543242748382 ], [ -72.572887047955348, -36.861549773481286 ], [ -72.606513317491803, -36.862231989222394 ], [ -72.606794291416989, -36.853225236457163 ] ] ] } },
{ "type": "Feature", "properties": { "cve": "2872950", "nombre": "LUNA 57", "solicitante": "Varela Echaurren Juan Francisco", "region": "REGIÓN DEL BIOBÍO", "provincia": "Provincia de Concepción", "comuna": null, "superficie_ha": 300.0, "datum_original": "PSAD56", "huso": 18, "epsg_origen": 24878, "tipo_publicacion": "pedimento", "fuente_pdf": "http://www.diariooficial.interior.gob.cl/publicaciones/2026/09/21/44554/07/2872950.pdf", "archivo": "gm_pedimento_2872950.pdf", "fecha": "21-09-2026", "edicion": "44554" }, "geometry": { "type": "Polygon", "coordinates": [ [ [ -72.606513317491803, -36.862231989222394 ], [ -72.572887047955348, -36.861549773481286 ], [ -72.572602009355393, -36.87055628854538 ], [ -72.60623221868083, -36.871238726370059 ], [ -72.606513317491803, -36.862231989222394 ] ] ] } },
{ "type": "Feature", "properties": { "cve": "2872952", "nombre": "LUNA 58", "solicitante": "Varela Echaurren Juan Francisco", "region": "REGIÓN DEL BIOBÍO", "provincia": "Provincia de Concepción", "comuna": null, "superficie_ha": 200.0, "datum_original": "PSAD56", "huso": 18, "epsg_origen": 24878, "tipo_publicacion": "pedimento", "fuente_pdf": "http://www.diariooficial.interior.gob.cl/publicaciones/2026/09/21/44554/07/2872952.pdf", "archivo": "gm_pedimento_2872952.pdf", "fecha": "21-09-2026", "edicion": "44554" }, "geometry": { "type": "Polygon", "coordinates": [ [ [ -72.595022023185152, -36.871012303146664 ], [ -72.572602009355393, -36.87055628854538 ], [ -72.572316844064176, -36.879562787938411 ], [ -72.594739485527072, -36.880018950972875 ], [ -72.595022023185152, -36.871012303146664 ] ] ] } },
{ "type": "Feature", "properties": { "cve": "2872953", "nombre": "LUNA 59", "solicitante": "Varela Echaurren Juan Francisco", "region": "REGIÓN DEL BIOBÍO", "provincia": "Provincia de Concepción", "comuna": null, "superficie_ha": 300.0, "datum_original": "PSAD56", "huso": 18, "epsg_origen": 24878, "tipo_publicacion": "pedimento", "fuente_pdf": "http://www.diariooficial.interior.gob.cl/publicaciones/2026/09/21/44554/07/2872953.pdf", "archivo": "gm_pedimento_2872953.pdf", "fecha": "21-09-2026", "edicion": "44554" }, "geometry": { "type": "Polygon", "coordinates": [ [ [ -72.573741404191921, -36.834530134285252 ], [ -72.562536836116109, -36.834300841735605 ], [ -72.561678543932871, -36.861320256892199 ], [ -72.572887047955348, -36.861549773481286 ], [ -72.573741404191921, -36.834530134285252 ] ] ] } }
]
}
