{
"type": "FeatureCollection",
"name": "boletin_mineria_20260630",
"crs": { "type": "name", "properties": { "name": "urn:ogc:def:crs:OGC:1.3:CRS84" } },
"features": [
{ "type": "Feature", "properties": { "cve": "2830781", "nombre": "HUANTAJAYA DOS 1 AL 100", "solicitante": "Fernández Riesco Pedro Pablo", "region": "REGIÓN DE TARAPACÁ", "provincia": "Provincia de Iquique", "comuna": null, "superficie_ha": 300.0, "datum_original": "WGS84", "huso": 19, "epsg_origen": 32719, "tipo_publicacion": "manifestacion", "fuente_pdf": "http://www.diariooficial.interior.gob.cl/publicaciones/2026/06/30/44487/07/2830781.pdf", "archivo": "gm_manifestacion_2830781.pdf", "fecha": "30-06-2026", "edicion": "44487" }, "geometry": { "type": "Polygon", "coordinates": [ [ [ -70.072164031270788, -20.223261400150374 ], [ -70.053020691564072, -20.223377257156379 ], [ -70.053111955053581, -20.236929635088352 ], [ -70.072256953112714, -20.236813693829642 ], [ -70.072164031270788, -20.223261400150374 ] ] ] } },
{ "type": "Feature", "properties": { "cve": "2830782", "nombre": "HUANTAJAYA TRES 1 AL 100", "solicitante": "Fernández Riesco Pedro Pablo", "region": "REGIÓN DE TARAPACÁ", "provincia": "Provincia de Iquique", "comuna": null, "superficie_ha": 300.0, "datum_original": "WGS84", "huso": 19, "epsg_origen": 32719, "tipo_publicacion": "manifestacion", "fuente_pdf": "http://www.diariooficial.interior.gob.cl/publicaciones/2026/06/30/44487/07/2830782.pdf", "archivo": "gm_manifestacion_2830782.pdf", "fecha": "30-06-2026", "edicion": "44487" }, "geometry": { "type": "Polygon", "coordinates": [ [ [ -70.072256953112714, -20.236813693829642 ], [ -70.053111955053581, -20.236929635088352 ], [ -70.053203292950855, -20.25048199171469 ], [ -70.072349950714269, -20.250365966189158 ], [ -70.072256953112714, -20.236813693829642 ] ] ] } },
{ "type": "Feature", "properties": { "cve": "2830783", "nombre": "HUANTAJAYA UNO 1 AL 72", "solicitante": "Fernández Riesco Pedro Pablo", "region": "REGIÓN DE TARAPACÁ", "provincia": "Provincia de Iquique", "comuna": null, "superficie_ha": 288.0, "datum_original": "WGS84", "huso": 19, "epsg_origen": 32719, "tipo_publicacion": "manifestacion", "fuente_pdf": "http://www.diariooficial.interior.gob.cl/publicaciones/2026/06/30/44487/07/2830783.pdf", "archivo": "gm_manifestacion_2830783.pdf", "fecha": "30-06-2026", "edicion": "44487" }, "geometry": { "type": "Polygon", "coordinates": [ [ [ -70.06823361198434, -20.208377172137933 ], [ -70.052920387631559, -20.208469616837412 ], [ -70.053029814565519, -20.224732495907986 ], [ -70.068344629644415, -20.224639970485082 ], [ -70.06823361198434, -20.208377172137933 ] ] ] } },
{ "type": "Feature", "properties": { "cve": "2830773", "nombre": "NORMENEZ DEL 1 AL 30", "solicitante": "Giménez Velásquez Humberto Javier", "region": "REGIÓN DE TARAPACÁ", "provincia": "Provincia del Tamarugal", "comuna": null, "superficie_ha": 300.0, "datum_original": "WGS84", "huso": 19, "epsg_origen": 32719, "tipo_publicacion": "manifestacion", "fuente_pdf": "http://www.diariooficial.interior.gob.cl/publicaciones/2026/06/30/44487/07/2830773.pdf", "archivo": "gm_manifestacion_2830773.pdf", "fecha": "30-06-2026", "edicion": "44487" }, "geometry": { "type": "Polygon", "coordinates": [ [ [ -69.62120088518482, -19.955705920438071 ], [ -69.592531249379149, -19.9558039199955 ], [ -69.592564990209397, -19.964840163021396 ], [ -69.621236258315804, -19.964742115415884 ], [ -69.62120088518482, -19.955705920438071 ] ] ] } },
{ "type": "Feature", "properties": { "cve": "2830702", "nombre": "PUELMA 10C, 1 AL 60", "solicitante": "SCM Cerro Elqui", "region": "REGIÓN DE ANTOFAGASTA", "provincia": "Provincia de Antofagasta", "comuna": null, "superficie_ha": 300.0, "datum_original": "PSAD56", "huso": 19, "epsg_origen": 24879, "tipo_publicacion": "manifestacion", "fuente_pdf": "http://www.diariooficial.interior.gob.cl/publicaciones/2026/06/30/44487/07/2830702.pdf", "archivo": "gm_manifestacion_2830702.pdf", "fecha": "30-06-2026", "edicion": "44487" }, "geometry": { "type": "Polygon", "coordinates": [ [ [ -68.84537121559535, -23.265086416467426 ], [ -68.816040403059603, -23.265054794316931 ], [ -68.816028002859937, -23.274087820130433 ], [ -68.845360792482339, -23.274119455973612 ], [ -68.84537121559535, -23.265086416467426 ] ] ] } },
{ "type": "Feature", "properties": { "cve": "2830703", "nombre": "PUELMA 11B, 1 AL 60", "solicitante": "SCM Cerro Elqui", "region": "REGIÓN DE ANTOFAGASTA", "provincia": "Provincia de Antofagasta", "comuna": null, "superficie_ha": 300.0, "datum_original": "PSAD56", "huso": 19, "epsg_origen": 24879, "tipo_publicacion": "manifestacion", "fuente_pdf": "http://www.diariooficial.interior.gob.cl/publicaciones/2026/06/30/44487/07/2830703.pdf", "archivo": "gm_manifestacion_2830703.pdf", "fecha": "30-06-2026", "edicion": "44487" }, "geometry": { "type": "Polygon", "coordinates": [ [ [ -68.845381633482148, -23.256053366476287 ], [ -68.816052797041749, -23.256021758016669 ], [ -68.816040403059603, -23.265054794316931 ], [ -68.84537121559535, -23.265086416467426 ], [ -68.845381633482148, -23.256053366476287 ] ] ] } },
{ "type": "Feature", "properties": { "cve": "2830701", "nombre": "PUELMA 7B, 1 AL 20", "solicitante": "SCM Cerro Elqui", "region": "REGIÓN DE ANTOFAGASTA", "provincia": "Provincia de Antofagasta", "comuna": null, "superficie_ha": 200.0, "datum_original": "PSAD56", "huso": 19, "epsg_origen": 24879, "tipo_publicacion": "manifestacion", "fuente_pdf": "http://www.diariooficial.interior.gob.cl/publicaciones/2026/06/30/44487/07/2830701.pdf", "archivo": "gm_manifestacion_2830701.pdf", "fecha": "30-06-2026", "edicion": "44487" }, "geometry": { "type": "Polygon", "coordinates": [ [ [ -68.830688683256469, -23.278620835718723 ], [ -68.82091075987077, -23.278609983590595 ], [ -68.82088659427761, -23.296675998146188 ], [ -68.830665837041792, -23.296686859668807 ], [ -68.830688683256469, -23.278620835718723 ] ] ] } },
{ "type": "Feature", "properties": { "cve": "2830704", "nombre": "PUELMA 926, 1 AL 60", "solicitante": "SCM Cerro Elqui", "region": "REGIÓN DE ANTOFAGASTA", "provincia": "Provincia de Antofagasta", "comuna": null, "superficie_ha": 300.0, "datum_original": "PSAD56", "huso": 19, "epsg_origen": 24879, "tipo_publicacion": "manifestacion", "fuente_pdf": "http://www.diariooficial.interior.gob.cl/publicaciones/2026/06/30/44487/07/2830704.pdf", "archivo": "gm_manifestacion_2830704.pdf", "fecha": "30-06-2026", "edicion": "44487" }, "geometry": { "type": "Polygon", "coordinates": [ [ [ -68.86094747123515, -22.370777279805719 ], [ -68.831807506588135, -22.370749627165839 ], [ -68.831796653255083, -22.379783683043954 ], [ -68.860938498265426, -22.379811348033023 ], [ -68.86094747123515, -22.370777279805719 ] ] ] } },
{ "type": "Feature", "properties": { "cve": "2830390", "nombre": "Dragon Rojo del 1-9", "solicitante": "Zlog SpA", "region": "REGIÓN DE ATACAMA", "provincia": "Provincia de Copiapó", "comuna": "Copiapó", "superficie_ha": 81.0, "datum_original": "PSAD56", "huso": 19, "epsg_origen": 24879, "tipo_publicacion": "manifestacion", "fuente_pdf": "http://www.diariooficial.interior.gob.cl/publicaciones/2026/06/30/44487/07/2830390.pdf", "archivo": "gm_manifestacion_2830390.pdf", "fecha": "30-06-2026", "edicion": "44487" }, "geometry": { "type": "Polygon", "coordinates": [ [ [ -70.519263867034127, -27.453873583364114 ], [ -70.510159011362887, -27.453972591557108 ], [ -70.51026968568334, -27.462094965336572 ], [ -70.519375207994059, -27.461995922985881 ], [ -70.519263867034127, -27.453873583364114 ] ] ] } },
{ "type": "Feature", "properties": { "cve": "2830391", "nombre": "PILAR 1 DEL 1-14", "solicitante": "Zlog SpA", "region": "REGIÓN DE ATACAMA", "provincia": "Provincia de Copiapó", "comuna": "Copiapó", "superficie_ha": 112.0, "datum_original": "PSAD56", "huso": 19, "epsg_origen": 24879, "tipo_publicacion": "manifestacion", "fuente_pdf": "http://www.diariooficial.interior.gob.cl/publicaciones/2026/06/30/44487/07/2830391.pdf", "archivo": "gm_manifestacion_2830391.pdf", "fecha": "30-06-2026", "edicion": "44487" }, "geometry": { "type": "Polygon", "coordinates": [ [ [ -70.514954470903163, -27.46430062634083 ], [ -70.506860490731896, -27.464388443261367 ], [ -70.507032371112132, -27.47702324280122 ], [ -70.515127273666479, -27.476935378762711 ], [ -70.514954470903163, -27.46430062634083 ] ] ] } },
{ "type": "Feature", "properties": { "cve": "2830646", "nombre": "QUEBRADAS, 1 AL 40", "solicitante": "Viteri Aldunate Walter Enrique", "region": "REGIÓN DE ATACAMA", "provincia": "Provincia de Copiapó", "comuna": "Tierra Amarilla", "superficie_ha": 200.0, "datum_original": "PSAD56", "huso": 19, "epsg_origen": 24879, "tipo_publicacion": "manifestacion", "fuente_pdf": "http://www.diariooficial.interior.gob.cl/publicaciones/2026/06/30/44487/07/2830646.pdf", "archivo": "gm_manifestacion_2830646.pdf", "fecha": "30-06-2026", "edicion": "44487" }, "geometry": { "type": "Polygon", "coordinates": [ [ [ -69.423793647147832, -27.959382632587975 ], [ -69.413627119892183, -27.959413558589613 ], [ -69.4136959652039, -27.977467761089517 ], [ -69.423864184484202, -27.977436811659437 ], [ -69.423793647147832, -27.959382632587975 ] ] ] } },
{ "type": "Feature", "properties": { "cve": "2830446", "nombre": "REFUGIO IV 30, 1 AL 39", "solicitante": "Minera Frontera del Oro SpA", "region": "REGIÓN DE ATACAMA", "provincia": "Provincia de Copiapó", "comuna": null, "superficie_ha": 195.0, "datum_original": "PSAD56", "huso": 19, "epsg_origen": 24879, "tipo_publicacion": "manifestacion", "fuente_pdf": "http://www.diariooficial.interior.gob.cl/publicaciones/2026/06/30/44487/07/2830446.pdf", "archivo": "gm_manifestacion_2830446.pdf", "fecha": "30-06-2026", "edicion": "44487" }, "geometry": { "type": "Polygon", "coordinates": [ [ [ -69.6444387740856, -28.389553558827473 ], [ -69.629128398208948, -28.389625098902091 ], [ -69.629197687880236, -28.401359189181939 ], [ -69.644509749698997, -28.401287614238878 ], [ -69.6444387740856, -28.389553558827473 ] ] ] } },
{ "type": "Feature", "properties": { "cve": "2830447", "nombre": "REFUGIO IV 31, 1 AL 39", "solicitante": "MInera Frontera del Oro SpA", "region": "REGIÓN DE ATACAMA", "provincia": "Provincia de Copiapó", "comuna": null, "superficie_ha": 390.0, "datum_original": "PSAD56", "huso": 19, "epsg_origen": 24879, "tipo_publicacion": "manifestacion", "fuente_pdf": "http://www.diariooficial.interior.gob.cl/publicaciones/2026/06/30/44487/07/2830447.pdf", "archivo": "gm_manifestacion_2830447.pdf", "fecha": "30-06-2026", "edicion": "44487" }, "geometry": { "type": "Polygon", "coordinates": [ [ [ -69.622493884756508, -28.389655565497947 ], [ -69.591872922104585, -28.389791995570086 ], [ -69.591938109209849, -28.401526167195179 ], [ -69.622562443844771, -28.401389670627168 ], [ -69.622493884756508, -28.389655565497947 ] ] ] } },
{ "type": "Feature", "properties": { "cve": "2830448", "nombre": "REFUGIO IV 32, 1 AL 20", "solicitante": "Minera Frontera del Oro SpA", "region": "REGIÓN DE ATACAMA", "provincia": "Provincia de Copiapó", "comuna": null, "superficie_ha": 100.0, "datum_original": "PSAD56", "huso": 19, "epsg_origen": 24879, "tipo_publicacion": "manifestacion", "fuente_pdf": "http://www.diariooficial.interior.gob.cl/publicaciones/2026/06/30/44487/07/2830448.pdf", "archivo": "gm_manifestacion_2830448.pdf", "fecha": "30-06-2026", "edicion": "44487" }, "geometry": { "type": "Polygon", "coordinates": [ [ [ -69.64009249642686, -28.430644342404744 ], [ -69.629881637371042, -28.430691964035578 ], [ -69.62993508860562, -28.439718132956166 ], [ -69.640146814003401, -28.439670493488418 ], [ -69.64009249642686, -28.430644342404744 ] ] ] } },
{ "type": "Feature", "properties": { "cve": "2830614", "nombre": "SOLEDA 1", "solicitante": "Godoy Godoy Félix Arturo", "region": "REGIÓN DE ATACAMA", "provincia": "Provincia de Copiapó", "comuna": null, "superficie_ha": 1.0, "datum_original": "WGS84", "huso": 19, "epsg_origen": 32719, "tipo_publicacion": "manifestacion", "fuente_pdf": "http://www.diariooficial.interior.gob.cl/publicaciones/2026/06/30/44487/07/2830614.pdf", "archivo": "gm_manifestacion_2830614.pdf", "fecha": "30-06-2026", "edicion": "44487" }, "geometry": { "type": "Polygon", "coordinates": [ [ [ -69.885452807863246, -27.131505035932527 ], [ -69.884443842045016, -27.131511394918906 ], [ -69.884450945455185, -27.132414129500198 ], [ -69.885459919374355, -27.132407770268046 ], [ -69.885452807863246, -27.131505035932527 ] ] ] } },
{ "type": "Feature", "properties": { "cve": "2830618", "nombre": "VALERIA 1 AL 10", "solicitante": "Pardo Balbontín Dagoberto", "region": "REGIÓN DE ATACAMA", "provincia": "Provincia de Copiapó", "comuna": null, "superficie_ha": 80.0, "datum_original": "PSAD56", "huso": 19, "epsg_origen": 24879, "tipo_publicacion": "manifestacion", "fuente_pdf": "http://www.diariooficial.interior.gob.cl/publicaciones/2026/06/30/44487/07/2830618.pdf", "archivo": "gm_manifestacion_2830618.pdf", "fecha": "30-06-2026", "edicion": "44487" }, "geometry": { "type": "Polygon", "coordinates": [ [ [ -70.458001044435733, -26.906610386208275 ], [ -70.447933484953595, -26.906713975054316 ], [ -70.448025618245381, -26.913934634646125 ], [ -70.458093817783976, -26.9138310135877 ], [ -70.458001044435733, -26.906610386208275 ] ] ] } },
{ "type": "Feature", "properties": { "cve": "2830647", "nombre": "VOLCANES, 1 AL 40", "solicitante": "Viteri Aldunate Walter Enrique", "region": "REGIÓN DE ATACAMA", "provincia": "Provincia de Copiapó", "comuna": "Tierra Amarilla", "superficie_ha": 200.0, "datum_original": "PSAD56", "huso": 19, "epsg_origen": 24879, "tipo_publicacion": "manifestacion", "fuente_pdf": "http://www.diariooficial.interior.gob.cl/publicaciones/2026/06/30/44487/07/2830647.pdf", "archivo": "gm_manifestacion_2830647.pdf", "fecha": "30-06-2026", "edicion": "44487" }, "geometry": { "type": "Polygon", "coordinates": [ [ [ -69.433906029958294, -27.94581030797103 ], [ -69.413575527748279, -27.945872875268929 ], [ -69.4136099185273, -27.954900000477025 ], [ -69.433942111189381, -27.954837409473964 ], [ -69.433906029958294, -27.94581030797103 ] ] ] } },
{ "type": "Feature", "properties": { "cve": "2829249", "nombre": "J M 1 AL 100", "solicitante": "Miranda Trujillo Robinson Alejandro", "region": "REGIÓN DE COQUIMBO", "provincia": "Provincia de Elqui", "comuna": null, "superficie_ha": 100.0, "datum_original": "PSAD56", "huso": 19, "epsg_origen": 24879, "tipo_publicacion": "manifestacion", "fuente_pdf": "http://www.diariooficial.interior.gob.cl/publicaciones/2026/06/30/44487/07/2829249.pdf", "archivo": "gm_manifestacion_2829249.pdf", "fecha": "30-06-2026", "edicion": "44487" }, "geometry": { "type": "Polygon", "coordinates": [ [ [ -71.137037041221092, -30.025414417400679 ], [ -71.126673304994384, -30.025582381409968 ], [ -71.126865903158944, -30.034600688210766 ], [ -71.137230576220432, -30.034432663477595 ], [ -71.137037041221092, -30.025414417400679 ] ] ] } },
{ "type": "Feature", "properties": { "cve": "2830310", "nombre": "LA CASCADA 1 AL 6", "solicitante": "Villalobos Echavarría Óscar Belisario", "region": "REGIÓN DE COQUIMBO", "provincia": "Provincia de Choapa", "comuna": null, "superficie_ha": 6.0, "datum_original": "WGS84", "huso": 19, "epsg_origen": 32719, "tipo_publicacion": "manifestacion", "fuente_pdf": "http://www.diariooficial.interior.gob.cl/publicaciones/2026/06/30/44487/07/2830310.pdf", "archivo": "gm_manifestacion_2830310.pdf", "fecha": "30-06-2026", "edicion": "44487" }, "geometry": { "type": "Polygon", "coordinates": [ [ [ -71.017262358019394, -31.429379535447154 ], [ -71.01515919121303, -31.429412640781951 ], [ -71.015217077160329, -31.432117746891702 ], [ -71.017320304280858, -31.432084638062658 ], [ -71.017262358019394, -31.429379535447154 ] ] ] } },
{ "type": "Feature", "properties": { "cve": "2830314", "nombre": "LA FORTUNA DEL DIABLO 1 AL 6", "solicitante": "Contreras Cerda Álex", "region": "REGIÓN DE COQUIMBO", "provincia": "Provincia de Choapa", "comuna": null, "superficie_ha": 24.0, "datum_original": "WGS84", "huso": 19, "epsg_origen": 32719, "tipo_publicacion": "manifestacion", "fuente_pdf": "http://www.diariooficial.interior.gob.cl/publicaciones/2026/06/30/44487/07/2830314.pdf", "archivo": "gm_manifestacion_2830314.pdf", "fecha": "30-06-2026", "edicion": "44487" }, "geometry": { "type": "Polygon", "coordinates": [ [ [ -70.951955694743219, -31.54179018863352 ], [ -70.948797043609801, -31.541838379097285 ], [ -70.948946999778443, -31.549052156048809 ], [ -70.952105893588012, -31.549003952047535 ], [ -70.951955694743219, -31.54179018863352 ] ] ] } },
{ "type": "Feature", "properties": { "cve": "2829309", "nombre": "ALQUIMIA III 4, 1 AL 30", "solicitante": "Antofagasta Minerals S.A.", "region": "REGIÓN DE COQUIMBO", "provincia": "Provincia de Limarí", "comuna": null, "superficie_ha": 300.0, "datum_original": "PSAD56", "huso": 19, "epsg_origen": 24879, "tipo_publicacion": "manifestacion", "fuente_pdf": "http://www.diariooficial.interior.gob.cl/publicaciones/2026/06/30/44487/07/2829309.pdf", "archivo": "gm_manifestacion_2829309.pdf", "fecha": "30-06-2026", "edicion": "44487" }, "geometry": { "type": "Polygon", "coordinates": [ [ [ -71.108820974371469, -31.075445245877543 ], [ -71.077392499227429, -31.075955508969965 ], [ -71.077588673215388, -31.084972635538396 ], [ -71.10902011091531, -31.084462191729973 ], [ -71.108820974371469, -31.075445245877543 ] ] ] } },
{ "type": "Feature", "properties": { "cve": "2829310", "nombre": "ALQUIMIA III 5, 1 AL 30", "solicitante": "Antofagasta Minerals S.A.", "region": "REGIÓN DE COQUIMBO", "provincia": "Provincia de Limarí", "comuna": null, "superficie_ha": 300.0, "datum_original": "PSAD56", "huso": 19, "epsg_origen": 24879, "tipo_publicacion": "manifestacion", "fuente_pdf": "http://www.diariooficial.interior.gob.cl/publicaciones/2026/06/30/44487/07/2829310.pdf", "archivo": "gm_manifestacion_2829310.pdf", "fecha": "30-06-2026", "edicion": "44487" }, "geometry": { "type": "Polygon", "coordinates": [ [ [ -71.088263158243564, -31.093820390785229 ], [ -71.077784935479016, -31.093989748271369 ], [ -71.078374252269825, -31.1210410034308 ], [ -71.088855441691379, -31.120871466031616 ], [ -71.088263158243564, -31.093820390785229 ] ] ] } },
{ "type": "Feature", "properties": { "cve": "2829939", "nombre": "CARMEN 1 AL 20", "solicitante": "Rojas Pereira David Antonio", "region": "REGIÓN DE COQUIMBO", "provincia": "Provincia de Limarí", "comuna": null, "superficie_ha": 50.0, "datum_original": "PSAD56", "huso": 19, "epsg_origen": 24879, "tipo_publicacion": "manifestacion", "fuente_pdf": "http://www.diariooficial.interior.gob.cl/publicaciones/2026/06/30/44487/07/2829939.pdf", "archivo": "gm_manifestacion_2829939.pdf", "fecha": "30-06-2026", "edicion": "44487" }, "geometry": { "type": "Polygon", "coordinates": [ [ [ -71.278591337308441, -30.736536906907592 ], [ -71.268153297186856, -30.736719828073124 ], [ -71.268258947536211, -30.741228059809814 ], [ -71.278697472837251, -30.741045106047778 ], [ -71.278591337308441, -30.736536906907592 ] ] ] } },
{ "type": "Feature", "properties": { "cve": "2829637", "nombre": "DORADO G 1 AL 28", "solicitante": "Alliende Arriagada Eduardo Esteban y otro", "region": "REGIÓN DE VALPARAÍSO", "provincia": "Provincia de Petorca", "comuna": "Cabildo", "superficie_ha": 168.0, "datum_original": "PSAD56", "huso": 19, "epsg_origen": 24879, "tipo_publicacion": "manifestacion", "fuente_pdf": "http://www.diariooficial.interior.gob.cl/publicaciones/2026/06/30/44487/07/2829637.pdf", "archivo": "gm_manifestacion_2829637.pdf", "fecha": "30-06-2026", "edicion": "44487" }, "geometry": { "type": "Polygon", "coordinates": [ [ [ -70.977873842624106, -32.359858420768809 ], [ -70.963002500430292, -32.360090828283674 ], [ -70.963236380619662, -32.370909946142319 ], [ -70.978109491840499, -32.370677442079035 ], [ -70.977873842624106, -32.359858420768809 ] ] ] } },
{ "type": "Feature", "properties": { "cve": "2830774", "nombre": "La Fortuna del 1 - 16", "solicitante": "Núñez Guerra Guillermo Rodrigo", "region": "REGIÓN DE VALPARAÍSO", "provincia": "Provincia de Petorca", "comuna": "Petorca", "superficie_ha": 96.0, "datum_original": "PSAD56", "huso": 19, "epsg_origen": 24879, "tipo_publicacion": "manifestacion", "fuente_pdf": "http://www.diariooficial.interior.gob.cl/publicaciones/2026/06/30/44487/07/2830774.pdf", "archivo": "gm_manifestacion_2830774.pdf", "fecha": "30-06-2026", "edicion": "44487" }, "geometry": { "type": "Polygon", "coordinates": [ [ [ -70.974190655688602, -32.251345220574244 ], [ -70.961458954574326, -32.251543571200152 ], [ -70.961614087087028, -32.258756450427775 ], [ -70.974346793566809, -32.258558044769508 ], [ -70.974190655688602, -32.251345220574244 ] ] ] } },
{ "type": "Feature", "properties": { "cve": "2830775", "nombre": "Margarita del 1-16", "solicitante": "Núñez Guerra Guillermo Rodrigo", "region": "REGIÓN DE VALPARAÍSO", "provincia": "Provincia de Petorca", "comuna": "Petorca", "superficie_ha": 112.0, "datum_original": "PSAD56", "huso": 19, "epsg_origen": 24879, "tipo_publicacion": "manifestacion", "fuente_pdf": "http://www.diariooficial.interior.gob.cl/publicaciones/2026/06/30/44487/07/2830775.pdf", "archivo": "gm_manifestacion_2830775.pdf", "fecha": "30-06-2026", "edicion": "44487" }, "geometry": { "type": "Polygon", "coordinates": [ [ [ -70.984696435040277, -32.243965328884435 ], [ -70.969844066661565, -32.244197801173904 ], [ -70.969999817901098, -32.251410652502038 ], [ -70.984853358751451, -32.251178115705457 ], [ -70.984696435040277, -32.243965328884435 ] ] ] } },
{ "type": "Feature", "properties": { "cve": "2829638", "nombre": "QUILLAY M 1 AL 38", "solicitante": "Alliende Arriagada Eduardo Esteban y otro", "region": "REGIÓN DE VALPARAÍSO", "provincia": "Provincia de Petorca", "comuna": "Cabildo", "superficie_ha": 190.0, "datum_original": "PSAD56", "huso": 19, "epsg_origen": 24879, "tipo_publicacion": "manifestacion", "fuente_pdf": "http://www.diariooficial.interior.gob.cl/publicaciones/2026/06/30/44487/07/2829638.pdf", "archivo": "gm_manifestacion_2829638.pdf", "fecha": "30-06-2026", "edicion": "44487" }, "geometry": { "type": "Polygon", "coordinates": [ [ [ -70.980214544678077, -32.369742500964016 ], [ -70.960029799895693, -32.370057946324792 ], [ -70.960224471104667, -32.379073880986844 ], [ -70.980411217468827, -32.378758326442544 ], [ -70.980214544678077, -32.369742500964016 ] ] ] } },
{ "type": "Feature", "properties": { "cve": "2830445", "nombre": "HIPALLE 2, 1 AL 12", "solicitante": "González Mejías Juan Francisco", "region": "REGIÓN METROPOLITANA DE SANTIAGO", "provincia": "Provincia Cordillera", "comuna": null, "superficie_ha": 12.0, "datum_original": "PSAD56", "huso": 19, "epsg_origen": 24879, "tipo_publicacion": "manifestacion", "fuente_pdf": "http://www.diariooficial.interior.gob.cl/publicaciones/2026/06/30/44487/07/2830445.pdf", "archivo": "gm_manifestacion_2830445.pdf", "fecha": "30-06-2026", "edicion": "44487" }, "geometry": { "type": "Polygon", "coordinates": [ [ [ -70.508691694479381, -33.721717619637374 ], [ -70.504375797877856, -33.721770271297466 ], [ -70.504422990136803, -33.724475114879837 ], [ -70.508739022002999, -33.724422457867256 ], [ -70.508691694479381, -33.721717619637374 ] ] ] } },
{ "type": "Feature", "properties": { "cve": "2830173", "nombre": "JCS XV 1 AL 170", "solicitante": "SLM JCS Primera 1 al 20 de San Bernardo", "region": "REGIÓN METROPOLITANA DE SANTIAGO", "provincia": "Provincia de Maipo", "comuna": null, "superficie_ha": 170.0, "datum_original": "PSAD56", "huso": 19, "epsg_origen": 24879, "tipo_publicacion": "manifestacion", "fuente_pdf": "http://www.diariooficial.interior.gob.cl/publicaciones/2026/06/30/44487/07/2830173.pdf", "archivo": "gm_manifestacion_2830173.pdf", "fecha": "30-06-2026", "edicion": "44487" }, "geometry": { "type": "Polygon", "coordinates": [ [ [ -70.782363509654999, -33.700486557726222 ], [ -70.764027890599465, -33.700749779108584 ], [ -70.764212223588601, -33.70976478098158 ], [ -70.782549756173609, -33.709501470380829 ], [ -70.782363509654999, -33.700486557726222 ] ] ] } },
{ "type": "Feature", "properties": { "cve": "2830769", "nombre": "NAPOLEON II DEL 1 AL 10", "solicitante": "Almonacid Barrientos Mireya Alejandra", "region": "REGIÓN DE TARAPACÁ", "provincia": "Provincia del Tamarugal", "comuna": "Pozo Almonte", "superficie_ha": 100.0, "datum_original": "PSAD56", "huso": 19, "epsg_origen": 24879, "tipo_publicacion": "mensura", "fuente_pdf": "http://www.diariooficial.interior.gob.cl/publicaciones/2026/06/30/44487/07/2830769.pdf", "archivo": "gm_mensura_2830769.pdf", "fecha": "30-06-2026", "edicion": "44487" }, "geometry": { "type": "Polygon", "coordinates": [ [ [ -69.446511677444647, -21.421795879889924 ], [ -69.436862674939249, -21.421821314240777 ], [ -69.436889548480053, -21.430856195753062 ], [ -69.446539144494807, -21.430830749640574 ], [ -69.441700761339646, -21.426326105579115 ], [ -69.446511677444647, -21.421795879889924 ] ] ] } },
{ "type": "Feature", "properties": { "cve": "2829425", "nombre": "NORTE AB1 1 AL 20", "solicitante": "Atacama Minerals Chile SCM", "region": "REGIÓN DE ANTOFAGASTA", "provincia": "Provincia de Antofagasta", "comuna": null, "superficie_ha": 200.0, "datum_original": "PSAD56", "huso": 19, "epsg_origen": 24879, "tipo_publicacion": "mensura", "fuente_pdf": "http://www.diariooficial.interior.gob.cl/publicaciones/2026/06/30/44487/07/2829425.pdf", "archivo": "gm_mensura_2829425.pdf", "fecha": "30-06-2026", "edicion": "44487" }, "geometry": { "type": "Polygon", "coordinates": [ [ [ -69.709755021670276, -24.013228432666647 ], [ -69.719561828824183, -24.008666849836331 ], [ -69.699898637095714, -24.008757879405348 ], [ -69.699947509791954, -24.017789401507194 ], [ -69.719612074281855, -24.017698333468839 ], [ -69.709755021670276, -24.013228432666647 ] ] ] } },
{ "type": "Feature", "properties": { "cve": "2830579", "nombre": "HUAYRA 1 AL 10", "solicitante": "Membrive Félix Sebastián", "region": "REGIÓN DE ATACAMA", "provincia": "Provincia de Copiapó", "comuna": null, "superficie_ha": 100.0, "datum_original": "PSAD56", "huso": 19, "epsg_origen": 24879, "tipo_publicacion": "mensura", "fuente_pdf": "http://www.diariooficial.interior.gob.cl/publicaciones/2026/06/30/44487/07/2830579.pdf", "archivo": "gm_mensura_2830579.pdf", "fecha": "30-06-2026", "edicion": "44487" }, "geometry": { "type": "Polygon", "coordinates": [ [ [ -69.686939850862359, -26.952642367545305 ], [ -69.676865670231948, -26.952691064211155 ], [ -69.676919621132456, -26.961719090722106 ], [ -69.6869946045923, -26.961670375145079 ], [ -69.686939850862359, -26.952642367545305 ] ] ] } },
{ "type": "Feature", "properties": { "cve": "2830604", "nombre": "JUAN 1 AL 2", "solicitante": "Mariluan Avendaño Juan Antonio", "region": "REGIÓN DE ATACAMA", "provincia": "Provincia de Copiapó", "comuna": null, "superficie_ha": 4.0, "datum_original": "PSAD56", "huso": 19, "epsg_origen": 24879, "tipo_publicacion": "mensura", "fuente_pdf": "http://www.diariooficial.interior.gob.cl/publicaciones/2026/06/30/44487/07/2830604.pdf", "archivo": "gm_mensura_2830604.pdf", "fecha": "30-06-2026", "edicion": "44487" }, "geometry": { "type": "Polygon", "coordinates": [ [ [ -70.351778995246605, -27.410015372599641 ], [ -70.349756348768196, -27.410034964710572 ], [ -70.34977828654273, -27.411840075661875 ], [ -70.351800965871092, -27.411820482047212 ], [ -70.351778995246605, -27.410015372599641 ] ] ] } },
{ "type": "Feature", "properties": { "cve": "2830707", "nombre": "LUMINA 15, 1 AL 20", "solicitante": "SCM Lumina Copper Chile", "region": "REGIÓN DE ATACAMA", "provincia": "Provincia de Copiapó", "comuna": null, "superficie_ha": 10.0, "datum_original": "PSAD56", "huso": 19, "epsg_origen": 24879, "tipo_publicacion": "mensura", "fuente_pdf": "http://www.diariooficial.interior.gob.cl/publicaciones/2026/06/30/44487/07/2830707.pdf", "archivo": "gm_mensura_2830707.pdf", "fecha": "30-06-2026", "edicion": "44487" }, "geometry": { "type": "Polygon", "coordinates": [ [ [ -69.97141428270092, -28.034235719168496 ], [ -69.951069495654821, -28.034378056783432 ], [ -69.951148873698401, -28.043404052202568 ], [ -69.971495358114495, -28.043261660779685 ], [ -69.97141428270092, -28.034235719168496 ] ] ] } },
{ "type": "Feature", "properties": { "cve": "2830708", "nombre": "LUMINA 16, 1 AL 20", "solicitante": "SCM Lumina Copper Chile", "region": "REGIÓN DE ATACAMA", "provincia": "Provincia de Copiapó", "comuna": null, "superficie_ha": 10.0, "datum_original": "PSAD56", "huso": 19, "epsg_origen": 24879, "tipo_publicacion": "mensura", "fuente_pdf": "http://www.diariooficial.interior.gob.cl/publicaciones/2026/06/30/44487/07/2830708.pdf", "archivo": "gm_mensura_2830708.pdf", "fecha": "30-06-2026", "edicion": "44487" }, "geometry": { "type": "Polygon", "coordinates": [ [ [ -69.927641848773987, -28.030927596073706 ], [ -69.915435213633202, -28.031009462542169 ], [ -69.915511607012434, -28.040035554246202 ], [ -69.927719260447319, -28.03995365682691 ], [ -69.927641848773987, -28.030927596073706 ] ] ] } },
{ "type": "Feature", "properties": { "cve": "2830709", "nombre": "LUMINA 17, 1 AL 30", "solicitante": "SCM Lumina Copper Chile", "region": "REGIÓN DE ATACAMA", "provincia": "Provincia de Copiapó", "comuna": null, "superficie_ha": 10.0, "datum_original": "PSAD56", "huso": 19, "epsg_origen": 24879, "tipo_publicacion": "mensura", "fuente_pdf": "http://www.diariooficial.interior.gob.cl/publicaciones/2026/06/30/44487/07/2830709.pdf", "archivo": "gm_mensura_2830709.pdf", "fecha": "30-06-2026", "edicion": "44487" }, "geometry": { "type": "Polygon", "coordinates": [ [ [ -69.908466286734694, -28.049108924332678 ], [ -69.877944312134659, -28.049307416530247 ], [ -69.878017633482685, -28.058333576810984 ], [ -69.908542156279282, -28.058135009602534 ], [ -69.908466286734694, -28.049108924332678 ] ] ] } },
{ "type": "Feature", "properties": { "cve": "2830710", "nombre": "LUMINA 18, 1 AL 30", "solicitante": "SCM Lumina Copper Chile", "region": "REGIÓN DE ATACAMA", "provincia": "Provincia de Copiapó", "comuna": null, "superficie_ha": 10.0, "datum_original": "PSAD56", "huso": 19, "epsg_origen": 24879, "tipo_publicacion": "mensura", "fuente_pdf": "http://www.diariooficial.interior.gob.cl/publicaciones/2026/06/30/44487/07/2830710.pdf", "archivo": "gm_mensura_2830710.pdf", "fecha": "30-06-2026", "edicion": "44487" }, "geometry": { "type": "Polygon", "coordinates": [ [ [ -69.888192508867732, -28.058268141461593 ], [ -69.857667781318966, -28.058462186302513 ], [ -69.857739436951761, -28.067488383033421 ], [ -69.888266713948994, -28.067294264877884 ], [ -69.888192508867732, -28.058268141461593 ] ] ] } },
{ "type": "Feature", "properties": { "cve": "2830711", "nombre": "LUMINA 19, 1 AL 20", "solicitante": "SCM Lumina Copper Chile", "region": "REGIÓN DE ATACAMA", "provincia": "Provincia de Copiapó", "comuna": null, "superficie_ha": 10.0, "datum_original": "PSAD56", "huso": 19, "epsg_origen": 24879, "tipo_publicacion": "mensura", "fuente_pdf": "http://www.diariooficial.interior.gob.cl/publicaciones/2026/06/30/44487/07/2830711.pdf", "archivo": "gm_mensura_2830711.pdf", "fecha": "30-06-2026", "edicion": "44487" }, "geometry": { "type": "Polygon", "coordinates": [ [ [ -69.857703604991741, -28.062975286184823 ], [ -69.837352770509071, -28.063100904397366 ], [ -69.837422742633152, -28.072127142517033 ], [ -69.857775277200517, -28.072001476847994 ], [ -69.857703604991741, -28.062975286184823 ] ] ] } },
{ "type": "Feature", "properties": { "cve": "2830712", "nombre": "LUMINA 20, 1 AL 10", "solicitante": "SCM Lumina Copper Chile", "region": "REGIÓN DE ATACAMA", "provincia": "Provincia de Copiapó", "comuna": null, "superficie_ha": 10.0, "datum_original": "PSAD56", "huso": 19, "epsg_origen": 24879, "tipo_publicacion": "mensura", "fuente_pdf": "http://www.diariooficial.interior.gob.cl/publicaciones/2026/06/30/44487/07/2830712.pdf", "archivo": "gm_mensura_2830712.pdf", "fecha": "30-06-2026", "edicion": "44487" }, "geometry": { "type": "Polygon", "coordinates": [ [ [ -69.837387752525046, -28.067614024973256 ], [ -69.827211861562574, -28.067675714866795 ], [ -69.82728099961605, -28.076701970224889 ], [ -69.83745774083485, -28.076640257028387 ], [ -69.837387752525046, -28.067614024973256 ] ] ] } },
{ "type": "Feature", "properties": { "cve": "2830713", "nombre": "LUMINA 21, 1 AL 10", "solicitante": "SCM Lumina Copper Chile", "region": "REGIÓN DE ATACAMA", "provincia": "Provincia de Copiapó", "comuna": null, "superficie_ha": 10.0, "datum_original": "PSAD56", "huso": 19, "epsg_origen": 24879, "tipo_publicacion": "mensura", "fuente_pdf": "http://www.diariooficial.interior.gob.cl/publicaciones/2026/06/30/44487/07/2830713.pdf", "archivo": "gm_mensura_2830713.pdf", "fecha": "30-06-2026", "edicion": "44487" }, "geometry": { "type": "Polygon", "coordinates": [ [ [ -69.831351699963989, -28.076677375467501 ], [ -69.821174939506051, -28.076738636056518 ], [ -69.821243599151103, -28.085764893134737 ], [ -69.831421210265518, -28.085703609409865 ], [ -69.831351699963989, -28.076677375467501 ] ] ] } },
{ "type": "Feature", "properties": { "cve": "2830714", "nombre": "LUMINA 22, 1 AL 20", "solicitante": "SCM Lumina Copper Chile", "region": "REGIÓN DE ATACAMA", "provincia": "Provincia de Copiapó", "comuna": null, "superficie_ha": 10.0, "datum_original": "PSAD56", "huso": 19, "epsg_origen": 24879, "tipo_publicacion": "mensura", "fuente_pdf": "http://www.diariooficial.interior.gob.cl/publicaciones/2026/06/30/44487/07/2830714.pdf", "archivo": "gm_mensura_2830714.pdf", "fecha": "30-06-2026", "edicion": "44487" }, "geometry": { "type": "Polygon", "coordinates": [ [ [ -69.821216131482274, -28.082154391758603 ], [ -69.800861494994322, -28.082274677118814 ], [ -69.800928471876361, -28.091300972342353 ], [ -69.821284810183244, -28.091180641560612 ], [ -69.821216131482274, -28.082154391758603 ] ] ] } },
{ "type": "Feature", "properties": { "cve": "2830715", "nombre": "LUMINA 23, 1 AL 30", "solicitante": "SCM Lúmina Copper Chile", "region": "REGIÓN DE ATACAMA", "provincia": "Provincia de Copiapó", "comuna": null, "superficie_ha": 10.0, "datum_original": "PSAD56", "huso": 19, "epsg_origen": 24879, "tipo_publicacion": "mensura", "fuente_pdf": "http://www.diariooficial.interior.gob.cl/publicaciones/2026/06/30/44487/07/2830715.pdf", "archivo": "gm_mensura_2830715.pdf", "fecha": "30-06-2026", "edicion": "44487" }, "geometry": { "type": "Polygon", "coordinates": [ [ [ -69.81823136746128, -28.091198883655778 ], [ -69.787696785324414, -28.091377568253183 ], [ -69.787756094984516, -28.099501249616058 ], [ -69.792845594425728, -28.099471930658158 ], [ -69.79285222848695, -28.100374560208177 ], [ -69.818299822543153, -28.100225128215722 ], [ -69.81823136746128, -28.091198883655778 ] ] ] } },
{ "type": "Feature", "properties": { "cve": "2830716", "nombre": "LUMINA 24, 1 AL 20", "solicitante": "SCM Lumina Copper Chile", "region": "REGIÓN DE ATACAMA", "provincia": "Provincia de Copiapó", "comuna": null, "superficie_ha": 10.0, "datum_original": "PSAD56", "huso": 19, "epsg_origen": 24879, "tipo_publicacion": "mensura", "fuente_pdf": "http://www.diariooficial.interior.gob.cl/publicaciones/2026/06/30/44487/07/2830716.pdf", "archivo": "gm_mensura_2830716.pdf", "fecha": "30-06-2026", "edicion": "44487" }, "geometry": { "type": "Polygon", "coordinates": [ [ [ -69.792845594425728, -28.099471930658158 ], [ -69.772487551138113, -28.099588073845506 ], [ -69.772519872922473, -28.104101242302356 ], [ -69.773537820532482, -28.104095505795083 ], [ -69.77357019238039, -28.108608670140651 ], [ -69.792911948844392, -28.108498220703403 ], [ -69.792845594425728, -28.099471930658158 ] ] ] } },
{ "type": "Feature", "properties": { "cve": "2830718", "nombre": "LUMINA 26, 1 AL 10", "solicitante": "SCM Lumina Copper Chile", "region": "REGIÓN DE ATACAMA", "provincia": "Provincia de Copiapó", "comuna": null, "superficie_ha": 10.0, "datum_original": "PSAD56", "huso": 19, "epsg_origen": 24879, "tipo_publicacion": "mensura", "fuente_pdf": "http://www.diariooficial.interior.gob.cl/publicaciones/2026/06/30/44487/07/2830718.pdf", "archivo": "gm_mensura_2830718.pdf", "fecha": "30-06-2026", "edicion": "44487" }, "geometry": { "type": "Polygon", "coordinates": [ [ [ -69.765439076956227, -28.110459627687202 ], [ -69.755258967492452, -28.110516063599093 ], [ -69.755322205709362, -28.119542419318432 ], [ -69.765503167357338, -28.119485962109533 ], [ -69.765439076956227, -28.110459627687202 ] ] ] } },
{ "type": "Feature", "properties": { "cve": "2830528", "nombre": "SOFIA I 1 AL 16", "solicitante": "Godoy Monárdez Isabel Selena", "region": "REGIÓN DE ATACAMA", "provincia": "Provincia de Copiapó", "comuna": null, "superficie_ha": 16.0, "datum_original": "PSAD56", "huso": 19, "epsg_origen": 24879, "tipo_publicacion": "mensura", "fuente_pdf": "http://www.diariooficial.interior.gob.cl/publicaciones/2026/06/30/44487/07/2830528.pdf", "archivo": "gm_mensura_2830528.pdf", "fecha": "30-06-2026", "edicion": "44487" }, "geometry": { "type": "Polygon", "coordinates": [ [ [ -70.470356586519529, -27.305002754875165 ], [ -70.466315311723704, -27.305045198935183 ], [ -70.466362764312123, -27.308655293795638 ], [ -70.470404169776145, -27.308612843203377 ], [ -70.470356586519529, -27.305002754875165 ] ] ] } },
{ "type": "Feature", "properties": { "cve": "2830529", "nombre": "SOFIA II 1 AL 16", "solicitante": "Godoy Monárdez Isabel Selena", "region": "REGIÓN DE ATACAMA", "provincia": "Provincia de Copiapó", "comuna": null, "superficie_ha": 16.0, "datum_original": "PSAD56", "huso": 19, "epsg_origen": 24879, "tipo_publicacion": "mensura", "fuente_pdf": "http://www.diariooficial.interior.gob.cl/publicaciones/2026/06/30/44487/07/2830529.pdf", "archivo": "gm_mensura_2830529.pdf", "fecha": "30-06-2026", "edicion": "44487" }, "geometry": { "type": "Polygon", "coordinates": [ [ [ -70.473634960819396, -27.306872821656089 ], [ -70.469593624251175, -27.306915363138469 ], [ -70.469641186713119, -27.310525451709903 ], [ -70.47368265396139, -27.310482903680601 ], [ -70.473634960819396, -27.306872821656089 ] ] ] } },
{ "type": "Feature", "properties": { "cve": "2829302", "nombre": "LA FORTUNA VII 18, 1 AL 30", "solicitante": "Compañía Minera Kairos Chile SpA", "region": "REGIÓN DE COQUIMBO", "provincia": "Provincia de Elqui", "comuna": null, "superficie_ha": 300.0, "datum_original": "PSAD56", "huso": 19, "epsg_origen": 24879, "tipo_publicacion": "mensura", "fuente_pdf": "http://www.diariooficial.interior.gob.cl/publicaciones/2026/06/30/44487/07/2829302.pdf", "archivo": "gm_mensura_2829302.pdf", "fecha": "30-06-2026", "edicion": "44487" }, "geometry": { "type": "Polygon", "coordinates": [ [ [ -70.361773418701745, -29.357593689400847 ], [ -70.351473723092482, -29.357698436340673 ], [ -70.351831313606098, -29.384767229022373 ], [ -70.362133732397112, -29.384662366801823 ], [ -70.361773418701745, -29.357593689400847 ] ] ] } },
{ "type": "Feature", "properties": { "cve": "2829303", "nombre": "LA FORTUNA VII 19, 1 AL 20", "solicitante": "Compañía Minera Kairos Chile SpA", "region": "REGIÓN DE COQUIMBO", "provincia": "Provincia de Elqui", "comuna": null, "superficie_ha": 200.0, "datum_original": "PSAD56", "huso": 19, "epsg_origen": 24879, "tipo_publicacion": "mensura", "fuente_pdf": "http://www.diariooficial.interior.gob.cl/publicaciones/2026/06/30/44487/07/2829303.pdf", "archivo": "gm_mensura_2829303.pdf", "fecha": "30-06-2026", "edicion": "44487" }, "geometry": { "type": "Polygon", "coordinates": [ [ [ -70.454852984910147, -29.383682805074688 ], [ -70.444551074409333, -29.383794827453894 ], [ -70.444806096314068, -29.401839912487759 ], [ -70.455109823961777, -29.401727807973213 ], [ -70.454852984910147, -29.383682805074688 ] ] ] } },
{ "type": "Feature", "properties": { "cve": "2829301", "nombre": "LA FORTUNA VII 21, 1 AL 30", "solicitante": "Compañía Minera Kairos Chile SpA", "region": "REGIÓN DE COQUIMBO", "provincia": "Provincia de Elqui", "comuna": null, "superficie_ha": 300.0, "datum_original": "PSAD56", "huso": 19, "epsg_origen": 24879, "tipo_publicacion": "mensura", "fuente_pdf": "http://www.diariooficial.interior.gob.cl/publicaciones/2026/06/30/44487/07/2829301.pdf", "archivo": "gm_mensura_2829301.pdf", "fecha": "30-06-2026", "edicion": "44487" }, "geometry": { "type": "Polygon", "coordinates": [ [ [ -70.444423650667574, -29.374772265709147 ], [ -70.434122590007718, -29.37488345181341 ], [ -70.434502310490203, -29.401951220909815 ], [ -70.444806096314068, -29.401839912487759 ], [ -70.444423650667574, -29.374772265709147 ] ] ] } },
{ "type": "Feature", "properties": { "cve": "2829304", "nombre": "LA FORTUNA VII 23, 1 AL 10", "solicitante": "Compañía Minera Kairos Chile SpA", "region": "REGIÓN DE COQUIMBO", "provincia": "Provincia de Elqui", "comuna": null, "superficie_ha": 100.0, "datum_original": "PSAD56", "huso": 19, "epsg_origen": 24879, "tipo_publicacion": "mensura", "fuente_pdf": "http://www.diariooficial.interior.gob.cl/publicaciones/2026/06/30/44487/07/2829304.pdf", "archivo": "gm_mensura_2829304.pdf", "fecha": "30-06-2026", "edicion": "44487" }, "geometry": { "type": "Polygon", "coordinates": [ [ [ -70.362133732397112, -29.384662366801823 ], [ -70.351831313606098, -29.384767229022373 ], [ -70.351950619229825, -29.393790134407109 ], [ -70.362253946576146, -29.393685233746425 ], [ -70.362133732397112, -29.384662366801823 ] ] ] } },
{ "type": "Feature", "properties": { "cve": "2829305", "nombre": "LA FORTUNA VII 25, 1 AL 30", "solicitante": "Compañía Minera Kairos Chile SpA", "region": "REGIÓN DE COQUIMBO", "provincia": "Provincia de Elqui", "comuna": null, "superficie_ha": 300.0, "datum_original": "PSAD56", "huso": 19, "epsg_origen": 24879, "tipo_publicacion": "mensura", "fuente_pdf": "http://www.diariooficial.interior.gob.cl/publicaciones/2026/06/30/44487/07/2829305.pdf", "archivo": "gm_mensura_2829305.pdf", "fecha": "30-06-2026", "edicion": "44487" }, "geometry": { "type": "Polygon", "coordinates": [ [ [ -70.424198466904471, -29.40206173322316 ], [ -70.393286593719822, -29.402388493350255 ], [ -70.393409645630243, -29.411411217651111 ], [ -70.424324246656226, -29.411084337788793 ], [ -70.424198466904471, -29.40206173322316 ] ] ] } },
{ "type": "Feature", "properties": { "cve": "2830674", "nombre": "CARMONA IV 22, 1 AL 10", "solicitante": "Compañía Minera Kairos Chile Ltda.", "region": "REGIÓN DE COQUIMBO", "provincia": "Provincia de Limarí", "comuna": null, "superficie_ha": 100.0, "datum_original": "PSAD56", "huso": 19, "epsg_origen": 24879, "tipo_publicacion": "mensura", "fuente_pdf": "http://www.diariooficial.interior.gob.cl/publicaciones/2026/06/30/44487/07/2830674.pdf", "archivo": "gm_mensura_2830674.pdf", "fecha": "30-06-2026", "edicion": "44487" }, "geometry": { "type": "Polygon", "coordinates": [ [ [ -70.665446794500582, -30.527104317997832 ], [ -70.655027369004614, -30.527237102891601 ], [ -70.655180307904359, -30.536257173430066 ], [ -70.665600695164059, -30.536124340998494 ], [ -70.665446794500582, -30.527104317997832 ] ] ] } },
{ "type": "Feature", "properties": { "cve": "2829315", "nombre": "EMMA Y JAVIERA DEL 1 AL 7", "solicitante": "Astudillo Díaz Clara Elena", "region": "REGIÓN DE COQUIMBO", "provincia": "Provincia de Limarí", "comuna": null, "superficie_ha": 14.0, "datum_original": "PSAD56", "huso": 19, "epsg_origen": 24879, "tipo_publicacion": "mensura", "fuente_pdf": "http://www.diariooficial.interior.gob.cl/publicaciones/2026/06/30/44487/07/2829315.pdf", "archivo": "gm_mensura_2829315.pdf", "fecha": "30-06-2026", "edicion": "44487" }, "geometry": { "type": "Polygon", "coordinates": [ [ [ -71.0433039222453, -31.221276026120744 ], [ -71.041205418891778, -31.221309356653176 ], [ -71.041341114941702, -31.227621346959673 ], [ -71.043439757563817, -31.227588008186558 ], [ -71.0433039222453, -31.221276026120744 ] ] ] } },
{ "type": "Feature", "properties": { "cve": "2830727", "nombre": "ARTEMISA 1", "solicitante": "Corporación Nacional del Cobre de Chile", "region": "REGIÓN DE TARAPACÁ", "provincia": "Provincia del Tamarugal", "comuna": null, "superficie_ha": 600.0, "datum_original": "WGS84", "huso": 19, "epsg_origen": 32719, "tipo_publicacion": "pedimento", "fuente_pdf": "http://www.diariooficial.interior.gob.cl/publicaciones/2026/06/30/44487/07/2830727.pdf", "archivo": "gm_pedimento_2830727.pdf", "fecha": "30-06-2026", "edicion": "44487" }, "geometry": { "type": "Polygon", "coordinates": [ [ [ -68.87534549988996, -20.474537581012566 ], [ -68.856167926882989, -20.474522769685063 ], [ -68.856142646796044, -20.501631242271074 ], [ -68.875323590451899, -20.501646074925642 ], [ -68.87534549988996, -20.474537581012566 ] ] ] } },
{ "type": "Feature", "properties": { "cve": "2830736", "nombre": "ARTEMISA 10", "solicitante": "Corporación Nacional del Cobre de Chile", "region": "REGIÓN DE TARAPACÁ", "provincia": "Provincia del Tamarugal", "comuna": null, "superficie_ha": 800.0, "datum_original": "WGS84", "huso": 19, "epsg_origen": 32719, "tipo_publicacion": "pedimento", "fuente_pdf": "http://www.diariooficial.interior.gob.cl/publicaciones/2026/06/30/44487/07/2830736.pdf", "archivo": "gm_pedimento_2830736.pdf", "fecha": "30-06-2026", "edicion": "44487" }, "geometry": { "type": "Polygon", "coordinates": [ [ [ -68.875279665173309, -20.55586280888247 ], [ -68.85609196385029, -20.555847933551984 ], [ -68.856058084172417, -20.5919922060442 ], [ -68.875250302746409, -20.592007109841479 ], [ -68.875279665173309, -20.55586280888247 ] ] ] } },
{ "type": "Feature", "properties": { "cve": "2830737", "nombre": "ARTEMISA 11", "solicitante": "Corporación Nacional del Cobre de Chile", "region": "REGIÓN DE TARAPACÁ", "provincia": "Provincia del Tamarugal", "comuna": null, "superficie_ha": 800.0, "datum_original": "WGS84", "huso": 19, "epsg_origen": 32719, "tipo_publicacion": "pedimento", "fuente_pdf": "http://www.diariooficial.interior.gob.cl/publicaciones/2026/06/30/44487/07/2830737.pdf", "archivo": "gm_pedimento_2830737.pdf", "fecha": "30-06-2026", "edicion": "44487" }, "geometry": { "type": "Polygon", "coordinates": [ [ [ -68.85609196385029, -20.555847933551984 ], [ -68.836904280739944, -20.555830933196937 ], [ -68.836865883830612, -20.591975173155724 ], [ -68.856058084172417, -20.5919922060442 ], [ -68.85609196385029, -20.555847933551984 ] ] ] } },
{ "type": "Feature", "properties": { "cve": "2830738", "nombre": "ARTEMISA 12", "solicitante": "Corporación Nacional del Cobre de Chile", "region": "REGIÓN DE TARAPACÁ", "provincia": "Provincia del Tamarugal", "comuna": null, "superficie_ha": 300.0, "datum_original": "WGS84", "huso": 19, "epsg_origen": 32719, "tipo_publicacion": "pedimento", "fuente_pdf": "http://www.diariooficial.interior.gob.cl/publicaciones/2026/06/30/44487/07/2830738.pdf", "archivo": "gm_pedimento_2830738.pdf", "fecha": "30-06-2026", "edicion": "44487" }, "geometry": { "type": "Polygon", "coordinates": [ [ [ -68.865654191332311, -20.591999924079765 ], [ -68.836865883830612, -20.591975173155724 ], [ -68.83685627169227, -20.601011209566799 ], [ -68.865646275436035, -20.601035972312985 ], [ -68.865654191332311, -20.591999924079765 ] ] ] } },
{ "type": "Feature", "properties": { "cve": "2830739", "nombre": "ARTEMISA 13", "solicitante": "Corporación Nacional del Cobre de Chile", "region": "REGIÓN DE TARAPACÁ", "provincia": "Provincia del Tamarugal", "comuna": null, "superficie_ha": 300.0, "datum_original": "WGS84", "huso": 19, "epsg_origen": 32719, "tipo_publicacion": "pedimento", "fuente_pdf": "http://www.diariooficial.interior.gob.cl/publicaciones/2026/06/30/44487/07/2830739.pdf", "archivo": "gm_pedimento_2830739.pdf", "fecha": "30-06-2026", "edicion": "44487" }, "geometry": { "type": "Polygon", "coordinates": [ [ [ -68.894442537121677, -20.59201988453961 ], [ -68.865654191332311, -20.591999924079765 ], [ -68.865646275436035, -20.601035972312985 ], [ -68.894436317477698, -20.601055942306857 ], [ -68.894442537121677, -20.59201988453961 ] ] ] } },
{ "type": "Feature", "properties": { "cve": "2830728", "nombre": "ARTEMISA 2", "solicitante": "Corporación Nacional del Cobre de Chile", "region": "REGIÓN DE TARAPACÁ", "provincia": "Provincia del Tamarugal", "comuna": null, "superficie_ha": 600.0, "datum_original": "WGS84", "huso": 19, "epsg_origen": 32719, "tipo_publicacion": "pedimento", "fuente_pdf": "http://www.diariooficial.interior.gob.cl/publicaciones/2026/06/30/44487/07/2830728.pdf", "archivo": "gm_pedimento_2830728.pdf", "fecha": "30-06-2026", "edicion": "44487" }, "geometry": { "type": "Polygon", "coordinates": [ [ [ -68.856167926882989, -20.474522769685063 ], [ -68.836990372045065, -20.474505842476162 ], [ -68.836961721323746, -20.50161429068843 ], [ -68.856142646796044, -20.501631242271074 ], [ -68.856167926882989, -20.474522769685063 ] ] ] } },
{ "type": "Feature", "properties": { "cve": "2830729", "nombre": "ARTEMISA 3", "solicitante": "Corporación Nacional del Cobre de Chile", "region": "REGIÓN DE TARAPACÁ", "provincia": "Provincia del Tamarugal", "comuna": null, "superficie_ha": 800.0, "datum_original": "WGS84", "huso": 19, "epsg_origen": 32719, "tipo_publicacion": "pedimento", "fuente_pdf": "http://www.diariooficial.interior.gob.cl/publicaciones/2026/06/30/44487/07/2830729.pdf", "archivo": "gm_pedimento_2830729.pdf", "fecha": "30-06-2026", "edicion": "44487" }, "geometry": { "type": "Polygon", "coordinates": [ [ [ -68.884914068341018, -20.501652696652386 ], [ -68.846552181635417, -20.501623031345222 ], [ -68.84653418045545, -20.519695291535413 ], [ -68.884900567419834, -20.519724985286725 ], [ -68.884914068341018, -20.501652696652386 ] ] ] } },
{ "type": "Feature", "properties": { "cve": "2830731", "nombre": "ARTEMISA 5", "solicitante": "Corporación Nacional del Cobre de Chile", "region": "REGIÓN DE TARAPACÁ", "provincia": "Provincia del Tamarugal", "comuna": null, "superficie_ha": 300.0, "datum_original": "WGS84", "huso": 19, "epsg_origen": 32719, "tipo_publicacion": "pedimento", "fuente_pdf": "http://www.diariooficial.interior.gob.cl/publicaciones/2026/06/30/44487/07/2830731.pdf", "archivo": "gm_pedimento_2830731.pdf", "fecha": "30-06-2026", "edicion": "44487" }, "geometry": { "type": "Polygon", "coordinates": [ [ [ -68.846525172588827, -20.528731407521377 ], [ -68.836933024234412, -20.52872265429259 ], [ -68.836904280739944, -20.555830933196937 ], [ -68.846498119866766, -20.555839699001989 ], [ -68.846525172588827, -20.528731407521377 ] ] ] } },
{ "type": "Feature", "properties": { "cve": "2830732", "nombre": "ARTEMISA 6", "solicitante": "Corporación Nacional del Cobre de Chile", "region": "REGIÓN DE TARAPACÁ", "provincia": "Provincia del Tamarugal", "comuna": null, "superficie_ha": 800.0, "datum_original": "WGS84", "huso": 19, "epsg_origen": 32719, "tipo_publicacion": "pedimento", "fuente_pdf": "http://www.diariooficial.interior.gob.cl/publicaciones/2026/06/30/44487/07/2830732.pdf", "archivo": "gm_pedimento_2830732.pdf", "fecha": "30-06-2026", "edicion": "44487" }, "geometry": { "type": "Polygon", "coordinates": [ [ [ -68.865717365447452, -20.51971119889301 ], [ -68.84653418045545, -20.519695291535413 ], [ -68.846498119866766, -20.555839699001989 ], [ -68.865685812386971, -20.55585563684582 ], [ -68.865717365447452, -20.51971119889301 ] ] ] } },
{ "type": "Feature", "properties": { "cve": "2830733", "nombre": "ARTEMISA 7", "solicitante": "Corporación Nacional del Cobre de Chile", "region": "REGIÓN DE TARAPACÁ", "provincia": "Provincia del Tamarugal", "comuna": null, "superficie_ha": 800.0, "datum_original": "WGS84", "huso": 19, "epsg_origen": 32719, "tipo_publicacion": "pedimento", "fuente_pdf": "http://www.diariooficial.interior.gob.cl/publicaciones/2026/06/30/44487/07/2830733.pdf", "archivo": "gm_pedimento_2830733.pdf", "fecha": "30-06-2026", "edicion": "44487" }, "geometry": { "type": "Polygon", "coordinates": [ [ [ -68.884900567419834, -20.519724985286725 ], [ -68.865717365447452, -20.51971119889301 ], [ -68.865685812386971, -20.55585563684582 ], [ -68.884873521905732, -20.555869449660982 ], [ -68.884900567419834, -20.519724985286725 ] ] ] } },
{ "type": "Feature", "properties": { "cve": "2830734", "nombre": "ARTEMISA 8", "solicitante": "Corporación Nacional del Cobre de Chile", "region": "REGIÓN DE TARAPACÁ", "provincia": "Provincia del Tamarugal", "comuna": null, "superficie_ha": 400.0, "datum_original": "WGS84", "huso": 19, "epsg_origen": 32719, "tipo_publicacion": "pedimento", "fuente_pdf": "http://www.diariooficial.interior.gob.cl/publicaciones/2026/06/30/44487/07/2830734.pdf", "archivo": "gm_pedimento_2830734.pdf", "fecha": "30-06-2026", "edicion": "44487" }, "geometry": { "type": "Polygon", "coordinates": [ [ [ -68.894492174015625, -20.51973108311979 ], [ -68.884900567419834, -20.519724985286725 ], [ -68.884873521905732, -20.555869449660982 ], [ -68.894467382280723, -20.555875559180471 ], [ -68.894492174015625, -20.51973108311979 ] ] ] } },
{ "type": "Feature", "properties": { "cve": "2830735", "nombre": "ARTEMISA 9", "solicitante": "Corporación Nacional del Cobre de Chile", "region": "REGIÓN DE TARAPACÁ", "provincia": "Provincia del Tamarugal", "comuna": null, "superficie_ha": 800.0, "datum_original": "WGS84", "huso": 19, "epsg_origen": 32719, "tipo_publicacion": "pedimento", "fuente_pdf": "http://www.diariooficial.interior.gob.cl/publicaciones/2026/06/30/44487/07/2830735.pdf", "archivo": "gm_pedimento_2830735.pdf", "fecha": "30-06-2026", "edicion": "44487" }, "geometry": { "type": "Polygon", "coordinates": [ [ [ -68.894467382280723, -20.555875559180471 ], [ -68.875279665173309, -20.55586280888247 ], [ -68.875250302746409, -20.592007109841479 ], [ -68.894442537121677, -20.59201988453961 ], [ -68.894467382280723, -20.555875559180471 ] ] ] } },
{ "type": "Feature", "properties": { "cve": "2830740", "nombre": "CLIO 1", "solicitante": "Corporación Nacional del Cobre de Chile", "region": "REGIÓN DE TARAPACÁ", "provincia": "Provincia del Tamarugal", "comuna": null, "superficie_ha": 600.0, "datum_original": "WGS84", "huso": 19, "epsg_origen": 32719, "tipo_publicacion": "pedimento", "fuente_pdf": "http://www.diariooficial.interior.gob.cl/publicaciones/2026/06/30/44487/07/2830740.pdf", "archivo": "gm_pedimento_2830740.pdf", "fecha": "30-06-2026", "edicion": "44487" }, "geometry": { "type": "Polygon", "coordinates": [ [ [ -68.855981588132124, -20.673316266937714 ], [ -68.836779188451402, -20.673299160794741 ], [ -68.836750196832966, -20.700406986420742 ], [ -68.855956007253013, -20.70042411699864 ], [ -68.855981588132124, -20.673316266937714 ] ] ] } },
{ "type": "Feature", "properties": { "cve": "2830749", "nombre": "CLIO 10", "solicitante": "Corporación Nacional del Cobre de Chile", "region": "REGIÓN DE TARAPACÁ", "provincia": "Provincia del Tamarugal", "comuna": null, "superficie_ha": 800.0, "datum_original": "WGS84", "huso": 19, "epsg_origen": 32719, "tipo_publicacion": "pedimento", "fuente_pdf": "http://www.diariooficial.interior.gob.cl/publicaciones/2026/06/30/44487/07/2830749.pdf", "archivo": "gm_pedimento_2830749.pdf", "fecha": "30-06-2026", "edicion": "44487" }, "geometry": { "type": "Polygon", "coordinates": [ [ [ -68.855887590284183, -20.772711300035354 ], [ -68.817457745932046, -20.772674759034597 ], [ -68.817436022614487, -20.790746425188399 ], [ -68.855870440240551, -20.790783000847036 ], [ -68.855887590284183, -20.772711300035354 ] ] ] } },
{ "type": "Feature", "properties": { "cve": "2830750", "nombre": "CLIO 11", "solicitante": "Corporación Nacional del Cobre de Chile", "region": "REGIÓN DE TARAPACÁ", "provincia": "Provincia del Tamarugal", "comuna": null, "superficie_ha": 800.0, "datum_original": "WGS84", "huso": 19, "epsg_origen": 32719, "tipo_publicacion": "pedimento", "fuente_pdf": "http://www.diariooficial.interior.gob.cl/publicaciones/2026/06/30/44487/07/2830750.pdf", "archivo": "gm_pedimento_2830750.pdf", "fecha": "30-06-2026", "edicion": "44487" }, "geometry": { "type": "Polygon", "coordinates": [ [ [ -68.875132220309581, -20.736582802215601 ], [ -68.855921835389992, -20.736567784421048 ], [ -68.855887590284183, -20.772711300035354 ], [ -68.875102541177924, -20.772726346361917 ], [ -68.875132220309581, -20.736582802215601 ] ] ] } },
{ "type": "Feature", "properties": { "cve": "2830751", "nombre": "CLIO 12", "solicitante": "Corporación Nacional del Cobre de Chile", "region": "REGIÓN DE TARAPACÁ", "provincia": "Provincia del Tamarugal", "comuna": null, "superficie_ha": 200.0, "datum_original": "WGS84", "huso": 19, "epsg_origen": 32719, "tipo_publicacion": "pedimento", "fuente_pdf": "http://www.diariooficial.interior.gob.cl/publicaciones/2026/06/30/44487/07/2830751.pdf", "archivo": "gm_pedimento_2830751.pdf", "fecha": "30-06-2026", "edicion": "44487" }, "geometry": { "type": "Polygon", "coordinates": [ [ [ -68.875102541177924, -20.772726346361917 ], [ -68.855887590284183, -20.772711300035354 ], [ -68.855879017554287, -20.781747155193624 ], [ -68.875095111468681, -20.781762208655238 ], [ -68.875102541177924, -20.772726346361917 ] ] ] } },
{ "type": "Feature", "properties": { "cve": "2830741", "nombre": "CLIO 2", "solicitante": "Corporación Nacional del Cobre de Chile", "region": "REGIÓN DE TARAPACÁ", "provincia": "Provincia del Tamarugal", "comuna": null, "superficie_ha": 600.0, "datum_original": "WGS84", "huso": 19, "epsg_origen": 32719, "tipo_publicacion": "pedimento", "fuente_pdf": "http://www.diariooficial.interior.gob.cl/publicaciones/2026/06/30/44487/07/2830741.pdf", "archivo": "gm_pedimento_2830741.pdf", "fecha": "30-06-2026", "edicion": "44487" }, "geometry": { "type": "Polygon", "coordinates": [ [ [ -68.836779188451402, -20.673299160794741 ], [ -68.817576809483725, -20.673279916412984 ], [ -68.817544407142663, -20.700387714549745 ], [ -68.836750196832966, -20.700406986420742 ], [ -68.836779188451402, -20.673299160794741 ] ] ] } },
{ "type": "Feature", "properties": { "cve": "2830742", "nombre": "CLIO 3", "solicitante": "Corporación Nacional del Cobre de Chile", "region": "REGIÓN DE TARAPACÁ", "provincia": "Provincia del Tamarugal", "comuna": null, "superficie_ha": 600.0, "datum_original": "WGS84", "huso": 19, "epsg_origen": 32719, "tipo_publicacion": "pedimento", "fuente_pdf": "http://www.diariooficial.interior.gob.cl/publicaciones/2026/06/30/44487/07/2830742.pdf", "archivo": "gm_pedimento_2830742.pdf", "fecha": "30-06-2026", "edicion": "44487" }, "geometry": { "type": "Polygon", "coordinates": [ [ [ -68.817576809483725, -20.673279916412984 ], [ -68.798374453665858, -20.673258533802702 ], [ -68.798338640620855, -20.700366301395917 ], [ -68.817544407142663, -20.700387714549745 ], [ -68.817576809483725, -20.673279916412984 ] ] ] } },
{ "type": "Feature", "properties": { "cve": "2830743", "nombre": "CLIO 4", "solicitante": "Corporación Nacional del Cobre de Chile", "region": "REGIÓN DE TARAPACÁ", "provincia": "Provincia del Tamarugal", "comuna": null, "superficie_ha": 800.0, "datum_original": "WGS84", "huso": 19, "epsg_origen": 32719, "tipo_publicacion": "pedimento", "fuente_pdf": "http://www.diariooficial.interior.gob.cl/publicaciones/2026/06/30/44487/07/2830743.pdf", "archivo": "gm_pedimento_2830743.pdf", "fecha": "30-06-2026", "edicion": "44487" }, "geometry": { "type": "Polygon", "coordinates": [ [ [ -68.798338640620855, -20.700366301395917 ], [ -68.779132899706269, -20.700342746970701 ], [ -68.779080503232308, -20.736486259576935 ], [ -68.798290800260872, -20.736509858817236 ], [ -68.798338640620855, -20.700366301395917 ] ] ] } },
{ "type": "Feature", "properties": { "cve": "2830744", "nombre": "CLIO 5", "solicitante": "Corporación Nacional del Cobre de Chile", "region": "REGIÓN DE TARAPACÁ", "provincia": "Provincia del Tamarugal", "comuna": null, "superficie_ha": 800.0, "datum_original": "WGS84", "huso": 19, "epsg_origen": 32719, "tipo_publicacion": "pedimento", "fuente_pdf": "http://www.diariooficial.interior.gob.cl/publicaciones/2026/06/30/44487/07/2830744.pdf", "archivo": "gm_pedimento_2830744.pdf", "fecha": "30-06-2026", "edicion": "44487" }, "geometry": { "type": "Polygon", "coordinates": [ [ [ -68.817544407142663, -20.700387714549745 ], [ -68.798338640620855, -20.700366301395917 ], [ -68.798290800260872, -20.736509858817236 ], [ -68.81750112292427, -20.736531312712131 ], [ -68.817544407142663, -20.700387714549745 ] ] ] } },
{ "type": "Feature", "properties": { "cve": "2830745", "nombre": "CLIO 6", "solicitante": "Corporación Nacional del Cobre de Chile", "region": "REGIÓN DE TARAPACÁ", "provincia": "Provincia del Tamarugal", "comuna": null, "superficie_ha": 800.0, "datum_original": "WGS84", "huso": 19, "epsg_origen": 32719, "tipo_publicacion": "pedimento", "fuente_pdf": "http://www.diariooficial.interior.gob.cl/publicaciones/2026/06/30/44487/07/2830745.pdf", "archivo": "gm_pedimento_2830745.pdf", "fecha": "30-06-2026", "edicion": "44487" }, "geometry": { "type": "Polygon", "coordinates": [ [ [ -68.836750196832966, -20.700406986420742 ], [ -68.817544407142663, -20.700387714549745 ], [ -68.81750112292427, -20.736531312712131 ], [ -68.83671146878109, -20.736550621250167 ], [ -68.836750196832966, -20.700406986420742 ] ] ] } },
{ "type": "Feature", "properties": { "cve": "2830746", "nombre": "CLIO 7", "solicitante": "Corporación Nacional del Cobre de Chile", "region": "REGIÓN DE TARAPACÁ", "provincia": "Provincia del Tamarugal", "comuna": null, "superficie_ha": 800.0, "datum_original": "WGS84", "huso": 19, "epsg_origen": 32719, "tipo_publicacion": "pedimento", "fuente_pdf": "http://www.diariooficial.interior.gob.cl/publicaciones/2026/06/30/44487/07/2830746.pdf", "archivo": "gm_pedimento_2830746.pdf", "fecha": "30-06-2026", "edicion": "44487" }, "geometry": { "type": "Polygon", "coordinates": [ [ [ -68.855956007253013, -20.70042411699864 ], [ -68.836750196832966, -20.700406986420742 ], [ -68.83671146878109, -20.736550621250167 ], [ -68.855921835389992, -20.736567784421048 ], [ -68.855956007253013, -20.70042411699864 ] ] ] } },
{ "type": "Feature", "properties": { "cve": "2830747", "nombre": "CLIO 8", "solicitante": "Corporación Nacional del Cobre de Chile", "region": "REGIÓN DE TARAPACÁ", "provincia": "Provincia del Tamarugal", "comuna": null, "superficie_ha": 800.0, "datum_original": "WGS84", "huso": 19, "epsg_origen": 32719, "tipo_publicacion": "pedimento", "fuente_pdf": "http://www.diariooficial.interior.gob.cl/publicaciones/2026/06/30/44487/07/2830747.pdf", "archivo": "gm_pedimento_2830747.pdf", "fecha": "30-06-2026", "edicion": "44487" }, "geometry": { "type": "Polygon", "coordinates": [ [ [ -68.87516183596405, -20.700439106274299 ], [ -68.855956007253013, -20.70042411699864 ], [ -68.855921835389992, -20.736567784421048 ], [ -68.875132220309581, -20.736582802215601 ], [ -68.87516183596405, -20.700439106274299 ] ] ] } },
{ "type": "Feature", "properties": { "cve": "2830748", "nombre": "CLIO 9", "solicitante": "Corporación Nacional del Cobre de Chile", "region": "REGIÓN DE TARAPACÁ", "provincia": "Provincia del Tamarugal", "comuna": null, "superficie_ha": 600.0, "datum_original": "WGS84", "huso": 19, "epsg_origen": 32719, "tipo_publicacion": "pedimento", "fuente_pdf": "http://www.diariooficial.interior.gob.cl/publicaciones/2026/06/30/44487/07/2830748.pdf", "archivo": "gm_pedimento_2830748.pdf", "fecha": "30-06-2026", "edicion": "44487" }, "geometry": { "type": "Polygon", "coordinates": [ [ [ -68.894361420702381, -20.709487898554162 ], [ -68.875154437997679, -20.709475044478598 ], [ -68.875132220309581, -20.736582802215601 ], [ -68.894342621098474, -20.736595674625821 ], [ -68.894361420702381, -20.709487898554162 ] ] ] } },
{ "type": "Feature", "properties": { "cve": "2830753", "nombre": "ERATO 1", "solicitante": "Corporación Nacional del Cobre de Chile", "region": "REGIÓN DE TARAPACÁ", "provincia": "Provincia del Tamarugal", "comuna": null, "superficie_ha": 800.0, "datum_original": "WGS84", "huso": 19, "epsg_origen": 32719, "tipo_publicacion": "pedimento", "fuente_pdf": "http://www.diariooficial.interior.gob.cl/publicaciones/2026/06/30/44487/07/2830753.pdf", "archivo": "gm_pedimento_2830753.pdf", "fecha": "30-06-2026", "edicion": "44487" }, "geometry": { "type": "Polygon", "coordinates": [ [ [ -69.038222711737632, -19.93238938570293 ], [ -69.019111357061135, -19.932392468492143 ], [ -69.019115708250624, -19.968539421858658 ], [ -69.038231414114136, -19.968536333016324 ], [ -69.038222711737632, -19.93238938570293 ] ] ] } },
{ "type": "Feature", "properties": { "cve": "2830754", "nombre": "ERATO 2", "solicitante": "Corporación Nacional del Cobre de Chile", "region": "REGIÓN DE TARAPACÁ", "provincia": "Provincia del Tamarugal", "comuna": null, "superficie_ha": 800.0, "datum_original": "WGS84", "huso": 19, "epsg_origen": 32719, "tipo_publicacion": "pedimento", "fuente_pdf": "http://www.diariooficial.interior.gob.cl/publicaciones/2026/06/30/44487/07/2830754.pdf", "archivo": "gm_pedimento_2830754.pdf", "fecha": "30-06-2026", "edicion": "44487" }, "geometry": { "type": "Polygon", "coordinates": [ [ [ -69.019111357061135, -19.932392468492143 ], [ -69.0, -19.932393496088729 ], [ -69.0, -19.968540451472951 ], [ -69.019115708250624, -19.968539421858658 ], [ -69.019111357061135, -19.932392468492143 ] ] ] } },
{ "type": "Feature", "properties": { "cve": "2830755", "nombre": "ERATO 3", "solicitante": "Corporación Nacional del Cobre de Chile", "region": "REGIÓN DE TARAPACÁ", "provincia": "Provincia del Tamarugal", "comuna": null, "superficie_ha": 800.0, "datum_original": "WGS84", "huso": 19, "epsg_origen": 32719, "tipo_publicacion": "pedimento", "fuente_pdf": "http://www.diariooficial.interior.gob.cl/publicaciones/2026/06/30/44487/07/2830755.pdf", "archivo": "gm_pedimento_2830755.pdf", "fecha": "30-06-2026", "edicion": "44487" }, "geometry": { "type": "Polygon", "coordinates": [ [ [ -69.0, -19.932393496088729 ], [ -68.980888642938865, -19.932392468492143 ], [ -68.980884291749362, -19.968539421858658 ], [ -69.0, -19.968540451472951 ], [ -69.0, -19.932393496088729 ] ] ] } },
{ "type": "Feature", "properties": { "cve": "2830756", "nombre": "ERATO 4", "solicitante": "Corporación Nacional del Cobre de Chile", "region": "REGIÓN DE TARAPACÁ", "provincia": "Provincia del Tamarugal", "comuna": null, "superficie_ha": 800.0, "datum_original": "WGS84", "huso": 19, "epsg_origen": 32719, "tipo_publicacion": "pedimento", "fuente_pdf": "http://www.diariooficial.interior.gob.cl/publicaciones/2026/06/30/44487/07/2830756.pdf", "archivo": "gm_pedimento_2830756.pdf", "fecha": "30-06-2026", "edicion": "44487" }, "geometry": { "type": "Polygon", "coordinates": [ [ [ -69.0, -19.968540451472951 ], [ -68.980884291749362, -19.968539421858658 ], [ -68.980879931011387, -20.004686228108834 ], [ -69.0, -20.004687259741722 ], [ -69.0, -19.968540451472951 ] ] ] } },
{ "type": "Feature", "properties": { "cve": "2830757", "nombre": "ERATO 5", "solicitante": "Corporación Nacional del Cobre de Chile", "region": "REGIÓN DE TARAPACÁ", "provincia": "Provincia del Tamarugal", "comuna": null, "superficie_ha": 800.0, "datum_original": "WGS84", "huso": 19, "epsg_origen": 32719, "tipo_publicacion": "pedimento", "fuente_pdf": "http://www.diariooficial.interior.gob.cl/publicaciones/2026/06/30/44487/07/2830757.pdf", "archivo": "gm_pedimento_2830757.pdf", "fecha": "30-06-2026", "edicion": "44487" }, "geometry": { "type": "Polygon", "coordinates": [ [ [ -69.019115708250624, -19.968539421858658 ], [ -69.0, -19.968540451472951 ], [ -69.0, -20.004687259741722 ], [ -69.019120068988599, -20.004686228108834 ], [ -69.019115708250624, -19.968539421858658 ] ] ] } },
{ "type": "Feature", "properties": { "cve": "2830758", "nombre": "ERATO 6", "solicitante": "Corporación Nacional del Cobre de Chile", "region": "REGIÓN DE TARAPACÁ", "provincia": "Provincia del Tamarugal", "comuna": null, "superficie_ha": 800.0, "datum_original": "WGS84", "huso": 19, "epsg_origen": 32719, "tipo_publicacion": "pedimento", "fuente_pdf": "http://www.diariooficial.interior.gob.cl/publicaciones/2026/06/30/44487/07/2830758.pdf", "archivo": "gm_pedimento_2830758.pdf", "fecha": "30-06-2026", "edicion": "44487" }, "geometry": { "type": "Polygon", "coordinates": [ [ [ -69.038231414114136, -19.968536333016324 ], [ -69.019115708250624, -19.968539421858658 ], [ -69.019120068988599, -20.004686228108834 ], [ -69.0382401355876, -20.004683133210715 ], [ -69.038231414114136, -19.968536333016324 ] ] ] } },
{ "type": "Feature", "properties": { "cve": "2830759", "nombre": "ERATO 7", "solicitante": "Corporación Nacional del Cobre de Chile", "region": "REGIÓN DE TARAPACÁ", "provincia": "Provincia del Tamarugal", "comuna": null, "superficie_ha": 200.0, "datum_original": "WGS84", "huso": 19, "epsg_origen": 32719, "tipo_publicacion": "pedimento", "fuente_pdf": "http://www.diariooficial.interior.gob.cl/publicaciones/2026/06/30/44487/07/2830759.pdf", "archivo": "gm_pedimento_2830759.pdf", "fecha": "30-06-2026", "edicion": "44487" }, "geometry": { "type": "Polygon", "coordinates": [ [ [ -69.019120068988599, -20.004686228108834 ], [ -69.0, -20.004687259741722 ], [ -69.0, -20.013723938796247 ], [ -69.019121160666202, -20.013722906658572 ], [ -69.019120068988599, -20.004686228108834 ] ] ] } },
{ "type": "Feature", "properties": { "cve": "2830760", "nombre": "ERATO 8", "solicitante": "Corporación Nacional del Cobre de Chile", "region": "REGIÓN DE TARAPACÁ", "provincia": "Provincia del Tamarugal", "comuna": null, "superficie_ha": 800.0, "datum_original": "WGS84", "huso": 19, "epsg_origen": 32719, "tipo_publicacion": "pedimento", "fuente_pdf": "http://www.diariooficial.interior.gob.cl/publicaciones/2026/06/30/44487/07/2830760.pdf", "archivo": "gm_pedimento_2830760.pdf", "fecha": "30-06-2026", "edicion": "44487" }, "geometry": { "type": "Polygon", "coordinates": [ [ [ -69.0382401355876, -20.004683133210715 ], [ -69.019120068988599, -20.004686228108834 ], [ -69.01912443928498, -20.040832887021864 ], [ -69.038248876177889, -20.040829786065288 ], [ -69.0382401355876, -20.004683133210715 ] ] ] } },
{ "type": "Feature", "properties": { "cve": "2830761", "nombre": "ERATO 9", "solicitante": "Corporación Nacional del Cobre de Chile", "region": "REGIÓN DE TARAPACÁ", "provincia": "Provincia del Tamarugal", "comuna": null, "superficie_ha": 600.0, "datum_original": "WGS84", "huso": 19, "epsg_origen": 32719, "tipo_publicacion": "pedimento", "fuente_pdf": "http://www.diariooficial.interior.gob.cl/publicaciones/2026/06/30/44487/07/2830761.pdf", "archivo": "gm_pedimento_2830761.pdf", "fecha": "30-06-2026", "edicion": "44487" }, "geometry": { "type": "Polygon", "coordinates": [ [ [ -69.038248876177889, -20.040829786065288 ], [ -69.01912443928498, -20.040832887021864 ], [ -69.019127723286005, -20.067942784383945 ], [ -69.038255444178034, -20.067939678881768 ], [ -69.038248876177889, -20.040829786065288 ] ] ] } },
{ "type": "Feature", "properties": { "cve": "2830678", "nombre": "BESS", "solicitante": "Chango López Solar SpA", "region": "REGIÓN DE ANTOFAGASTA", "provincia": "Provincia de Antofagasta", "comuna": "Antofagasta", "superficie_ha": 100.0, "datum_original": "PSAD56", "huso": 19, "epsg_origen": 24879, "tipo_publicacion": "pedimento", "fuente_pdf": "http://www.diariooficial.interior.gob.cl/publicaciones/2026/06/30/44487/07/2830678.pdf", "archivo": "gm_pedimento_2830678.pdf", "fecha": "30-06-2026", "edicion": "44487" }, "geometry": { "type": "Polygon", "coordinates": [ [ [ -70.28081720708812, -23.596807693126856 ], [ -70.271018244084345, -23.596888194272683 ], [ -70.271105282594249, -23.605918646649595 ], [ -70.280904916179253, -23.605838111034988 ], [ -70.28081720708812, -23.596807693126856 ] ] ] } },
{ "type": "Feature", "properties": { "cve": "2830689", "nombre": "ESPERANZA I", "solicitante": "Céspedes Santis Daniela Carolina", "region": "REGIÓN DE ANTOFAGASTA", "provincia": "Provincia de Antofagasta", "comuna": null, "superficie_ha": 200.0, "datum_original": "PSAD56", "huso": 19, "epsg_origen": 24879, "tipo_publicacion": "pedimento", "fuente_pdf": "http://www.diariooficial.interior.gob.cl/publicaciones/2026/06/30/44487/07/2830689.pdf", "archivo": "gm_pedimento_2830689.pdf", "fecha": "30-06-2026", "edicion": "44487" }, "geometry": { "type": "Polygon", "coordinates": [ [ [ -70.165575050055651, -25.457966278814425 ], [ -70.145685221750355, -25.4581228329209 ], [ -70.14577072207787, -25.467151458249845 ], [ -70.165662033911374, -25.466994840827326 ], [ -70.165575050055651, -25.457966278814425 ] ] ] } },
{ "type": "Feature", "properties": { "cve": "2830690", "nombre": "ESPERANZA II", "solicitante": "Céspedes Santis Daniela Carolina", "region": "REGIÓN DE ANTOFAGASTA", "provincia": "Provincia de Antofagasta", "comuna": null, "superficie_ha": 200.0, "datum_original": "PSAD56", "huso": 19, "epsg_origen": 24879, "tipo_publicacion": "pedimento", "fuente_pdf": "http://www.diariooficial.interior.gob.cl/publicaciones/2026/06/30/44487/07/2830690.pdf", "archivo": "gm_pedimento_2830690.pdf", "fecha": "30-06-2026", "edicion": "44487" }, "geometry": { "type": "Polygon", "coordinates": [ [ [ -70.165662033911374, -25.466994840827326 ], [ -70.14577072207787, -25.467151458249845 ], [ -70.145856263470165, -25.476180072112687 ], [ -70.165749059544197, -25.476023391364947 ], [ -70.165662033911374, -25.466994840827326 ] ] ] } },
{ "type": "Feature", "properties": { "cve": "2830691", "nombre": "ESPERANZA III", "solicitante": "Céspedes Santis Daniela Carolina", "region": "REGIÓN DE ANTOFAGASTA", "provincia": "Provincia de Antofagasta", "comuna": null, "superficie_ha": 100.0, "datum_original": "PSAD56", "huso": 19, "epsg_origen": 24879, "tipo_publicacion": "pedimento", "fuente_pdf": "http://www.diariooficial.interior.gob.cl/publicaciones/2026/06/30/44487/07/2830691.pdf", "archivo": "gm_pedimento_2830691.pdf", "fecha": "30-06-2026", "edicion": "44487" }, "geometry": { "type": "Polygon", "coordinates": [ [ [ -70.145693769935562, -25.459025695969679 ], [ -70.135748719865745, -25.459102966174036 ], [ -70.135833482479342, -25.468131621606574 ], [ -70.145779274368962, -25.468054320152145 ], [ -70.145693769935562, -25.459025695969679 ] ] ] } },
{ "type": "Feature", "properties": { "cve": "2830675", "nombre": "GINA 1 AL 20", "solicitante": "Galleguillos Yaryes Rodrigo Abraham y otro", "region": "REGIÓN DE ANTOFAGASTA", "provincia": "Provincia de Antofagasta", "comuna": "Antofagasta", "superficie_ha": 200.0, "datum_original": "PSAD56", "huso": 19, "epsg_origen": 24879, "tipo_publicacion": "pedimento", "fuente_pdf": "http://www.diariooficial.interior.gob.cl/publicaciones/2026/06/30/44487/07/2830675.pdf", "archivo": "gm_pedimento_2830675.pdf", "fecha": "30-06-2026", "edicion": "44487" }, "geometry": { "type": "Polygon", "coordinates": [ [ [ -70.276405697895839, -23.342161389263694 ], [ -70.266625499682604, -23.342240798176427 ], [ -70.26679692218444, -23.360302317578913 ], [ -70.27657844315695, -23.360222840085672 ], [ -70.276405697895839, -23.342161389263694 ] ] ] } },
{ "type": "Feature", "properties": { "cve": "2830692", "nombre": "MINA BRAVA I", "solicitante": "Céspedes Santis Daniela Carolina", "region": "REGIÓN DE ANTOFAGASTA", "provincia": "Provincia de Antofagasta", "comuna": null, "superficie_ha": 100.0, "datum_original": "PSAD56", "huso": 19, "epsg_origen": 24879, "tipo_publicacion": "pedimento", "fuente_pdf": "http://www.diariooficial.interior.gob.cl/publicaciones/2026/06/30/44487/07/2830692.pdf", "archivo": "gm_pedimento_2830692.pdf", "fecha": "30-06-2026", "edicion": "44487" }, "geometry": { "type": "Polygon", "coordinates": [ [ [ -70.20549814459163, -25.472090576984677 ], [ -70.195552233437255, -25.472171936431135 ], [ -70.195641511042581, -25.481200383043596 ], [ -70.205588164469091, -25.481118990706317 ], [ -70.20549814459163, -25.472090576984677 ] ] ] } },
{ "type": "Feature", "properties": { "cve": "2830693", "nombre": "MINA BRAVA II", "solicitante": "Céspedes Santis Daniela Carolina", "region": "REGIÓN DE ANTOFAGASTA", "provincia": "Provincia de Antofagasta", "comuna": null, "superficie_ha": 100.0, "datum_original": "PSAD56", "huso": 19, "epsg_origen": 24879, "tipo_publicacion": "pedimento", "fuente_pdf": "http://www.diariooficial.interior.gob.cl/publicaciones/2026/06/30/44487/07/2830693.pdf", "archivo": "gm_pedimento_2830693.pdf", "fecha": "30-06-2026", "edicion": "44487" }, "geometry": { "type": "Polygon", "coordinates": [ [ [ -70.195552233437255, -25.472171936431135 ], [ -70.185606279429209, -25.472252622177844 ], [ -70.18569481474843, -25.481281101408804 ], [ -70.195641511042581, -25.481200383043596 ], [ -70.195552233437255, -25.472171936431135 ] ] ] } },
{ "type": "Feature", "properties": { "cve": "2830698", "nombre": "PUELMA 126", "solicitante": "SCM Cerro Elqui", "region": "REGIÓN DE ANTOFAGASTA", "provincia": "Provincia de Antofagasta", "comuna": null, "superficie_ha": 300.0, "datum_original": "PSAD56", "huso": 19, "epsg_origen": 24879, "tipo_publicacion": "pedimento", "fuente_pdf": "http://www.diariooficial.interior.gob.cl/publicaciones/2026/06/30/44487/07/2830698.pdf", "archivo": "gm_pedimento_2830698.pdf", "fecha": "30-06-2026", "edicion": "44487" }, "geometry": { "type": "Polygon", "coordinates": [ [ [ -68.869791648607759, -23.287691186302347 ], [ -68.860013044776679, -23.287682767055294 ], [ -68.859984691378415, -23.314781793283835 ], [ -68.86976527578453, -23.314790223460903 ], [ -68.869791648607759, -23.287691186302347 ] ] ] } },
{ "type": "Feature", "properties": { "cve": "2830699", "nombre": "PUELMA 526", "solicitante": "SCM Cerro Elqui", "region": "REGIÓN DE ANTOFAGASTA", "provincia": "Provincia de Antofagasta", "comuna": null, "superficie_ha": 300.0, "datum_original": "PSAD56", "huso": 19, "epsg_origen": 24879, "tipo_publicacion": "pedimento", "fuente_pdf": "http://www.diariooficial.interior.gob.cl/publicaciones/2026/06/30/44487/07/2830699.pdf", "archivo": "gm_pedimento_2830699.pdf", "fecha": "30-06-2026", "edicion": "44487" }, "geometry": { "type": "Polygon", "coordinates": [ [ [ -68.830677263012205, -23.287653852940544 ], [ -68.820898680102601, -23.287642996115483 ], [ -68.820862404449841, -23.314741970712696 ], [ -68.830642967915637, -23.314752841632277 ], [ -68.830677263012205, -23.287653852940544 ] ] ] } },
{ "type": "Feature", "properties": { "cve": "2830700", "nombre": "PUELMA 826", "solicitante": "SCM Cerro Elqui", "region": "REGIÓN DE ANTOFAGASTA", "provincia": "Provincia de Antofagasta", "comuna": null, "superficie_ha": 300.0, "datum_original": "PSAD56", "huso": 19, "epsg_origen": 24879, "tipo_publicacion": "pedimento", "fuente_pdf": "http://www.diariooficial.interior.gob.cl/publicaciones/2026/06/30/44487/07/2830700.pdf", "archivo": "gm_pedimento_2830700.pdf", "fecha": "30-06-2026", "edicion": "44487" }, "geometry": { "type": "Polygon", "coordinates": [ [ [ -68.860022486439362, -23.278649737324468 ], [ -68.830688683256469, -23.278620835718723 ], [ -68.830677263012205, -23.287653852940544 ], [ -68.860013044776679, -23.287682767055294 ], [ -68.860022486439362, -23.278649737324468 ] ] ] } },
{ "type": "Feature", "properties": { "cve": "2829740", "nombre": "REINA DEL NORTE", "solicitante": "Céspedes Santis Daniela Carolina", "region": "REGIÓN DE ANTOFAGASTA", "provincia": "Provincia de Antofagasta", "comuna": null, "superficie_ha": 100.0, "datum_original": "PSAD56", "huso": 19, "epsg_origen": 24879, "tipo_publicacion": "pedimento", "fuente_pdf": "http://www.diariooficial.interior.gob.cl/publicaciones/2026/06/30/44487/07/2829740.pdf", "archivo": "gm_pedimento_2829740.pdf", "fecha": "30-06-2026", "edicion": "44487" }, "geometry": { "type": "Polygon", "coordinates": [ [ [ -70.224711026501566, -23.357927840123477 ], [ -70.21492948041363, -23.358004069464091 ], [ -70.215011735515318, -23.36703499356674 ], [ -70.224793943447267, -23.366958731327642 ], [ -70.224711026501566, -23.357927840123477 ] ] ] } },
{ "type": "Feature", "properties": { "cve": "2829739", "nombre": "SUPREMA", "solicitante": "Céspedes Santis Daniela Carolina", "region": "REGIÓN DE ANTOFAGASTA", "provincia": "Provincia de Antofagasta", "comuna": null, "superficie_ha": 100.0, "datum_original": "PSAD56", "huso": 19, "epsg_origen": 24879, "tipo_publicacion": "pedimento", "fuente_pdf": "http://www.diariooficial.interior.gob.cl/publicaciones/2026/06/30/44487/07/2829739.pdf", "archivo": "gm_pedimento_2829739.pdf", "fecha": "30-06-2026", "edicion": "44487" }, "geometry": { "type": "Polygon", "coordinates": [ [ [ -70.219754219548634, -23.350741297248756 ], [ -70.209973182086827, -23.350817194904941 ], [ -70.21005507347418, -23.359848143981466 ], [ -70.219836772521361, -23.359772213562049 ], [ -70.219754219548634, -23.350741297248756 ] ] ] } },
{ "type": "Feature", "properties": { "cve": "2830670", "nombre": "UNIKA", "solicitante": "Salazar Ardiles César Bastián", "region": "REGIÓN DE ANTOFAGASTA", "provincia": "Provincia de Antofagasta", "comuna": "Antofagasta", "superficie_ha": 100.0, "datum_original": "PSAD56", "huso": 19, "epsg_origen": 24879, "tipo_publicacion": "pedimento", "fuente_pdf": "http://www.diariooficial.interior.gob.cl/publicaciones/2026/06/30/44487/07/2830670.pdf", "archivo": "gm_pedimento_2830670.pdf", "fecha": "30-06-2026", "edicion": "44487" }, "geometry": { "type": "Polygon", "coordinates": [ [ [ -70.470538835952112, -24.341928441300503 ], [ -70.460684162843222, -24.34202364446438 ], [ -70.460787750214934, -24.351052496960033 ], [ -70.470643121576032, -24.350957253992096 ], [ -70.470538835952112, -24.341928441300503 ] ] ] } },
{ "type": "Feature", "properties": { "cve": "2830663", "nombre": "VAOGUA 19A", "solicitante": "Aguas de la Sierra Limitada", "region": "REGIÓN DE ANTOFAGASTA", "provincia": "Provincia de Antofagasta", "comuna": "Antofagasta", "superficie_ha": 300.0, "datum_original": "PSAD56", "huso": 19, "epsg_origen": 24879, "tipo_publicacion": "pedimento", "fuente_pdf": "http://www.diariooficial.interior.gob.cl/publicaciones/2026/06/30/44487/07/2830663.pdf", "archivo": "gm_pedimento_2830663.pdf", "fecha": "30-06-2026", "edicion": "44487" }, "geometry": { "type": "Polygon", "coordinates": [ [ [ -69.413882047968471, -23.729798336475142 ], [ -69.404070979648594, -23.729824278418167 ], [ -69.404154563870378, -23.756921156885682 ], [ -69.413967661522122, -23.756895181751439 ], [ -69.413882047968471, -23.729798336475142 ] ] ] } },
{ "type": "Feature", "properties": { "cve": "2830664", "nombre": "VAOGUA 21A", "solicitante": "Aguas de la Sierra Limitada", "region": "REGIÓN DE ANTOFAGASTA", "provincia": "Provincia de Antofagasta", "comuna": "Antofagasta", "superficie_ha": 100.0, "datum_original": "PSAD56", "huso": 19, "epsg_origen": 24879, "tipo_publicacion": "pedimento", "fuente_pdf": "http://www.diariooficial.interior.gob.cl/publicaciones/2026/06/30/44487/07/2830664.pdf", "archivo": "gm_pedimento_2830664.pdf", "fecha": "30-06-2026", "edicion": "44487" }, "geometry": { "type": "Polygon", "coordinates": [ [ [ -69.413996227708921, -23.765927442155906 ], [ -69.404182452941583, -23.765953428356845 ], [ -69.404210355851816, -23.774985689147254 ], [ -69.414024808070707, -23.774959691878134 ], [ -69.413996227708921, -23.765927442155906 ] ] ] } },
{ "type": "Feature", "properties": { "cve": "2830661", "nombre": "VAOGUA 6A", "solicitante": "Aguas de la Sierra Limitada", "region": "REGIÓN DE ANTOFAGASTA", "provincia": "Provincia de Antofagasta", "comuna": "Sierra Gorda", "superficie_ha": 300.0, "datum_original": "PSAD56", "huso": 19, "epsg_origen": 24879, "tipo_publicacion": "pedimento", "fuente_pdf": "http://www.diariooficial.interior.gob.cl/publicaciones/2026/06/30/44487/07/2830661.pdf", "archivo": "gm_pedimento_2830661.pdf", "fecha": "30-06-2026", "edicion": "44487" }, "geometry": { "type": "Polygon", "coordinates": [ [ [ -69.507509669048503, -23.585001417283625 ], [ -69.497709521927973, -23.585033115547937 ], [ -69.497811770695719, -23.612130154399505 ], [ -69.5076139309365, -23.612098415387997 ], [ -69.507509669048503, -23.585001417283625 ] ] ] } },
{ "type": "Feature", "properties": { "cve": "2830662", "nombre": "VAOGUA 7A", "solicitante": "Aguas de la Sierra Limitada", "region": "REGIÓN DE ANTOFAGASTA", "provincia": "Provincia de Antofagasta", "comuna": "Antofagasta", "superficie_ha": 300.0, "datum_original": "PSAD56", "huso": 19, "epsg_origen": 24879, "tipo_publicacion": "pedimento", "fuente_pdf": "http://www.diariooficial.interior.gob.cl/publicaciones/2026/06/30/44487/07/2830662.pdf", "archivo": "gm_pedimento_2830662.pdf", "fecha": "30-06-2026", "edicion": "44487" }, "geometry": { "type": "Polygon", "coordinates": [ [ [ -69.5076139309365, -23.612098415387997 ], [ -69.497811770695719, -23.612130154399505 ], [ -69.497914172249423, -23.639227097452302 ], [ -69.507718348618468, -23.639195317677348 ], [ -69.5076139309365, -23.612098415387997 ] ] ] } },
{ "type": "Feature", "properties": { "cve": "2830694", "nombre": "VULCANO", "solicitante": "Céspedes Santis Daniela Carolina", "region": "REGIÓN DE ANTOFAGASTA", "provincia": "Provincia de Antofagasta", "comuna": null, "superficie_ha": 200.0, "datum_original": "PSAD56", "huso": 19, "epsg_origen": 24879, "tipo_publicacion": "pedimento", "fuente_pdf": "http://www.diariooficial.interior.gob.cl/publicaciones/2026/06/30/44487/07/2830694.pdf", "archivo": "gm_pedimento_2830694.pdf", "fecha": "30-06-2026", "edicion": "44487" }, "geometry": { "type": "Polygon", "coordinates": [ [ [ -70.178301228600731, -25.437097434232051 ], [ -70.158414917887669, -25.437255591702325 ], [ -70.158501287052005, -25.446284202374137 ], [ -70.178389079620572, -25.446125980901279 ], [ -70.178301228600731, -25.437097434232051 ] ] ] } },
{ "type": "Feature", "properties": { "cve": "2829789", "nombre": "CONTACTO 21A", "solicitante": "Aguas de la Sierra Limitada", "region": "REGIÓN DE ANTOFAGASTA", "provincia": "Provincia de El Loa", "comuna": "Calama", "superficie_ha": 100.0, "datum_original": "PSAD56", "huso": 19, "epsg_origen": 24879, "tipo_publicacion": "pedimento", "fuente_pdf": "http://www.diariooficial.interior.gob.cl/publicaciones/2026/06/30/44487/07/2829789.pdf", "archivo": "gm_pedimento_2829789.pdf", "fecha": "30-06-2026", "edicion": "44487" }, "geometry": { "type": "Polygon", "coordinates": [ [ [ -68.793715396316244, -22.512990724986082 ], [ -68.783992201110721, -22.512977979796485 ], [ -68.783978163976201, -22.522011849748885 ], [ -68.793701991026438, -22.52202460060165 ], [ -68.793715396316244, -22.512990724986082 ] ] ] } },
{ "type": "Feature", "properties": { "cve": "2829730", "nombre": "LAUTARO 1B", "solicitante": "SCM Lautaro", "region": "REGIÓN DE ANTOFAGASTA", "provincia": "Provincia de El Loa", "comuna": null, "superficie_ha": 100.0, "datum_original": "PSAD56", "huso": 19, "epsg_origen": 24879, "tipo_publicacion": "pedimento", "fuente_pdf": "http://www.diariooficial.interior.gob.cl/publicaciones/2026/06/30/44487/07/2829730.pdf", "archivo": "gm_pedimento_2829730.pdf", "fecha": "30-06-2026", "edicion": "44487" }, "geometry": { "type": "Polygon", "coordinates": [ [ [ -69.122193329439781, -22.321103259810123 ], [ -69.112483432695726, -22.321110285508283 ], [ -69.112490673325112, -22.330144418846228 ], [ -69.122201195097688, -22.330137390004968 ], [ -69.122193329439781, -22.321103259810123 ] ] ] } },
{ "type": "Feature", "properties": { "cve": "2830452", "nombre": "Santa Mariana A", "solicitante": "Ponce Delgado Manuel", "region": "REGIÓN DE ANTOFAGASTA", "provincia": "Provincia de Tocopilla", "comuna": null, "superficie_ha": 200.0, "datum_original": "PSAD56", "huso": 19, "epsg_origen": 24879, "tipo_publicacion": "pedimento", "fuente_pdf": "http://www.diariooficial.interior.gob.cl/publicaciones/2026/06/30/44487/07/2830452.pdf", "archivo": "gm_pedimento_2830452.pdf", "fecha": "30-06-2026", "edicion": "44487" }, "geometry": { "type": "Polygon", "coordinates": [ [ [ -69.497796930283229, -22.274312185410039 ], [ -69.488090605435218, -22.274341641745611 ], [ -69.488153312399348, -22.292409379407982 ], [ -69.497860884133672, -22.29237989667158 ], [ -69.497796930283229, -22.274312185410039 ] ] ] } },
{ "type": "Feature", "properties": { "cve": "2830453", "nombre": "Santa Mariana B", "solicitante": "Ponce Delgado Manuel", "region": "REGIÓN DE ANTOFAGASTA", "provincia": "Provincia de Tocopilla", "comuna": null, "superficie_ha": 200.0, "datum_original": "PSAD56", "huso": 19, "epsg_origen": 24879, "tipo_publicacion": "pedimento", "fuente_pdf": "http://www.diariooficial.interior.gob.cl/publicaciones/2026/06/30/44487/07/2830453.pdf", "archivo": "gm_pedimento_2830453.pdf", "fecha": "30-06-2026", "edicion": "44487" }, "geometry": { "type": "Polygon", "coordinates": [ [ [ -69.488090605435218, -22.274341641745611 ], [ -69.478384264498743, -22.274370518119618 ], [ -69.478445724567294, -22.292438281663003 ], [ -69.488153312399348, -22.292409379407982 ], [ -69.488090605435218, -22.274341641745611 ] ] ] } },
{ "type": "Feature", "properties": { "cve": "2830319", "nombre": "ABUNDANCIA 1", "solicitante": "Pesenti Rojas Juan Pablo", "region": "REGIÓN DE ATACAMA", "provincia": "Provincia de Copiapó", "comuna": null, "superficie_ha": 200.0, "datum_original": "PSAD56", "huso": 19, "epsg_origen": 24879, "tipo_publicacion": "pedimento", "fuente_pdf": "http://www.diariooficial.interior.gob.cl/publicaciones/2026/06/30/44487/07/2830319.pdf", "archivo": "gm_pedimento_2830319.pdf", "fecha": "30-06-2026", "edicion": "44487" }, "geometry": { "type": "Polygon", "coordinates": [ [ [ -70.413120832022813, -27.816490149677588 ], [ -70.402970444647124, -27.816593651950246 ], [ -70.403202536184097, -27.834643268683326 ], [ -70.413354601367402, -27.834539687752219 ], [ -70.413120832022813, -27.816490149677588 ] ] ] } },
{ "type": "Feature", "properties": { "cve": "2830320", "nombre": "ABUNDANCIA 2", "solicitante": "Pesenti Rojas Juan Pablo", "region": "REGIÓN DE ATACAMA", "provincia": "Provincia de Copiapó", "comuna": null, "superficie_ha": 300.0, "datum_original": "PSAD56", "huso": 19, "epsg_origen": 24879, "tipo_publicacion": "pedimento", "fuente_pdf": "http://www.diariooficial.interior.gob.cl/publicaciones/2026/06/30/44487/07/2830320.pdf", "archivo": "gm_pedimento_2830320.pdf", "fecha": "30-06-2026", "edicion": "44487" }, "geometry": { "type": "Polygon", "coordinates": [ [ [ -70.402819700577311, -27.804861374604901 ], [ -70.392670349158735, -27.804964080493082 ], [ -70.393015841472589, -27.832038652331661 ], [ -70.403167708726343, -27.831935829320717 ], [ -70.402819700577311, -27.804861374604901 ] ] ] } },
{ "type": "Feature", "properties": { "cve": "2830321", "nombre": "ABUNDANCIA 3", "solicitante": "Pesenti Rojas Juan Pablo", "region": "REGIÓN DE ATACAMA", "provincia": "Provincia de Copiapó", "comuna": null, "superficie_ha": 300.0, "datum_original": "PSAD56", "huso": 19, "epsg_origen": 24879, "tipo_publicacion": "pedimento", "fuente_pdf": "http://www.diariooficial.interior.gob.cl/publicaciones/2026/06/30/44487/07/2830321.pdf", "archivo": "gm_pedimento_2830321.pdf", "fecha": "30-06-2026", "edicion": "44487" }, "geometry": { "type": "Polygon", "coordinates": [ [ [ -70.392670349158735, -27.804964080493082 ], [ -70.382520944345032, -27.805066041096449 ], [ -70.382863920767093, -27.832140729208138 ], [ -70.393015841472589, -27.832038652331661 ], [ -70.392670349158735, -27.804964080493082 ] ] ] } },
{ "type": "Feature", "properties": { "cve": "2830322", "nombre": "ABUNDANCIA 4", "solicitante": "Pesenti Rojas Juan Pablo", "region": "REGIÓN DE ATACAMA", "provincia": "Provincia de Copiapó", "comuna": null, "superficie_ha": 300.0, "datum_original": "PSAD56", "huso": 19, "epsg_origen": 24879, "tipo_publicacion": "pedimento", "fuente_pdf": "http://www.diariooficial.interior.gob.cl/publicaciones/2026/06/30/44487/07/2830322.pdf", "archivo": "gm_pedimento_2830322.pdf", "fecha": "30-06-2026", "edicion": "44487" }, "geometry": { "type": "Polygon", "coordinates": [ [ [ -70.412852265273884, -27.795733119844758 ], [ -70.382406724909387, -27.796041120409512 ], [ -70.382520944345032, -27.805066041096449 ], [ -70.412968998212122, -27.804757923446633 ], [ -70.412852265273884, -27.795733119844758 ] ] ] } },
{ "type": "Feature", "properties": { "cve": "2830323", "nombre": "BANDURRIAS 2", "solicitante": "Pérez Vargas Miguel Ángel", "region": "REGIÓN DE ATACAMA", "provincia": "Provincia de Copiapó", "comuna": null, "superficie_ha": 300.0, "datum_original": "PSAD56", "huso": 19, "epsg_origen": 24879, "tipo_publicacion": "pedimento", "fuente_pdf": "http://www.diariooficial.interior.gob.cl/publicaciones/2026/06/30/44487/07/2830323.pdf", "archivo": "gm_pedimento_2830323.pdf", "fecha": "30-06-2026", "edicion": "44487" }, "geometry": { "type": "Polygon", "coordinates": [ [ [ -70.413787646686487, -27.86793120293235 ], [ -70.403632473455247, -27.868034929448456 ], [ -70.403981613066392, -27.895109124827538 ], [ -70.414139310251656, -27.895005280205694 ], [ -70.413787646686487, -27.86793120293235 ] ] ] } },
{ "type": "Feature", "properties": { "cve": "2830324", "nombre": "BANDURRIAS 3", "solicitante": "Pérez Vargas Miguel Ángel", "region": "REGIÓN DE ATACAMA", "provincia": "Provincia de Copiapó", "comuna": null, "superficie_ha": 300.0, "datum_original": "PSAD56", "huso": 19, "epsg_origen": 24879, "tipo_publicacion": "pedimento", "fuente_pdf": "http://www.diariooficial.interior.gob.cl/publicaciones/2026/06/30/44487/07/2830324.pdf", "archivo": "gm_pedimento_2830324.pdf", "fecha": "30-06-2026", "edicion": "44487" }, "geometry": { "type": "Polygon", "coordinates": [ [ [ -70.423942765611116, -27.867826729177796 ], [ -70.413787646686487, -27.86793120293235 ], [ -70.414139310251656, -27.895005280205694 ], [ -70.424296953072627, -27.894900687494779 ], [ -70.423942765611116, -27.867826729177796 ] ] ] } },
{ "type": "Feature", "properties": { "cve": "2830325", "nombre": "PAJONALES 1", "solicitante": "Pérez Vargas Miguel Ángel", "region": "REGIÓN DE ATACAMA", "provincia": "Provincia de Copiapó", "comuna": null, "superficie_ha": 300.0, "datum_original": "PSAD56", "huso": 19, "epsg_origen": 24879, "tipo_publicacion": "pedimento", "fuente_pdf": "http://www.diariooficial.interior.gob.cl/publicaciones/2026/06/30/44487/07/2830325.pdf", "archivo": "gm_pedimento_2830325.pdf", "fecha": "30-06-2026", "edicion": "44487" }, "geometry": { "type": "Polygon", "coordinates": [ [ [ -70.393373355591365, -27.860015593245851 ], [ -70.38321883145224, -27.860117790330275 ], [ -70.383562779457918, -27.887192252701038 ], [ -70.393719826612852, -27.88708993922906 ], [ -70.393373355591365, -27.860015593245851 ] ] ] } },
{ "type": "Feature", "properties": { "cve": "2830326", "nombre": "PAJONALES 2", "solicitante": "Pérez Vargas Miguel Ángel", "region": "REGIÓN DE ATACAMA", "provincia": "Provincia de Copiapó", "comuna": null, "superficie_ha": 300.0, "datum_original": "PSAD56", "huso": 19, "epsg_origen": 24879, "tipo_publicacion": "pedimento", "fuente_pdf": "http://www.diariooficial.interior.gob.cl/publicaciones/2026/06/30/44487/07/2830326.pdf", "archivo": "gm_pedimento_2830326.pdf", "fecha": "30-06-2026", "edicion": "44487" }, "geometry": { "type": "Polygon", "coordinates": [ [ [ -70.38321883145224, -27.860117790330275 ], [ -70.373064254192286, -27.860219240387153 ], [ -70.373405679125725, -27.887293818294943 ], [ -70.383562779457918, -27.887192252701038 ], [ -70.38321883145224, -27.860117790330275 ] ] ] } },
{ "type": "Feature", "properties": { "cve": "2830327", "nombre": "PAJONALES 3", "solicitante": "Pérez Vargas Miguel Ángel", "region": "REGIÓN DE ATACAMA", "provincia": "Provincia de Copiapó", "comuna": null, "superficie_ha": 300.0, "datum_original": "PSAD56", "huso": 19, "epsg_origen": 24879, "tipo_publicacion": "pedimento", "fuente_pdf": "http://www.diariooficial.interior.gob.cl/publicaciones/2026/06/30/44487/07/2830327.pdf", "archivo": "gm_pedimento_2830327.pdf", "fecha": "30-06-2026", "edicion": "44487" }, "geometry": { "type": "Polygon", "coordinates": [ [ [ -70.373064254192286, -27.860219240387153 ], [ -70.362909624201023, -27.860319943401972 ], [ -70.363248526006203, -27.887394635996202 ], [ -70.373405679125725, -27.887293818294943 ], [ -70.373064254192286, -27.860219240387153 ] ] ] } },
{ "type": "Feature", "properties": { "cve": "2830328", "nombre": "PAJONALES 4", "solicitante": "Pérez Vargas Miguel Ángel", "region": "REGIÓN DE ATACAMA", "provincia": "Provincia de Copiapó", "comuna": null, "superficie_ha": 300.0, "datum_original": "PSAD56", "huso": 19, "epsg_origen": 24879, "tipo_publicacion": "pedimento", "fuente_pdf": "http://www.diariooficial.interior.gob.cl/publicaciones/2026/06/30/44487/07/2830328.pdf", "archivo": "gm_pedimento_2830328.pdf", "fecha": "30-06-2026", "edicion": "44487" }, "geometry": { "type": "Polygon", "coordinates": [ [ [ -70.403411602718904, -27.850887881524958 ], [ -70.372950551369172, -27.851194356413639 ], [ -70.373064254192286, -27.860219240387153 ], [ -70.403527826220113, -27.859912649148491 ], [ -70.403411602718904, -27.850887881524958 ] ] ] } },
{ "type": "Feature", "properties": { "cve": "2830329", "nombre": "PAJONALES 5", "solicitante": "Pérez Vargas Miguel Ángel", "region": "REGIÓN DE ATACAMA", "provincia": "Provincia de Copiapó", "comuna": null, "superficie_ha": 300.0, "datum_original": "PSAD56", "huso": 19, "epsg_origen": 24879, "tipo_publicacion": "pedimento", "fuente_pdf": "http://www.diariooficial.interior.gob.cl/publicaciones/2026/06/30/44487/07/2830329.pdf", "archivo": "gm_pedimento_2830329.pdf", "fecha": "30-06-2026", "edicion": "44487" }, "geometry": { "type": "Polygon", "coordinates": [ [ [ -70.403876820200594, -27.886986877893619 ], [ -70.373405679125725, -27.887293818294943 ], [ -70.373519592987151, -27.896318652917437 ], [ -70.403993259416637, -27.896011596090968 ], [ -70.403876820200594, -27.886986877893619 ] ] ] } },
{ "type": "Feature", "properties": { "cve": "2830654", "nombre": "Tauro 1", "solicitante": "Veth Raffo Daniela", "region": "REGIÓN DE ATACAMA", "provincia": "Provincia de Copiapó", "comuna": "Copiapó", "superficie_ha": 300.0, "datum_original": "PSAD56", "huso": 19, "epsg_origen": 24879, "tipo_publicacion": "pedimento", "fuente_pdf": "http://www.diariooficial.interior.gob.cl/publicaciones/2026/06/30/44487/07/2830654.pdf", "archivo": "gm_pedimento_2830654.pdf", "fecha": "30-06-2026", "edicion": "44487" }, "geometry": { "type": "Polygon", "coordinates": [ [ [ -70.616611412713056, -27.847652019527398 ], [ -70.586154228439511, -27.848005515250719 ], [ -70.586285566187513, -27.857029532464409 ], [ -70.616745269743717, -27.856675902542801 ], [ -70.616611412713056, -27.847652019527398 ] ] ] } },
{ "type": "Feature", "properties": { "cve": "2829334", "nombre": "El Sabio 1", "solicitante": "Veth Raffo Daniela", "region": "REGIÓN DE COQUIMBO", "provincia": "Provincia de Elqui", "comuna": "Paihuano", "superficie_ha": 300.0, "datum_original": "PSAD56", "huso": 19, "epsg_origen": 24879, "tipo_publicacion": "pedimento", "fuente_pdf": "http://www.diariooficial.interior.gob.cl/publicaciones/2026/06/30/44487/07/2829334.pdf", "archivo": "gm_pedimento_2829334.pdf", "fecha": "30-06-2026", "edicion": "44487" }, "geometry": { "type": "Polygon", "coordinates": [ [ [ -70.259157216039483, -30.21585981684786 ], [ -70.248768860315209, -30.215959193296193 ], [ -70.249110947170919, -30.243025548086397 ], [ -70.259502146848135, -30.242926064203797 ], [ -70.259157216039483, -30.21585981684786 ] ] ] } },
{ "type": "Feature", "properties": { "cve": "2829335", "nombre": "El Sabio 2", "solicitante": "Veth Raffo Daniela", "region": "REGIÓN DE COQUIMBO", "provincia": "Provincia de Elqui", "comuna": "Paihuano", "superficie_ha": 300.0, "datum_original": "PSAD56", "huso": 19, "epsg_origen": 24879, "tipo_publicacion": "pedimento", "fuente_pdf": "http://www.diariooficial.interior.gob.cl/publicaciones/2026/06/30/44487/07/2829335.pdf", "archivo": "gm_pedimento_2829335.pdf", "fecha": "30-06-2026", "edicion": "44487" }, "geometry": { "type": "Polygon", "coordinates": [ [ [ -70.248768860315209, -30.215959193296193 ], [ -70.238380452983677, -30.2160577468856 ], [ -70.238719695827314, -30.243124208220721 ], [ -70.249110947170919, -30.243025548086397 ], [ -70.248768860315209, -30.215959193296193 ] ] ] } },
{ "type": "Feature", "properties": { "cve": "2829336", "nombre": "El Sabio 3", "solicitante": "Veth Raffo Daniela", "region": "REGIÓN DE COQUIMBO", "provincia": "Provincia de Elqui", "comuna": "Paihuano", "superficie_ha": 300.0, "datum_original": "PSAD56", "huso": 19, "epsg_origen": 24879, "tipo_publicacion": "pedimento", "fuente_pdf": "http://www.diariooficial.interior.gob.cl/publicaciones/2026/06/30/44487/07/2829336.pdf", "archivo": "gm_pedimento_2829336.pdf", "fecha": "30-06-2026", "edicion": "44487" }, "geometry": { "type": "Polygon", "coordinates": [ [ [ -70.238380452983677, -30.2160577468856 ], [ -70.227991994473797, -30.216155477601585 ], [ -70.228328393246713, -30.243222044592237 ], [ -70.238719695827314, -30.243124208220721 ], [ -70.238380452983677, -30.2160577468856 ] ] ] } },
{ "type": "Feature", "properties": { "cve": "2829337", "nombre": "El Sabio 4", "solicitante": "Veth Raffo Daniela", "region": "REGIÓN DE COQUIMBO", "provincia": "Provincia de Elqui", "comuna": "Paihuano", "superficie_ha": 300.0, "datum_original": "PSAD56", "huso": 19, "epsg_origen": 24879, "tipo_publicacion": "pedimento", "fuente_pdf": "http://www.diariooficial.interior.gob.cl/publicaciones/2026/06/30/44487/07/2829337.pdf", "archivo": "gm_pedimento_2829337.pdf", "fecha": "30-06-2026", "edicion": "44487" }, "geometry": { "type": "Polygon", "coordinates": [ [ [ -70.227991994473797, -30.216155477601585 ], [ -70.21760348521444, -30.216252385429737 ], [ -70.217937039858526, -30.243319057186483 ], [ -70.228328393246713, -30.243222044592237 ], [ -70.227991994473797, -30.216155477601585 ] ] ] } },
{ "type": "Feature", "properties": { "cve": "2829338", "nombre": "El Sabio 5", "solicitante": "Veth Raffo Daniela", "region": "REGIÓN DE COQUIMBO", "provincia": "Provincia de Elqui", "comuna": "Paihuano", "superficie_ha": 300.0, "datum_original": "PSAD56", "huso": 19, "epsg_origen": 24879, "tipo_publicacion": "pedimento", "fuente_pdf": "http://www.diariooficial.interior.gob.cl/publicaciones/2026/06/30/44487/07/2829338.pdf", "archivo": "gm_pedimento_2829338.pdf", "fecha": "30-06-2026", "edicion": "44487" }, "geometry": { "type": "Polygon", "coordinates": [ [ [ -70.21760348521444, -30.216252385429737 ], [ -70.207214925634531, -30.21634847035574 ], [ -70.207545636092121, -30.243415245989169 ], [ -70.217937039858526, -30.243319057186483 ], [ -70.21760348521444, -30.216252385429737 ] ] ] } },
{ "type": "Feature", "properties": { "cve": "2829339", "nombre": "El Sabio 6", "solicitante": "Veth Raffo Daniela", "region": "REGIÓN DE COQUIMBO", "provincia": "Provincia de Elqui", "comuna": "Paihuano", "superficie_ha": 300.0, "datum_original": "PSAD56", "huso": 19, "epsg_origen": 24879, "tipo_publicacion": "pedimento", "fuente_pdf": "http://www.diariooficial.interior.gob.cl/publicaciones/2026/06/30/44487/07/2829339.pdf", "archivo": "gm_pedimento_2829339.pdf", "fecha": "30-06-2026", "edicion": "44487" }, "geometry": { "type": "Polygon", "coordinates": [ [ [ -70.207214925634531, -30.21634847035574 ], [ -70.196826316163026, -30.216443732365452 ], [ -70.197154182376934, -30.243510610986114 ], [ -70.207545636092121, -30.243415245989169 ], [ -70.207214925634531, -30.21634847035574 ] ] ] } },
{ "type": "Feature", "properties": { "cve": "2829340", "nombre": "El Sabio 7", "solicitante": "Veth Raffo Daniela", "region": "REGIÓN DE COQUIMBO", "provincia": "Provincia de Elqui", "comuna": "Paihuano", "superficie_ha": 300.0, "datum_original": "PSAD56", "huso": 19, "epsg_origen": 24879, "tipo_publicacion": "pedimento", "fuente_pdf": "http://www.diariooficial.interior.gob.cl/publicaciones/2026/06/30/44487/07/2829340.pdf", "archivo": "gm_pedimento_2829340.pdf", "fecha": "30-06-2026", "edicion": "44487" }, "geometry": { "type": "Polygon", "coordinates": [ [ [ -70.238719695827314, -30.243124208220721 ], [ -70.207545636092121, -30.243415245989169 ], [ -70.207655972783954, -30.252437478745467 ], [ -70.238832879223594, -30.25214633617351 ], [ -70.238719695827314, -30.243124208220721 ] ] ] } },
{ "type": "Feature", "properties": { "cve": "2829341", "nombre": "El Sabio 8", "solicitante": "Veth Raffo Daniela", "region": "REGIÓN DE COQUIMBO", "provincia": "Provincia de Elqui", "comuna": "Paihuano", "superficie_ha": 200.0, "datum_original": "PSAD56", "huso": 19, "epsg_origen": 24879, "tipo_publicacion": "pedimento", "fuente_pdf": "http://www.diariooficial.interior.gob.cl/publicaciones/2026/06/30/44487/07/2829341.pdf", "archivo": "gm_pedimento_2829341.pdf", "fecha": "30-06-2026", "edicion": "44487" }, "geometry": { "type": "Polygon", "coordinates": [ [ [ -70.259502146848135, -30.242926064203797 ], [ -70.238719695827314, -30.243124208220721 ], [ -70.238832879223594, -30.25214633617351 ], [ -70.259617227949818, -30.251948120804744 ], [ -70.259502146848135, -30.242926064203797 ] ] ] } },
{ "type": "Feature", "properties": { "cve": "2829342", "nombre": "El Sabio 9", "solicitante": "Veth Raffo Daniela", "region": "REGIÓN DE COQUIMBO", "provincia": "Provincia de Elqui", "comuna": "Paihuano", "superficie_ha": 300.0, "datum_original": "PSAD56", "huso": 19, "epsg_origen": 24879, "tipo_publicacion": "pedimento", "fuente_pdf": "http://www.diariooficial.interior.gob.cl/publicaciones/2026/06/30/44487/07/2829342.pdf", "archivo": "gm_pedimento_2829342.pdf", "fecha": "30-06-2026", "edicion": "44487" }, "geometry": { "type": "Polygon", "coordinates": [ [ [ -70.259042343202495, -30.206837708552914 ], [ -70.227879963074727, -30.207133262799715 ], [ -70.227991994473797, -30.216155477601585 ], [ -70.259157216039483, -30.21585981684786 ], [ -70.259042343202495, -30.206837708552914 ] ] ] } },
{ "type": "Feature", "properties": { "cve": "2829478", "nombre": "JOSEFA II 7", "solicitante": "Prospecciones Greenfield SpA", "region": "REGIÓN DEL BIOBÍO", "provincia": "Provincia de Concepción", "comuna": null, "superficie_ha": 100.0, "datum_original": "PSAD56", "huso": 18, "epsg_origen": 24878, "tipo_publicacion": "pedimento", "fuente_pdf": "http://www.diariooficial.interior.gob.cl/publicaciones/2026/06/30/44487/07/2829478.pdf", "archivo": "gm_pedimento_2829478.pdf", "fecha": "30-06-2026", "edicion": "44487" }, "geometry": { "type": "Polygon", "coordinates": [ [ [ -72.883761327361441, -36.895433768790646 ], [ -72.872545442606551, -36.895233410451787 ], [ -72.872295272787298, -36.90424175270681 ], [ -72.883512474024386, -36.904442176259074 ], [ -72.883761327361441, -36.895433768790646 ] ] ] } }
]
}
