{
"type": "FeatureCollection",
"name": "boletin_mineria_20260622",
"crs": { "type": "name", "properties": { "name": "urn:ogc:def:crs:OGC:1.3:CRS84" } },
"features": [
{ "type": "Feature", "properties": { "cve": "2826568", "nombre": "ELENA 1 AL 6", "solicitante": "Álvarez Leiva Cristián Eduardo", "region": "REGIÓN DE TARAPACÁ", "provincia": "Provincia de Iquique", "comuna": "Iquique", "superficie_ha": 12.0, "datum_original": "PSAD56", "huso": 19, "epsg_origen": 24879, "tipo_publicacion": "manifestacion", "fuente_pdf": "http://www.diariooficial.interior.gob.cl/publicaciones/2026/06/22/44481/07/2826568.pdf", "archivo": "gm_manifestacion_2826568.pdf", "fecha": "22-06-2026", "edicion": "44481" }, "geometry": { "type": "Polygon", "coordinates": [ [ [ -70.050221463129233, -20.819029326969687 ], [ -70.044456196170898, -20.819064541741955 ], [ -70.04446864718733, -20.820871399489235 ], [ -70.050233982843039, -20.820836181383616 ], [ -70.050221463129233, -20.819029326969687 ] ] ] } },
{ "type": "Feature", "properties": { "cve": "2826569", "nombre": "TOMIKO 1 AL 22", "solicitante": "Álvarez Leiva Cristián Eduardo", "region": "REGIÓN DE TARAPACÁ", "provincia": "Provincia de Iquique", "comuna": "Iquique", "superficie_ha": 66.0, "datum_original": "PSAD56", "huso": 19, "epsg_origen": 24879, "tipo_publicacion": "manifestacion", "fuente_pdf": "http://www.diariooficial.interior.gob.cl/publicaciones/2026/06/22/44481/07/2826569.pdf", "archivo": "gm_manifestacion_2826569.pdf", "fecha": "22-06-2026", "edicion": "44481" }, "geometry": { "type": "Polygon", "coordinates": [ [ [ -70.060197154686605, -20.8713686617604 ], [ -70.054429912647237, -20.87140429706189 ], [ -70.054499253780449, -20.88134191671665 ], [ -70.060266874910909, -20.881306262900296 ], [ -70.060197154686605, -20.8713686617604 ] ] ] } },
{ "type": "Feature", "properties": { "cve": "2827013", "nombre": "EFRATA DEL 1 AL 16", "solicitante": "Hevia Palma Ninoska Alejandra", "region": "REGIÓN DE TARAPACÁ", "provincia": "Provincia del Tamarugal", "comuna": "Pozo Almonte", "superficie_ha": 160.0, "datum_original": "PSAD56", "huso": 19, "epsg_origen": 24879, "tipo_publicacion": "manifestacion", "fuente_pdf": "http://www.diariooficial.interior.gob.cl/publicaciones/2026/06/22/44481/07/2827013.pdf", "archivo": "gm_manifestacion_2827013.pdf", "fecha": "22-06-2026", "edicion": "44481" }, "geometry": { "type": "Polygon", "coordinates": [ [ [ -69.55148941598199, -21.343593524326796 ], [ -69.532201948381015, -21.34365571132027 ], [ -69.532228032593693, -21.350883583018025 ], [ -69.551516445394782, -21.350821372950772 ], [ -69.55148941598199, -21.343593524326796 ] ] ] } },
{ "type": "Feature", "properties": { "cve": "2827014", "nombre": "ERIKA DEL 1 AL 24", "solicitante": "Hevia Pinto Erika Estephany", "region": "REGIÓN DE TARAPACÁ", "provincia": "Provincia del Tamarugal", "comuna": "Pozo Almonte", "superficie_ha": 240.0, "datum_original": "PSAD56", "huso": 19, "epsg_origen": 24879, "tipo_publicacion": "manifestacion", "fuente_pdf": "http://www.diariooficial.interior.gob.cl/publicaciones/2026/06/22/44481/07/2827014.pdf", "archivo": "gm_manifestacion_2827014.pdf", "fecha": "22-06-2026", "edicion": "44481" }, "geometry": { "type": "Polygon", "coordinates": [ [ [ -69.609351382324192, -21.343393683417677 ], [ -69.580420483319827, -21.343496093826065 ], [ -69.58044893050311, -21.35072390629961 ], [ -69.609381247240719, -21.350621457893098 ], [ -69.609351382324192, -21.343393683417677 ] ] ] } },
{ "type": "Feature", "properties": { "cve": "2827015", "nombre": "EVA DEL 1 AL 30", "solicitante": "Hevia Cabello Juan Fernando", "region": "REGIÓN DE TARAPACÁ", "provincia": "Provincia del Tamarugal", "comuna": "Pozo Almonte", "superficie_ha": 300.0, "datum_original": "PSAD56", "huso": 19, "epsg_origen": 24879, "tipo_publicacion": "manifestacion", "fuente_pdf": "http://www.diariooficial.interior.gob.cl/publicaciones/2026/06/22/44481/07/2827015.pdf", "archivo": "gm_manifestacion_2827015.pdf", "fecha": "22-06-2026", "edicion": "44481" }, "geometry": { "type": "Polygon", "coordinates": [ [ [ -69.628334997111011, -21.271948291869425 ], [ -69.599418182839514, -21.272053634952364 ], [ -69.599454772676069, -21.281088445945077 ], [ -69.628373351818524, -21.280983053870042 ], [ -69.628334997111011, -21.271948291869425 ] ] ] } },
{ "type": "Feature", "properties": { "cve": "2827016", "nombre": "LESYMEL DEL 1 AL 24", "solicitante": "Hevia Cabello Jorge Segundo", "region": "REGIÓN DE TARAPACÁ", "provincia": "Provincia del Tamarugal", "comuna": "Pozo Almonte", "superficie_ha": 240.0, "datum_original": "PSAD56", "huso": 19, "epsg_origen": 24879, "tipo_publicacion": "manifestacion", "fuente_pdf": "http://www.diariooficial.interior.gob.cl/publicaciones/2026/06/22/44481/07/2827016.pdf", "archivo": "gm_manifestacion_2827016.pdf", "fecha": "22-06-2026", "edicion": "44481" }, "geometry": { "type": "Polygon", "coordinates": [ [ [ -69.532201948381015, -21.34365571132027 ], [ -69.503270619130362, -21.343744841716585 ], [ -69.503295285514554, -21.350972746485176 ], [ -69.532228032593693, -21.350883583018025 ], [ -69.532201948381015, -21.34365571132027 ] ] ] } },
{ "type": "Feature", "properties": { "cve": "2827017", "nombre": "MIADENISS 1 AL 30", "solicitante": "Guzmán Balcázar María Elena", "region": "REGIÓN DE TARAPACÁ", "provincia": "Provincia del Tamarugal", "comuna": "Pozo Almonte", "superficie_ha": 300.0, "datum_original": "PSAD56", "huso": 19, "epsg_origen": 24879, "tipo_publicacion": "manifestacion", "fuente_pdf": "http://www.diariooficial.interior.gob.cl/publicaciones/2026/06/22/44481/07/2827017.pdf", "archivo": "gm_manifestacion_2827017.pdf", "fecha": "22-06-2026", "edicion": "44481" }, "geometry": { "type": "Polygon", "coordinates": [ [ [ -69.609243227328975, -21.317192948052771 ], [ -69.599601324961412, -21.317227591522769 ], [ -69.599711441910728, -21.344331847299493 ], [ -69.609355114751423, -21.344297155572271 ], [ -69.609243227328975, -21.317192948052771 ] ] ] } },
{ "type": "Feature", "properties": { "cve": "2827028", "nombre": "PAMPA XIII 1 AL 30", "solicitante": "Zabaleta Andrade José Iván", "region": "REGIÓN DE TARAPACÁ", "provincia": "Provincia del Tamarugal", "comuna": "Pozo Almonte", "superficie_ha": 300.0, "datum_original": "WGS84", "huso": 19, "epsg_origen": 32719, "tipo_publicacion": "manifestacion", "fuente_pdf": "http://www.diariooficial.interior.gob.cl/publicaciones/2026/06/22/44481/07/2827028.pdf", "archivo": "gm_manifestacion_2827028.pdf", "fecha": "22-06-2026", "edicion": "44481" }, "geometry": { "type": "Polygon", "coordinates": [ [ [ -69.366608289769829, -21.395824551216396 ], [ -69.356960847183785, -21.395845363955186 ], [ -69.357026680452122, -21.422950468295635 ], [ -69.36667590219254, -21.422929626654248 ], [ -69.366608289769829, -21.395824551216396 ] ] ] } },
{ "type": "Feature", "properties": { "cve": "2827029", "nombre": "PAMPITA 1 AL 10", "solicitante": "Zabaleta Andrade José Iván", "region": "REGIÓN DE TARAPACÁ", "provincia": "Provincia del Tamarugal", "comuna": "Pozo Almonte", "superficie_ha": 100.0, "datum_original": "WGS84", "huso": 19, "epsg_origen": 32719, "tipo_publicacion": "manifestacion", "fuente_pdf": "http://www.diariooficial.interior.gob.cl/publicaciones/2026/06/22/44481/07/2827029.pdf", "archivo": "gm_manifestacion_2827029.pdf", "fecha": "22-06-2026", "edicion": "44481" }, "geometry": { "type": "Polygon", "coordinates": [ [ [ -69.448633092565572, -21.402853191222547 ], [ -69.438985286314505, -21.402878730563248 ], [ -69.439012268728703, -21.411913677218372 ], [ -69.44866066793827, -21.411888126060219 ], [ -69.448633092565572, -21.402853191222547 ] ] ] } },
{ "type": "Feature", "properties": { "cve": "2826977", "nombre": "ALADINO III 1, 1 AL 20", "solicitante": "Antofagasta Minerals S.A.", "region": "REGIÓN DE ANTOFAGASTA", "provincia": "Provincia de Antofagasta", "comuna": null, "superficie_ha": 200.0, "datum_original": "PSAD56", "huso": 19, "epsg_origen": 24879, "tipo_publicacion": "manifestacion", "fuente_pdf": "http://www.diariooficial.interior.gob.cl/publicaciones/2026/06/22/44481/07/2826977.pdf", "archivo": "gm_manifestacion_2826977.pdf", "fecha": "22-06-2026", "edicion": "44481" }, "geometry": { "type": "Polygon", "coordinates": [ [ [ -70.095361887624023, -22.849023671199099 ], [ -70.085616675493796, -22.849090419222247 ], [ -70.085760143716854, -22.867154253722628 ], [ -70.095506643087674, -22.867087447079196 ], [ -70.095361887624023, -22.849023671199099 ] ] ] } },
{ "type": "Feature", "properties": { "cve": "2826978", "nombre": "ALADINO III 2, 1 AL 30", "solicitante": "Antofagasta Minerals S.A.", "region": "REGIÓN DE ANTOFAGASTA", "provincia": "Provincia de Antofagasta", "comuna": null, "superficie_ha": 300.0, "datum_original": "PSAD56", "huso": 19, "epsg_origen": 24879, "tipo_publicacion": "manifestacion", "fuente_pdf": "http://www.diariooficial.interior.gob.cl/publicaciones/2026/06/22/44481/07/2826978.pdf", "archivo": "gm_manifestacion_2826978.pdf", "fecha": "22-06-2026", "edicion": "44481" }, "geometry": { "type": "Polygon", "coordinates": [ [ [ -70.145251066917524, -22.871253311360768 ], [ -70.135504435847466, -22.87132317671356 ], [ -70.135729827100377, -22.89841837663808 ], [ -70.145478391795393, -22.898348419314281 ], [ -70.145251066917524, -22.871253311360768 ] ] ] } },
{ "type": "Feature", "properties": { "cve": "2826979", "nombre": "ALADINO III 3, 1 AL 30", "solicitante": "Antofagasta Minerals S.A.", "region": "REGIÓN DE ANTOFAGASTA", "provincia": "Provincia de Antofagasta", "comuna": null, "superficie_ha": 300.0, "datum_original": "PSAD56", "huso": 19, "epsg_origen": 24879, "tipo_publicacion": "manifestacion", "fuente_pdf": "http://www.diariooficial.interior.gob.cl/publicaciones/2026/06/22/44481/07/2826979.pdf", "archivo": "gm_manifestacion_2826979.pdf", "fecha": "22-06-2026", "edicion": "44481" }, "geometry": { "type": "Polygon", "coordinates": [ [ [ -70.135504435847466, -22.87132317671356 ], [ -70.12575776679293, -22.871392445212543 ], [ -70.125981224387274, -22.898487736322458 ], [ -70.135729827100377, -22.89841837663808 ], [ -70.135504435847466, -22.87132317671356 ] ] ] } },
{ "type": "Feature", "properties": { "cve": "2826980", "nombre": "ALADINO III 4, 1 AL 30", "solicitante": "Antofagasta Minerals S.A.", "region": "REGIÓN DE ANTOFAGASTA", "provincia": "Provincia de Antofagasta", "comuna": null, "superficie_ha": 300.0, "datum_original": "PSAD56", "huso": 19, "epsg_origen": 24879, "tipo_publicacion": "manifestacion", "fuente_pdf": "http://www.diariooficial.interior.gob.cl/publicaciones/2026/06/22/44481/07/2826980.pdf", "archivo": "gm_manifestacion_2826980.pdf", "fecha": "22-06-2026", "edicion": "44481" }, "geometry": { "type": "Polygon", "coordinates": [ [ [ -70.12575776679293, -22.871392445212543 ], [ -70.1160110600797, -22.871461116848305 ], [ -70.116232583982125, -22.898556498357994 ], [ -70.125981224387274, -22.898487736322458 ], [ -70.12575776679293, -22.871392445212543 ] ] ] } },
{ "type": "Feature", "properties": { "cve": "2826981", "nombre": "ALADINO III 5, 1 AL 30", "solicitante": "Antofagasta Minerals S.A.", "region": "REGIÓN DE ANTOFAGASTA", "provincia": "Provincia de Antofagasta", "comuna": null, "superficie_ha": 300.0, "datum_original": "PSAD56", "huso": 19, "epsg_origen": 24879, "tipo_publicacion": "manifestacion", "fuente_pdf": "http://www.diariooficial.interior.gob.cl/publicaciones/2026/06/22/44481/07/2826981.pdf", "archivo": "gm_manifestacion_2826981.pdf", "fecha": "22-06-2026", "edicion": "44481" }, "geometry": { "type": "Polygon", "coordinates": [ [ [ -70.1160110600797, -22.871461116848305 ], [ -70.106264316033631, -22.871529191611511 ], [ -70.106483906211068, -22.898624662735344 ], [ -70.116232583982125, -22.898556498357994 ], [ -70.1160110600797, -22.871461116848305 ] ] ] } },
{ "type": "Feature", "properties": { "cve": "2826982", "nombre": "ALADINO III 6, 1 AL 30", "solicitante": "Antofagasta Minerals S.A.", "region": "REGIÓN DE ANTOFAGASTA", "provincia": "Provincia de Antofagasta", "comuna": null, "superficie_ha": 300.0, "datum_original": "PSAD56", "huso": 19, "epsg_origen": 24879, "tipo_publicacion": "manifestacion", "fuente_pdf": "http://www.diariooficial.interior.gob.cl/publicaciones/2026/06/22/44481/07/2826982.pdf", "archivo": "gm_manifestacion_2826982.pdf", "fecha": "22-06-2026", "edicion": "44481" }, "geometry": { "type": "Polygon", "coordinates": [ [ [ -70.106264316033631, -22.871529191611511 ], [ -70.096517534980521, -22.871596669492927 ], [ -70.096735191400214, -22.898692229445231 ], [ -70.106483906211068, -22.898624662735344 ], [ -70.106264316033631, -22.871529191611511 ] ] ] } },
{ "type": "Feature", "properties": { "cve": "2826983", "nombre": "ALADINO III 7, 1 AL 30", "solicitante": "Antofagasta Minerals S.A.", "region": "REGIÓN DE ANTOFAGASTA", "provincia": "Provincia de Antofagasta", "comuna": null, "superficie_ha": 300.0, "datum_original": "PSAD56", "huso": 19, "epsg_origen": 24879, "tipo_publicacion": "manifestacion", "fuente_pdf": "http://www.diariooficial.interior.gob.cl/publicaciones/2026/06/22/44481/07/2826983.pdf", "archivo": "gm_manifestacion_2826983.pdf", "fecha": "22-06-2026", "edicion": "44481" }, "geometry": { "type": "Polygon", "coordinates": [ [ [ -70.096517534980521, -22.871596669492927 ], [ -70.086770717246196, -22.87166355048338 ], [ -70.086986439875687, -22.898759198478498 ], [ -70.096735191400214, -22.898692229445231 ], [ -70.096517534980521, -22.871596669492927 ] ] ] } },
{ "type": "Feature", "properties": { "cve": "2826984", "nombre": "ALADINO III 8, 1 AL 30", "solicitante": "Antofagasta Minerals S.A.", "region": "REGIÓN DE ANTOFAGASTA", "provincia": "Provincia de Antofagasta", "comuna": null, "superficie_ha": 300.0, "datum_original": "PSAD56", "huso": 19, "epsg_origen": 24879, "tipo_publicacion": "manifestacion", "fuente_pdf": "http://www.diariooficial.interior.gob.cl/publicaciones/2026/06/22/44481/07/2826984.pdf", "archivo": "gm_manifestacion_2826984.pdf", "fecha": "22-06-2026", "edicion": "44481" }, "geometry": { "type": "Polygon", "coordinates": [ [ [ -70.086770717246196, -22.87166355048338 ], [ -70.077023863156512, -22.871729834573781 ], [ -70.077237651963586, -22.898825569826034 ], [ -70.086986439875687, -22.898759198478498 ], [ -70.086770717246196, -22.87166355048338 ] ] ] } },
{ "type": "Feature", "properties": { "cve": "2826985", "nombre": "ALADINO III 9, 1 AL 200", "solicitante": "Antofagasta Minerals S.A.", "region": "REGIÓN DE ANTOFAGASTA", "provincia": "Provincia de Antofagasta", "comuna": null, "superficie_ha": 200.0, "datum_original": "PSAD56", "huso": 19, "epsg_origen": 24879, "tipo_publicacion": "manifestacion", "fuente_pdf": "http://www.diariooficial.interior.gob.cl/publicaciones/2026/06/22/44481/07/2826985.pdf", "archivo": "gm_manifestacion_2826985.pdf", "fecha": "22-06-2026", "edicion": "44481" }, "geometry": { "type": "Polygon", "coordinates": [ [ [ -70.085724263045307, -22.862638299053916 ], [ -70.075978049294733, -22.862704494401743 ], [ -70.076120338223561, -22.880768355353208 ], [ -70.08586784021341, -22.880702101897523 ], [ -70.085724263045307, -22.862638299053916 ] ] ] } },
{ "type": "Feature", "properties": { "cve": "2825783", "nombre": "AMANECER SEGUNDA 1 AL 20", "solicitante": "Valderrama Álvarez Claudio Andrés y otro", "region": "REGIÓN DE ANTOFAGASTA", "provincia": "Provincia de Antofagasta", "comuna": null, "superficie_ha": 100.0, "datum_original": "PSAD56", "huso": 19, "epsg_origen": 24879, "tipo_publicacion": "manifestacion", "fuente_pdf": "http://www.diariooficial.interior.gob.cl/publicaciones/2026/06/22/44481/07/2825783.pdf", "archivo": "gm_manifestacion_2825783.pdf", "fecha": "22-06-2026", "edicion": "44481" }, "geometry": { "type": "Polygon", "coordinates": [ [ [ -70.160744822835127, -24.949639821714108 ], [ -70.150841119430837, -24.949716652770984 ], [ -70.150925051016884, -24.958745887546343 ], [ -70.160829476311037, -24.95866902495089 ], [ -70.160744822835127, -24.949639821714108 ] ] ] } },
{ "type": "Feature", "properties": { "cve": "2826789", "nombre": "ARAS II 1, 1 AL 10", "solicitante": "Antofagasta Minerals S.A.", "region": "REGIÓN DE ANTOFAGASTA", "provincia": "Provincia de Antofagasta", "comuna": null, "superficie_ha": 100.0, "datum_original": "PSAD56", "huso": 19, "epsg_origen": 24879, "tipo_publicacion": "manifestacion", "fuente_pdf": "http://www.diariooficial.interior.gob.cl/publicaciones/2026/06/22/44481/07/2826789.pdf", "archivo": "gm_manifestacion_2826789.pdf", "fecha": "22-06-2026", "edicion": "44481" }, "geometry": { "type": "Polygon", "coordinates": [ [ [ -69.266086125285241, -23.418496769056514 ], [ -69.256298007597508, -23.418513132522342 ], [ -69.256315411450117, -23.427545935788292 ], [ -69.266104193778801, -23.427529565273073 ], [ -69.266086125285241, -23.418496769056514 ] ] ] } },
{ "type": "Feature", "properties": { "cve": "2826798", "nombre": "ARAS II 11, 1 AL 20 /Antofagasta Minerals S.A.", "solicitante": null, "region": "REGIÓN DE ANTOFAGASTA", "provincia": "Provincia de Antofagasta", "comuna": null, "superficie_ha": 200.0, "datum_original": "PSAD56", "huso": 19, "epsg_origen": 24879, "tipo_publicacion": "manifestacion", "fuente_pdf": "http://www.diariooficial.interior.gob.cl/publicaciones/2026/06/22/44481/07/2826798.pdf", "archivo": "gm_manifestacion_2826798.pdf", "fecha": "22-06-2026", "edicion": "44481" }, "geometry": { "type": "Polygon", "coordinates": [ [ [ -69.383947884343016, -23.558258100774012 ], [ -69.37414955821086, -23.558281981027594 ], [ -69.374200723763494, -23.576347044796428 ], [ -69.384000389753254, -23.576323144061014 ], [ -69.383947884343016, -23.558258100774012 ] ] ] } },
{ "type": "Feature", "properties": { "cve": "2826799", "nombre": "ARAS II 13, 1 AL 20", "solicitante": "Antofagasta Minerals S.A.", "region": "REGIÓN DE ANTOFAGASTA", "provincia": "Provincia de Antofagasta", "comuna": null, "superficie_ha": 200.0, "datum_original": "PSAD56", "huso": 19, "epsg_origen": 24879, "tipo_publicacion": "manifestacion", "fuente_pdf": "http://www.diariooficial.interior.gob.cl/publicaciones/2026/06/22/44481/07/2826799.pdf", "archivo": "gm_manifestacion_2826799.pdf", "fecha": "22-06-2026", "edicion": "44481" }, "geometry": { "type": "Polygon", "coordinates": [ [ [ -69.374175134614461, -23.567314518216623 ], [ -69.364376125975241, -23.567337791176897 ], [ -69.364425976489599, -23.585402853679245 ], [ -69.37422632566178, -23.585379560763919 ], [ -69.374175134614461, -23.567314518216623 ] ] ] } },
{ "type": "Feature", "properties": { "cve": "2826800", "nombre": "ARAS II 15, 1 AL 20", "solicitante": "Antofagasta Minerals S.A.", "region": "REGIÓN DE ANTOFAGASTA", "provincia": "Provincia de Antofagasta", "comuna": null, "superficie_ha": 200.0, "datum_original": "PSAD56", "huso": 19, "epsg_origen": 24879, "tipo_publicacion": "manifestacion", "fuente_pdf": "http://www.diariooficial.interior.gob.cl/publicaciones/2026/06/22/44481/07/2826800.pdf", "archivo": "gm_manifestacion_2826800.pdf", "fecha": "22-06-2026", "edicion": "44481" }, "geometry": { "type": "Polygon", "coordinates": [ [ [ -69.408513469211798, -23.580776930183479 ], [ -69.388913519976953, -23.580827213598859 ], [ -69.388940134144605, -23.589859708794311 ], [ -69.408541424556333, -23.589809403832565 ], [ -69.408513469211798, -23.580776930183479 ] ] ] } },
{ "type": "Feature", "properties": { "cve": "2826801", "nombre": "ARAS II 16, 1 AL 30", "solicitante": "Antofagasta Minerals S.A.", "region": "REGIÓN DE ANTOFAGASTA", "provincia": "Provincia de Antofagasta", "comuna": null, "superficie_ha": 300.0, "datum_original": "PSAD56", "huso": 19, "epsg_origen": 24879, "tipo_publicacion": "manifestacion", "fuente_pdf": "http://www.diariooficial.interior.gob.cl/publicaciones/2026/06/22/44481/07/2826801.pdf", "archivo": "gm_manifestacion_2826801.pdf", "fecha": "22-06-2026", "edicion": "44481" }, "geometry": { "type": "Polygon", "coordinates": [ [ [ -69.408541424556333, -23.589809403832565 ], [ -69.379139468887985, -23.589883933991157 ], [ -69.379165425383192, -23.59891642894506 ], [ -69.408569393824948, -23.598841866859829 ], [ -69.408541424556333, -23.589809403832565 ] ] ] } },
{ "type": "Feature", "properties": { "cve": "2826802", "nombre": "ARAS II 17, 1 AL 10", "solicitante": "Antofagasta Minerals S.A.", "region": "REGIÓN DE ANTOFAGASTA", "provincia": "Provincia de Antofagasta", "comuna": null, "superficie_ha": 100.0, "datum_original": "PSAD56", "huso": 19, "epsg_origen": 24879, "tipo_publicacion": "manifestacion", "fuente_pdf": "http://www.diariooficial.interior.gob.cl/publicaciones/2026/06/22/44481/07/2826802.pdf", "archivo": "gm_manifestacion_2826802.pdf", "fecha": "22-06-2026", "edicion": "44481" }, "geometry": { "type": "Polygon", "coordinates": [ [ [ -69.197906545822917, -23.644416266321382 ], [ -69.188101657904809, -23.644428467535526 ], [ -69.18811456912691, -23.653461048266728 ], [ -69.197920130038142, -23.65344884183515 ], [ -69.197906545822917, -23.644416266321382 ] ] ] } },
{ "type": "Feature", "properties": { "cve": "2826803", "nombre": "ARAS II 19, 1 AL 30", "solicitante": "Antofagasta Minerals S.A.", "region": "REGIÓN DE ANTOFAGASTA", "provincia": "Provincia de Antofagasta", "comuna": null, "superficie_ha": 300.0, "datum_original": "PSAD56", "huso": 19, "epsg_origen": 24879, "tipo_publicacion": "manifestacion", "fuente_pdf": "http://www.diariooficial.interior.gob.cl/publicaciones/2026/06/22/44481/07/2826803.pdf", "archivo": "gm_manifestacion_2826803.pdf", "fecha": "22-06-2026", "edicion": "44481" }, "geometry": { "type": "Polygon", "coordinates": [ [ [ -69.355322148711537, -23.842848321688464 ], [ -69.345502526690041, -23.842870648285341 ], [ -69.345574378538785, -23.869967308529827 ], [ -69.35539604257805, -23.869944953471187 ], [ -69.355322148711537, -23.842848321688464 ] ] ] } },
{ "type": "Feature", "properties": { "cve": "2826790", "nombre": "ARAS II 2, 1 AL 30", "solicitante": "Antofagasta Minerals S.A.", "region": "REGIÓN DE ANTOFAGASTA", "provincia": "Provincia de Antofagasta", "comuna": null, "superficie_ha": 300.0, "datum_original": "PSAD56", "huso": 19, "epsg_origen": 24879, "tipo_publicacion": "manifestacion", "fuente_pdf": "http://www.diariooficial.interior.gob.cl/publicaciones/2026/06/22/44481/07/2826790.pdf", "archivo": "gm_manifestacion_2826790.pdf", "fecha": "22-06-2026", "edicion": "44481" }, "geometry": { "type": "Polygon", "coordinates": [ [ [ -69.148618124524788, -23.409619784907896 ], [ -69.119255503353912, -23.409644949113016 ], [ -69.119263597956675, -23.41867783386801 ], [ -69.148628212132692, -23.418652658818889 ], [ -69.148618124524788, -23.409619784907896 ] ] ] } },
{ "type": "Feature", "properties": { "cve": "2826804", "nombre": "ARAS II 20, 1 AL 20", "solicitante": "Antofagasta Minerals S.A.", "region": "REGIÓN DE ANTOFAGASTA", "provincia": "Provincia de Antofagasta", "comuna": null, "superficie_ha": 200.0, "datum_original": "PSAD56", "huso": 19, "epsg_origen": 24879, "tipo_publicacion": "manifestacion", "fuente_pdf": "http://www.diariooficial.interior.gob.cl/publicaciones/2026/06/22/44481/07/2826804.pdf", "archivo": "gm_manifestacion_2826804.pdf", "fecha": "22-06-2026", "edicion": "44481" }, "geometry": { "type": "Polygon", "coordinates": [ [ [ -69.335752702635006, -23.869989037157868 ], [ -69.316109316582754, -23.870030615110377 ], [ -69.316131246861701, -23.879062840654711 ], [ -69.335775995625411, -23.879021245052201 ], [ -69.335752702635006, -23.869989037157868 ] ] ] } },
{ "type": "Feature", "properties": { "cve": "2826805", "nombre": "ARAS II 21, 1 AL 30", "solicitante": "Antofagasta Minerals S.A.", "region": "REGIÓN DE ANTOFAGASTA", "provincia": "Provincia de Antofagasta", "comuna": null, "superficie_ha": 300.0, "datum_original": "PSAD56", "huso": 19, "epsg_origen": 24879, "tipo_publicacion": "manifestacion", "fuente_pdf": "http://www.diariooficial.interior.gob.cl/publicaciones/2026/06/22/44481/07/2826805.pdf", "archivo": "gm_manifestacion_2826805.pdf", "fecha": "22-06-2026", "edicion": "44481" }, "geometry": { "type": "Polygon", "coordinates": [ [ [ -69.345598352879662, -23.878999507200255 ], [ -69.316131246861701, -23.879062840654711 ], [ -69.316153187997145, -23.888095055492091 ], [ -69.345622339088919, -23.888031695160116 ], [ -69.345598352879662, -23.878999507200255 ] ] ] } },
{ "type": "Feature", "properties": { "cve": "2826806", "nombre": "ARAS II 23, 1 AL 30", "solicitante": "Antofagasta Minerals S.A.", "region": "REGIÓN DE ANTOFAGASTA", "provincia": "Provincia de Antofagasta", "comuna": null, "superficie_ha": 300.0, "datum_original": "PSAD56", "huso": 19, "epsg_origen": 24879, "tipo_publicacion": "manifestacion", "fuente_pdf": "http://www.diariooficial.interior.gob.cl/publicaciones/2026/06/22/44481/07/2826806.pdf", "archivo": "gm_manifestacion_2826806.pdf", "fecha": "22-06-2026", "edicion": "44481" }, "geometry": { "type": "Polygon", "coordinates": [ [ [ -69.335845943797366, -23.906117804467002 ], [ -69.326021528926063, -23.906138942500611 ], [ -69.326089531848822, -23.933235432341576 ], [ -69.3359159958448, -23.933214267415952 ], [ -69.335845943797366, -23.906117804467002 ] ] ] } },
{ "type": "Feature", "properties": { "cve": "2826807", "nombre": "ARAS II 24, 1 AL 30", "solicitante": "Antofagasta Minerals S.A.", "region": "REGIÓN DE ANTOFAGASTA", "provincia": "Provincia de Antofagasta", "comuna": null, "superficie_ha": 300.0, "datum_original": "PSAD56", "huso": 19, "epsg_origen": 24879, "tipo_publicacion": "manifestacion", "fuente_pdf": "http://www.diariooficial.interior.gob.cl/publicaciones/2026/06/22/44481/07/2826807.pdf", "archivo": "gm_manifestacion_2826807.pdf", "fecha": "22-06-2026", "edicion": "44481" }, "geometry": { "type": "Polygon", "coordinates": [ [ [ -69.326021528926063, -23.906138942500611 ], [ -69.316197102850879, -23.906159453033837 ], [ -69.316263056638647, -23.933255968968524 ], [ -69.326089531848822, -23.933235432341576 ], [ -69.326021528926063, -23.906138942500611 ] ] ] } },
{ "type": "Feature", "properties": { "cve": "2826808", "nombre": "ARAS II 25, 1 AL 30", "solicitante": "Antofagasta Minerals S.A.", "region": "REGIÓN DE ANTOFAGASTA", "provincia": "Provincia de Antofagasta", "comuna": null, "superficie_ha": 300.0, "datum_original": "PSAD56", "huso": 19, "epsg_origen": 24879, "tipo_publicacion": "manifestacion", "fuente_pdf": "http://www.diariooficial.interior.gob.cl/publicaciones/2026/06/22/44481/07/2826808.pdf", "archivo": "gm_manifestacion_2826808.pdf", "fecha": "22-06-2026", "edicion": "44481" }, "geometry": { "type": "Polygon", "coordinates": [ [ [ -69.335892633614705, -23.924182123823112 ], [ -69.306415258470324, -23.924243707603921 ], [ -69.306436570552194, -23.933275877293994 ], [ -69.3359159958448, -23.933214267415952 ], [ -69.335892633614705, -23.924182123823112 ] ] ] } },
{ "type": "Feature", "properties": { "cve": "2826809", "nombre": "ARAS II 26, 1 AL 20", "solicitante": "Antofagasta Minerals S.A.", "region": "REGIÓN DE ANTOFAGASTA", "provincia": "Provincia de Antofagasta", "comuna": null, "superficie_ha": 200.0, "datum_original": "PSAD56", "huso": 19, "epsg_origen": 24879, "tipo_publicacion": "manifestacion", "fuente_pdf": "http://www.diariooficial.interior.gob.cl/publicaciones/2026/06/22/44481/07/2826809.pdf", "archivo": "gm_manifestacion_2826809.pdf", "fecha": "22-06-2026", "edicion": "44481" }, "geometry": { "type": "Polygon", "coordinates": [ [ [ -69.3359159958448, -23.933214267415952 ], [ -69.316263056638647, -23.933255968968524 ], [ -69.316285062983184, -23.942288119500557 ], [ -69.335939369627297, -23.942246400281284 ], [ -69.3359159958448, -23.933214267415952 ] ] ] } },
{ "type": "Feature", "properties": { "cve": "2826810", "nombre": "ARAS II 27, 1 AL 20", "solicitante": "Antofagasta Minerals S.A.", "region": "REGIÓN DE ANTOFAGASTA", "provincia": "Provincia de Antofagasta", "comuna": null, "superficie_ha": 200.0, "datum_original": "PSAD56", "huso": 19, "epsg_origen": 24879, "tipo_publicacion": "manifestacion", "fuente_pdf": "http://www.diariooficial.interior.gob.cl/publicaciones/2026/06/22/44481/07/2826810.pdf", "archivo": "gm_manifestacion_2826810.pdf", "fecha": "22-06-2026", "edicion": "44481" }, "geometry": { "type": "Polygon", "coordinates": [ [ [ -69.335939369627297, -23.942246400281284 ], [ -69.316285062983184, -23.942288119500557 ], [ -69.316307080207579, -23.951320259304424 ], [ -69.335962754965692, -23.951278522416089 ], [ -69.335939369627297, -23.942246400281284 ] ] ] } },
{ "type": "Feature", "properties": { "cve": "2826791", "nombre": "ARAS II 3, 1 AL 20", "solicitante": "Antofagasta Minerals S.A.", "region": "REGIÓN DE ANTOFAGASTA", "provincia": "Provincia de Antofagasta", "comuna": null, "superficie_ha": 200.0, "datum_original": "PSAD56", "huso": 19, "epsg_origen": 24879, "tipo_publicacion": "manifestacion", "fuente_pdf": "http://www.diariooficial.interior.gob.cl/publicaciones/2026/06/22/44481/07/2826791.pdf", "archivo": "gm_manifestacion_2826791.pdf", "fecha": "22-06-2026", "edicion": "44481" }, "geometry": { "type": "Polygon", "coordinates": [ [ [ -69.109475384695131, -23.418684999101561 ], [ -69.089898947360638, -23.418697489888451 ], [ -69.089905051997775, -23.427730372575603 ], [ -69.109482818675076, -23.427717876407687 ], [ -69.109475384695131, -23.418684999101561 ] ] ] } },
{ "type": "Feature", "properties": { "cve": "2826792", "nombre": "ARAS II 4, 1 AL 10", "solicitante": "Antofagasta Minerals S.A.", "region": "REGIÓN DE ANTOFAGASTA", "provincia": "Provincia de Antofagasta", "comuna": null, "superficie_ha": 100.0, "datum_original": "PSAD56", "huso": 19, "epsg_origen": 24879, "tipo_publicacion": "manifestacion", "fuente_pdf": "http://www.diariooficial.interior.gob.cl/publicaciones/2026/06/22/44481/07/2826792.pdf", "archivo": "gm_manifestacion_2826792.pdf", "fecha": "22-06-2026", "edicion": "44481" }, "geometry": { "type": "Polygon", "coordinates": [ [ [ -69.158437927222835, -23.436708748610332 ], [ -69.148648402479992, -23.436718375026562 ], [ -69.148658505222429, -23.445751217317106 ], [ -69.158448695294112, -23.445741586756281 ], [ -69.158437927222835, -23.436708748610332 ] ] ] } },
{ "type": "Feature", "properties": { "cve": "2826793", "nombre": "ARAS II 5, 1 AL 30", "solicitante": "Antofagasta Minerals S.A.", "region": "REGIÓN DE ANTOFAGASTA", "provincia": "Provincia de Antofagasta", "comuna": null, "superficie_ha": 300.0, "datum_original": "PSAD56", "huso": 19, "epsg_origen": 24879, "tipo_publicacion": "manifestacion", "fuente_pdf": "http://www.diariooficial.interior.gob.cl/publicaciones/2026/06/22/44481/07/2826793.pdf", "archivo": "gm_manifestacion_2826793.pdf", "fecha": "22-06-2026", "edicion": "44481" }, "geometry": { "type": "Polygon", "coordinates": [ [ [ -69.383594839230724, -23.436317950008885 ], [ -69.354226850611624, -23.43638733533788 ], [ -69.354250924785589, -23.445420035101797 ], [ -69.3836209092145, -23.445350619899564 ], [ -69.383594839230724, -23.436317950008885 ] ] ] } },
{ "type": "Feature", "properties": { "cve": "2826794", "nombre": "ARAS II 6, 1 AL 30", "solicitante": "Antofagasta Minerals S.A.", "region": "REGIÓN DE ANTOFAGASTA", "provincia": "Provincia de Antofagasta", "comuna": null, "superficie_ha": 300.0, "datum_original": "PSAD56", "huso": 19, "epsg_origen": 24879, "tipo_publicacion": "manifestacion", "fuente_pdf": "http://www.diariooficial.interior.gob.cl/publicaciones/2026/06/22/44481/07/2826794.pdf", "archivo": "gm_manifestacion_2826794.pdf", "fecha": "22-06-2026", "edicion": "44481" }, "geometry": { "type": "Polygon", "coordinates": [ [ [ -69.354226850611624, -23.43638733533788 ], [ -69.32485875376932, -23.436451197320725 ], [ -69.324880832100803, -23.445483924579879 ], [ -69.354250924785589, -23.445420035101797 ], [ -69.354226850611624, -23.43638733533788 ] ] ] } },
{ "type": "Feature", "properties": { "cve": "2826795", "nombre": "ARAS II 7, 1 AL 30", "solicitante": "Antofagasta Minerals S.A.", "region": "REGIÓN DE ANTOFAGASTA", "provincia": "Provincia de Antofagasta", "comuna": null, "superficie_ha": 300.0, "datum_original": "PSAD56", "huso": 19, "epsg_origen": 24879, "tipo_publicacion": "manifestacion", "fuente_pdf": "http://www.diariooficial.interior.gob.cl/publicaciones/2026/06/22/44481/07/2826795.pdf", "archivo": "gm_manifestacion_2826795.pdf", "fecha": "22-06-2026", "edicion": "44481" }, "geometry": { "type": "Polygon", "coordinates": [ [ [ -69.373830926987296, -23.445374372264521 ], [ -69.344460905475898, -23.445441945567865 ], [ -69.344484326068809, -23.454474644197241 ], [ -69.373856344398405, -23.454407041809482 ], [ -69.373830926987296, -23.445374372264521 ] ] ] } },
{ "type": "Feature", "properties": { "cve": "2826796", "nombre": "ARAS II 8, 1 AL 10", "solicitante": "Antofagasta Minerals S.A.", "region": "REGIÓN DE ANTOFAGASTA", "provincia": "Provincia de Antofagasta", "comuna": null, "superficie_ha": 100.0, "datum_original": "PSAD56", "huso": 19, "epsg_origen": 24879, "tipo_publicacion": "manifestacion", "fuente_pdf": "http://www.diariooficial.interior.gob.cl/publicaciones/2026/06/22/44481/07/2826796.pdf", "archivo": "gm_manifestacion_2826796.pdf", "fecha": "22-06-2026", "edicion": "44481" }, "geometry": { "type": "Polygon", "coordinates": [ [ [ -69.285739982499109, -23.454593264508123 ], [ -69.275949222665389, -23.454610884689924 ], [ -69.275967993269205, -23.463643631374623 ], [ -69.285759419067787, -23.463626003611115 ], [ -69.285739982499109, -23.454593264508123 ] ] ] } },
{ "type": "Feature", "properties": { "cve": "2826797", "nombre": "ARAS II 9, 1 AL 10", "solicitante": "Antofagasta Minerals S.A.", "region": "REGIÓN DE ANTOFAGASTA", "provincia": "Provincia de Antofagasta", "comuna": null, "superficie_ha": 100.0, "datum_original": "PSAD56", "huso": 19, "epsg_origen": 24879, "tipo_publicacion": "manifestacion", "fuente_pdf": "http://www.diariooficial.interior.gob.cl/publicaciones/2026/06/22/44481/07/2826797.pdf", "archivo": "gm_manifestacion_2826797.pdf", "fecha": "22-06-2026", "edicion": "44481" }, "geometry": { "type": "Polygon", "coordinates": [ [ [ -69.305342241209985, -23.46358890453509 ], [ -69.29555083515892, -23.463607761330451 ], [ -69.2955709477298, -23.472640482023117 ], [ -69.305363020072377, -23.472621617116371 ], [ -69.305342241209985, -23.46358890453509 ] ] ] } },
{ "type": "Feature", "properties": { "cve": "2826738", "nombre": "ASTRAL A 1, 1 AL 30", "solicitante": "Antofagasta Minerals S.A.", "region": "REGIÓN DE ANTOFAGASTA", "provincia": "Provincia de Antofagasta", "comuna": null, "superficie_ha": 300.0, "datum_original": "PSAD56", "huso": 19, "epsg_origen": 24879, "tipo_publicacion": "manifestacion", "fuente_pdf": "http://www.diariooficial.interior.gob.cl/publicaciones/2026/06/22/44481/07/2826738.pdf", "archivo": "gm_manifestacion_2826738.pdf", "fecha": "22-06-2026", "edicion": "44481" }, "geometry": { "type": "Polygon", "coordinates": [ [ [ -69.376516308589231, -24.375683266598941 ], [ -69.366655991978448, -24.37570743782166 ], [ -69.366734166582077, -24.40280212971491 ], [ -69.376596585388242, -24.402777928192723 ], [ -69.376516308589231, -24.375683266598941 ] ] ] } },
{ "type": "Feature", "properties": { "cve": "2826739", "nombre": "ASTRAL A 2, 1 AL 30", "solicitante": "Antofagasta Minerals S.A.", "region": "REGIÓN DE ANTOFAGASTA", "provincia": "Provincia de Antofagasta", "comuna": null, "superficie_ha": 300.0, "datum_original": "PSAD56", "huso": 19, "epsg_origen": 24879, "tipo_publicacion": "manifestacion", "fuente_pdf": "http://www.diariooficial.interior.gob.cl/publicaciones/2026/06/22/44481/07/2826739.pdf", "archivo": "gm_manifestacion_2826739.pdf", "fecha": "22-06-2026", "edicion": "44481" }, "geometry": { "type": "Polygon", "coordinates": [ [ [ -69.366655991978448, -24.37570743782166 ], [ -69.356795662609358, -24.37573096767299 ], [ -69.35687173500564, -24.402825689061732 ], [ -69.366734166582077, -24.40280212971491 ], [ -69.366655991978448, -24.37570743782166 ] ] ] } },
{ "type": "Feature", "properties": { "cve": "2826740", "nombre": "ASTRAL A 7, 1 AL 10", "solicitante": "Antofagasta Minerals S.A.", "region": "REGIÓN DE ANTOFAGASTA", "provincia": "Provincia de Antofagasta", "comuna": null, "superficie_ha": 100.0, "datum_original": "PSAD56", "huso": 19, "epsg_origen": 24879, "tipo_publicacion": "manifestacion", "fuente_pdf": "http://www.diariooficial.interior.gob.cl/publicaciones/2026/06/22/44481/07/2826740.pdf", "archivo": "gm_manifestacion_2826740.pdf", "fecha": "22-06-2026", "edicion": "44481" }, "geometry": { "type": "Polygon", "coordinates": [ [ [ -69.406444275942789, -24.483984579675028 ], [ -69.396575572480415, -24.484010805918384 ], [ -69.39660388486169, -24.493042218842302 ], [ -69.406473292825282, -24.493015981678571 ], [ -69.406444275942789, -24.483984579675028 ] ] ] } },
{ "type": "Feature", "properties": { "cve": "2825605", "nombre": "CARLOS IVAN 1 DEL 1 AL 10", "solicitante": "Álvarez Arancibia Carlos Iván", "region": "REGIÓN DE ANTOFAGASTA", "provincia": "Provincia de Antofagasta", "comuna": null, "superficie_ha": 100.0, "datum_original": "WGS84", "huso": 19, "epsg_origen": 32719, "tipo_publicacion": "manifestacion", "fuente_pdf": "http://www.diariooficial.interior.gob.cl/publicaciones/2026/06/22/44481/07/2825605.pdf", "archivo": "gm_manifestacion_2825605.pdf", "fecha": "22-06-2026", "edicion": "44481" }, "geometry": { "type": "Polygon", "coordinates": [ [ [ -69.964266566722031, -22.498680668937002 ], [ -69.944824622483495, -22.498795850129998 ], [ -69.944855300175249, -22.503312238560643 ], [ -69.964297875442, -22.503197031771794 ], [ -69.964266566722031, -22.498680668937002 ] ] ] } },
{ "type": "Feature", "properties": { "cve": "2826758", "nombre": "CELEDONIA II 1, 1 AL 30", "solicitante": "Minera Centinela", "region": "REGIÓN DE ANTOFAGASTA", "provincia": "Provincia de Antofagasta", "comuna": null, "superficie_ha": 300.0, "datum_original": "PSAD56", "huso": 19, "epsg_origen": 24879, "tipo_publicacion": "manifestacion", "fuente_pdf": "http://www.diariooficial.interior.gob.cl/publicaciones/2026/06/22/44481/07/2826758.pdf", "archivo": "gm_manifestacion_2826758.pdf", "fecha": "22-06-2026", "edicion": "44481" }, "geometry": { "type": "Polygon", "coordinates": [ [ [ -69.099592752107213, -23.292230124545906 ], [ -69.07025589398296, -23.292246004936533 ], [ -69.070260635931717, -23.301279039143317 ], [ -69.099599474151773, -23.30126315188258 ], [ -69.099592752107213, -23.292230124545906 ] ] ] } },
{ "type": "Feature", "properties": { "cve": "2826759", "nombre": "CELEDONIA II 2, 1 AL 20", "solicitante": "Minera Centinela", "region": "REGIÓN DE ANTOFAGASTA", "provincia": "Provincia de Antofagasta", "comuna": null, "superficie_ha": 200.0, "datum_original": "PSAD56", "huso": 19, "epsg_origen": 24879, "tipo_publicacion": "manifestacion", "fuente_pdf": "http://www.diariooficial.interior.gob.cl/publicaciones/2026/06/22/44481/07/2826759.pdf", "archivo": "gm_manifestacion_2826759.pdf", "fecha": "22-06-2026", "edicion": "44481" }, "geometry": { "type": "Polygon", "coordinates": [ [ [ -69.070258264660268, -23.296762523351465 ], [ -69.060478976783884, -23.296766598627908 ], [ -69.060487144706727, -23.314832649578616 ], [ -69.070267753311796, -23.314828570776445 ], [ -69.070258264660268, -23.296762523351465 ] ] ] } },
{ "type": "Feature", "properties": { "cve": "2826760", "nombre": "CELEDONIA II 3, 1 AL 30", "solicitante": "Minera Centinela", "region": "REGIÓN DE ANTOFAGASTA", "provincia": "Provincia de Antofagasta", "comuna": null, "superficie_ha": 300.0, "datum_original": "PSAD56", "huso": 19, "epsg_origen": 24879, "tipo_publicacion": "manifestacion", "fuente_pdf": "http://www.diariooficial.interior.gob.cl/publicaciones/2026/06/22/44481/07/2826760.pdf", "archivo": "gm_manifestacion_2826760.pdf", "fecha": "22-06-2026", "edicion": "44481" }, "geometry": { "type": "Polygon", "coordinates": [ [ [ -69.099599474151773, -23.30126315188258 ], [ -69.070260635931717, -23.301279039143317 ], [ -69.070265380257396, -23.310312062856188 ], [ -69.099606199565756, -23.310296168724438 ], [ -69.099599474151773, -23.30126315188258 ] ] ] } },
{ "type": "Feature", "properties": { "cve": "2826761", "nombre": "CELEDONIA II 4, 1 AL 30", "solicitante": "Minera Centinela", "region": "REGIÓN DE ANTOFAGASTA", "provincia": "Provincia de Antofagasta", "comuna": null, "superficie_ha": 300.0, "datum_original": "PSAD56", "huso": 19, "epsg_origen": 24879, "tipo_publicacion": "manifestacion", "fuente_pdf": "http://www.diariooficial.interior.gob.cl/publicaciones/2026/06/22/44481/07/2826761.pdf", "archivo": "gm_manifestacion_2826761.pdf", "fecha": "22-06-2026", "edicion": "44481" }, "geometry": { "type": "Polygon", "coordinates": [ [ [ -69.099612928350211, -23.3193291750684 ], [ -69.089831997483529, -23.319335085727666 ], [ -69.089850220004578, -23.346434049406501 ], [ -69.099633134936411, -23.346428131082039 ], [ -69.099612928350211, -23.3193291750684 ] ] ] } },
{ "type": "Feature", "properties": { "cve": "2826762", "nombre": "CELEDONIA II 5, 1 AL 30", "solicitante": "Minera Centinela", "region": "REGIÓN DE ANTOFAGASTA", "provincia": "Provincia de Antofagasta", "comuna": null, "superficie_ha": 300.0, "datum_original": "PSAD56", "huso": 19, "epsg_origen": 24879, "tipo_publicacion": "manifestacion", "fuente_pdf": "http://www.diariooficial.interior.gob.cl/publicaciones/2026/06/22/44481/07/2826762.pdf", "archivo": "gm_manifestacion_2826762.pdf", "fecha": "22-06-2026", "edicion": "44481" }, "geometry": { "type": "Polygon", "coordinates": [ [ [ -69.089831997483529, -23.319335085727666 ], [ -69.080051063576676, -23.319340386062454 ], [ -69.080067302029846, -23.346439356614997 ], [ -69.089850220004578, -23.346434049406501 ], [ -69.089831997483529, -23.319335085727666 ] ] ] } },
{ "type": "Feature", "properties": { "cve": "2826644", "nombre": "DON BUBU 1 AL 4", "solicitante": "Capital Logistic SpA", "region": "REGIÓN DE ANTOFAGASTA", "provincia": "Provincia de Antofagasta", "comuna": null, "superficie_ha": 4.0, "datum_original": "PSAD56", "huso": 19, "epsg_origen": 24879, "tipo_publicacion": "manifestacion", "fuente_pdf": "http://www.diariooficial.interior.gob.cl/publicaciones/2026/06/22/44481/07/2826644.pdf", "archivo": "gm_manifestacion_2826644.pdf", "fecha": "22-06-2026", "edicion": "44481" }, "geometry": { "type": "Polygon", "coordinates": [ [ [ -70.398090406403526, -25.440135956246756 ], [ -70.394113401876865, -25.440173756562803 ], [ -70.394123794918698, -25.441076534673449 ], [ -70.398100829070188, -25.441038732828094 ], [ -70.398090406403526, -25.440135956246756 ] ] ] } },
{ "type": "Feature", "properties": { "cve": "2825794", "nombre": "DOÑA LUCY 1/20", "solicitante": "Sánchez Fre Raúl Francisco", "region": "REGIÓN DE ANTOFAGASTA", "provincia": "Provincia de Antofagasta", "comuna": null, "superficie_ha": 200.0, "datum_original": "PSAD56", "huso": 19, "epsg_origen": 24879, "tipo_publicacion": "manifestacion", "fuente_pdf": "http://www.diariooficial.interior.gob.cl/publicaciones/2026/06/22/44481/07/2825794.pdf", "archivo": "gm_manifestacion_2825794.pdf", "fecha": "22-06-2026", "edicion": "44481" }, "geometry": { "type": "Polygon", "coordinates": [ [ [ -70.507423994990347, -24.126656022525633 ], [ -70.487748042307572, -24.1268489703398 ], [ -70.487852496218508, -24.135877969863639 ], [ -70.507529829071345, -24.135684940834903 ], [ -70.507423994990347, -24.126656022525633 ] ] ] } },
{ "type": "Feature", "properties": { "cve": "2825644", "nombre": "LA ESCONDIDA 1 AL 6", "solicitante": "Santana Quintana José Eduardo", "region": "REGIÓN DE ANTOFAGASTA", "provincia": "Provincia de Antofagasta", "comuna": null, "superficie_ha": 30.0, "datum_original": "PSAD56", "huso": 19, "epsg_origen": 24879, "tipo_publicacion": "manifestacion", "fuente_pdf": "http://www.diariooficial.interior.gob.cl/publicaciones/2026/06/22/44481/07/2825644.pdf", "archivo": "gm_manifestacion_2825644.pdf", "fecha": "22-06-2026", "edicion": "44481" }, "geometry": { "type": "Polygon", "coordinates": [ [ [ -70.393265140035979, -25.495166819852155 ], [ -70.388291610970654, -25.495213984793782 ], [ -70.388353870042579, -25.500630624201229 ], [ -70.393327621974322, -25.500583447828067 ], [ -70.393265140035979, -25.495166819852155 ] ] ] } },
{ "type": "Feature", "properties": { "cve": "2825653", "nombre": "LA GRANJA 1 AL 2", "solicitante": "Gutiérrez Gutiérrez Roberto Carlos", "region": "REGIÓN DE ANTOFAGASTA", "provincia": "Provincia de Antofagasta", "comuna": null, "superficie_ha": 4.0, "datum_original": "PSAD56", "huso": 19, "epsg_origen": 24879, "tipo_publicacion": "manifestacion", "fuente_pdf": "http://www.diariooficial.interior.gob.cl/publicaciones/2026/06/22/44481/07/2825653.pdf", "archivo": "gm_manifestacion_2825653.pdf", "fecha": "22-06-2026", "edicion": "44481" }, "geometry": { "type": "Polygon", "coordinates": [ [ [ -70.468062225266124, -25.016001232868774 ], [ -70.466080669425139, -25.016020785067401 ], [ -70.46610211350513, -25.017826388755854 ], [ -70.468083698304596, -25.017806834955458 ], [ -70.468062225266124, -25.016001232868774 ] ] ] } },
{ "type": "Feature", "properties": { "cve": "2826734", "nombre": "ROSARIO I 6, 1 AL 40", "solicitante": "Mantos Copper S.A.", "region": "REGIÓN DE ANTOFAGASTA", "provincia": "Provincia de Antofagasta", "comuna": "Antofagasta", "superficie_ha": 200.0, "datum_original": "PSAD56", "huso": 19, "epsg_origen": 24879, "tipo_publicacion": "manifestacion", "fuente_pdf": "http://www.diariooficial.interior.gob.cl/publicaciones/2026/06/22/44481/07/2826734.pdf", "archivo": "gm_manifestacion_2826734.pdf", "fecha": "22-06-2026", "edicion": "44481" }, "geometry": { "type": "Polygon", "coordinates": [ [ [ -70.029645052058427, -23.433394311011597 ], [ -70.01006952757082, -23.433522167880589 ], [ -70.010138162037606, -23.442553634096704 ], [ -70.029715016119425, -23.442425722182378 ], [ -70.029645052058427, -23.433394311011597 ] ] ] } },
{ "type": "Feature", "properties": { "cve": "2826669", "nombre": "SOLEADA 1 AL 10", "solicitante": "Geomantos Minerals SpA", "region": "REGIÓN DE ANTOFAGASTA", "provincia": "Provincia de Antofagasta", "comuna": null, "superficie_ha": 100.0, "datum_original": "PSAD56", "huso": 19, "epsg_origen": 24879, "tipo_publicacion": "manifestacion", "fuente_pdf": "http://www.diariooficial.interior.gob.cl/publicaciones/2026/06/22/44481/07/2826669.pdf", "archivo": "gm_manifestacion_2826669.pdf", "fecha": "22-06-2026", "edicion": "44481" }, "geometry": { "type": "Polygon", "coordinates": [ [ [ -70.360595460658317, -24.198471198922896 ], [ -70.350751376266601, -24.198558776013819 ], [ -70.350846531628278, -24.207588227380043 ], [ -70.360691308979156, -24.207500613507438 ], [ -70.360595460658317, -24.198471198922896 ] ] ] } },
{ "type": "Feature", "properties": { "cve": "2825843", "nombre": "ECLIPSE 1 R; 1 AL 200", "solicitante": "Sociedad Minera Cerro del León SpA", "region": "REGIÓN DE ANTOFAGASTA", "provincia": "Provincia de El Loa", "comuna": "San Pedro de Atacama", "superficie_ha": 200.0, "datum_original": "PSAD56", "huso": 19, "epsg_origen": 24879, "tipo_publicacion": "manifestacion", "fuente_pdf": "http://www.diariooficial.interior.gob.cl/publicaciones/2026/06/22/44481/07/2825843.pdf", "archivo": "gm_manifestacion_2825843.pdf", "fecha": "22-06-2026", "edicion": "44481" }, "geometry": { "type": "Polygon", "coordinates": [ [ [ -68.42281100455115, -23.760887855314333 ], [ -68.403184750630032, -23.760813295876996 ], [ -68.403143559641364, -23.769845296193104 ], [ -68.422771167940653, -23.769919887391584 ], [ -68.42281100455115, -23.760887855314333 ] ] ] } },
{ "type": "Feature", "properties": { "cve": "2825849", "nombre": "ECLIPSE 12 R;1 AL 200", "solicitante": "Sociedad Minera Cerro del León SpA", "region": "REGIÓN DE ANTOFAGASTA", "provincia": "Provincia de El Loa", "comuna": "San Pedro de Atacama", "superficie_ha": 200.0, "datum_original": "PSAD56", "huso": 19, "epsg_origen": 24879, "tipo_publicacion": "manifestacion", "fuente_pdf": "http://www.diariooficial.interior.gob.cl/publicaciones/2026/06/22/44481/07/2825849.pdf", "archivo": "gm_manifestacion_2825849.pdf", "fecha": "22-06-2026", "edicion": "44481" }, "geometry": { "type": "Polygon", "coordinates": [ [ [ -68.324633970825516, -23.76952199572132 ], [ -68.305006798155048, -23.769434936905434 ], [ -68.304958811869639, -23.778466751748692 ], [ -68.324587339457068, -23.778553847639213 ], [ -68.324633970825516, -23.76952199572132 ] ] ] } },
{ "type": "Feature", "properties": { "cve": "2825850", "nombre": "ECLIPSE 17 R;1 AL 200", "solicitante": "Sociedad Minera Cerro del León SpA", "region": "REGIÓN DE ANTOFAGASTA", "provincia": "Provincia de El Loa", "comuna": "San Pedro de Atacama", "superficie_ha": 200.0, "datum_original": "PSAD56", "huso": 19, "epsg_origen": 24879, "tipo_publicacion": "manifestacion", "fuente_pdf": "http://www.diariooficial.interior.gob.cl/publicaciones/2026/06/22/44481/07/2825850.pdf", "archivo": "gm_manifestacion_2825850.pdf", "fecha": "22-06-2026", "edicion": "44481" }, "geometry": { "type": "Polygon", "coordinates": [ [ [ -68.344215959573759, -23.778638449034428 ], [ -68.324587339457068, -23.778553847639213 ], [ -68.324540684956574, -23.787585688817693 ], [ -68.344170660690565, -23.787670326230575 ], [ -68.344215959573759, -23.778638449034428 ] ] ] } },
{ "type": "Feature", "properties": { "cve": "2825851", "nombre": "ECLIPSE 18 R; 1 AL 200", "solicitante": "Sociedad Minera Cerro del León SpA", "region": "REGIÓN DE ANTOFAGASTA", "provincia": "Provincia de El Loa", "comuna": "San Pedro de Atacama", "superficie_ha": 200.0, "datum_original": "PSAD56", "huso": 19, "epsg_origen": 24879, "tipo_publicacion": "manifestacion", "fuente_pdf": "http://www.diariooficial.interior.gob.cl/publicaciones/2026/06/22/44481/07/2825851.pdf", "archivo": "gm_manifestacion_2825851.pdf", "fecha": "22-06-2026", "edicion": "44481" }, "geometry": { "type": "Polygon", "coordinates": [ [ [ -68.324587339457068, -23.778553847639213 ], [ -68.304958811869639, -23.778466751748692 ], [ -68.304910801780096, -23.78749855584757 ], [ -68.324540684956574, -23.787585688817693 ], [ -68.324587339457068, -23.778553847639213 ] ] ] } },
{ "type": "Feature", "properties": { "cve": "2825844", "nombre": "ECLIPSE 2 R;1 AL 200", "solicitante": "Sociedad Minera Cerro del León SpA", "region": "REGIÓN DE ANTOFAGASTA", "provincia": "Provincia de El Loa", "comuna": "San Pedro de Atacama", "superficie_ha": 200.0, "datum_original": "PSAD56", "huso": 19, "epsg_origen": 24879, "tipo_publicacion": "manifestacion", "fuente_pdf": "http://www.diariooficial.interior.gob.cl/publicaciones/2026/06/22/44481/07/2825844.pdf", "archivo": "gm_manifestacion_2825844.pdf", "fecha": "22-06-2026", "edicion": "44481" }, "geometry": { "type": "Polygon", "coordinates": [ [ [ -68.403184750630032, -23.760813295876996 ], [ -68.383558578434389, -23.760736243890687 ], [ -68.383516033092505, -23.769768211383898 ], [ -68.403143559641364, -23.769845296193104 ], [ -68.403184750630032, -23.760813295876996 ] ] ] } },
{ "type": "Feature", "properties": { "cve": "2825845", "nombre": "ECLIPSE 3 R; 1 AL 200", "solicitante": "Sociedad Minera Cerro del Leon SpA", "region": "REGIÓN DE ANTOFAGASTA", "provincia": "Provincia de El Loa", "comuna": "San Pedro de Atacama", "superficie_ha": 200.0, "datum_original": "PSAD56", "huso": 19, "epsg_origen": 24879, "tipo_publicacion": "manifestacion", "fuente_pdf": "http://www.diariooficial.interior.gob.cl/publicaciones/2026/06/22/44481/07/2825845.pdf", "archivo": "gm_manifestacion_2825845.pdf", "fecha": "22-06-2026", "edicion": "44481" }, "geometry": { "type": "Polygon", "coordinates": [ [ [ -68.383558578434389, -23.760736243890687 ], [ -68.363932490651095, -23.760656699397646 ], [ -68.363888590981816, -23.769688633006215 ], [ -68.383516033092505, -23.769768211383898 ], [ -68.383558578434389, -23.760736243890687 ] ] ] } },
{ "type": "Feature", "properties": { "cve": "2825846", "nombre": "ECLIPSE 4 R;1 AL 200", "solicitante": "Sociedad Minera Cerro del Leon SpA", "region": "REGIÓN DE ANTOFAGASTA", "provincia": "Provincia de El Loa", "comuna": "San Pedro de Atacama", "superficie_ha": 200.0, "datum_original": "PSAD56", "huso": 19, "epsg_origen": 24879, "tipo_publicacion": "manifestacion", "fuente_pdf": "http://www.diariooficial.interior.gob.cl/publicaciones/2026/06/22/44481/07/2825846.pdf", "archivo": "gm_manifestacion_2825846.pdf", "fecha": "22-06-2026", "edicion": "44481" }, "geometry": { "type": "Polygon", "coordinates": [ [ [ -68.363932490651095, -23.760656699397646 ], [ -68.344306489967039, -23.760574662441446 ], [ -68.344261235996939, -23.769606561103686 ], [ -68.363888590981816, -23.769688633006215 ], [ -68.363932490651095, -23.760656699397646 ] ] ] } },
{ "type": "Feature", "properties": { "cve": "2825847", "nombre": "ECLIPSE 5 R;1 AL 200", "solicitante": "Sociedad Minera Cerro del León SpA", "region": "REGIÓN DE ANTOFAGASTA", "provincia": "Provincia de El Loa", "comuna": "San Pedro de Atacama", "superficie_ha": 200.0, "datum_original": "PSAD56", "huso": 19, "epsg_origen": 24879, "tipo_publicacion": "manifestacion", "fuente_pdf": "http://www.diariooficial.interior.gob.cl/publicaciones/2026/06/22/44481/07/2825847.pdf", "archivo": "gm_manifestacion_2825847.pdf", "fecha": "22-06-2026", "edicion": "44481" }, "geometry": { "type": "Polygon", "coordinates": [ [ [ -68.344306489967039, -23.760574662441446 ], [ -68.324680579068939, -23.760490133067087 ], [ -68.324633970825516, -23.76952199572132 ], [ -68.344261235996939, -23.769606561103686 ], [ -68.344306489967039, -23.760574662441446 ] ] ] } },
{ "type": "Feature", "properties": { "cve": "2825848", "nombre": "ECLIPSE 6 R; 1 AL 200", "solicitante": "Sociedad Minera Cerro del León SpA", "region": "REGIÓN DE ANTOFAGASTA", "provincia": "Provincia de El Loa", "comuna": "San Pedro de Atacama", "superficie_ha": 200.0, "datum_original": "PSAD56", "huso": 19, "epsg_origen": 24879, "tipo_publicacion": "manifestacion", "fuente_pdf": "http://www.diariooficial.interior.gob.cl/publicaciones/2026/06/22/44481/07/2825848.pdf", "archivo": "gm_manifestacion_2825848.pdf", "fecha": "22-06-2026", "edicion": "44481" }, "geometry": { "type": "Polygon", "coordinates": [ [ [ -68.324680579068939, -23.760490133067087 ], [ -68.305054760643586, -23.760403111320876 ], [ -68.305006798155048, -23.769434936905434 ], [ -68.324633970825516, -23.76952199572132 ], [ -68.324680579068939, -23.760490133067087 ] ] ] } },
{ "type": "Feature", "properties": { "cve": "2825852", "nombre": "MERCURIO 4 R; 1 AL 300", "solicitante": "Sociedad Minera Cerro del León SpA", "region": "REGIÓN DE ANTOFAGASTA", "provincia": "Provincia de El Loa", "comuna": "San Pedro de Atacama", "superficie_ha": 300.0, "datum_original": "PSAD56", "huso": 19, "epsg_origen": 24879, "tipo_publicacion": "manifestacion", "fuente_pdf": "http://www.diariooficial.interior.gob.cl/publicaciones/2026/06/22/44481/07/2825852.pdf", "archivo": "gm_manifestacion_2825852.pdf", "fecha": "22-06-2026", "edicion": "44481" }, "geometry": { "type": "Polygon", "coordinates": [ [ [ -68.142673653344531, -23.073139932814353 ], [ -68.132911710413495, -23.073086668659371 ], [ -68.132737900466097, -23.100183402679743 ], [ -68.142501799614536, -23.100236736476422 ], [ -68.142673653344531, -23.073139932814353 ] ] ] } },
{ "type": "Feature", "properties": { "cve": "2826687", "nombre": "TURI IV 11, 1 AL 30", "solicitante": "Compañía Minera Kairos Chile SpA", "region": "REGIÓN DE ANTOFAGASTA", "provincia": "Provincia de El Loa", "comuna": "Calama", "superficie_ha": 300.0, "datum_original": "PSAD56", "huso": 19, "epsg_origen": 24879, "tipo_publicacion": "manifestacion", "fuente_pdf": "http://www.diariooficial.interior.gob.cl/publicaciones/2026/06/22/44481/07/2826687.pdf", "archivo": "gm_manifestacion_2826687.pdf", "fecha": "22-06-2026", "edicion": "44481" }, "geometry": { "type": "Polygon", "coordinates": [ [ [ -68.356344536403313, -22.265669273030255 ], [ -68.346639073779016, -22.265630535461991 ], [ -68.346513187315523, -22.292731373316485 ], [ -68.356220519624898, -22.292770162981761 ], [ -68.356344536403313, -22.265669273030255 ] ] ] } },
{ "type": "Feature", "properties": { "cve": "2826688", "nombre": "TURI IV 12, 1 AL 30", "solicitante": "Compañía Minera Kairos Chile SpA", "region": "REGIÓN DE ANTOFAGASTA", "provincia": "Provincia de El Loa", "comuna": "Calama", "superficie_ha": 300.0, "datum_original": "PSAD56", "huso": 19, "epsg_origen": 24879, "tipo_publicacion": "manifestacion", "fuente_pdf": "http://www.diariooficial.interior.gob.cl/publicaciones/2026/06/22/44481/07/2826688.pdf", "archivo": "gm_manifestacion_2826688.pdf", "fecha": "22-06-2026", "edicion": "44481" }, "geometry": { "type": "Polygon", "coordinates": [ [ [ -68.346639073779016, -22.265630535461991 ], [ -68.33693363268597, -22.265591218244477 ], [ -68.336805876555985, -22.292692003222427 ], [ -68.346513187315523, -22.292731373316485 ], [ -68.346639073779016, -22.265630535461991 ] ] ] } },
{ "type": "Feature", "properties": { "cve": "2826689", "nombre": "TURI IV 14, 1 AL 30", "solicitante": "Compañía Minera Kairos Chile SpA", "region": "REGIÓN DE ANTOFAGASTA", "provincia": "Provincia de El Loa", "comuna": "Calama", "superficie_ha": 300.0, "datum_original": "PSAD56", "huso": 19, "epsg_origen": 24879, "tipo_publicacion": "manifestacion", "fuente_pdf": "http://www.diariooficial.interior.gob.cl/publicaciones/2026/06/22/44481/07/2826689.pdf", "archivo": "gm_manifestacion_2826689.pdf", "fecha": "22-06-2026", "edicion": "44481" }, "geometry": { "type": "Polygon", "coordinates": [ [ [ -68.327228213443931, -22.265551321383029 ], [ -68.31752281637263, -22.265510844883032 ], [ -68.317391320966578, -22.292611521769338 ], [ -68.327098587666342, -22.292652052704916 ], [ -68.327228213443931, -22.265551321383029 ] ] ] } },
{ "type": "Feature", "properties": { "cve": "2826690", "nombre": "TURI IV 15, 1 AL 20", "solicitante": "Compañía Minera Kairos Chile SpA", "region": "REGIÓN DE ANTOFAGASTA", "provincia": "Provincia de El Loa", "comuna": "Calama", "superficie_ha": 200.0, "datum_original": "PSAD56", "huso": 19, "epsg_origen": 24879, "tipo_publicacion": "manifestacion", "fuente_pdf": "http://www.diariooficial.interior.gob.cl/publicaciones/2026/06/22/44481/07/2826690.pdf", "archivo": "gm_manifestacion_2826690.pdf", "fecha": "22-06-2026", "edicion": "44481" }, "geometry": { "type": "Polygon", "coordinates": [ [ [ -68.31752281637263, -22.265510844883032 ], [ -68.307817441791869, -22.265469788749943 ], [ -68.307728554602747, -22.283536880084448 ], [ -68.317435175269651, -22.283577973025292 ], [ -68.31752281637263, -22.265510844883032 ] ] ] } },
{ "type": "Feature", "properties": { "cve": "2826682", "nombre": "TURI IV 2, 1 AL 30", "solicitante": "Compañía Minera Kairos Chile SpA", "region": "REGIÓN DE ANTOFAGASTA", "provincia": "Provincia de El Loa", "comuna": "Calama", "superficie_ha": 300.0, "datum_original": "PSAD56", "huso": 19, "epsg_origen": 24879, "tipo_publicacion": "manifestacion", "fuente_pdf": "http://www.diariooficial.interior.gob.cl/publicaciones/2026/06/22/44481/07/2826682.pdf", "archivo": "gm_manifestacion_2826682.pdf", "fecha": "22-06-2026", "edicion": "44481" }, "geometry": { "type": "Polygon", "coordinates": [ [ [ -68.366171979290797, -22.238606397859925 ], [ -68.356468362280538, -22.238568291244508 ], [ -68.356344536403313, -22.265669273030255 ], [ -68.366050020239086, -22.265707430944012 ], [ -68.366171979290797, -22.238606397859925 ] ] ] } },
{ "type": "Feature", "properties": { "cve": "2826691", "nombre": "TURI IV 26, 1 AL 20", "solicitante": "Compañía Minera Kairos Chile SpA", "region": "REGIÓN DE ANTOFAGASTA", "provincia": "Provincia de El Loa", "comuna": "Calama", "superficie_ha": 200.0, "datum_original": "PSAD56", "huso": 19, "epsg_origen": 24879, "tipo_publicacion": "manifestacion", "fuente_pdf": "http://www.diariooficial.interior.gob.cl/publicaciones/2026/06/22/44481/07/2826691.pdf", "archivo": "gm_manifestacion_2826691.pdf", "fecha": "22-06-2026", "edicion": "44481" }, "geometry": { "type": "Polygon", "coordinates": [ [ [ -68.288884965199756, -22.17053343271126 ], [ -68.269487420070249, -22.170447668366229 ], [ -68.269440749006989, -22.179481250127154 ], [ -68.288839533150863, -22.179567053045922 ], [ -68.288884965199756, -22.17053343271126 ] ] ] } },
{ "type": "Feature", "properties": { "cve": "2826692", "nombre": "TURI IV 27, 1 AL 20", "solicitante": "Compañía Minera Kairos Chile SpA", "region": "REGIÓN DE ANTOFAGASTA", "provincia": "Provincia de El Loa", "comuna": "Calama", "superficie_ha": 200.0, "datum_original": "PSAD56", "huso": 19, "epsg_origen": 24879, "tipo_publicacion": "manifestacion", "fuente_pdf": "http://www.diariooficial.interior.gob.cl/publicaciones/2026/06/22/44481/07/2826692.pdf", "archivo": "gm_manifestacion_2826692.pdf", "fecha": "22-06-2026", "edicion": "44481" }, "geometry": { "type": "Polygon", "coordinates": [ [ [ -68.296599073143398, -22.179600727808232 ], [ -68.277200251276085, -22.179515848323614 ], [ -68.277154052047095, -22.188549435447094 ], [ -68.296554113577287, -22.188634353095061 ], [ -68.296599073143398, -22.179600727808232 ] ] ] } },
{ "type": "Feature", "properties": { "cve": "2826693", "nombre": "TURI IV 28, 1 AL 20", "solicitante": "Compañía Minera Kairos Chile SpA", "region": "REGIÓN DE ANTOFAGASTA", "provincia": "Provincia de El Loa", "comuna": "Calama", "superficie_ha": 200.0, "datum_original": "PSAD56", "huso": 19, "epsg_origen": 24879, "tipo_publicacion": "manifestacion", "fuente_pdf": "http://www.diariooficial.interior.gob.cl/publicaciones/2026/06/22/44481/07/2826693.pdf", "archivo": "gm_manifestacion_2826693.pdf", "fecha": "22-06-2026", "edicion": "44481" }, "geometry": { "type": "Polygon", "coordinates": [ [ [ -68.277200251276085, -22.179515848323614 ], [ -68.257801524482659, -22.179428660267575 ], [ -68.257754085618046, -22.18846220818978 ], [ -68.277154052047095, -22.188549435447094 ], [ -68.277200251276085, -22.179515848323614 ] ] ] } },
{ "type": "Feature", "properties": { "cve": "2826683", "nombre": "TURI IV 4, 1 AL 30", "solicitante": "Compañía Minera Kairos Chile SpA", "region": "REGIÓN DE ANTOFAGASTA", "provincia": "Provincia de El Loa", "comuna": "Calama", "superficie_ha": 300.0, "datum_original": "PSAD56", "huso": 19, "epsg_origen": 24879, "tipo_publicacion": "manifestacion", "fuente_pdf": "http://www.diariooficial.interior.gob.cl/publicaciones/2026/06/22/44481/07/2826683.pdf", "archivo": "gm_manifestacion_2826683.pdf", "fecha": "22-06-2026", "edicion": "44481" }, "geometry": { "type": "Polygon", "coordinates": [ [ [ -68.34676476646348, -22.238529605753847 ], [ -68.337061192159098, -22.238490341393167 ], [ -68.33693363268597, -22.265591218244477 ], [ -68.346639073779016, -22.265630535461991 ], [ -68.34676476646348, -22.238529605753847 ] ] ] } },
{ "type": "Feature", "properties": { "cve": "2826684", "nombre": "TURI IV 5, 1 AL 30", "solicitante": "Compañía Minera Kairos Chile SpA", "region": "REGIÓN DE ANTOFAGASTA", "provincia": "Provincia de El Loa", "comuna": "Calama", "superficie_ha": 300.0, "datum_original": "PSAD56", "huso": 19, "epsg_origen": 24879, "tipo_publicacion": "manifestacion", "fuente_pdf": "http://www.diariooficial.interior.gob.cl/publicaciones/2026/06/22/44481/07/2826684.pdf", "archivo": "gm_manifestacion_2826684.pdf", "fecha": "22-06-2026", "edicion": "44481" }, "geometry": { "type": "Polygon", "coordinates": [ [ [ -68.337061192159098, -22.238490341393167 ], [ -68.327357639686895, -22.238450498167762 ], [ -68.327228213443931, -22.265551321383029 ], [ -68.33693363268597, -22.265591218244477 ], [ -68.337061192159098, -22.238490341393167 ] ] ] } },
{ "type": "Feature", "properties": { "cve": "2826685", "nombre": "TURI IV 7, 1 AL 30", "solicitante": "Compañía Minera Kairos Chile SpA", "region": "REGIÓN DE ANTOFAGASTA", "provincia": "Provincia de El Loa", "comuna": "Calama", "superficie_ha": 300.0, "datum_original": "PSAD56", "huso": 19, "epsg_origen": 24879, "tipo_publicacion": "manifestacion", "fuente_pdf": "http://www.diariooficial.interior.gob.cl/publicaciones/2026/06/22/44481/07/2826685.pdf", "archivo": "gm_manifestacion_2826685.pdf", "fecha": "22-06-2026", "edicion": "44481" }, "geometry": { "type": "Polygon", "coordinates": [ [ [ -68.317632241249697, -22.242926877262196 ], [ -68.307928422478085, -22.242885867125935 ], [ -68.307795228550376, -22.269986565415184 ], [ -68.317500914532758, -22.270027630749347 ], [ -68.317632241249697, -22.242926877262196 ] ] ] } },
{ "type": "Feature", "properties": { "cve": "2826686", "nombre": "TURI IV 9, 1 AL 20", "solicitante": "Compañía Minera Kairos Chile SpA", "region": "REGIÓN DE ANTOFAGASTA", "provincia": "Provincia de El Loa", "comuna": "Calama", "superficie_ha": 200.0, "datum_original": "PSAD56", "huso": 19, "epsg_origen": 24879, "tipo_publicacion": "manifestacion", "fuente_pdf": "http://www.diariooficial.interior.gob.cl/publicaciones/2026/06/22/44481/07/2826686.pdf", "archivo": "gm_manifestacion_2826686.pdf", "fecha": "22-06-2026", "edicion": "44481" }, "geometry": { "type": "Polygon", "coordinates": [ [ [ -68.375775553187609, -22.261228168303298 ], [ -68.366070359800503, -22.26119059847035 ], [ -68.365988970214644, -22.279257913060874 ], [ -68.375695409442969, -22.279295516581602 ], [ -68.375775553187609, -22.261228168303298 ] ] ] } },
{ "type": "Feature", "properties": { "cve": "2826668", "nombre": "CAROLINA 7A 1/30", "solicitante": "Jofré Soto Constanza Francisca", "region": "REGIÓN DE ANTOFAGASTA", "provincia": "Provincia de Tocopilla", "comuna": "María Elena", "superficie_ha": 300.0, "datum_original": "PSAD56", "huso": 19, "epsg_origen": 24879, "tipo_publicacion": "manifestacion", "fuente_pdf": "http://www.diariooficial.interior.gob.cl/publicaciones/2026/06/22/44481/07/2826668.pdf", "archivo": "gm_manifestacion_2826668.pdf", "fecha": "22-06-2026", "edicion": "44481" }, "geometry": { "type": "Polygon", "coordinates": [ [ [ -69.195581885826684, -22.027417174618762 ], [ -69.185892166916418, -22.027428452730899 ], [ -69.185927560946723, -22.054531716802558 ], [ -69.195619124759929, -22.054520423390802 ], [ -69.195581885826684, -22.027417174618762 ] ] ] } },
{ "type": "Feature", "properties": { "cve": "2826784", "nombre": "AQUI ME QUEDO 1 AL 24", "solicitante": "Torres López Ruperto de la Cruz", "region": "REGIÓN DE ATACAMA", "provincia": "Provincia de Copiapó", "comuna": null, "superficie_ha": 24.0, "datum_original": "WGS84", "huso": 19, "epsg_origen": 32719, "tipo_publicacion": "manifestacion", "fuente_pdf": "http://www.diariooficial.interior.gob.cl/publicaciones/2026/06/22/44481/07/2826784.pdf", "archivo": "gm_manifestacion_2826784.pdf", "fecha": "22-06-2026", "edicion": "44481" }, "geometry": { "type": "Polygon", "coordinates": [ [ [ -70.934862814651524, -28.063071870052202 ], [ -70.930794522557036, -28.063129164266353 ], [ -70.930891317395435, -28.06854240306275 ], [ -70.934959813132139, -28.068485095868848 ], [ -70.934862814651524, -28.063071870052202 ] ] ] } },
{ "type": "Feature", "properties": { "cve": "2826988", "nombre": "EMILIANA 1 AL 12", "solicitante": "Requena Paredes Francisco Jacob", "region": "REGIÓN DE ATACAMA", "provincia": "Provincia de Copiapó", "comuna": null, "superficie_ha": 84.0, "datum_original": "PSAD56", "huso": 19, "epsg_origen": 24879, "tipo_publicacion": "manifestacion", "fuente_pdf": "http://www.diariooficial.interior.gob.cl/publicaciones/2026/06/22/44481/07/2826988.pdf", "archivo": "gm_manifestacion_2826988.pdf", "fecha": "22-06-2026", "edicion": "44481" }, "geometry": { "type": "Polygon", "coordinates": [ [ [ -70.920353370439187, -27.95963409271878 ], [ -70.913240590138656, -27.959733178623793 ], [ -70.913431591087516, -27.970559924714372 ], [ -70.920545080402874, -27.970460793798278 ], [ -70.920353370439187, -27.95963409271878 ] ] ] } },
{ "type": "Feature", "properties": { "cve": "2826812", "nombre": "LLANO LINDO 1 AL 10", "solicitante": "Pacheco Pacheco Luis Alberto", "region": "REGIÓN DE ATACAMA", "provincia": "Provincia de Copiapó", "comuna": null, "superficie_ha": 100.0, "datum_original": "WGS84", "huso": 19, "epsg_origen": 32719, "tipo_publicacion": "manifestacion", "fuente_pdf": "http://www.diariooficial.interior.gob.cl/publicaciones/2026/06/22/44481/07/2826812.pdf", "archivo": "gm_manifestacion_2826812.pdf", "fecha": "22-06-2026", "edicion": "44481" }, "geometry": { "type": "Polygon", "coordinates": [ [ [ -69.734022092911431, -27.655892145114208 ], [ -69.723884328718427, -27.655945455675091 ], [ -69.723943796596686, -27.664972473933719 ], [ -69.734082393436921, -27.664919143034439 ], [ -69.734022092911431, -27.655892145114208 ] ] ] } },
{ "type": "Feature", "properties": { "cve": "2826989", "nombre": "NICOLET 1 AL 15", "solicitante": "Requena Paredes Juan Esteban", "region": "REGIÓN DE ATACAMA", "provincia": "Provincia de Copiapó", "comuna": null, "superficie_ha": 90.0, "datum_original": "PSAD56", "huso": 19, "epsg_origen": 24879, "tipo_publicacion": "manifestacion", "fuente_pdf": "http://www.diariooficial.interior.gob.cl/publicaciones/2026/06/22/44481/07/2826989.pdf", "archivo": "gm_manifestacion_2826989.pdf", "fecha": "22-06-2026", "edicion": "44481" }, "geometry": { "type": "Polygon", "coordinates": [ [ [ -70.920569051637372, -27.971814130140324 ], [ -70.914471701306056, -27.97189912681495 ], [ -70.914710745029922, -27.985432522680355 ], [ -70.920808855546042, -27.985347477755081 ], [ -70.920569051637372, -27.971814130140324 ] ] ] } },
{ "type": "Feature", "properties": { "cve": "2826657", "nombre": "TERRANOVA II, 1 AL 20", "solicitante": "Lemus Espinoza Carlos Aquiles y otros", "region": "REGIÓN DE ATACAMA", "provincia": "Provincia de Copiapó", "comuna": null, "superficie_ha": 100.0, "datum_original": "WGS84", "huso": 19, "epsg_origen": 32719, "tipo_publicacion": "manifestacion", "fuente_pdf": "http://www.diariooficial.interior.gob.cl/publicaciones/2026/06/22/44481/07/2826657.pdf", "archivo": "gm_manifestacion_2826657.pdf", "fecha": "22-06-2026", "edicion": "44481" }, "geometry": { "type": "Polygon", "coordinates": [ [ [ -70.161708979048711, -27.257587971964632 ], [ -70.15160882047968, -27.257671439190077 ], [ -70.151701830761027, -27.266697866044016 ], [ -70.161802804629289, -27.266614366662008 ], [ -70.161708979048711, -27.257587971964632 ] ] ] } },
{ "type": "Feature", "properties": { "cve": "2826658", "nombre": "TERRANOVA III, 1 AL 20", "solicitante": "Lemus Espinoza Carlos Aquiles y otros", "region": "REGIÓN DE ATACAMA", "provincia": "Provincia de Copiapó", "comuna": null, "superficie_ha": 100.0, "datum_original": "WGS84", "huso": 19, "epsg_origen": 32719, "tipo_publicacion": "manifestacion", "fuente_pdf": "http://www.diariooficial.interior.gob.cl/publicaciones/2026/06/22/44481/07/2826658.pdf", "archivo": "gm_manifestacion_2826658.pdf", "fecha": "22-06-2026", "edicion": "44481" }, "geometry": { "type": "Polygon", "coordinates": [ [ [ -70.161802804629289, -27.266614366662008 ], [ -70.151701830761027, -27.266697866044016 ], [ -70.151794884506856, -27.275724280958276 ], [ -70.161896674055242, -27.275640749414645 ], [ -70.161802804629289, -27.266614366662008 ] ] ] } },
{ "type": "Feature", "properties": { "cve": "2827004", "nombre": "TINA DEL 1 AL 20", "solicitante": "Hevia Cabello Juan Fernando", "region": "REGIÓN DE ATACAMA", "provincia": "Provincia de Copiapó", "comuna": null, "superficie_ha": 200.0, "datum_original": "PSAD56", "huso": 19, "epsg_origen": 24879, "tipo_publicacion": "manifestacion", "fuente_pdf": "http://www.diariooficial.interior.gob.cl/publicaciones/2026/06/22/44481/07/2827004.pdf", "archivo": "gm_manifestacion_2827004.pdf", "fecha": "22-06-2026", "edicion": "44481" }, "geometry": { "type": "Polygon", "coordinates": [ [ [ -70.283632508778837, -28.027160483796788 ], [ -70.273461888228539, -28.027255120069562 ], [ -70.273674437164772, -28.045305137309214 ], [ -70.283846754124824, -28.045210429475496 ], [ -70.283632508778837, -28.027160483796788 ] ] ] } },
{ "type": "Feature", "properties": { "cve": "2826785", "nombre": "ESPERANZA 1 AL 30", "solicitante": "Portilla Paredes Ashlee Antonella y otro", "region": "REGIÓN DE ATACAMA", "provincia": "Provincia de Huasco", "comuna": null, "superficie_ha": 30.0, "datum_original": "WGS84", "huso": 19, "epsg_origen": 32719, "tipo_publicacion": "manifestacion", "fuente_pdf": "http://www.diariooficial.interior.gob.cl/publicaciones/2026/06/22/44481/07/2826785.pdf", "archivo": "gm_manifestacion_2826785.pdf", "fecha": "22-06-2026", "edicion": "44481" }, "geometry": { "type": "Polygon", "coordinates": [ [ [ -70.519623886710448, -28.838577324549217 ], [ -70.509376414910875, -28.838692393529044 ], [ -70.509415490346115, -28.841399305246753 ], [ -70.519663227188929, -28.84128422346183 ], [ -70.519623886710448, -28.838577324549217 ] ] ] } },
{ "type": "Feature", "properties": { "cve": "2826743", "nombre": "LA CONSENTIDA 1 AL 10", "solicitante": "Bolados Paredes Velimir Antonio", "region": "REGIÓN DE ATACAMA", "provincia": "Provincia de Huasco", "comuna": "Alto del Carmen", "superficie_ha": 50.0, "datum_original": "PSAD56", "huso": 19, "epsg_origen": 24879, "tipo_publicacion": "manifestacion", "fuente_pdf": "http://www.diariooficial.interior.gob.cl/publicaciones/2026/06/22/44481/07/2826743.pdf", "archivo": "gm_manifestacion_2826743.pdf", "fecha": "22-06-2026", "edicion": "44481" }, "geometry": { "type": "Polygon", "coordinates": [ [ [ -70.383746074729558, -29.076712657039565 ], [ -70.378610307702687, -29.076765515064967 ], [ -70.378730452894629, -29.085788738471621 ], [ -70.383866667153498, -29.085735860939394 ], [ -70.383746074729558, -29.076712657039565 ] ] ] } },
{ "type": "Feature", "properties": { "cve": "2826786", "nombre": "LIBRADA 1 AL 2", "solicitante": "Sociedad Minera Renacer SpA", "region": "REGIÓN DE ATACAMA", "provincia": "Provincia de Huasco", "comuna": null, "superficie_ha": 12.0, "datum_original": "PSAD56", "huso": 19, "epsg_origen": 24879, "tipo_publicacion": "manifestacion", "fuente_pdf": "http://www.diariooficial.interior.gob.cl/publicaciones/2026/06/22/44481/07/2826786.pdf", "archivo": "gm_manifestacion_2826786.pdf", "fecha": "22-06-2026", "edicion": "44481" }, "geometry": { "type": "Polygon", "coordinates": [ [ [ -70.884660821973981, -28.897706797193297 ], [ -70.880560302951167, -28.897764108232568 ], [ -70.880609097481184, -28.900470471969928 ], [ -70.884709722745995, -28.900413154562312 ], [ -70.884660821973981, -28.897706797193297 ] ] ] } },
{ "type": "Feature", "properties": { "cve": "2826901", "nombre": "ESPERANZA II 1 AL 7", "solicitante": "Ortega Miranda Jorge Justo", "region": "REGIÓN DE COQUIMBO", "provincia": "Provincia de Elqui", "comuna": null, "superficie_ha": 42.0, "datum_original": "WGS84", "huso": 19, "epsg_origen": 32719, "tipo_publicacion": "manifestacion", "fuente_pdf": "http://www.diariooficial.interior.gob.cl/publicaciones/2026/06/22/44481/07/2826901.pdf", "archivo": "gm_manifestacion_2826901.pdf", "fecha": "22-06-2026", "edicion": "44481" }, "geometry": { "type": "Polygon", "coordinates": [ [ [ -71.19843499993911, -30.122055253582328 ], [ -71.192210960113428, -30.12215934419843 ], [ -71.192350479038879, -30.128471810254656 ], [ -71.1985749142044, -30.128367693351024 ], [ -71.19843499993911, -30.122055253582328 ] ] ] } },
{ "type": "Feature", "properties": { "cve": "2826900", "nombre": "La Suerte 1 al 10", "solicitante": "Pacheco Pacheco Luis Alberto", "region": "REGIÓN DE COQUIMBO", "provincia": "Provincia de Elqui", "comuna": null, "superficie_ha": 50.0, "datum_original": "WGS84", "huso": 19, "epsg_origen": 32719, "tipo_publicacion": "manifestacion", "fuente_pdf": "http://www.diariooficial.interior.gob.cl/publicaciones/2026/06/22/44481/07/2826900.pdf", "archivo": "gm_manifestacion_2826900.pdf", "fecha": "22-06-2026", "edicion": "44481" }, "geometry": { "type": "Polygon", "coordinates": [ [ [ -71.170927769426484, -30.088503035402717 ], [ -71.165742728588498, -30.088588625668393 ], [ -71.165939384038012, -30.097606637496504 ], [ -71.17112489479149, -30.097521016329292 ], [ -71.170927769426484, -30.088503035402717 ] ] ] } },
{ "type": "Feature", "properties": { "cve": "2826199", "nombre": "LIZ SEGUNDA, 1 AL 5", "solicitante": "León Osorio Alicia Verónica y otros", "region": "REGIÓN DE COQUIMBO", "provincia": "Provincia de Elqui", "comuna": "Andacollo", "superficie_ha": 25.0, "datum_original": "PSAD56", "huso": 19, "epsg_origen": 24879, "tipo_publicacion": "manifestacion", "fuente_pdf": "http://www.diariooficial.interior.gob.cl/publicaciones/2026/06/22/44481/07/2826199.pdf", "archivo": "gm_manifestacion_2826199.pdf", "fecha": "22-06-2026", "edicion": "44481" }, "geometry": { "type": "Polygon", "coordinates": [ [ [ -71.207504291723765, -30.349908584100298 ], [ -71.202305664768858, -30.349996287829057 ], [ -71.20240668149961, -30.354504992342022 ], [ -71.20760554643681, -30.35441727286462 ], [ -71.207504291723765, -30.349908584100298 ] ] ] } },
{ "type": "Feature", "properties": { "cve": "2826902", "nombre": "VINCHUQUITA 1 AL 7", "solicitante": "Ortega Miranda Jorge Justo", "region": "REGIÓN DE COQUIMBO", "provincia": "Provincia de Elqui", "comuna": null, "superficie_ha": 42.0, "datum_original": "WGS84", "huso": 19, "epsg_origen": 32719, "tipo_publicacion": "manifestacion", "fuente_pdf": "http://www.diariooficial.interior.gob.cl/publicaciones/2026/06/22/44481/07/2826902.pdf", "archivo": "gm_manifestacion_2826902.pdf", "fecha": "22-06-2026", "edicion": "44481" }, "geometry": { "type": "Polygon", "coordinates": [ [ [ -71.165298439363454, -30.087242760748175 ], [ -71.15907644339309, -30.087345174155892 ], [ -71.159213662500406, -30.093657812892737 ], [ -71.165436053154593, -30.093555373602172 ], [ -71.165298439363454, -30.087242760748175 ] ] ] } },
{ "type": "Feature", "properties": { "cve": "2826286", "nombre": "CONSTANCIA 2 1 AL 2", "solicitante": "Tapia Barraza Alexis del Carmen", "region": "REGIÓN DE COQUIMBO", "provincia": "Provincia de Choapa", "comuna": null, "superficie_ha": 6.0, "datum_original": "WGS84", "huso": 19, "epsg_origen": 32719, "tipo_publicacion": "manifestacion", "fuente_pdf": "http://www.diariooficial.interior.gob.cl/publicaciones/2026/06/22/44481/07/2826286.pdf", "archivo": "gm_manifestacion_2826286.pdf", "fecha": "22-06-2026", "edicion": "44481" }, "geometry": { "type": "Polygon", "coordinates": [ [ [ -71.084429113305816, -31.663899613395397 ], [ -71.083374941790666, -31.66391683536413 ], [ -71.083495741410161, -31.669326616512787 ], [ -71.084549973941094, -31.669309390923921 ], [ -71.084429113305816, -31.663899613395397 ] ] ] } },
{ "type": "Feature", "properties": { "cve": "2826289", "nombre": "DALLAN 1 AL 10", "solicitante": "Tapia Barraza Alexis del Carmen", "region": "REGIÓN DE COQUIMBO", "provincia": "Provincia de Choapa", "comuna": null, "superficie_ha": 50.0, "datum_original": "WGS84", "huso": 19, "epsg_origen": 32719, "tipo_publicacion": "manifestacion", "fuente_pdf": "http://www.diariooficial.interior.gob.cl/publicaciones/2026/06/22/44481/07/2826289.pdf", "archivo": "gm_manifestacion_2826289.pdf", "fecha": "22-06-2026", "edicion": "44481" }, "geometry": { "type": "Polygon", "coordinates": [ [ [ -71.431252298041272, -31.365145660306652 ], [ -71.425999430924421, -31.365245161830575 ], [ -71.42623115404561, -31.374259751656872 ], [ -71.431484521694287, -31.374160215091486 ], [ -71.431252298041272, -31.365145660306652 ] ] ] } },
{ "type": "Feature", "properties": { "cve": "2826290", "nombre": "LA FILIPA 1 AL 10", "solicitante": "Ñíguez Concha María Gabriela", "region": "REGIÓN DE COQUIMBO", "provincia": "Provincia de Choapa", "comuna": null, "superficie_ha": 30.0, "datum_original": "WGS84", "huso": 19, "epsg_origen": 32719, "tipo_publicacion": "manifestacion", "fuente_pdf": "http://www.diariooficial.interior.gob.cl/publicaciones/2026/06/22/44481/07/2826290.pdf", "archivo": "gm_manifestacion_2826290.pdf", "fecha": "22-06-2026", "edicion": "44481" }, "geometry": { "type": "Polygon", "coordinates": [ [ [ -70.867872994916851, -31.444724710123403 ], [ -70.862613748777591, -31.444801312078027 ], [ -70.862720831771469, -31.450211999471737 ], [ -70.867980379840546, -31.450135381349099 ], [ -70.867872994916851, -31.444724710123403 ] ] ] } },
{ "type": "Feature", "properties": { "cve": "2826294", "nombre": "LA PASCUALA 1 AL 8", "solicitante": "Ñíguez Concha María Gabriela", "region": "REGIÓN DE COQUIMBO", "provincia": "Provincia de Choapa", "comuna": null, "superficie_ha": 32.0, "datum_original": "WGS84", "huso": 19, "epsg_origen": 32719, "tipo_publicacion": "manifestacion", "fuente_pdf": "http://www.diariooficial.interior.gob.cl/publicaciones/2026/06/22/44481/07/2826294.pdf", "archivo": "gm_manifestacion_2826294.pdf", "fecha": "22-06-2026", "edicion": "44481" }, "geometry": { "type": "Polygon", "coordinates": [ [ [ -70.847675363920303, -31.434193170233122 ], [ -70.843468390871891, -31.434253787580747 ], [ -70.843609649105574, -31.441468126511733 ], [ -70.847816944072292, -31.441407492101376 ], [ -70.847675363920303, -31.434193170233122 ] ] ] } },
{ "type": "Feature", "properties": { "cve": "2826904", "nombre": "LA PORVENIR 1 AL 99", "solicitante": "Tapia León Enrique del Carmen", "region": "REGIÓN DE COQUIMBO", "provincia": "Provincia de Choapa", "comuna": null, "superficie_ha": 99.0, "datum_original": "PSAD56", "huso": 19, "epsg_origen": 24879, "tipo_publicacion": "manifestacion", "fuente_pdf": "http://www.diariooficial.interior.gob.cl/publicaciones/2026/06/22/44481/07/2826904.pdf", "archivo": "gm_manifestacion_2826904.pdf", "fecha": "22-06-2026", "edicion": "44481" }, "geometry": { "type": "Polygon", "coordinates": [ [ [ -71.372297200741357, -31.293417832767062 ], [ -71.360749166099964, -31.29363068186451 ], [ -71.360951513629118, -31.301744259045684 ], [ -71.37250053583216, -31.301531342391314 ], [ -71.372297200741357, -31.293417832767062 ] ] ] } },
{ "type": "Feature", "properties": { "cve": "2825555", "nombre": "REBECA 1/7", "solicitante": "Bugueño Guerra Óscar Johny", "region": "REGIÓN DE COQUIMBO", "provincia": "Provincia de Choapa", "comuna": null, "superficie_ha": 49.0, "datum_original": "WGS84", "huso": 19, "epsg_origen": 32719, "tipo_publicacion": "manifestacion", "fuente_pdf": "http://www.diariooficial.interior.gob.cl/publicaciones/2026/06/22/44481/07/2825555.pdf", "archivo": "gm_manifestacion_2825555.pdf", "fecha": "22-06-2026", "edicion": "44481" }, "geometry": { "type": "Polygon", "coordinates": [ [ [ -71.097854536536403, -31.871126396551198 ], [ -71.090458914851155, -31.871248249164424 ], [ -71.090601476224762, -31.877559425919884 ], [ -71.097997601363033, -31.87743754353319 ], [ -71.097854536536403, -31.871126396551198 ] ] ] } },
{ "type": "Feature", "properties": { "cve": "2825546", "nombre": "TRANQUILLA 1/10", "solicitante": "Araya Torres Gregorio Francisco y otro", "region": "REGIÓN DE COQUIMBO", "provincia": "Provincia de Choapa", "comuna": null, "superficie_ha": 30.0, "datum_original": "WGS84", "huso": 19, "epsg_origen": 32719, "tipo_publicacion": "manifestacion", "fuente_pdf": "http://www.diariooficial.interior.gob.cl/publicaciones/2026/06/22/44481/07/2825546.pdf", "archivo": "gm_manifestacion_2825546.pdf", "fecha": "22-06-2026", "edicion": "44481" }, "geometry": { "type": "Polygon", "coordinates": [ [ [ -70.685220397883512, -31.935267080414299 ], [ -70.674645365765457, -31.935406984488491 ], [ -70.674694432147049, -31.938112395583033 ], [ -70.685269773752566, -31.937972476872002 ], [ -70.685220397883512, -31.935267080414299 ] ] ] } },
{ "type": "Feature", "properties": { "cve": "2825934", "nombre": "LA CORRALERA 1 AL 7", "solicitante": "García Gómez Gonzalo Eduardo", "region": "REGIÓN DE COQUIMBO", "provincia": "Provincia de Limarí", "comuna": "Combarbalá", "superficie_ha": 35.0, "datum_original": "PSAD56", "huso": 19, "epsg_origen": 24879, "tipo_publicacion": "manifestacion", "fuente_pdf": "http://www.diariooficial.interior.gob.cl/publicaciones/2026/06/22/44481/07/2825934.pdf", "archivo": "gm_manifestacion_2825934.pdf", "fecha": "22-06-2026", "edicion": "44481" }, "geometry": { "type": "Polygon", "coordinates": [ [ [ -70.774900472187994, -31.153364475631435 ], [ -70.767559789227136, -31.153465459609734 ], [ -70.767643497894369, -31.157974791348948 ], [ -70.77498452805365, -31.157873789511743 ], [ -70.774900472187994, -31.153364475631435 ] ] ] } },
{ "type": "Feature", "properties": { "cve": "2827032", "nombre": "LA PODEROSA 1 AL 10", "solicitante": "Castillo Robles Francisco Javier y otros", "region": "REGIÓN DE COQUIMBO", "provincia": "Provincia de Limarí", "comuna": null, "superficie_ha": 50.0, "datum_original": "WGS84", "huso": 19, "epsg_origen": 32719, "tipo_publicacion": "manifestacion", "fuente_pdf": "http://www.diariooficial.interior.gob.cl/publicaciones/2026/06/22/44481/07/2827032.pdf", "archivo": "gm_manifestacion_2827032.pdf", "fecha": "22-06-2026", "edicion": "44481" }, "geometry": { "type": "Polygon", "coordinates": [ [ [ -70.685330675833015, -30.522112747230956 ], [ -70.680121274851928, -30.522180036621616 ], [ -70.680276518795011, -30.531200026903488 ], [ -70.685486400572401, -30.531132713421634 ], [ -70.685330675833015, -30.522112747230956 ] ] ] } },
{ "type": "Feature", "properties": { "cve": "2826616", "nombre": "MAN WARBOS 1 1/15", "solicitante": "FMR Chile Exploration SpA", "region": "REGIÓN DE COQUIMBO", "provincia": "Provincia de Limarí", "comuna": null, "superficie_ha": 15.0, "datum_original": "PSAD56", "huso": 19, "epsg_origen": 24879, "tipo_publicacion": "manifestacion", "fuente_pdf": "http://www.diariooficial.interior.gob.cl/publicaciones/2026/06/22/44481/07/2826616.pdf", "archivo": "gm_manifestacion_2826616.pdf", "fecha": "22-06-2026", "edicion": "44481" }, "geometry": { "type": "Polygon", "coordinates": [ [ [ -70.63828128317445, -30.646989997912726 ], [ -70.635151571127054, -30.647029407676964 ], [ -70.635227474921095, -30.651539406009316 ], [ -70.638357332091587, -30.651499989207377 ], [ -70.63828128317445, -30.646989997912726 ] ] ] } },
{ "type": "Feature", "properties": { "cve": "2826617", "nombre": "MAN WARBOS 2 1/45", "solicitante": "FMR Chile Exploration SpA", "region": "REGIÓN DE COQUIMBO", "provincia": "Provincia de Limarí", "comuna": null, "superficie_ha": 45.0, "datum_original": "PSAD56", "huso": 19, "epsg_origen": 24879, "tipo_publicacion": "manifestacion", "fuente_pdf": "http://www.diariooficial.interior.gob.cl/publicaciones/2026/06/22/44481/07/2826617.pdf", "archivo": "gm_manifestacion_2826617.pdf", "fecha": "22-06-2026", "edicion": "44481" }, "geometry": { "type": "Polygon", "coordinates": [ [ [ -70.638433398172154, -30.65600997717533 ], [ -70.635303395845852, -30.656049401015625 ], [ -70.635531261437535, -30.669579366075205 ], [ -70.638661699427729, -30.669539921116037 ], [ -70.638433398172154, -30.65600997717533 ] ] ] } },
{ "type": "Feature", "properties": { "cve": "2826618", "nombre": "MAN WARBOS 4 1/20", "solicitante": "FMR Chile Exploration SpA", "region": "REGIÓN DE COQUIMBO", "provincia": "Provincia de Limarí", "comuna": null, "superficie_ha": 20.0, "datum_original": "PSAD56", "huso": 19, "epsg_origen": 24879, "tipo_publicacion": "manifestacion", "fuente_pdf": "http://www.diariooficial.interior.gob.cl/publicaciones/2026/06/22/44481/07/2826618.pdf", "archivo": "gm_manifestacion_2826618.pdf", "fecha": "22-06-2026", "edicion": "44481" }, "geometry": { "type": "Polygon", "coordinates": [ [ [ -70.561000248709419, -30.642978946086927 ], [ -70.558913781982696, -30.643003984452484 ], [ -70.559058506592919, -30.652024319306147 ], [ -70.561145166828965, -30.651999271996562 ], [ -70.561000248709419, -30.642978946086927 ] ] ] } },
{ "type": "Feature", "properties": { "cve": "2826619", "nombre": "MAN WARBOS 5 1/20", "solicitante": "FMR Chile Exploration SpA", "region": "REGIÓN DE COQUIMBO", "provincia": "Provincia de Limarí", "comuna": null, "superficie_ha": 20.0, "datum_original": "PSAD56", "huso": 19, "epsg_origen": 24879, "tipo_publicacion": "manifestacion", "fuente_pdf": "http://www.diariooficial.interior.gob.cl/publicaciones/2026/06/22/44481/07/2826619.pdf", "archivo": "gm_manifestacion_2826619.pdf", "fecha": "22-06-2026", "edicion": "44481" }, "geometry": { "type": "Polygon", "coordinates": [ [ [ -70.560855395987204, -30.633958606934772 ], [ -70.558769122682548, -30.633983636357907 ], [ -70.558913781982696, -30.643003984452484 ], [ -70.561000248709419, -30.642978946086927 ], [ -70.560855395987204, -30.633958606934772 ] ] ] } },
{ "type": "Feature", "properties": { "cve": "2826620", "nombre": "MAN WARBOS 8 1/20", "solicitante": "FMR Chile Exploration SpA", "region": "REGIÓN DE COQUIMBO", "provincia": "Provincia de Limarí", "comuna": null, "superficie_ha": 20.0, "datum_original": "PSAD56", "huso": 19, "epsg_origen": 24879, "tipo_publicacion": "manifestacion", "fuente_pdf": "http://www.diariooficial.interior.gob.cl/publicaciones/2026/06/22/44481/07/2826620.pdf", "archivo": "gm_manifestacion_2826620.pdf", "fecha": "22-06-2026", "edicion": "44481" }, "geometry": { "type": "Polygon", "coordinates": [ [ [ -70.548308986405829, -30.632304201595915 ], [ -70.546222736160345, -30.632329028538265 ], [ -70.546366221952781, -30.641349432682397 ], [ -70.548452665608892, -30.641324596869623 ], [ -70.548308986405829, -30.632304201595915 ] ] ] } },
{ "type": "Feature", "properties": { "cve": "2825835", "nombre": "EL LOCO JUAN DEL 1-3", "solicitante": "Rojo Silva Claudia Andrea", "region": "REGIÓN DE VALPARAÍSO", "provincia": "Provincia de Petorca", "comuna": "Zapallar", "superficie_ha": 15.0, "datum_original": "PSAD56", "huso": 19, "epsg_origen": 24879, "tipo_publicacion": "manifestacion", "fuente_pdf": "http://www.diariooficial.interior.gob.cl/publicaciones/2026/06/22/44481/07/2825835.pdf", "archivo": "gm_manifestacion_2825835.pdf", "fecha": "22-06-2026", "edicion": "44481" }, "geometry": { "type": "Polygon", "coordinates": [ [ [ -71.403488664945229, -32.630478327704289 ], [ -71.398163082623171, -32.630580198609444 ], [ -71.39823524010805, -32.633284078050224 ], [ -71.403560982293982, -32.633182196616517 ], [ -71.403488664945229, -32.630478327704289 ] ] ] } },
{ "type": "Feature", "properties": { "cve": "2825806", "nombre": "LA MOSTAZA 1 AL 32", "solicitante": "Ortega Maldonado Marco Antonio", "region": "REGIÓN DE VALPARAÍSO", "provincia": "Provincia de Petorca", "comuna": null, "superficie_ha": 96.0, "datum_original": "WGS84", "huso": 19, "epsg_origen": 32719, "tipo_publicacion": "manifestacion", "fuente_pdf": "http://www.diariooficial.interior.gob.cl/publicaciones/2026/06/22/44481/07/2825806.pdf", "archivo": "gm_manifestacion_2825806.pdf", "fecha": "22-06-2026", "edicion": "44481" }, "geometry": { "type": "Polygon", "coordinates": [ [ [ -71.023271321370245, -32.036758946689133 ], [ -71.016920536289575, -32.03686016493787 ], [ -71.017237023889507, -32.051285991548156 ], [ -71.023588803856313, -32.05118471692542 ], [ -71.023271321370245, -32.036758946689133 ] ] ] } },
{ "type": "Feature", "properties": { "cve": "2826453", "nombre": "FUNDO LOS OLIVOS 1 DEL 1 AL 57", "solicitante": "Ávila Espinoza Cristián Luis", "region": "REGIÓN DEL MAULE", "provincia": "Provincia de Talca", "comuna": null, "superficie_ha": 285.0, "datum_original": "PSAD56", "huso": 19, "epsg_origen": 24879, "tipo_publicacion": "manifestacion", "fuente_pdf": "http://www.diariooficial.interior.gob.cl/publicaciones/2026/06/22/44481/07/2826453.pdf", "archivo": "gm_manifestacion_2826453.pdf", "fecha": "22-06-2026", "edicion": "44481" }, "geometry": { "type": "Polygon", "coordinates": [ [ [ -71.53327534576691, -35.244090281921771 ], [ -71.512412025874823, -35.244525419305141 ], [ -71.512829187056226, -35.258037860281696 ], [ -71.533695962097894, -35.25760250641104 ], [ -71.53327534576691, -35.244090281921771 ] ] ] } },
{ "type": "Feature", "properties": { "cve": "2825880", "nombre": "LUCAS 1 AL 12", "solicitante": "Jaramillo Beltrán Juan Carlos", "region": "REGIÓN DE LA ARAUCANÍA", "provincia": "Provincia de Cautín", "comuna": null, "superficie_ha": 96.0, "datum_original": "PSAD56", "huso": 18, "epsg_origen": 24878, "tipo_publicacion": "manifestacion", "fuente_pdf": "http://www.diariooficial.interior.gob.cl/publicaciones/2026/06/22/44481/07/2825880.pdf", "archivo": "gm_manifestacion_2825880.pdf", "fecha": "22-06-2026", "edicion": "44481" }, "geometry": { "type": "Polygon", "coordinates": [ [ [ -73.013715866340604, -39.263181934468086 ], [ -73.004448316529533, -39.263023449037718 ], [ -73.00414171497188, -39.273829962794245 ], [ -73.01341068638439, -39.273988508843644 ], [ -73.013715866340604, -39.263181934468086 ] ] ] } },
{ "type": "Feature", "properties": { "cve": "2825872", "nombre": "GINEBRA 01 1-8", "solicitante": "Consorcio Salinero del Tarapacá S.A.", "region": "REGIÓN DE TARAPACÁ", "provincia": "Provincia de Iquique", "comuna": null, "superficie_ha": 48.0, "datum_original": "PSAD56", "huso": 19, "epsg_origen": 24879, "tipo_publicacion": "mensura", "fuente_pdf": "http://www.diariooficial.interior.gob.cl/publicaciones/2026/06/22/44481/07/2825872.pdf", "archivo": "gm_mensura_2825872.pdf", "fecha": "22-06-2026", "edicion": "44481" }, "geometry": { "type": "Polygon", "coordinates": [ [ [ -70.028562273515874, -20.954544597189514 ], [ -70.024715287408341, -20.954567752480894 ], [ -70.024789123203306, -20.965408787599014 ], [ -70.028636386386253, -20.965385619225945 ], [ -70.028562273515874, -20.954544597189514 ] ] ] } },
{ "type": "Feature", "properties": { "cve": "2825877", "nombre": "CAROLINA 3 1 AL 10", "solicitante": "Plaza Meza Carolina Andrea", "region": "REGIÓN DE TARAPACÁ", "provincia": "Provincia del Tamarugal", "comuna": null, "superficie_ha": 100.0, "datum_original": "PSAD56", "huso": 19, "epsg_origen": 24879, "tipo_publicacion": "mensura", "fuente_pdf": "http://www.diariooficial.interior.gob.cl/publicaciones/2026/06/22/44481/07/2825877.pdf", "archivo": "gm_mensura_2825877.pdf", "fecha": "22-06-2026", "edicion": "44481" }, "geometry": { "type": "Polygon", "coordinates": [ [ [ -69.725255404490682, -21.379975648888419 ], [ -69.715609623094736, -21.380017056997062 ], [ -69.715653548640347, -21.3890515396265 ], [ -69.72529992198794, -21.389010112339907 ], [ -69.725255404490682, -21.379975648888419 ] ] ] } },
{ "type": "Feature", "properties": { "cve": "2825878", "nombre": "CAROLINA 4 1 AL 30", "solicitante": "Plaza Meza Carolina Andrea", "region": "REGIÓN DE TARAPACÁ", "provincia": "Provincia del Tamarugal", "comuna": null, "superficie_ha": 300.0, "datum_original": "PSAD56", "huso": 19, "epsg_origen": 24879, "tipo_publicacion": "mensura", "fuente_pdf": "http://www.diariooficial.interior.gob.cl/publicaciones/2026/06/22/44481/07/2825878.pdf", "archivo": "gm_mensura_2825878.pdf", "fecha": "22-06-2026", "edicion": "44481" }, "geometry": { "type": "Polygon", "coordinates": [ [ [ -69.725166439661805, -21.361906692288819 ], [ -69.69623257549587, -21.362029140185509 ], [ -69.696275272209945, -21.371063680183823 ], [ -69.725210910384121, -21.370941175536935 ], [ -69.725166439661805, -21.361906692288819 ] ] ] } },
{ "type": "Feature", "properties": { "cve": "2825879", "nombre": "CAROLINA 7 1 AL 30", "solicitante": "Plaza Meza Carolina Andrea", "region": "REGIÓN DE TARAPACÁ", "provincia": "Provincia del Tamarugal", "comuna": null, "superficie_ha": 300.0, "datum_original": "PSAD56", "huso": 19, "epsg_origen": 24879, "tipo_publicacion": "mensura", "fuente_pdf": "http://www.diariooficial.interior.gob.cl/publicaciones/2026/06/22/44481/07/2825879.pdf", "archivo": "gm_mensura_2825879.pdf", "fecha": "22-06-2026", "edicion": "44481" }, "geometry": { "type": "Polygon", "coordinates": [ [ [ -69.773578933659181, -21.397829011466236 ], [ -69.744638323581569, -21.397960008519767 ], [ -69.744684073007974, -21.406994413025917 ], [ -69.773626460727783, -21.406863355343674 ], [ -69.773578933659181, -21.397829011466236 ] ] ] } },
{ "type": "Feature", "properties": { "cve": "2825876", "nombre": "CAROLINA 1 1 AL 30", "solicitante": "Plaza Meza Carolina Andrea", "region": "REGIÓN DE TARAPACÁ", "provincia": "Provincia del Tamarugal", "comuna": null, "superficie_ha": 300.0, "datum_original": "PSAD56", "huso": 19, "epsg_origen": 24879, "tipo_publicacion": "mensura", "fuente_pdf": "http://www.diariooficial.interior.gob.cl/publicaciones/2026/06/22/44481/07/2825876.pdf", "archivo": "gm_mensura_2825876.pdf", "fecha": "22-06-2026", "edicion": "44481" }, "geometry": { "type": "Polygon", "coordinates": [ [ [ -69.77338907491071, -21.361691536804514 ], [ -69.76374459648089, -21.361735675440446 ], [ -69.76388517829804, -21.388838857683272 ], [ -69.773531431550111, -21.388794657670246 ], [ -69.77338907491071, -21.361691536804514 ] ] ] } },
{ "type": "Feature", "properties": { "cve": "2825754", "nombre": "ANGELICA I DEL 1 AL 7", "solicitante": "Jara Restovic Rubén", "region": "REGIÓN DE ANTOFAGASTA", "provincia": "Provincia de Antofagasta", "comuna": null, "superficie_ha": null, "datum_original": "PSAD56", "huso": 19, "epsg_origen": 24879, "tipo_publicacion": "mensura", "fuente_pdf": "http://www.diariooficial.interior.gob.cl/publicaciones/2026/06/22/44481/07/2825754.pdf", "archivo": "gm_mensura_2825754.pdf", "fecha": "22-06-2026", "edicion": "44481" }, "geometry": { "type": "Polygon", "coordinates": [ [ [ -70.44864471745835, -24.236488711839641 ], [ -70.441752078378698, -24.236554159465907 ], [ -70.44182329445988, -24.24287449897788 ], [ -70.448716273715419, -24.242809032134417 ], [ -70.44864471745835, -24.236488711839641 ] ] ] } },
{ "type": "Feature", "properties": { "cve": "2826960", "nombre": "MAITE 1 AL 10", "solicitante": "González Aguilar Nancy Amelia", "region": "REGIÓN DE ATACAMA", "provincia": "Provincia de Huasco", "comuna": null, "superficie_ha": null, "datum_original": "WGS84", "huso": 19, "epsg_origen": 32719, "tipo_publicacion": "mensura", "fuente_pdf": "http://www.diariooficial.interior.gob.cl/publicaciones/2026/06/22/44481/07/2826960.pdf", "archivo": "gm_mensura_2826960.pdf", "fecha": "22-06-2026", "edicion": "44481" }, "geometry": { "type": "Polygon", "coordinates": [ [ [ -71.100943565226189, -28.689131449853534 ], [ -71.090713962472918, -28.689289919222791 ], [ -71.090803610881395, -28.693800093714842 ], [ -71.101033651488393, -28.693641594863937 ], [ -71.100943565226189, -28.689131449853534 ] ] ] } },
{ "type": "Feature", "properties": { "cve": "2825561", "nombre": "Catalina II, 1 al 90", "solicitante": "SLM Catalina ll, Uno de Andacollo", "region": "REGIÓN DE COQUIMBO", "provincia": "Provincia de Elqui", "comuna": null, "superficie_ha": 90.0, "datum_original": "PSAD56", "huso": 19, "epsg_origen": 24879, "tipo_publicacion": "mensura", "fuente_pdf": "http://www.diariooficial.interior.gob.cl/publicaciones/2026/06/22/44481/07/2825561.pdf", "archivo": "gm_mensura_2825561.pdf", "fecha": "22-06-2026", "edicion": "44481" }, "geometry": { "type": "Polygon", "coordinates": [ [ [ -71.180951046026138, -30.348550206139663 ], [ -71.170553728118094, -30.348723288768547 ], [ -71.17073294501904, -30.356839128368048 ], [ -71.181131119750944, -30.356665989790852 ], [ -71.180951046026138, -30.348550206139663 ] ] ] } },
{ "type": "Feature", "properties": { "cve": "2825519", "nombre": "SELENA 2 1/33", "solicitante": "SLM Selena 2 Uno de La Serena", "region": "REGIÓN DE COQUIMBO", "provincia": "Provincia de Elqui", "comuna": "La Serena", "superficie_ha": 115.0, "datum_original": "PSAD56", "huso": 19, "epsg_origen": 24879, "tipo_publicacion": "mensura", "fuente_pdf": "http://www.diariooficial.interior.gob.cl/publicaciones/2026/06/22/44481/07/2825519.pdf", "archivo": "gm_mensura_2825519.pdf", "fecha": "22-06-2026", "edicion": "44481" }, "geometry": { "type": "Polygon", "coordinates": [ [ [ -71.112217663980147, -30.101595255143728 ], [ -71.117777902612062, -30.094739693866071 ], [ -71.106369700490262, -30.09492312189197 ], [ -71.106465336067259, -30.099432288340363 ], [ -71.111651130533531, -30.099349019580437 ], [ -71.111842936887498, -30.108367312227081 ], [ -71.118066425783255, -30.108267083683419 ], [ -71.112217663980147, -30.101595255143728 ] ] ] } },
{ "type": "Feature", "properties": { "cve": "2826463", "nombre": "Solicitud de rectificación: EL TAMBILLO II, 1 AL 64", "solicitante": "FSP SpA", "region": "REGIÓN DE COQUIMBO", "provincia": "Provincia de Elqui", "comuna": "Coquimbo", "superficie_ha": 164.0, "datum_original": "PSAD56", "huso": 19, "epsg_origen": 24879, "tipo_publicacion": "mensura", "fuente_pdf": "http://www.diariooficial.interior.gob.cl/publicaciones/2026/06/22/44481/07/2826463.pdf", "archivo": "gm_mensura_2826463.pdf", "fecha": "22-06-2026", "edicion": "44481" }, "geometry": { "type": "Polygon", "coordinates": [ [ [ -71.271259364311192, -30.11030757818255 ], [ -71.250515974443942, -30.110664737820752 ], [ -71.250679572236024, -30.117878692044147 ], [ -71.269349994177489, -30.117557302825617 ], [ -71.248645933416597, -30.119717728084012 ], [ -71.271465751854137, -30.119324890698444 ], [ -71.271259364311192, -30.11030757818255 ] ] ] } },
{ "type": "Feature", "properties": { "cve": "2825616", "nombre": "AMAPOLA SUR 1, 1 AL 5", "solicitante": "Minera Llahuin SCM", "region": "REGIÓN DE COQUIMBO", "provincia": "Provincia de Choapa", "comuna": null, "superficie_ha": 5.0, "datum_original": "PSAD56", "huso": 19, "epsg_origen": 24879, "tipo_publicacion": "mensura", "fuente_pdf": "http://www.diariooficial.interior.gob.cl/publicaciones/2026/06/22/44481/07/2825616.pdf", "archivo": "gm_mensura_2825616.pdf", "fecha": "22-06-2026", "edicion": "44481" }, "geometry": { "type": "Polygon", "coordinates": [ [ [ -71.021001557749443, -31.381285401124341 ], [ -71.021478789491525, -31.379022861487325 ], [ -71.020427774887011, -31.379039427442663 ], [ -71.020524306144878, -31.383547939202714 ], [ -71.021575370880996, -31.383531370330335 ], [ -71.021001557749443, -31.381285401124341 ] ] ] } },
{ "type": "Feature", "properties": { "cve": "2825617", "nombre": "AMAPOLA SUR 2, 1 al 15", "solicitante": "Minera Llahuin SCM", "region": "REGIÓN DE COQUIMBO", "provincia": "Provincia de Choapa", "comuna": null, "superficie_ha": 15.0, "datum_original": "PSAD56", "huso": 19, "epsg_origen": 24879, "tipo_publicacion": "mensura", "fuente_pdf": "http://www.diariooficial.interior.gob.cl/publicaciones/2026/06/22/44481/07/2825617.pdf", "archivo": "gm_mensura_2825617.pdf", "fecha": "22-06-2026", "edicion": "44481" }, "geometry": { "type": "Polygon", "coordinates": [ [ [ -71.022158877209691, -31.386228185434497 ], [ -71.023687167109514, -31.383949056879175 ], [ -71.020533960462814, -31.38399879018819 ], [ -71.020630515565585, -31.388507298137689 ], [ -71.02378387264379, -31.388457556072094 ], [ -71.022158877209691, -31.386228185434497 ] ] ] } },
{ "type": "Feature", "properties": { "cve": "2825618", "nombre": "AMAPOLA SUR 3, 1 AL 15", "solicitante": "Minera Llahuin SCM", "region": "REGIÓN DE COQUIMBO", "provincia": "Provincia de Choapa", "comuna": null, "superficie_ha": 15.0, "datum_original": "PSAD56", "huso": 19, "epsg_origen": 24879, "tipo_publicacion": "mensura", "fuente_pdf": "http://www.diariooficial.interior.gob.cl/publicaciones/2026/06/22/44481/07/2825618.pdf", "archivo": "gm_mensura_2825618.pdf", "fecha": "22-06-2026", "edicion": "44481" }, "geometry": { "type": "Polygon", "coordinates": [ [ [ -71.018157044665841, -31.395762307858302 ], [ -71.020756069613952, -31.394368353292606 ], [ -71.015500131120788, -31.394451103527885 ], [ -71.015557940999841, -31.397156212672268 ], [ -71.020814029997467, -31.397073453696855 ], [ -71.018157044665841, -31.395762307858302 ] ] ] } },
{ "type": "Feature", "properties": { "cve": "2825927", "nombre": "PACHA II 111, 1 AL 20", "solicitante": "Pachón Transportes y Servicios Limitada", "region": "REGIÓN DE COQUIMBO", "provincia": "Provincia de Choapa", "comuna": null, "superficie_ha": 100.0, "datum_original": "WGS84", "huso": 19, "epsg_origen": 32719, "tipo_publicacion": "mensura", "fuente_pdf": "http://www.diariooficial.interior.gob.cl/publicaciones/2026/06/22/44481/07/2825927.pdf", "archivo": "gm_mensura_2825927.pdf", "fecha": "22-06-2026", "edicion": "44481" }, "geometry": { "type": "Polygon", "coordinates": [ [ [ -71.107064579553537, -31.554661151421303 ], [ -71.101799940232638, -31.554747841823389 ], [ -71.102204564229282, -31.572780521940228 ], [ -71.107470215235679, -31.572693770669336 ], [ -71.107064579553537, -31.554661151421303 ] ] ] } },
{ "type": "Feature", "properties": { "cve": "2825928", "nombre": "PACHA II 112, 1 AL 57", "solicitante": "Pachón Transportes y Servicios Limitada", "region": "REGIÓN DE COQUIMBO", "provincia": "Provincia de Choapa", "comuna": null, "superficie_ha": 209.0, "datum_original": "WGS84", "huso": 19, "epsg_origen": 32719, "tipo_publicacion": "mensura", "fuente_pdf": "http://www.diariooficial.interior.gob.cl/publicaciones/2026/06/22/44481/07/2825928.pdf", "archivo": "gm_mensura_2825928.pdf", "fecha": "22-06-2026", "edicion": "44481" }, "geometry": { "type": "Polygon", "coordinates": [ [ [ -71.149180870901773, -31.55395983224453 ], [ -71.136546138002061, -31.554171683194934 ], [ -71.136659208937516, -31.559130564534339 ], [ -71.125076641966928, -31.559323702808928 ], [ -71.124964182847492, -31.554364784189364 ], [ -71.117593789933537, -31.554487120934144 ], [ -71.117695670399442, -31.558995250415343 ], [ -71.122960494168098, -31.558907895007806 ], [ -71.123062650366322, -31.56341600568042 ], [ -71.125168674612823, -31.56338099672913 ], [ -71.125158447845862, -31.562930186432766 ], [ -71.136741459868247, -31.562737021042903 ], [ -71.136751742272281, -31.563187827949726 ], [ -71.14938768876317, -31.56297590263279 ], [ -71.149180870901773, -31.55395983224453 ] ] ] } },
{ "type": "Feature", "properties": { "cve": "2825929", "nombre": "PACHA II 113, 1 AL 55", "solicitante": "Pachón Transportes y Servicios Limitada", "region": "REGIÓN DE COQUIMBO", "provincia": "Provincia de Choapa", "comuna": null, "superficie_ha": 275.0, "datum_original": "WGS84", "huso": 19, "epsg_origen": 32719, "tipo_publicacion": "mensura", "fuente_pdf": "http://www.diariooficial.interior.gob.cl/publicaciones/2026/06/22/44481/07/2825929.pdf", "archivo": "gm_mensura_2825929.pdf", "fecha": "22-06-2026", "edicion": "44481" }, "geometry": { "type": "Polygon", "coordinates": [ [ [ -71.14938768876317, -31.56297590263279 ], [ -71.123062650366322, -31.56341600568042 ], [ -71.123164829478611, -31.567924112873108 ], [ -71.117899499894364, -31.568011498942962 ], [ -71.118001448932461, -31.572519617988728 ], [ -71.14959459941376, -31.571991959072289 ], [ -71.14938768876317, -31.56297590263279 ] ] ] } },
{ "type": "Feature", "properties": { "cve": "2825930", "nombre": "PACHA II 114, 1 AL 54", "solicitante": "Pachón Transportes y Servicios Limitada", "region": "REGIÓN DE COQUIMBO", "provincia": "Provincia de Choapa", "comuna": null, "superficie_ha": 260.0, "datum_original": "WGS84", "huso": 19, "epsg_origen": 32719, "tipo_publicacion": "mensura", "fuente_pdf": "http://www.diariooficial.interior.gob.cl/publicaciones/2026/06/22/44481/07/2825930.pdf", "archivo": "gm_mensura_2825930.pdf", "fecha": "22-06-2026", "edicion": "44481" }, "geometry": { "type": "Polygon", "coordinates": [ [ [ -71.14959459941376, -31.571991959072289 ], [ -71.118001448932461, -31.572519617988728 ], [ -71.118205415612621, -31.581535845642485 ], [ -71.119258635191002, -31.581518376570223 ], [ -71.119095373539324, -31.574305400463214 ], [ -71.124361052748867, -31.574217949582149 ], [ -71.124524719341707, -31.581430901139765 ], [ -71.14980160289042, -31.581008001560377 ], [ -71.14959459941376, -31.571991959072289 ] ] ] } },
{ "type": "Feature", "properties": { "cve": "2826924", "nombre": "VICUÑA1", "solicitante": "SCM Vilacollo", "region": "REGIÓN DE ARICA Y PARINACOTA", "provincia": "Provincia de Parinacota", "comuna": "Putre", "superficie_ha": 300.0, "datum_original": "PSAD56", "huso": 19, "epsg_origen": 24879, "tipo_publicacion": "pedimento", "fuente_pdf": "http://www.diariooficial.interior.gob.cl/publicaciones/2026/06/22/44481/07/2826924.pdf", "archivo": "gm_pedimento_2826924.pdf", "fecha": "22-06-2026", "edicion": "44481" }, "geometry": { "type": "Polygon", "coordinates": [ [ [ -69.342559374662045, -18.32668316858873 ], [ -69.333095920219293, -18.32669992193177 ], [ -69.333147854142624, -18.353813945933538 ], [ -69.342612783989836, -18.353797166084675 ], [ -69.342559374662045, -18.32668316858873 ] ] ] } },
{ "type": "Feature", "properties": { "cve": "2826932", "nombre": "VICUÑA10", "solicitante": "SCM Vilacollo", "region": "REGIÓN DE ARICA Y PARINACOTA", "provincia": "Provincia de Parinacota", "comuna": "Putre", "superficie_ha": 300.0, "datum_original": "PSAD56", "huso": 19, "epsg_origen": 24879, "tipo_publicacion": "pedimento", "fuente_pdf": "http://www.diariooficial.interior.gob.cl/publicaciones/2026/06/22/44481/07/2826932.pdf", "archivo": "gm_pedimento_2826932.pdf", "fecha": "22-06-2026", "edicion": "44481" }, "geometry": { "type": "Polygon", "coordinates": [ [ [ -69.333199878444901, -18.380927891943472 ], [ -69.304800595834593, -18.380975486393901 ], [ -69.304816477665213, -18.39001347608226 ], [ -69.333217239974488, -18.389965856598366 ], [ -69.333199878444901, -18.380927891943472 ] ] ] } },
{ "type": "Feature", "properties": { "cve": "2826933", "nombre": "VICUÑA11", "solicitante": "SCM Vilacollo", "region": "REGIÓN DE ARICA Y PARINACOTA", "provincia": "Provincia de Parinacota", "comuna": "Putre", "superficie_ha": 300.0, "datum_original": "PSAD56", "huso": 19, "epsg_origen": 24879, "tipo_publicacion": "pedimento", "fuente_pdf": "http://www.diariooficial.interior.gob.cl/publicaciones/2026/06/22/44481/07/2826933.pdf", "archivo": "gm_pedimento_2826933.pdf", "fecha": "22-06-2026", "edicion": "44481" }, "geometry": { "type": "Polygon", "coordinates": [ [ [ -69.304753005491094, -18.353861465298671 ], [ -69.295288037188271, -18.353876365019641 ], [ -69.295334149531953, -18.380990409657908 ], [ -69.304800595834593, -18.380975486393901 ], [ -69.304753005491094, -18.353861465298671 ] ] ] } },
{ "type": "Feature", "properties": { "cve": "2826925", "nombre": "VICUÑA2", "solicitante": "SCM Vilacollo", "region": "REGIÓN DE ARICA Y PARINACOTA", "provincia": "Provincia de Parinacota", "comuna": "Putre", "superficie_ha": 300.0, "datum_original": "PSAD56", "huso": 19, "epsg_origen": 24879, "tipo_publicacion": "pedimento", "fuente_pdf": "http://www.diariooficial.interior.gob.cl/publicaciones/2026/06/22/44481/07/2826925.pdf", "archivo": "gm_pedimento_2826925.pdf", "fecha": "22-06-2026", "edicion": "44481" }, "geometry": { "type": "Polygon", "coordinates": [ [ [ -69.333095920219293, -18.32669992193177 ], [ -69.304705497823775, -18.326747366234205 ], [ -69.304721324530306, -18.335785407912905 ], [ -69.333113221488958, -18.335737938592079 ], [ -69.333095920219293, -18.32669992193177 ] ] ] } },
{ "type": "Feature", "properties": { "cve": "2826926", "nombre": "VICUÑA3", "solicitante": "SCM Vilacollo", "region": "REGIÓN DE ARICA Y PARINACOTA", "provincia": "Provincia de Parinacota", "comuna": "Putre", "superficie_ha": 300.0, "datum_original": "PSAD56", "huso": 19, "epsg_origen": 24879, "tipo_publicacion": "pedimento", "fuente_pdf": "http://www.diariooficial.interior.gob.cl/publicaciones/2026/06/22/44481/07/2826926.pdf", "archivo": "gm_pedimento_2826926.pdf", "fecha": "22-06-2026", "edicion": "44481" }, "geometry": { "type": "Polygon", "coordinates": [ [ [ -69.333113221488958, -18.335737938592079 ], [ -69.304721324530306, -18.335785407912905 ], [ -69.304737160418682, -18.34482344093561 ], [ -69.333130532795934, -18.344775946593877 ], [ -69.333113221488958, -18.335737938592079 ] ] ] } },
{ "type": "Feature", "properties": { "cve": "2826927", "nombre": "VICUÑA4", "solicitante": "SCM Vilacollo", "region": "REGIÓN DE ARICA Y PARINACOTA", "provincia": "Provincia de Parinacota", "comuna": "Putre", "superficie_ha": 300.0, "datum_original": "PSAD56", "huso": 19, "epsg_origen": 24879, "tipo_publicacion": "pedimento", "fuente_pdf": "http://www.diariooficial.interior.gob.cl/publicaciones/2026/06/22/44481/07/2826927.pdf", "archivo": "gm_pedimento_2826927.pdf", "fecha": "22-06-2026", "edicion": "44481" }, "geometry": { "type": "Polygon", "coordinates": [ [ [ -69.333130532795934, -18.344775946593877 ], [ -69.304737160418682, -18.34482344093561 ], [ -69.304753005491094, -18.353861465298671 ], [ -69.333147854142624, -18.353813945933538 ], [ -69.333130532795934, -18.344775946593877 ] ] ] } },
{ "type": "Feature", "properties": { "cve": "2826928", "nombre": "VICUÑA5", "solicitante": "SCM Vilacollo", "region": "REGIÓN DE ARICA Y PARINACOTA", "provincia": "Provincia de Parinacota", "comuna": "Putre", "superficie_ha": 300.0, "datum_original": "PSAD56", "huso": 19, "epsg_origen": 24879, "tipo_publicacion": "pedimento", "fuente_pdf": "http://www.diariooficial.interior.gob.cl/publicaciones/2026/06/22/44481/07/2826928.pdf", "archivo": "gm_pedimento_2826928.pdf", "fecha": "22-06-2026", "edicion": "44481" }, "geometry": { "type": "Polygon", "coordinates": [ [ [ -69.304737160418682, -18.34482344093561 ], [ -69.276343705387617, -18.344866707189848 ], [ -69.276358074165927, -18.353904754348665 ], [ -69.304753005491094, -18.353861465298671 ], [ -69.304737160418682, -18.34482344093561 ] ] ] } },
{ "type": "Feature", "properties": { "cve": "2826929", "nombre": "VICUÑA6", "solicitante": "SCM Vilacollo", "region": "REGIÓN DE ARICA Y PARINACOTA", "provincia": "Provincia de Parinacota", "comuna": "Putre", "superficie_ha": 300.0, "datum_original": "PSAD56", "huso": 19, "epsg_origen": 24879, "tipo_publicacion": "pedimento", "fuente_pdf": "http://www.diariooficial.interior.gob.cl/publicaciones/2026/06/22/44481/07/2826929.pdf", "archivo": "gm_pedimento_2826929.pdf", "fecha": "22-06-2026", "edicion": "44481" }, "geometry": { "type": "Polygon", "coordinates": [ [ [ -69.342612783989836, -18.353797166084675 ], [ -69.333147854142624, -18.353813945933538 ], [ -69.333199878444901, -18.380927891943472 ], [ -69.342666286264176, -18.380911085580799 ], [ -69.342612783989836, -18.353797166084675 ] ] ] } },
{ "type": "Feature", "properties": { "cve": "2826930", "nombre": "VICUÑA7", "solicitante": "SCM Vilacollo", "region": "REGIÓN DE ARICA Y PARINACOTA", "provincia": "Provincia de Parinacota", "comuna": "Putre", "superficie_ha": 300.0, "datum_original": "PSAD56", "huso": 19, "epsg_origen": 24879, "tipo_publicacion": "pedimento", "fuente_pdf": "http://www.diariooficial.interior.gob.cl/publicaciones/2026/06/22/44481/07/2826930.pdf", "archivo": "gm_pedimento_2826930.pdf", "fecha": "22-06-2026", "edicion": "44481" }, "geometry": { "type": "Polygon", "coordinates": [ [ [ -69.333147854142624, -18.353813945933538 ], [ -69.304753005491094, -18.353861465298671 ], [ -69.304768859749728, -18.362899480998482 ], [ -69.333165185531385, -18.362851936607431 ], [ -69.333147854142624, -18.353813945933538 ] ] ] } },
{ "type": "Feature", "properties": { "cve": "2826931", "nombre": "VICUÑA8", "solicitante": "SCM Vilacollo", "region": "REGIÓN DE ARICA Y PARINACOTA", "provincia": "Provincia de Parinacota", "comuna": "Putre", "superficie_ha": 300.0, "datum_original": "PSAD56", "huso": 19, "epsg_origen": 24879, "tipo_publicacion": "pedimento", "fuente_pdf": "http://www.diariooficial.interior.gob.cl/publicaciones/2026/06/22/44481/07/2826931.pdf", "archivo": "gm_pedimento_2826931.pdf", "fecha": "22-06-2026", "edicion": "44481" }, "geometry": { "type": "Polygon", "coordinates": [ [ [ -69.333165185531385, -18.362851936607431 ], [ -69.304768859749728, -18.362899480998482 ], [ -69.304784723196846, -18.371937488031438 ], [ -69.333182526964663, -18.371889918611956 ], [ -69.333165185531385, -18.362851936607431 ] ] ] } },
{ "type": "Feature", "properties": { "cve": "2827045", "nombre": "4 DOMOS 1", "solicitante": "Austral Exploraciones SpA", "region": "REGIÓN DE TARAPACÁ", "provincia": "Provincia del Tamarugal", "comuna": null, "superficie_ha": 300.0, "datum_original": "PSAD56", "huso": 19, "epsg_origen": 24879, "tipo_publicacion": "pedimento", "fuente_pdf": "http://www.diariooficial.interior.gob.cl/publicaciones/2026/06/22/44481/07/2827045.pdf", "archivo": "gm_pedimento_2827045.pdf", "fecha": "22-06-2026", "edicion": "44481" }, "geometry": { "type": "Polygon", "coordinates": [ [ [ -69.239456158019024, -19.12229054848995 ], [ -69.229948098280474, -19.122302673705221 ], [ -69.229985624560243, -19.149415039844929 ], [ -69.239495235927038, -19.14940289613401 ], [ -69.239456158019024, -19.12229054848995 ] ] ] } },
{ "type": "Feature", "properties": { "cve": "2827054", "nombre": "4 DOMOS 10", "solicitante": "Austral Exploraciones SpA", "region": "REGIÓN DE TARAPACÁ", "provincia": "Provincia del Tamarugal", "comuna": null, "superficie_ha": 100.0, "datum_original": "PSAD56", "huso": 19, "epsg_origen": 24879, "tipo_publicacion": "pedimento", "fuente_pdf": "http://www.diariooficial.interior.gob.cl/publicaciones/2026/06/22/44481/07/2827054.pdf", "archivo": "gm_pedimento_2827054.pdf", "fecha": "22-06-2026", "edicion": "44481" }, "geometry": { "type": "Polygon", "coordinates": [ [ [ -69.211000862184036, -19.176550171535748 ], [ -69.201489676272843, -19.176560855656966 ], [ -69.201500664282605, -19.185598283145541 ], [ -69.211012368866321, -19.185587593605518 ], [ -69.211000862184036, -19.176550171535748 ] ] ] } },
{ "type": "Feature", "properties": { "cve": "2827046", "nombre": "4 DOMOS 2", "solicitante": "Austral Exploraciones SpA", "region": "REGIÓN DE TARAPACÁ", "provincia": "Provincia del Tamarugal", "comuna": null, "superficie_ha": 300.0, "datum_original": "PSAD56", "huso": 19, "epsg_origen": 24879, "tipo_publicacion": "pedimento", "fuente_pdf": "http://www.diariooficial.interior.gob.cl/publicaciones/2026/06/22/44481/07/2827046.pdf", "archivo": "gm_pedimento_2827046.pdf", "fecha": "22-06-2026", "edicion": "44481" }, "geometry": { "type": "Polygon", "coordinates": [ [ [ -69.229948098280474, -19.122302673705221 ], [ -69.220440031496651, -19.122314307723705 ], [ -69.220476006142889, -19.149426691609801 ], [ -69.229985624560243, -19.149415039844929 ], [ -69.229948098280474, -19.122302673705221 ] ] ] } },
{ "type": "Feature", "properties": { "cve": "2827047", "nombre": "4 DOMOS 3", "solicitante": "Austral Exploraciones SpA", "region": "REGIÓN DE TARAPACÁ", "provincia": "Provincia del Tamarugal", "comuna": null, "superficie_ha": 300.0, "datum_original": "PSAD56", "huso": 19, "epsg_origen": 24879, "tipo_publicacion": "pedimento", "fuente_pdf": "http://www.diariooficial.interior.gob.cl/publicaciones/2026/06/22/44481/07/2827047.pdf", "archivo": "gm_pedimento_2827047.pdf", "fecha": "22-06-2026", "edicion": "44481" }, "geometry": { "type": "Polygon", "coordinates": [ [ [ -69.220440031496651, -19.122314307723705 ], [ -69.210931957958834, -19.122325450543869 ], [ -69.210966380966497, -19.149437851427095 ], [ -69.220476006142889, -19.149426691609801 ], [ -69.220440031496651, -19.122314307723705 ] ] ] } },
{ "type": "Feature", "properties": { "cve": "2827048", "nombre": "4 DOMOS 4", "solicitante": "Austral Exploraciones SpA", "region": "REGIÓN DE TARAPACÁ", "provincia": "Provincia del Tamarugal", "comuna": null, "superficie_ha": 300.0, "datum_original": "PSAD56", "huso": 19, "epsg_origen": 24879, "tipo_publicacion": "pedimento", "fuente_pdf": "http://www.diariooficial.interior.gob.cl/publicaciones/2026/06/22/44481/07/2827048.pdf", "archivo": "gm_pedimento_2827048.pdf", "fecha": "22-06-2026", "edicion": "44481" }, "geometry": { "type": "Polygon", "coordinates": [ [ [ -69.210931957958834, -19.122325450543869 ], [ -69.201423877958362, -19.122336102164265 ], [ -69.20145674932256, -19.14944851929533 ], [ -69.210966380966497, -19.149437851427095 ], [ -69.210931957958834, -19.122325450543869 ] ] ] } },
{ "type": "Feature", "properties": { "cve": "2827049", "nombre": "4 DOMOS 5", "solicitante": "Austral Exploraciones SpA", "region": "REGIÓN DE TARAPACÁ", "provincia": "Provincia del Tamarugal", "comuna": null, "superficie_ha": 300.0, "datum_original": "PSAD56", "huso": 19, "epsg_origen": 24879, "tipo_publicacion": "pedimento", "fuente_pdf": "http://www.diariooficial.interior.gob.cl/publicaciones/2026/06/22/44481/07/2827049.pdf", "archivo": "gm_pedimento_2827049.pdf", "fecha": "22-06-2026", "edicion": "44481" }, "geometry": { "type": "Polygon", "coordinates": [ [ [ -69.239495235927038, -19.14940289613401 ], [ -69.229985624560243, -19.149415039844929 ], [ -69.230023214297589, -19.176527325199114 ], [ -69.239534379916421, -19.176515162986707 ], [ -69.239495235927038, -19.14940289613401 ] ] ] } },
{ "type": "Feature", "properties": { "cve": "2827050", "nombre": "4 DOMOS 6", "solicitante": "Austral Exploraciones SpA", "region": "REGIÓN DE TARAPACÁ", "provincia": "Provincia del Tamarugal", "comuna": null, "superficie_ha": 300.0, "datum_original": "PSAD56", "huso": 19, "epsg_origen": 24879, "tipo_publicacion": "pedimento", "fuente_pdf": "http://www.diariooficial.interior.gob.cl/publicaciones/2026/06/22/44481/07/2827050.pdf", "archivo": "gm_pedimento_2827050.pdf", "fecha": "22-06-2026", "edicion": "44481" }, "geometry": { "type": "Polygon", "coordinates": [ [ [ -69.229985624560243, -19.149415039844929 ], [ -69.220476006142889, -19.149426691609801 ], [ -69.220512041622882, -19.176538994715965 ], [ -69.230023214297589, -19.176527325199114 ], [ -69.229985624560243, -19.149415039844929 ] ] ] } },
{ "type": "Feature", "properties": { "cve": "2827051", "nombre": "4 DOMOS 7", "solicitante": "Austral Exploraciones SpA", "region": "REGIÓN DE TARAPACÁ", "provincia": "Provincia del Tamarugal", "comuna": null, "superficie_ha": 300.0, "datum_original": "PSAD56", "huso": 19, "epsg_origen": 24879, "tipo_publicacion": "pedimento", "fuente_pdf": "http://www.diariooficial.interior.gob.cl/publicaciones/2026/06/22/44481/07/2827051.pdf", "archivo": "gm_pedimento_2827051.pdf", "fecha": "22-06-2026", "edicion": "44481" }, "geometry": { "type": "Polygon", "coordinates": [ [ [ -69.220476006142889, -19.149426691609801 ], [ -69.210966380966497, -19.149437851427095 ], [ -69.211000862184036, -19.176550171535748 ], [ -69.220512041622882, -19.176538994715965 ], [ -69.220476006142889, -19.149426691609801 ] ] ] } },
{ "type": "Feature", "properties": { "cve": "2827052", "nombre": "4 DOMOS 8", "solicitante": "Austral Exploraciones SpA", "region": "REGIÓN DE TARAPACÁ", "provincia": "Provincia del Tamarugal", "comuna": null, "superficie_ha": 300.0, "datum_original": "PSAD56", "huso": 19, "epsg_origen": 24879, "tipo_publicacion": "pedimento", "fuente_pdf": "http://www.diariooficial.interior.gob.cl/publicaciones/2026/06/22/44481/07/2827052.pdf", "archivo": "gm_pedimento_2827052.pdf", "fecha": "22-06-2026", "edicion": "44481" }, "geometry": { "type": "Polygon", "coordinates": [ [ [ -69.210966380966497, -19.149437851427095 ], [ -69.20145674932256, -19.14944851929533 ], [ -69.201489676272843, -19.176560855656966 ], [ -69.211000862184036, -19.176550171535748 ], [ -69.210966380966497, -19.149437851427095 ] ] ] } },
{ "type": "Feature", "properties": { "cve": "2827053", "nombre": "4 DOMOS 9", "solicitante": "Austral Exploraciones SpA", "region": "REGIÓN DE TARAPACÁ", "provincia": "Provincia del Tamarugal", "comuna": null, "superficie_ha": 300.0, "datum_original": "PSAD56", "huso": 19, "epsg_origen": 24879, "tipo_publicacion": "pedimento", "fuente_pdf": "http://www.diariooficial.interior.gob.cl/publicaciones/2026/06/22/44481/07/2827053.pdf", "archivo": "gm_pedimento_2827053.pdf", "fecha": "22-06-2026", "edicion": "44481" }, "geometry": { "type": "Polygon", "coordinates": [ [ [ -69.239534379916421, -19.176515162986707 ], [ -69.211000862184036, -19.176550171535748 ], [ -69.211012368866321, -19.185587593605518 ], [ -69.239547442606195, -19.185552567300771 ], [ -69.239534379916421, -19.176515162986707 ] ] ] } },
{ "type": "Feature", "properties": { "cve": "2826666", "nombre": "GIRASOLES A", "solicitante": "Franja Costera SpA", "region": "REGIÓN DE ANTOFAGASTA", "provincia": "Provincia de Antofagasta", "comuna": "Antofagasta", "superficie_ha": 300.0, "datum_original": "PSAD56", "huso": 19, "epsg_origen": 24879, "tipo_publicacion": "pedimento", "fuente_pdf": "http://www.diariooficial.interior.gob.cl/publicaciones/2026/06/22/44481/07/2826666.pdf", "archivo": "gm_pedimento_2826666.pdf", "fecha": "22-06-2026", "edicion": "44481" }, "geometry": { "type": "Polygon", "coordinates": [ [ [ -70.261304767834645, -24.0123915488563 ], [ -70.251474506284879, -24.012472128099816 ], [ -70.25173683205675, -24.039562185230295 ], [ -70.2615691528339, -24.039481503842808 ], [ -70.261304767834645, -24.0123915488563 ] ] ] } },
{ "type": "Feature", "properties": { "cve": "2826651", "nombre": "GUILLE SUR 7A", "solicitante": "Vale Exploraciones Chile Limitada", "region": "REGIÓN DE ANTOFAGASTA", "provincia": "Provincia de Antofagasta", "comuna": null, "superficie_ha": 300.0, "datum_original": "PSAD56", "huso": 19, "epsg_origen": 24879, "tipo_publicacion": "pedimento", "fuente_pdf": "http://www.diariooficial.interior.gob.cl/publicaciones/2026/06/22/44481/07/2826651.pdf", "archivo": "gm_pedimento_2826651.pdf", "fecha": "22-06-2026", "edicion": "44481" }, "geometry": { "type": "Polygon", "coordinates": [ [ [ -69.73997840198939, -25.796635125033763 ], [ -69.730004197658516, -25.79668552685952 ], [ -69.730170212764506, -25.823773334619531 ], [ -69.740146684894242, -25.823722872209522 ], [ -69.73997840198939, -25.796635125033763 ] ] ] } },
{ "type": "Feature", "properties": { "cve": "2827000", "nombre": "NUEVO SURPE 31", "solicitante": "Minera Meridian Limitada", "region": "REGIÓN DE ANTOFAGASTA", "provincia": "Provincia de Antofagasta", "comuna": "Antofagasta", "superficie_ha": 300.0, "datum_original": "WGS84", "huso": 19, "epsg_origen": 32719, "tipo_publicacion": "pedimento", "fuente_pdf": "http://www.diariooficial.interior.gob.cl/publicaciones/2026/06/22/44481/07/2827000.pdf", "archivo": "gm_pedimento_2827000.pdf", "fecha": "22-06-2026", "edicion": "44481" }, "geometry": { "type": "Polygon", "coordinates": [ [ [ -69.592433794587876, -24.547739713724088 ], [ -69.582560301958694, -24.547778187294515 ], [ -69.582685519384853, -24.574871644191521 ], [ -69.592561133954874, -24.574833122653139 ], [ -69.592433794587876, -24.547739713724088 ] ] ] } },
{ "type": "Feature", "properties": { "cve": "2826840", "nombre": "KARLA 5", "solicitante": "Minera Plata Carina SpA", "region": "REGIÓN DE ANTOFAGASTA", "provincia": "Provincia de El Loa", "comuna": "Calama", "superficie_ha": 300.0, "datum_original": "PSAD56", "huso": 19, "epsg_origen": 24879, "tipo_publicacion": "pedimento", "fuente_pdf": "http://www.diariooficial.interior.gob.cl/publicaciones/2026/06/22/44481/07/2826840.pdf", "archivo": "gm_pedimento_2826840.pdf", "fecha": "22-06-2026", "edicion": "44481" }, "geometry": { "type": "Polygon", "coordinates": [ [ [ -68.552891067042367, -23.01611766988324 ], [ -68.523615190154416, -23.016032291759174 ], [ -68.523583462270352, -23.025065338385271 ], [ -68.552861288808487, -23.02515075378972 ], [ -68.552891067042367, -23.01611766988324 ] ] ] } },
{ "type": "Feature", "properties": { "cve": "2826816", "nombre": "TORO 1", "solicitante": "Evans Ulloa Joyce Aileen", "region": "REGIÓN DE ANTOFAGASTA", "provincia": "Provincia de El Loa", "comuna": null, "superficie_ha": 300.0, "datum_original": "PSAD56", "huso": 19, "epsg_origen": 24879, "tipo_publicacion": "pedimento", "fuente_pdf": "http://www.diariooficial.interior.gob.cl/publicaciones/2026/06/22/44481/07/2826816.pdf", "archivo": "gm_pedimento_2826816.pdf", "fecha": "22-06-2026", "edicion": "44481" }, "geometry": { "type": "Polygon", "coordinates": [ [ [ -67.42295532786315, -23.677161093734789 ], [ -67.413151702478544, -23.677060969824417 ], [ -67.412824312440804, -23.704148268707748 ], [ -67.422629958406503, -23.704248520894353 ], [ -67.42295532786315, -23.677161093734789 ] ] ] } },
{ "type": "Feature", "properties": { "cve": "2826825", "nombre": "TORO 10", "solicitante": "Evans Ulloa Joyce Aileen", "region": "REGIÓN DE ANTOFAGASTA", "provincia": "Provincia de El Loa", "comuna": null, "superficie_ha": 300.0, "datum_original": "PSAD56", "huso": 19, "epsg_origen": 24879, "tipo_publicacion": "pedimento", "fuente_pdf": "http://www.diariooficial.interior.gob.cl/publicaciones/2026/06/22/44481/07/2826825.pdf", "archivo": "gm_pedimento_2826825.pdf", "fecha": "22-06-2026", "edicion": "44481" }, "geometry": { "type": "Polygon", "coordinates": [ [ [ -67.373714153730489, -23.694712138057017 ], [ -67.363909456041213, -23.69460882649151 ], [ -67.36357162847996, -23.721695405342949 ], [ -67.373378348506378, -23.721798849189973 ], [ -67.373714153730489, -23.694712138057017 ] ] ] } },
{ "type": "Feature", "properties": { "cve": "2826826", "nombre": "TORO 11", "solicitante": "Evans Ulloa Joyce Aileen", "region": "REGIÓN DE ANTOFAGASTA", "provincia": "Provincia de El Loa", "comuna": null, "superficie_ha": 300.0, "datum_original": "PSAD56", "huso": 19, "epsg_origen": 24879, "tipo_publicacion": "pedimento", "fuente_pdf": "http://www.diariooficial.interior.gob.cl/publicaciones/2026/06/22/44481/07/2826826.pdf", "archivo": "gm_pedimento_2826826.pdf", "fecha": "22-06-2026", "edicion": "44481" }, "geometry": { "type": "Polygon", "coordinates": [ [ [ -67.363909456041213, -23.69460882649151 ], [ -67.354104814238184, -23.694504894539399 ], [ -67.353764964390905, -23.721591340315175 ], [ -67.36357162847996, -23.721695405342949 ], [ -67.363909456041213, -23.69460882649151 ] ] ] } },
{ "type": "Feature", "properties": { "cve": "2826827", "nombre": "TORO 12", "solicitante": "Evans Ulloa Joyce Aileen", "region": "REGIÓN DE ANTOFAGASTA", "provincia": "Provincia de El Loa", "comuna": null, "superficie_ha": 300.0, "datum_original": "PSAD56", "huso": 19, "epsg_origen": 24879, "tipo_publicacion": "pedimento", "fuente_pdf": "http://www.diariooficial.interior.gob.cl/publicaciones/2026/06/22/44481/07/2826827.pdf", "archivo": "gm_pedimento_2826827.pdf", "fecha": "22-06-2026", "edicion": "44481" }, "geometry": { "type": "Polygon", "coordinates": [ [ [ -67.354104814238184, -23.694504894539399 ], [ -67.344300228655769, -23.694400342214919 ], [ -67.343958356573879, -23.721486654120902 ], [ -67.353764964390905, -23.721591340315175 ], [ -67.354104814238184, -23.694504894539399 ] ] ] } },
{ "type": "Feature", "properties": { "cve": "2826828", "nombre": "TORO 13", "solicitante": "Evans Ulloa Joyce Aileen", "region": "REGIÓN DE ANTOFAGASTA", "provincia": "Provincia de El Loa", "comuna": null, "superficie_ha": 300.0, "datum_original": "PSAD56", "huso": 19, "epsg_origen": 24879, "tipo_publicacion": "pedimento", "fuente_pdf": "http://www.diariooficial.interior.gob.cl/publicaciones/2026/06/22/44481/07/2826828.pdf", "archivo": "gm_pedimento_2826828.pdf", "fecha": "22-06-2026", "edicion": "44481" }, "geometry": { "type": "Polygon", "coordinates": [ [ [ -67.344300228655769, -23.694400342214919 ], [ -67.334495699628349, -23.694295169532364 ], [ -67.334151805363575, -23.72138134677445 ], [ -67.343958356573879, -23.721486654120902 ], [ -67.344300228655769, -23.694400342214919 ] ] ] } },
{ "type": "Feature", "properties": { "cve": "2826829", "nombre": "TORO 14", "solicitante": "Evans Ulloa Joyce Aileen", "region": "REGIÓN DE ANTOFAGASTA", "provincia": "Provincia de El Loa", "comuna": null, "superficie_ha": 300.0, "datum_original": "PSAD56", "huso": 19, "epsg_origen": 24879, "tipo_publicacion": "pedimento", "fuente_pdf": "http://www.diariooficial.interior.gob.cl/publicaciones/2026/06/22/44481/07/2826829.pdf", "archivo": "gm_pedimento_2826829.pdf", "fecha": "22-06-2026", "edicion": "44481" }, "geometry": { "type": "Polygon", "coordinates": [ [ [ -67.334495699628349, -23.694295169532364 ], [ -67.32469122749032, -23.694189376506117 ], [ -67.32434531109466, -23.721275418290247 ], [ -67.334151805363575, -23.72138134677445 ], [ -67.334495699628349, -23.694295169532364 ] ] ] } },
{ "type": "Feature", "properties": { "cve": "2826830", "nombre": "TORO 15", "solicitante": "Evans Ulloa Joyce Aileen", "region": "REGIÓN DE ANTOFAGASTA", "provincia": "Provincia de El Loa", "comuna": null, "superficie_ha": 300.0, "datum_original": "PSAD56", "huso": 19, "epsg_origen": 24879, "tipo_publicacion": "pedimento", "fuente_pdf": "http://www.diariooficial.interior.gob.cl/publicaciones/2026/06/22/44481/07/2826830.pdf", "archivo": "gm_pedimento_2826830.pdf", "fecha": "22-06-2026", "edicion": "44481" }, "geometry": { "type": "Polygon", "coordinates": [ [ [ -67.422629958406503, -23.704248520894353 ], [ -67.393213183535963, -23.703945902184898 ], [ -67.393102596742281, -23.712974893290493 ], [ -67.422521394151119, -23.71327764110465 ], [ -67.422629958406503, -23.704248520894353 ] ] ] } },
{ "type": "Feature", "properties": { "cve": "2826831", "nombre": "TORO 16", "solicitante": "Evans Ulloa Joyce Aileen", "region": "REGIÓN DE ANTOFAGASTA", "provincia": "Provincia de El Loa", "comuna": null, "superficie_ha": 200.0, "datum_original": "PSAD56", "huso": 19, "epsg_origen": 24879, "tipo_publicacion": "pedimento", "fuente_pdf": "http://www.diariooficial.interior.gob.cl/publicaciones/2026/06/22/44481/07/2826831.pdf", "archivo": "gm_pedimento_2826831.pdf", "fecha": "22-06-2026", "edicion": "44481" }, "geometry": { "type": "Polygon", "coordinates": [ [ [ -67.393213183535963, -23.703945902184898 ], [ -67.373602274229953, -23.703741052888308 ], [ -67.373490339160895, -23.712769956600404 ], [ -67.393102596742281, -23.712974893290493 ], [ -67.393213183535963, -23.703945902184898 ] ] ] } },
{ "type": "Feature", "properties": { "cve": "2826832", "nombre": "TORO 17", "solicitante": "Evans Ulloa Joyce Aileen", "region": "REGIÓN DE ANTOFAGASTA", "provincia": "Provincia de El Loa", "comuna": null, "superficie_ha": 300.0, "datum_original": "PSAD56", "huso": 19, "epsg_origen": 24879, "tipo_publicacion": "pedimento", "fuente_pdf": "http://www.diariooficial.interior.gob.cl/publicaciones/2026/06/22/44481/07/2826832.pdf", "archivo": "gm_pedimento_2826832.pdf", "fecha": "22-06-2026", "edicion": "44481" }, "geometry": { "type": "Polygon", "coordinates": [ [ [ -67.422521394151119, -23.71327764110465 ], [ -67.393102596742281, -23.712974893290493 ], [ -67.3929919550324, -23.722003873285246 ], [ -67.42241277598346, -23.722306750221346 ], [ -67.422521394151119, -23.71327764110465 ] ] ] } },
{ "type": "Feature", "properties": { "cve": "2826833", "nombre": "TORO 18", "solicitante": "Evans Ulloa Joyce Aileen", "region": "REGIÓN DE ANTOFAGASTA", "provincia": "Provincia de El Loa", "comuna": null, "superficie_ha": 200.0, "datum_original": "PSAD56", "huso": 19, "epsg_origen": 24879, "tipo_publicacion": "pedimento", "fuente_pdf": "http://www.diariooficial.interior.gob.cl/publicaciones/2026/06/22/44481/07/2826833.pdf", "archivo": "gm_pedimento_2826833.pdf", "fecha": "22-06-2026", "edicion": "44481" }, "geometry": { "type": "Polygon", "coordinates": [ [ [ -67.393102596742281, -23.712974893290493 ], [ -67.373490339160895, -23.712769956600404 ], [ -67.373378348506378, -23.721798849189973 ], [ -67.3929919550324, -23.722003873285246 ], [ -67.393102596742281, -23.712974893290493 ] ] ] } },
{ "type": "Feature", "properties": { "cve": "2826834", "nombre": "TORO 19", "solicitante": "Evans Ulloa Joyce Aileen", "region": "REGIÓN DE ANTOFAGASTA", "provincia": "Provincia de El Loa", "comuna": null, "superficie_ha": 200.0, "datum_original": "PSAD56", "huso": 19, "epsg_origen": 24879, "tipo_publicacion": "pedimento", "fuente_pdf": "http://www.diariooficial.interior.gob.cl/publicaciones/2026/06/22/44481/07/2826834.pdf", "archivo": "gm_pedimento_2826834.pdf", "fecha": "22-06-2026", "edicion": "44481" }, "geometry": { "type": "Polygon", "coordinates": [ [ [ -67.334151805363575, -23.72138134677445 ], [ -67.32434531109466, -23.721275418290247 ], [ -67.324114413814172, -23.739332723707065 ], [ -67.333922257843483, -23.73943874252674 ], [ -67.334151805363575, -23.72138134677445 ] ] ] } },
{ "type": "Feature", "properties": { "cve": "2826817", "nombre": "TORO 2", "solicitante": "Evans Ulloa Joyce Aileen", "region": "REGIÓN DE ANTOFAGASTA", "provincia": "Provincia de El Loa", "comuna": null, "superficie_ha": 300.0, "datum_original": "PSAD56", "huso": 19, "epsg_origen": 24879, "tipo_publicacion": "pedimento", "fuente_pdf": "http://www.diariooficial.interior.gob.cl/publicaciones/2026/06/22/44481/07/2826817.pdf", "archivo": "gm_pedimento_2826817.pdf", "fecha": "22-06-2026", "edicion": "44481" }, "geometry": { "type": "Polygon", "coordinates": [ [ [ -67.413151702478544, -23.677060969824417 ], [ -67.403348131275052, -23.676960225986953 ], [ -67.403018720705802, -23.704047395799996 ], [ -67.412824312440804, -23.704148268707748 ], [ -67.413151702478544, -23.677060969824417 ] ] ] } },
{ "type": "Feature", "properties": { "cve": "2826818", "nombre": "TORO 3", "solicitante": "Evans Ulloa Joyce Aileen", "region": "REGIÓN DE ANTOFAGASTA", "provincia": "Provincia de El Loa", "comuna": null, "superficie_ha": 300.0, "datum_original": "PSAD56", "huso": 19, "epsg_origen": 24879, "tipo_publicacion": "pedimento", "fuente_pdf": "http://www.diariooficial.interior.gob.cl/publicaciones/2026/06/22/44481/07/2826818.pdf", "archivo": "gm_pedimento_2826818.pdf", "fecha": "22-06-2026", "edicion": "44481" }, "geometry": { "type": "Polygon", "coordinates": [ [ [ -67.403348131275052, -23.676960225986953 ], [ -67.393544614586915, -23.676858862236152 ], [ -67.393213183535963, -23.703945902184898 ], [ -67.403018720705802, -23.704047395799996 ], [ -67.403348131275052, -23.676960225986953 ] ] ] } },
{ "type": "Feature", "properties": { "cve": "2826819", "nombre": "TORO 4", "solicitante": "Evans Ulloa Joyce Aileen", "region": "REGIÓN DE ANTOFAGASTA", "provincia": "Provincia de El Loa", "comuna": null, "superficie_ha": 300.0, "datum_original": "PSAD56", "huso": 19, "epsg_origen": 24879, "tipo_publicacion": "pedimento", "fuente_pdf": "http://www.diariooficial.interior.gob.cl/publicaciones/2026/06/22/44481/07/2826819.pdf", "archivo": "gm_pedimento_2826819.pdf", "fecha": "22-06-2026", "edicion": "44481" }, "geometry": { "type": "Polygon", "coordinates": [ [ [ -67.393544614586915, -23.676858862236152 ], [ -67.383741152748399, -23.676756878585884 ], [ -67.383407701265838, -23.703843787876338 ], [ -67.393213183535963, -23.703945902184898 ], [ -67.393544614586915, -23.676858862236152 ] ] ] } },
{ "type": "Feature", "properties": { "cve": "2826820", "nombre": "TORO 5", "solicitante": "Evans Ulloa Joyce Aileen", "region": "REGIÓN DE ANTOFAGASTA", "provincia": "Provincia de El Loa", "comuna": null, "superficie_ha": 300.0, "datum_original": "PSAD56", "huso": 19, "epsg_origen": 24879, "tipo_publicacion": "pedimento", "fuente_pdf": "http://www.diariooficial.interior.gob.cl/publicaciones/2026/06/22/44481/07/2826820.pdf", "archivo": "gm_pedimento_2826820.pdf", "fecha": "22-06-2026", "edicion": "44481" }, "geometry": { "type": "Polygon", "coordinates": [ [ [ -67.383741152748399, -23.676756878585884 ], [ -67.373937746093674, -23.676654275050119 ], [ -67.373602274229953, -23.703741052888308 ], [ -67.383407701265838, -23.703843787876338 ], [ -67.383741152748399, -23.676756878585884 ] ] ] } },
{ "type": "Feature", "properties": { "cve": "2826821", "nombre": "TORO 6", "solicitante": "Evans Ulloa Joyce Aileen", "region": "REGIÓN DE ANTOFAGASTA", "provincia": "Provincia de El Loa", "comuna": null, "superficie_ha": 300.0, "datum_original": "PSAD56", "huso": 19, "epsg_origen": 24879, "tipo_publicacion": "pedimento", "fuente_pdf": "http://www.diariooficial.interior.gob.cl/publicaciones/2026/06/22/44481/07/2826821.pdf", "archivo": "gm_pedimento_2826821.pdf", "fecha": "22-06-2026", "edicion": "44481" }, "geometry": { "type": "Polygon", "coordinates": [ [ [ -67.373937746093674, -23.676654275050119 ], [ -67.344527860574431, -23.676342745270592 ], [ -67.344414072883879, -23.685371549307906 ], [ -67.373825977679431, -23.685683212109851 ], [ -67.373937746093674, -23.676654275050119 ] ] ] } },
{ "type": "Feature", "properties": { "cve": "2826822", "nombre": "TORO 7", "solicitante": "Evans Ulloa Joyce Aileen", "region": "REGIÓN DE ANTOFAGASTA", "provincia": "Provincia de El Loa", "comuna": null, "superficie_ha": 200.0, "datum_original": "PSAD56", "huso": 19, "epsg_origen": 24879, "tipo_publicacion": "pedimento", "fuente_pdf": "http://www.diariooficial.interior.gob.cl/publicaciones/2026/06/22/44481/07/2826822.pdf", "archivo": "gm_pedimento_2826822.pdf", "fecha": "22-06-2026", "edicion": "44481" }, "geometry": { "type": "Polygon", "coordinates": [ [ [ -67.344527860574431, -23.676342745270592 ], [ -67.324921552274205, -23.676131959582985 ], [ -67.324806418485295, -23.685160673615702 ], [ -67.344414072883879, -23.685371549307906 ], [ -67.344527860574431, -23.676342745270592 ] ] ] } },
{ "type": "Feature", "properties": { "cve": "2826823", "nombre": "TORO 8", "solicitante": "Evans Ulloa Joyce Aileen", "region": "REGIÓN DE ANTOFAGASTA", "provincia": "Provincia de El Loa", "comuna": null, "superficie_ha": 300.0, "datum_original": "PSAD56", "huso": 19, "epsg_origen": 24879, "tipo_publicacion": "pedimento", "fuente_pdf": "http://www.diariooficial.interior.gob.cl/publicaciones/2026/06/22/44481/07/2826823.pdf", "archivo": "gm_pedimento_2826823.pdf", "fecha": "22-06-2026", "edicion": "44481" }, "geometry": { "type": "Polygon", "coordinates": [ [ [ -67.373825977679431, -23.685683212109851 ], [ -67.344414072883879, -23.685371549307906 ], [ -67.344300228655769, -23.694400342214919 ], [ -67.373714153730489, -23.694712138057017 ], [ -67.373825977679431, -23.685683212109851 ] ] ] } },
{ "type": "Feature", "properties": { "cve": "2826824", "nombre": "TORO 9", "solicitante": "Evans Ulloa Joyce Aileen", "region": "REGIÓN DE ANTOFAGASTA", "provincia": "Provincia de El Loa", "comuna": null, "superficie_ha": 200.0, "datum_original": "PSAD56", "huso": 19, "epsg_origen": 24879, "tipo_publicacion": "pedimento", "fuente_pdf": "http://www.diariooficial.interior.gob.cl/publicaciones/2026/06/22/44481/07/2826824.pdf", "archivo": "gm_pedimento_2826824.pdf", "fecha": "22-06-2026", "edicion": "44481" }, "geometry": { "type": "Polygon", "coordinates": [ [ [ -67.344414072883879, -23.685371549307906 ], [ -67.324806418485295, -23.685160673615702 ], [ -67.32469122749032, -23.694189376506117 ], [ -67.344300228655769, -23.694400342214919 ], [ -67.344414072883879, -23.685371549307906 ] ] ] } },
{ "type": "Feature", "properties": { "cve": "2826697", "nombre": "RAMA 1", "solicitante": "Andina Minergy SpA y otras", "region": "REGIÓN DE ATACAMA", "provincia": "Provincia de Copiapó", "comuna": null, "superficie_ha": 200.0, "datum_original": "WGS84", "huso": 19, "epsg_origen": 32719, "tipo_publicacion": "pedimento", "fuente_pdf": "http://www.diariooficial.interior.gob.cl/publicaciones/2026/06/22/44481/07/2826697.pdf", "archivo": "gm_pedimento_2826697.pdf", "fecha": "22-06-2026", "edicion": "44481" }, "geometry": { "type": "Polygon", "coordinates": [ [ [ -70.541081351200503, -27.736819712890352 ], [ -70.520796471675283, -27.737044218253253 ], [ -70.520921825421041, -27.746068660962816 ], [ -70.541208375352767, -27.745844070142592 ], [ -70.541081351200503, -27.736819712890352 ] ] ] } },
{ "type": "Feature", "properties": { "cve": "2826705", "nombre": "RAMA 10", "solicitante": "Andina Minergy SpA y otras", "region": "REGIÓN DE ATACAMA", "provincia": "Provincia de Copiapó", "comuna": null, "superficie_ha": 200.0, "datum_original": "WGS84", "huso": 19, "epsg_origen": 32719, "tipo_publicacion": "pedimento", "fuente_pdf": "http://www.diariooficial.interior.gob.cl/publicaciones/2026/06/22/44481/07/2826705.pdf", "archivo": "gm_pedimento_2826705.pdf", "fecha": "22-06-2026", "edicion": "44481" }, "geometry": { "type": "Polygon", "coordinates": [ [ [ -70.508894290918036, -27.683019235850924 ], [ -70.49875670352192, -27.683129304651686 ], [ -70.499003272355694, -27.701178502150022 ], [ -70.509142526005249, -27.701068349436426 ], [ -70.508894290918036, -27.683019235850924 ] ] ] } },
{ "type": "Feature", "properties": { "cve": "2826698", "nombre": "RAMA 2", "solicitante": "Andina Minergy SpA y otras", "region": "REGIÓN DE ATACAMA", "provincia": "Provincia de Copiapó", "comuna": null, "superficie_ha": 300.0, "datum_original": "WGS84", "huso": 19, "epsg_origen": 32719, "tipo_publicacion": "pedimento", "fuente_pdf": "http://www.diariooficial.interior.gob.cl/publicaciones/2026/06/22/44481/07/2826698.pdf", "archivo": "gm_pedimento_2826698.pdf", "fecha": "22-06-2026", "edicion": "44481" }, "geometry": { "type": "Polygon", "coordinates": [ [ [ -70.529546731281172, -27.709870271669153 ], [ -70.519406759716034, -27.709981950865338 ], [ -70.519782221563361, -27.737055365497312 ], [ -70.529924696450848, -27.736943558665097 ], [ -70.529546731281172, -27.709870271669153 ] ] ] } },
{ "type": "Feature", "properties": { "cve": "2826699", "nombre": "RAMA 3", "solicitante": "Andina Minergy SpA y otras", "region": "REGIÓN DE ATACAMA", "provincia": "Provincia de Copiapó", "comuna": null, "superficie_ha": 300.0, "datum_original": "WGS84", "huso": 19, "epsg_origen": 32719, "tipo_publicacion": "pedimento", "fuente_pdf": "http://www.diariooficial.interior.gob.cl/publicaciones/2026/06/22/44481/07/2826699.pdf", "archivo": "gm_pedimento_2826699.pdf", "fecha": "22-06-2026", "edicion": "44481" }, "geometry": { "type": "Polygon", "coordinates": [ [ [ -70.519281721972888, -27.700957454739473 ], [ -70.509142526005249, -27.701068349436426 ], [ -70.5095153113012, -27.728141927711672 ], [ -70.519657009490828, -27.728030906247071 ], [ -70.519281721972888, -27.700957454739473 ] ] ] } },
{ "type": "Feature", "properties": { "cve": "2826700", "nombre": "RAMA 4", "solicitante": "Andina Minergy SpA y otras", "region": "REGIÓN DE ATACAMA", "provincia": "Provincia de Copiapó", "comuna": null, "superficie_ha": 300.0, "datum_original": "WGS84", "huso": 19, "epsg_origen": 32719, "tipo_publicacion": "pedimento", "fuente_pdf": "http://www.diariooficial.interior.gob.cl/publicaciones/2026/06/22/44481/07/2826700.pdf", "archivo": "gm_pedimento_2826700.pdf", "fecha": "22-06-2026", "edicion": "44481" }, "geometry": { "type": "Polygon", "coordinates": [ [ [ -70.509142526005249, -27.701068349436426 ], [ -70.499003272355694, -27.701178502150022 ], [ -70.49937355536872, -27.728252206344983 ], [ -70.5095153113012, -27.728141927711672 ], [ -70.509142526005249, -27.701068349436426 ] ] ] } },
{ "type": "Feature", "properties": { "cve": "2826701", "nombre": "RAMA 5", "solicitante": "Andina Minergy SpA y otras", "region": "REGIÓN DE ATACAMA", "provincia": "Provincia de Copiapó", "comuna": null, "superficie_ha": 300.0, "datum_original": "WGS84", "huso": 19, "epsg_origen": 32719, "tipo_publicacion": "pedimento", "fuente_pdf": "http://www.diariooficial.interior.gob.cl/publicaciones/2026/06/22/44481/07/2826701.pdf", "archivo": "gm_pedimento_2826701.pdf", "fecha": "22-06-2026", "edicion": "44481" }, "geometry": { "type": "Polygon", "coordinates": [ [ [ -70.498842976554641, -27.68944652935879 ], [ -70.488704748877112, -27.689555885894212 ], [ -70.489072307539388, -27.716629763007838 ], [ -70.499213036050605, -27.716520281426739 ], [ -70.498842976554641, -27.68944652935879 ] ] ] } },
{ "type": "Feature", "properties": { "cve": "2826702", "nombre": "RAMA 6", "solicitante": "Andina Minergy SpA y otras", "region": "REGIÓN DE ATACAMA", "provincia": "Provincia de Copiapó", "comuna": null, "superficie_ha": 300.0, "datum_original": "WGS84", "huso": 19, "epsg_origen": 32719, "tipo_publicacion": "pedimento", "fuente_pdf": "http://www.diariooficial.interior.gob.cl/publicaciones/2026/06/22/44481/07/2826702.pdf", "archivo": "gm_pedimento_2826702.pdf", "fecha": "22-06-2026", "edicion": "44481" }, "geometry": { "type": "Polygon", "coordinates": [ [ [ -70.488778219637311, -27.69497067014829 ], [ -70.478639435177783, -27.695079309871119 ], [ -70.479004594701792, -27.722153289113148 ], [ -70.489145880751849, -27.722044525180497 ], [ -70.488778219637311, -27.69497067014829 ] ] ] } },
{ "type": "Feature", "properties": { "cve": "2826703", "nombre": "RAMA 8", "solicitante": "Andina Minergy SpA y otras", "region": "REGIÓN DE ATACAMA", "provincia": "Provincia de Copiapó", "comuna": null, "superficie_ha": 300.0, "datum_original": "WGS84", "huso": 19, "epsg_origen": 32719, "tipo_publicacion": "pedimento", "fuente_pdf": "http://www.diariooficial.interior.gob.cl/publicaciones/2026/06/22/44481/07/2826703.pdf", "archivo": "gm_pedimento_2826703.pdf", "fecha": "22-06-2026", "edicion": "44481" }, "geometry": { "type": "Polygon", "coordinates": [ [ [ -70.529106437047176, -27.678284630313673 ], [ -70.51896938162173, -27.678396160678716 ], [ -70.519344233584576, -27.705469704338359 ], [ -70.529483788268138, -27.705358046408879 ], [ -70.529106437047176, -27.678284630313673 ] ] ] } },
{ "type": "Feature", "properties": { "cve": "2826704", "nombre": "RAMA 9", "solicitante": "Andina Minergy SpA y otras", "region": "REGIÓN DE ATACAMA", "provincia": "Provincia de Copiapó", "comuna": null, "superficie_ha": 200.0, "datum_original": "WGS84", "huso": 19, "epsg_origen": 32719, "tipo_publicacion": "pedimento", "fuente_pdf": "http://www.diariooficial.interior.gob.cl/publicaciones/2026/06/22/44481/07/2826704.pdf", "archivo": "gm_pedimento_2826704.pdf", "fecha": "22-06-2026", "edicion": "44481" }, "geometry": { "type": "Polygon", "coordinates": [ [ [ -70.519031820672822, -27.682908425631872 ], [ -70.508894290918036, -27.683019235850924 ], [ -70.509142526005249, -27.701068349436426 ], [ -70.519281721972888, -27.700957454739473 ], [ -70.519031820672822, -27.682908425631872 ] ] ] } },
{ "type": "Feature", "properties": { "cve": "2826813", "nombre": "Vic 1", "solicitante": "Hernández Cortés Marcelo Patricio", "region": "REGIÓN DE COQUIMBO", "provincia": "Provincia de Elqui", "comuna": "Vicuña", "superficie_ha": 300.0, "datum_original": "PSAD56", "huso": 19, "epsg_origen": 24879, "tipo_publicacion": "pedimento", "fuente_pdf": "http://www.diariooficial.interior.gob.cl/publicaciones/2026/06/22/44481/07/2826813.pdf", "archivo": "gm_pedimento_2826813.pdf", "fecha": "22-06-2026", "edicion": "44481" }, "geometry": { "type": "Polygon", "coordinates": [ [ [ -70.038961541807865, -29.522940991446575 ], [ -70.00800857557212, -29.523179285382479 ], [ -70.008098043563066, -29.532203121219837 ], [ -70.039053755909862, -29.531964740178527 ], [ -70.038961541807865, -29.522940991446575 ] ] ] } },
{ "type": "Feature", "properties": { "cve": "2826814", "nombre": "Vic 2", "solicitante": "Hernández Cortés Marcelo Patricio", "region": "REGIÓN DE COQUIMBO", "provincia": "Provincia de Elqui", "comuna": "Vicuña", "superficie_ha": 300.0, "datum_original": "PSAD56", "huso": 19, "epsg_origen": 24879, "tipo_publicacion": "pedimento", "fuente_pdf": "http://www.diariooficial.interior.gob.cl/publicaciones/2026/06/22/44481/07/2826814.pdf", "archivo": "gm_pedimento_2826814.pdf", "fecha": "22-06-2026", "edicion": "44481" }, "geometry": { "type": "Polygon", "coordinates": [ [ [ -70.069914130017182, -29.522695493514625 ], [ -70.038961541807865, -29.522940991446575 ], [ -70.039053755909862, -29.531964740178527 ], [ -70.070009090089016, -29.531719152508252 ], [ -70.069914130017182, -29.522695493514625 ] ] ] } },
{ "type": "Feature", "properties": { "cve": "2827036", "nombre": "HERA 2", "solicitante": "Corporación Nacional del Cobre de Chile", "region": "REGIÓN DE COQUIMBO", "provincia": "Provincia de Limarí", "comuna": null, "superficie_ha": 300.0, "datum_original": "WGS84", "huso": 19, "epsg_origen": 32719, "tipo_publicacion": "pedimento", "fuente_pdf": "http://www.diariooficial.interior.gob.cl/publicaciones/2026/06/22/44481/07/2827036.pdf", "archivo": "gm_pedimento_2827036.pdf", "fecha": "22-06-2026", "edicion": "44481" }, "geometry": { "type": "Polygon", "coordinates": [ [ [ -70.348372780377048, -30.798064131544773 ], [ -70.337922692472361, -30.798172429330332 ], [ -70.338297844601087, -30.825235484889031 ], [ -70.348750860542964, -30.825127071367142 ], [ -70.348372780377048, -30.798064131544773 ] ] ] } },
{ "type": "Feature", "properties": { "cve": "2827037", "nombre": "HERA 3", "solicitante": "Corporación Nacional del Cobre de Chile", "region": "REGIÓN DE COQUIMBO", "provincia": "Provincia de Limarí", "comuna": null, "superficie_ha": 300.0, "datum_original": "WGS84", "huso": 19, "epsg_origen": 32719, "tipo_publicacion": "pedimento", "fuente_pdf": "http://www.diariooficial.interior.gob.cl/publicaciones/2026/06/22/44481/07/2827037.pdf", "archivo": "gm_pedimento_2827037.pdf", "fecha": "22-06-2026", "edicion": "44481" }, "geometry": { "type": "Polygon", "coordinates": [ [ [ -70.338047686804188, -30.807193460878391 ], [ -70.306694159908858, -30.807513415471302 ], [ -70.306816282443322, -30.816534547928566 ], [ -70.338172737506454, -30.816214479398738 ], [ -70.338047686804188, -30.807193460878391 ] ] ] } },
{ "type": "Feature", "properties": { "cve": "2827038", "nombre": "HERA 5", "solicitante": "Corporación Nacional del Cobre de Chile", "region": "REGIÓN DE COQUIMBO", "provincia": "Provincia de Limarí", "comuna": null, "superficie_ha": 800.0, "datum_original": "WGS84", "huso": 19, "epsg_origen": 32719, "tipo_publicacion": "pedimento", "fuente_pdf": "http://www.diariooficial.interior.gob.cl/publicaciones/2026/06/22/44481/07/2827038.pdf", "archivo": "gm_pedimento_2827038.pdf", "fecha": "22-06-2026", "edicion": "44481" }, "geometry": { "type": "Polygon", "coordinates": [ [ [ -70.33867350445847, -30.852298423155929 ], [ -70.317761439578589, -30.852512950075671 ], [ -70.318255278949067, -30.888596990595232 ], [ -70.339175175093104, -30.888382158281125 ], [ -70.33867350445847, -30.852298423155929 ] ] ] } },
{ "type": "Feature", "properties": { "cve": "2827039", "nombre": "HERA 6", "solicitante": "Corporación Nacional del Cobre de Chile", "region": "REGIÓN DE COQUIMBO", "provincia": "Provincia de Limarí", "comuna": null, "superficie_ha": 400.0, "datum_original": "WGS84", "huso": 19, "epsg_origen": 32719, "tipo_publicacion": "pedimento", "fuente_pdf": "http://www.diariooficial.interior.gob.cl/publicaciones/2026/06/22/44481/07/2827039.pdf", "archivo": "gm_pedimento_2827039.pdf", "fecha": "22-06-2026", "edicion": "44481" }, "geometry": { "type": "Polygon", "coordinates": [ [ [ -70.317761439578589, -30.852512950075671 ], [ -70.307305323520026, -30.85261894764178 ], [ -70.307795247128126, -30.88870313905694 ], [ -70.318255278949067, -30.888596990595232 ], [ -70.317761439578589, -30.852512950075671 ] ] ] } },
{ "type": "Feature", "properties": { "cve": "2826527", "nombre": "LOS WARBOS 1", "solicitante": "FMR Chile Exploration SpA", "region": "REGIÓN DE COQUIMBO", "provincia": "Provincia de Limarí", "comuna": null, "superficie_ha": 200.0, "datum_original": "PSAD56", "huso": 19, "epsg_origen": 24879, "tipo_publicacion": "pedimento", "fuente_pdf": "http://www.diariooficial.interior.gob.cl/publicaciones/2026/06/22/44481/07/2826527.pdf", "archivo": "gm_pedimento_2826527.pdf", "fecha": "22-06-2026", "edicion": "44481" }, "geometry": { "type": "Polygon", "coordinates": [ [ [ -70.635265433241926, -30.653794403928249 ], [ -70.614399077898199, -30.654055281363171 ], [ -70.614549018108448, -30.663075357889127 ], [ -70.635417309360335, -30.662814387288087 ], [ -70.635265433241926, -30.653794403928249 ] ] ] } },
{ "type": "Feature", "properties": { "cve": "2826534", "nombre": "LOS WARBOS 10", "solicitante": "FMR Chile Exploration SpA", "region": "REGIÓN DE COQUIMBO", "provincia": "Provincia de Limarí", "comuna": null, "superficie_ha": 300.0, "datum_original": "PSAD56", "huso": 19, "epsg_origen": 24879, "tipo_publicacion": "pedimento", "fuente_pdf": "http://www.diariooficial.interior.gob.cl/publicaciones/2026/06/22/44481/07/2826534.pdf", "archivo": "gm_pedimento_2826534.pdf", "fecha": "22-06-2026", "edicion": "44481" }, "geometry": { "type": "Polygon", "coordinates": [ [ [ -70.494690066316764, -30.67353152590745 ], [ -70.484254103271226, -30.673651169565161 ], [ -70.484668178920003, -30.700712946048181 ], [ -70.495107050745546, -30.700593174224323 ], [ -70.494690066316764, -30.67353152590745 ] ] ] } },
{ "type": "Feature", "properties": { "cve": "2826535", "nombre": "LOS WARBOS 11", "solicitante": "FMR Chile Exploration SpA", "region": "REGIÓN DE COQUIMBO", "provincia": "Provincia de Limarí", "comuna": null, "superficie_ha": 300.0, "datum_original": "PSAD56", "huso": 19, "epsg_origen": 24879, "tipo_publicacion": "pedimento", "fuente_pdf": "http://www.diariooficial.interior.gob.cl/publicaciones/2026/06/22/44481/07/2826535.pdf", "archivo": "gm_pedimento_2826535.pdf", "fecha": "22-06-2026", "edicion": "44481" }, "geometry": { "type": "Polygon", "coordinates": [ [ [ -70.484254103271226, -30.673651169565161 ], [ -70.473818077978734, -30.673769975538516 ], [ -70.474229244775174, -30.700831879290615 ], [ -70.484668178920003, -30.700712946048181 ], [ -70.484254103271226, -30.673651169565161 ] ] ] } },
{ "type": "Feature", "properties": { "cve": "2826536", "nombre": "LOS WARBOS 13", "solicitante": "FMR Chile Exploration SpA", "region": "REGIÓN DE COQUIMBO", "provincia": "Provincia de Limarí", "comuna": null, "superficie_ha": 300.0, "datum_original": "PSAD56", "huso": 19, "epsg_origen": 24879, "tipo_publicacion": "pedimento", "fuente_pdf": "http://www.diariooficial.interior.gob.cl/publicaciones/2026/06/22/44481/07/2826536.pdf", "archivo": "gm_pedimento_2826536.pdf", "fecha": "22-06-2026", "edicion": "44481" }, "geometry": { "type": "Polygon", "coordinates": [ [ [ -70.547300459770554, -30.699981737010223 ], [ -70.515984605688587, -30.700351114903608 ], [ -70.516125666843209, -30.709371551559158 ], [ -70.547444432034823, -30.709002041863819 ], [ -70.547300459770554, -30.699981737010223 ] ] ] } },
{ "type": "Feature", "properties": { "cve": "2826537", "nombre": "LOS WARBOS 14", "solicitante": "FMR Chile Exploration SpA", "region": "REGIÓN DE COQUIMBO", "provincia": "Provincia de Limarí", "comuna": null, "superficie_ha": 300.0, "datum_original": "PSAD56", "huso": 19, "epsg_origen": 24879, "tipo_publicacion": "pedimento", "fuente_pdf": "http://www.diariooficial.interior.gob.cl/publicaciones/2026/06/22/44481/07/2826537.pdf", "archivo": "gm_pedimento_2826537.pdf", "fecha": "22-06-2026", "edicion": "44481" }, "geometry": { "type": "Polygon", "coordinates": [ [ [ -70.547444432034823, -30.709002041863819 ], [ -70.516125666843209, -30.709371551559158 ], [ -70.516266791654601, -30.71839197498948 ], [ -70.547588469268746, -30.718022333468213 ], [ -70.547444432034823, -30.709002041863819 ] ] ] } },
{ "type": "Feature", "properties": { "cve": "2826538", "nombre": "LOS WARBOS 15", "solicitante": "FMR Chile Exploration SpA", "region": "REGIÓN DE COQUIMBO", "provincia": "Provincia de Limarí", "comuna": null, "superficie_ha": 300.0, "datum_original": "PSAD56", "huso": 19, "epsg_origen": 24879, "tipo_publicacion": "pedimento", "fuente_pdf": "http://www.diariooficial.interior.gob.cl/publicaciones/2026/06/22/44481/07/2826538.pdf", "archivo": "gm_pedimento_2826538.pdf", "fecha": "22-06-2026", "edicion": "44481" }, "geometry": { "type": "Polygon", "coordinates": [ [ [ -70.515984605688587, -30.700351114903608 ], [ -70.505545859814234, -30.70047256383684 ], [ -70.505966321701678, -30.727533964156393 ], [ -70.516407980147392, -30.727412385192103 ], [ -70.515984605688587, -30.700351114903608 ] ] ] } },
{ "type": "Feature", "properties": { "cve": "2826539", "nombre": "LOS WARBOS 16", "solicitante": "FMR Chile Exploration SpA", "region": "REGIÓN DE COQUIMBO", "provincia": "Provincia de Limarí", "comuna": null, "superficie_ha": 300.0, "datum_original": "PSAD56", "huso": 19, "epsg_origen": 24879, "tipo_publicacion": "pedimento", "fuente_pdf": "http://www.diariooficial.interior.gob.cl/publicaciones/2026/06/22/44481/07/2826539.pdf", "archivo": "gm_pedimento_2826539.pdf", "fecha": "22-06-2026", "edicion": "44481" }, "geometry": { "type": "Polygon", "coordinates": [ [ [ -70.505545859814234, -30.70047256383684 ], [ -70.495107050745546, -30.700593174224323 ], [ -70.49552459998813, -30.727654703677445 ], [ -70.505966321701678, -30.727533964156393 ], [ -70.505545859814234, -30.70047256383684 ] ] ] } },
{ "type": "Feature", "properties": { "cve": "2826540", "nombre": "LOS WARBOS 19", "solicitante": "FMR Chile Exploration SpA", "region": "REGIÓN DE COQUIMBO", "provincia": "Provincia de Limarí", "comuna": null, "superficie_ha": 300.0, "datum_original": "PSAD56", "huso": 19, "epsg_origen": 24879, "tipo_publicacion": "pedimento", "fuente_pdf": "http://www.diariooficial.interior.gob.cl/publicaciones/2026/06/22/44481/07/2826540.pdf", "archivo": "gm_pedimento_2826540.pdf", "fecha": "22-06-2026", "edicion": "44481" }, "geometry": { "type": "Polygon", "coordinates": [ [ [ -70.474229244775174, -30.700831879290615 ], [ -70.463790248748595, -30.700949973933977 ], [ -70.464199059620853, -30.728011885402648 ], [ -70.474640968509689, -30.727893664318316 ], [ -70.474229244775174, -30.700831879290615 ] ] ] } },
{ "type": "Feature", "properties": { "cve": "2826528", "nombre": "LOS WARBOS 2", "solicitante": "FMR Chile Exploration SpA", "region": "REGIÓN DE COQUIMBO", "provincia": "Provincia de Limarí", "comuna": null, "superficie_ha": 100.0, "datum_original": "PSAD56", "huso": 19, "epsg_origen": 24879, "tipo_publicacion": "pedimento", "fuente_pdf": "http://www.diariooficial.interior.gob.cl/publicaciones/2026/06/22/44481/07/2826528.pdf", "archivo": "gm_pedimento_2826528.pdf", "fecha": "22-06-2026", "edicion": "44481" }, "geometry": { "type": "Polygon", "coordinates": [ [ [ -70.614399077898199, -30.654055281363171 ], [ -70.603965798523646, -30.654184464806146 ], [ -70.604114770740495, -30.663204587467042 ], [ -70.614549018108448, -30.663075357889127 ], [ -70.614399077898199, -30.654055281363171 ] ] ] } },
{ "type": "Feature", "properties": { "cve": "2826530", "nombre": "LOS WARBOS 4", "solicitante": "FMR Chile Exploration SpA", "region": "REGIÓN DE COQUIMBO", "provincia": "Provincia de Limarí", "comuna": null, "superficie_ha": 300.0, "datum_original": "PSAD56", "huso": 19, "epsg_origen": 24879, "tipo_publicacion": "pedimento", "fuente_pdf": "http://www.diariooficial.interior.gob.cl/publicaciones/2026/06/22/44481/07/2826530.pdf", "archivo": "gm_pedimento_2826530.pdf", "fecha": "22-06-2026", "edicion": "44481" }, "geometry": { "type": "Polygon", "coordinates": [ [ [ -70.602997764422724, -30.627130447466524 ], [ -70.592567315922523, -30.627258614776082 ], [ -70.59301078284291, -30.654319206733941 ], [ -70.603444132786777, -30.654190902010484 ], [ -70.602997764422724, -30.627130447466524 ] ] ] } },
{ "type": "Feature", "properties": { "cve": "2826531", "nombre": "LOS WARBOS 5", "solicitante": "FMR Chile Exploration SpA", "region": "REGIÓN DE COQUIMBO", "provincia": "Provincia de Limarí", "comuna": null, "superficie_ha": 300.0, "datum_original": "PSAD56", "huso": 19, "epsg_origen": 24879, "tipo_publicacion": "pedimento", "fuente_pdf": "http://www.diariooficial.interior.gob.cl/publicaciones/2026/06/22/44481/07/2826531.pdf", "archivo": "gm_pedimento_2826531.pdf", "fecha": "22-06-2026", "edicion": "44481" }, "geometry": { "type": "Polygon", "coordinates": [ [ [ -70.592567315922523, -30.627258614776082 ], [ -70.582136800738226, -30.627385946086385 ], [ -70.582577366137585, -30.654446674562188 ], [ -70.59301078284291, -30.654319206733941 ], [ -70.592567315922523, -30.627258614776082 ] ] ] } },
{ "type": "Feature", "properties": { "cve": "2826532", "nombre": "LOS WARBOS 8", "solicitante": "FMR Chile Exploration SpA", "region": "REGIÓN DE COQUIMBO", "provincia": "Provincia de Limarí", "comuna": null, "superficie_ha": 200.0, "datum_original": "PSAD56", "huso": 19, "epsg_origen": 24879, "tipo_publicacion": "pedimento", "fuente_pdf": "http://www.diariooficial.interior.gob.cl/publicaciones/2026/06/22/44481/07/2826532.pdf", "archivo": "gm_pedimento_2826532.pdf", "fecha": "22-06-2026", "edicion": "44481" }, "geometry": { "type": "Polygon", "coordinates": [ [ [ -70.558696817515852, -30.629473457346059 ], [ -70.548265895290569, -30.629598080433873 ], [ -70.548553279646413, -30.647638865688137 ], [ -70.558986136122471, -30.647514153534591 ], [ -70.558696817515852, -30.629473457346059 ] ] ] } },
{ "type": "Feature", "properties": { "cve": "2826533", "nombre": "LOS WARBOS 9", "solicitante": "FMR Chile Exploration SpA", "region": "REGIÓN DE COQUIMBO", "provincia": "Provincia de Limarí", "comuna": null, "superficie_ha": 100.0, "datum_original": "PSAD56", "huso": 19, "epsg_origen": 24879, "tipo_publicacion": "pedimento", "fuente_pdf": "http://www.diariooficial.interior.gob.cl/publicaciones/2026/06/22/44481/07/2826533.pdf", "archivo": "gm_pedimento_2826533.pdf", "fecha": "22-06-2026", "edicion": "44481" }, "geometry": { "type": "Polygon", "coordinates": [ [ [ -70.546151017549349, -30.62781882150545 ], [ -70.53572021090848, -30.627942432391912 ], [ -70.535862697469526, -30.636962887319338 ], [ -70.546294470960447, -30.636839232264016 ], [ -70.546151017549349, -30.62781882150545 ] ] ] } },
{ "type": "Feature", "properties": { "cve": "2826436", "nombre": "MANU 6", "solicitante": "RTB Energy SpA", "region": "REGIÓN METROPOLITANA DE SANTIAGO", "provincia": "Provincia de Chacabuco", "comuna": null, "superficie_ha": 200.0, "datum_original": "PSAD56", "huso": 19, "epsg_origen": 24879, "tipo_publicacion": "pedimento", "fuente_pdf": "http://www.diariooficial.interior.gob.cl/publicaciones/2026/06/22/44481/07/2826436.pdf", "archivo": "gm_pedimento_2826436.pdf", "fecha": "22-06-2026", "edicion": "44481" }, "geometry": { "type": "Polygon", "coordinates": [ [ [ -70.85479757904487, -33.100408604400094 ], [ -70.833374851056874, -33.100725608412013 ], [ -70.833562117700012, -33.109741145677965 ], [ -70.854987030831467, -33.109424033231747 ], [ -70.85479757904487, -33.100408604400094 ] ] ] } },
{ "type": "Feature", "properties": { "cve": "2826437", "nombre": "MANU 7", "solicitante": "RTB Energy SpA", "region": "REGIÓN METROPOLITANA DE SANTIAGO", "provincia": "Provincia de Chacabuco", "comuna": null, "superficie_ha": 200.0, "datum_original": "PSAD56", "huso": 19, "epsg_origen": 24879, "tipo_publicacion": "pedimento", "fuente_pdf": "http://www.diariooficial.interior.gob.cl/publicaciones/2026/06/22/44481/07/2826437.pdf", "archivo": "gm_pedimento_2826437.pdf", "fecha": "22-06-2026", "edicion": "44481" }, "geometry": { "type": "Polygon", "coordinates": [ [ [ -70.854608211652774, -33.091393161451307 ], [ -70.833187667835773, -33.091710057050591 ], [ -70.833374851056874, -33.100725608412013 ], [ -70.85479757904487, -33.100408604400094 ], [ -70.854608211652774, -33.091393161451307 ] ] ] } },
{ "type": "Feature", "properties": { "cve": "2826438", "nombre": "MANU 8", "solicitante": "RTB Energy SpA", "region": "REGIÓN METROPOLITANA DE SANTIAGO", "provincia": "Provincia de Chacabuco", "comuna": null, "superficie_ha": 100.0, "datum_original": "PSAD56", "huso": 19, "epsg_origen": 24879, "tipo_publicacion": "pedimento", "fuente_pdf": "http://www.diariooficial.interior.gob.cl/publicaciones/2026/06/22/44481/07/2826438.pdf", "archivo": "gm_pedimento_2826438.pdf", "fecha": "22-06-2026", "edicion": "44481" }, "geometry": { "type": "Polygon", "coordinates": [ [ [ -70.851259741541952, -33.082424661627996 ], [ -70.840550578369246, -33.082583243639107 ], [ -70.840738447796497, -33.091598771029368 ], [ -70.851448702561541, -33.091440134758336 ], [ -70.851259741541952, -33.082424661627996 ] ] ] } },
{ "type": "Feature", "properties": { "cve": "2826429", "nombre": "ESPERANZA ESTE", "solicitante": "SLM Esperanza 1-20 de Talca", "region": "REGIÓN DEL MAULE", "provincia": "Provincia de Talca", "comuna": null, "superficie_ha": 100.0, "datum_original": "WGS84", "huso": 19, "epsg_origen": 32719, "tipo_publicacion": "pedimento", "fuente_pdf": "http://www.diariooficial.interior.gob.cl/publicaciones/2026/06/22/44481/07/2826429.pdf", "archivo": "gm_pedimento_2826429.pdf", "fecha": "22-06-2026", "edicion": "44481" }, "geometry": { "type": "Polygon", "coordinates": [ [ [ -71.634976014927489, -35.353292317589478 ], [ -71.629478724088287, -35.353412120886091 ], [ -71.630063311661544, -35.371426874333601 ], [ -71.635561821216427, -35.371306991677805 ], [ -71.634976014927489, -35.353292317589478 ] ] ] } }
]
}
