{
"type": "FeatureCollection",
"name": "boletin_mineria_20260713",
"crs": { "type": "name", "properties": { "name": "urn:ogc:def:crs:OGC:1.3:CRS84" } },
"features": [
{ "type": "Feature", "properties": { "cve": "2836701", "nombre": "CARLOS 2 DEL 1 AL 10", "solicitante": "Álvarez Arancibia Carlos Iván", "region": "REGIÓN DE TARAPACÁ", "provincia": "Provincia de Iquique", "comuna": null, "superficie_ha": 100.0, "datum_original": "WGS84", "huso": 19, "epsg_origen": 32719, "tipo_publicacion": "manifestacion", "fuente_pdf": "http://www.diariooficial.interior.gob.cl/publicaciones/2026/07/13/44498/07/2836701.pdf", "archivo": "gm_manifestacion_2836701.pdf", "fecha": "13-07-2026", "edicion": "44498" }, "geometry": { "type": "Polygon", "coordinates": [ [ [ -69.89541513361128, -21.100211394006212 ], [ -69.885787889026361, -21.100261953310881 ], [ -69.885841488889781, -21.109296405276357 ], [ -69.895469315839676, -21.109245822305528 ], [ -69.89541513361128, -21.100211394006212 ] ] ] } },
{ "type": "Feature", "properties": { "cve": "2836724", "nombre": "PUERTO 9 AL 14", "solicitante": "Compañía Minera Doña Inés de Collahuasi SCM", "region": "REGIÓN DE TARAPACÁ", "provincia": "Provincia de Iquique", "comuna": null, "superficie_ha": 24.0, "datum_original": "WGS84", "huso": 19, "epsg_origen": 32719, "tipo_publicacion": "manifestacion", "fuente_pdf": "http://www.diariooficial.interior.gob.cl/publicaciones/2026/07/13/44498/07/2836724.pdf", "archivo": "gm_manifestacion_2836724.pdf", "fecha": "13-07-2026", "edicion": "44498" }, "geometry": { "type": "Polygon", "coordinates": [ [ [ -70.186748824562414, -20.809327046935184 ], [ -70.182905722532908, -20.809353597665289 ], [ -70.182948016560147, -20.814773944630456 ], [ -70.186791255918777, -20.814747386358793 ], [ -70.186748824562414, -20.809327046935184 ] ] ] } },
{ "type": "Feature", "properties": { "cve": "2835819", "nombre": "ELSA H 1, 1 AL 60", "solicitante": "Corporación Nacional del Cobre de Chile", "region": "REGIÓN DE ANTOFAGASTA", "provincia": "Provincia de Antofagasta", "comuna": null, "superficie_ha": 600.0, "datum_original": "WGS84", "huso": 19, "epsg_origen": 32719, "tipo_publicacion": "manifestacion", "fuente_pdf": "http://www.diariooficial.interior.gob.cl/publicaciones/2026/07/13/44498/07/2835819.pdf", "archivo": "gm_manifestacion_2835819.pdf", "fecha": "13-07-2026", "edicion": "44498" }, "geometry": { "type": "Polygon", "coordinates": [ [ [ -70.006652210491623, -25.701388539036859 ], [ -69.976755156893233, -25.701591882395963 ], [ -69.976902600655833, -25.719649687626884 ], [ -70.006804165462782, -25.719446180915774 ], [ -70.006652210491623, -25.701388539036859 ] ] ] } },
{ "type": "Feature", "properties": { "cve": "2835820", "nombre": "ELSA H 1, 61 AL 120", "solicitante": "Corporación Nacional del Cobre de Chile", "region": "REGIÓN DE ANTOFAGASTA", "provincia": "Provincia de Antofagasta", "comuna": null, "superficie_ha": 600.0, "datum_original": "WGS84", "huso": 19, "epsg_origen": 32719, "tipo_publicacion": "manifestacion", "fuente_pdf": "http://www.diariooficial.interior.gob.cl/publicaciones/2026/07/13/44498/07/2835820.pdf", "archivo": "gm_manifestacion_2835820.pdf", "fecha": "13-07-2026", "edicion": "44498" }, "geometry": { "type": "Polygon", "coordinates": [ [ [ -70.006804165462782, -25.719446180915774 ], [ -69.976902600655833, -25.719649687626884 ], [ -69.977050185481971, -25.737707447324716 ], [ -70.006956265812647, -25.737503777213622 ], [ -70.006804165462782, -25.719446180915774 ] ] ] } },
{ "type": "Feature", "properties": { "cve": "2836641", "nombre": "MANTONEGRON 1S 1 AL 10", "solicitante": "Geomantos Minerals SpA", "region": "REGIÓN DE ANTOFAGASTA", "provincia": "Provincia de Antofagasta", "comuna": null, "superficie_ha": 100.0, "datum_original": "PSAD56", "huso": 19, "epsg_origen": 24879, "tipo_publicacion": "manifestacion", "fuente_pdf": "http://www.diariooficial.interior.gob.cl/publicaciones/2026/07/13/44498/07/2836641.pdf", "archivo": "gm_manifestacion_2836641.pdf", "fecha": "13-07-2026", "edicion": "44498" }, "geometry": { "type": "Polygon", "coordinates": [ [ [ -70.298601252623001, -24.006291452430606 ], [ -70.288771597560668, -24.006374403566376 ], [ -70.288861574883853, -24.015404309940333 ], [ -70.298691915748464, -24.015321323752826 ], [ -70.298601252623001, -24.006291452430606 ] ] ] } },
{ "type": "Feature", "properties": { "cve": "2836640", "nombre": "MANTONEGROSUR 1 1 AL 30", "solicitante": "Geomantos Minerals SpA", "region": "REGIÓN DE ANTOFAGASTA", "provincia": "Provincia de Antofagasta", "comuna": null, "superficie_ha": 300.0, "datum_original": "PSAD56", "huso": 19, "epsg_origen": 24879, "tipo_publicacion": "manifestacion", "fuente_pdf": "http://www.diariooficial.interior.gob.cl/publicaciones/2026/07/13/44498/07/2836640.pdf", "archivo": "gm_manifestacion_2836640.pdf", "fecha": "13-07-2026", "edicion": "44498" }, "geometry": { "type": "Polygon", "coordinates": [ [ [ -70.320002549664281, -24.083292776123319 ], [ -70.290496115053614, -24.083544609219516 ], [ -70.290586539170633, -24.092574417689541 ], [ -70.320095039828502, -24.092322478439232 ], [ -70.320002549664281, -24.083292776123319 ] ] ] } },
{ "type": "Feature", "properties": { "cve": "2836639", "nombre": "MANTONEGROSUR 2 1 AL 30", "solicitante": "Geomantos Minerals SpA", "region": "REGIÓN DE ANTOFAGASTA", "provincia": "Provincia de Antofagasta", "comuna": null, "superficie_ha": 300.0, "datum_original": "PSAD56", "huso": 19, "epsg_origen": 24879, "tipo_publicacion": "manifestacion", "fuente_pdf": "http://www.diariooficial.interior.gob.cl/publicaciones/2026/07/13/44498/07/2836639.pdf", "archivo": "gm_manifestacion_2836639.pdf", "fecha": "13-07-2026", "edicion": "44498" }, "geometry": { "type": "Polygon", "coordinates": [ [ [ -70.320095039828502, -24.092322478439232 ], [ -70.290586539170633, -24.092574417689541 ], [ -70.290677007844991, -24.101604215086084 ], [ -70.320187575567829, -24.10135216966723 ], [ -70.320095039828502, -24.092322478439232 ] ] ] } },
{ "type": "Feature", "properties": { "cve": "2836638", "nombre": "MANTONEGROSUR 3 1 AL 30", "solicitante": "Geomantos Minerals SpA", "region": "REGIÓN DE ANTOFAGASTA", "provincia": "Provincia de Antofagasta", "comuna": null, "superficie_ha": 300.0, "datum_original": "PSAD56", "huso": 19, "epsg_origen": 24879, "tipo_publicacion": "manifestacion", "fuente_pdf": "http://www.diariooficial.interior.gob.cl/publicaciones/2026/07/13/44498/07/2836638.pdf", "archivo": "gm_manifestacion_2836638.pdf", "fecha": "13-07-2026", "edicion": "44498" }, "geometry": { "type": "Polygon", "coordinates": [ [ [ -70.320187575567829, -24.10135216966723 ], [ -70.290677007844991, -24.101604215086084 ], [ -70.290767521090459, -24.110634001405984 ], [ -70.320280156896331, -24.110381849804131 ], [ -70.320187575567829, -24.10135216966723 ] ] ] } },
{ "type": "Feature", "properties": { "cve": "2836637", "nombre": "MANTONEGROSUR 4 1 AL 30", "solicitante": "Geomantos Minerals SpA", "region": "REGIÓN DE ANTOFAGASTA", "provincia": "Provincia de Antofagasta", "comuna": null, "superficie_ha": 300.0, "datum_original": "PSAD56", "huso": 19, "epsg_origen": 24879, "tipo_publicacion": "manifestacion", "fuente_pdf": "http://www.diariooficial.interior.gob.cl/publicaciones/2026/07/13/44498/07/2836637.pdf", "archivo": "gm_manifestacion_2836637.pdf", "fecha": "13-07-2026", "edicion": "44498" }, "geometry": { "type": "Polygon", "coordinates": [ [ [ -70.320280156896331, -24.110381849804131 ], [ -70.290767521090459, -24.110634001405984 ], [ -70.290858078920877, -24.11966377664605 ], [ -70.320372783828162, -24.119411518846753 ], [ -70.320280156896331, -24.110381849804131 ] ] ] } },
{ "type": "Feature", "properties": { "cve": "2836636", "nombre": "MANTONEGROSUR 5 1 AL 20", "solicitante": "Geomantos Minerals SpA", "region": "REGIÓN DE ANTOFAGASTA", "provincia": "Provincia de Antofagasta", "comuna": null, "superficie_ha": 200.0, "datum_original": "PSAD56", "huso": 19, "epsg_origen": 24879, "tipo_publicacion": "manifestacion", "fuente_pdf": "http://www.diariooficial.interior.gob.cl/publicaciones/2026/07/13/44498/07/2836636.pdf", "archivo": "gm_manifestacion_2836636.pdf", "fecha": "13-07-2026", "edicion": "44498" }, "geometry": { "type": "Polygon", "coordinates": [ [ [ -70.315930052871124, -24.069773057162962 ], [ -70.306095634710005, -24.069857327486311 ], [ -70.306278596499837, -24.087916853969404 ], [ -70.316114391330117, -24.087832512566607 ], [ -70.315930052871124, -24.069773057162962 ] ] ] } },
{ "type": "Feature", "properties": { "cve": "2836635", "nombre": "MANTOSNEGROS 6 1 AL 20", "solicitante": "Geomantos Minerals SpA", "region": "REGIÓN DE ANTOFAGASTA", "provincia": "Provincia de Antofagasta", "comuna": null, "superficie_ha": 200.0, "datum_original": "PSAD56", "huso": 19, "epsg_origen": 24879, "tipo_publicacion": "manifestacion", "fuente_pdf": "http://www.diariooficial.interior.gob.cl/publicaciones/2026/07/13/44498/07/2836635.pdf", "archivo": "gm_manifestacion_2836635.pdf", "fecha": "13-07-2026", "edicion": "44498" }, "geometry": { "type": "Polygon", "coordinates": [ [ [ -70.338722683413081, -24.135497518314413 ], [ -70.319043943898535, -24.135668793420177 ], [ -70.319136593573205, -24.144698436833487 ], [ -70.338816714323912, -24.144527089650303 ], [ -70.338722683413081, -24.135497518314413 ] ] ] } },
{ "type": "Feature", "properties": { "cve": "2836642", "nombre": "MANTOSNEGROS 7 DEL 1 AL 20", "solicitante": "Geomantos Minerals SpA", "region": "REGIÓN DE ANTOFAGASTA", "provincia": "Provincia de Antofagasta", "comuna": null, "superficie_ha": 200.0, "datum_original": "PSAD56", "huso": 19, "epsg_origen": 24879, "tipo_publicacion": "manifestacion", "fuente_pdf": "http://www.diariooficial.interior.gob.cl/publicaciones/2026/07/13/44498/07/2836642.pdf", "archivo": "gm_manifestacion_2836642.pdf", "fecha": "13-07-2026", "edicion": "44498" }, "geometry": { "type": "Polygon", "coordinates": [ [ [ -70.338816714323912, -24.144527089650303 ], [ -70.319136593573205, -24.144698436833487 ], [ -70.319229288853208, -24.153728069141202 ], [ -70.338910791519751, -24.153556649870779 ], [ -70.338816714323912, -24.144527089650303 ] ] ] } },
{ "type": "Feature", "properties": { "cve": "2835821", "nombre": "MINTU L 1, 1 AL 100", "solicitante": "Corporación Nacional del Cobre de Chile", "region": "REGIÓN DE ANTOFAGASTA", "provincia": "Provincia de Antofagasta", "comuna": null, "superficie_ha": 1000.0, "datum_original": "WGS84", "huso": 19, "epsg_origen": 32719, "tipo_publicacion": "manifestacion", "fuente_pdf": "http://www.diariooficial.interior.gob.cl/publicaciones/2026/07/13/44498/07/2835821.pdf", "archivo": "gm_manifestacion_2835821.pdf", "fecha": "13-07-2026", "edicion": "44498" }, "geometry": { "type": "Polygon", "coordinates": [ [ [ -69.897095846553214, -25.711133284389177 ], [ -69.847261648458101, -25.711431452210729 ], [ -69.847389602493692, -25.729489885747007 ], [ -69.89723132419131, -25.729191478456038 ], [ -69.897095846553214, -25.711133284389177 ] ] ] } },
{ "type": "Feature", "properties": { "cve": "2835822", "nombre": "MINTU L 2, 1 AL 100", "solicitante": "Corporación Nacional del Cobre de Chile", "region": "REGIÓN DE ANTOFAGASTA", "provincia": "Provincia de Antofagasta", "comuna": null, "superficie_ha": 1000.0, "datum_original": "WGS84", "huso": 19, "epsg_origen": 32719, "tipo_publicacion": "manifestacion", "fuente_pdf": "http://www.diariooficial.interior.gob.cl/publicaciones/2026/07/13/44498/07/2835822.pdf", "archivo": "gm_manifestacion_2835822.pdf", "fecha": "13-07-2026", "edicion": "44498" }, "geometry": { "type": "Polygon", "coordinates": [ [ [ -69.89723132419131, -25.729191478456038 ], [ -69.847389602493692, -25.729489885747007 ], [ -69.847517678930927, -25.747548273929905 ], [ -69.897366931427115, -25.747249627099148 ], [ -69.89723132419131, -25.729191478456038 ] ] ] } },
{ "type": "Feature", "properties": { "cve": "2835823", "nombre": "MINTU L 3, 1 AL 20", "solicitante": "Corporación Nacional del Cobre de Chile", "region": "REGIÓN DE ANTOFAGASTA", "provincia": "Provincia de Antofagasta", "comuna": null, "superficie_ha": 200.0, "datum_original": "WGS84", "huso": 19, "epsg_origen": 32719, "tipo_publicacion": "manifestacion", "fuente_pdf": "http://www.diariooficial.interior.gob.cl/publicaciones/2026/07/13/44498/07/2835823.pdf", "archivo": "gm_manifestacion_2835823.pdf", "fecha": "13-07-2026", "edicion": "44498" }, "geometry": { "type": "Polygon", "coordinates": [ [ [ -69.847325610180732, -25.720460674646603 ], [ -69.83735792517146, -25.720518287456471 ], [ -69.83748443489651, -25.738576744578232 ], [ -69.84745362540707, -25.738519085509065 ], [ -69.847325610180732, -25.720460674646603 ] ] ] } },
{ "type": "Feature", "properties": { "cve": "2836647", "nombre": "MOSQUITO II, 1 AL 28", "solicitante": "Malbrán Codoceo José Luis", "region": "REGIÓN DE ANTOFAGASTA", "provincia": "Provincia de Antofagasta", "comuna": null, "superficie_ha": 28.0, "datum_original": "PSAD56", "huso": 19, "epsg_origen": 24879, "tipo_publicacion": "manifestacion", "fuente_pdf": "http://www.diariooficial.interior.gob.cl/publicaciones/2026/07/13/44498/07/2836647.pdf", "archivo": "gm_manifestacion_2836647.pdf", "fecha": "13-07-2026", "edicion": "44498" }, "geometry": { "type": "Polygon", "coordinates": [ [ [ -69.190912515389812, -22.866227482398426 ], [ -69.187013252561925, -22.866232112462257 ], [ -69.187021907506747, -22.872555552352971 ], [ -69.190921350789296, -22.872550920866647 ], [ -69.190912515389812, -22.866227482398426 ] ] ] } },
{ "type": "Feature", "properties": { "cve": "2836652", "nombre": "NUEVA YORK 1 DEL 1 AL 6", "solicitante": "Gallardo Funes Julio Enrique", "region": "REGIÓN DE ANTOFAGASTA", "provincia": "Provincia de Antofagasta", "comuna": null, "superficie_ha": 6.0, "datum_original": "PSAD56", "huso": 19, "epsg_origen": 24879, "tipo_publicacion": "manifestacion", "fuente_pdf": "http://www.diariooficial.interior.gob.cl/publicaciones/2026/07/13/44498/07/2836652.pdf", "archivo": "gm_manifestacion_2836652.pdf", "fecha": "13-07-2026", "edicion": "44498" }, "geometry": { "type": "Polygon", "coordinates": [ [ [ -70.284753766926542, -23.70894112405983 ], [ -70.283773038632702, -23.708949262983683 ], [ -70.283826061670879, -23.714367429732029 ], [ -70.28480683044414, -23.714359288724928 ], [ -70.284753766926542, -23.70894112405983 ] ] ] } },
{ "type": "Feature", "properties": { "cve": "2836653", "nombre": "NUEVA YORK 2 DEL 1 AL 8", "solicitante": "Gallardo Funes Julio Enrique", "region": "REGIÓN DE ANTOFAGASTA", "provincia": "Provincia de Antofagasta", "comuna": null, "superficie_ha": 8.0, "datum_original": "PSAD56", "huso": 19, "epsg_origen": 24879, "tipo_publicacion": "manifestacion", "fuente_pdf": "http://www.diariooficial.interior.gob.cl/publicaciones/2026/07/13/44498/07/2836653.pdf", "archivo": "gm_manifestacion_2836653.pdf", "fecha": "13-07-2026", "edicion": "44498" }, "geometry": { "type": "Polygon", "coordinates": [ [ [ -70.282566593558073, -23.705933875284394 ], [ -70.281585886895215, -23.70594199938148 ], [ -70.281656457304209, -23.713166229871995 ], [ -70.282637217933512, -23.713158103001984 ], [ -70.282566593558073, -23.705933875284394 ] ] ] } },
{ "type": "Feature", "properties": { "cve": "2836654", "nombre": "NUEVA YORK DEL 1 AL 6", "solicitante": "Gallardo Funes Julio Enrique", "region": "REGIÓN DE ANTOFAGASTA", "provincia": "Provincia de Antofagasta", "comuna": null, "superficie_ha": 6.0, "datum_original": "PSAD56", "huso": 19, "epsg_origen": 24879, "tipo_publicacion": "manifestacion", "fuente_pdf": "http://www.diariooficial.interior.gob.cl/publicaciones/2026/07/13/44498/07/2836654.pdf", "archivo": "gm_manifestacion_2836654.pdf", "fecha": "13-07-2026", "edicion": "44498" }, "geometry": { "type": "Polygon", "coordinates": [ [ [ -70.284548780269333, -23.708039724445076 ], [ -70.283568058633065, -23.708047861779452 ], [ -70.283621070942971, -23.713466029600497 ], [ -70.284601833056598, -23.713457890183211 ], [ -70.284548780269333, -23.708039724445076 ] ] ] } },
{ "type": "Feature", "properties": { "cve": "2836627", "nombre": "TERESA LUCIA I, 1", "solicitante": "Sociedad Minera Valle Choapa SpA", "region": "REGIÓN DE ANTOFAGASTA", "provincia": "Provincia de Antofagasta", "comuna": null, "superficie_ha": 1.0, "datum_original": "PSAD56", "huso": 19, "epsg_origen": 24879, "tipo_publicacion": "manifestacion", "fuente_pdf": "http://www.diariooficial.interior.gob.cl/publicaciones/2026/07/13/44498/07/2836627.pdf", "archivo": "gm_manifestacion_2836627.pdf", "fecha": "13-07-2026", "edicion": "44498" }, "geometry": { "type": "Polygon", "coordinates": [ [ [ -70.207779594525988, -25.450537256655309 ], [ -70.206785183320164, -25.450545431937634 ], [ -70.206794184254377, -25.451448276069296 ], [ -70.207788602872725, -25.451440100456303 ], [ -70.207779594525988, -25.450537256655309 ] ] ] } },
{ "type": "Feature", "properties": { "cve": "2835755", "nombre": "LAGUNA BLANCA II 24, 1 AL 30", "solicitante": "Compañía Minera Kairos Chile SpA", "region": "REGIÓN DE ANTOFAGASTA", "provincia": "Provincia de El Loa", "comuna": "SAN PEDRO DE ATACAMA", "superficie_ha": 300.0, "datum_original": "PSAD56", "huso": 19, "epsg_origen": 24879, "tipo_publicacion": "manifestacion", "fuente_pdf": "http://www.diariooficial.interior.gob.cl/publicaciones/2026/07/13/44498/07/2835755.pdf", "archivo": "gm_manifestacion_2835755.pdf", "fecha": "13-07-2026", "edicion": "44498" }, "geometry": { "type": "Polygon", "coordinates": [ [ [ -67.371032194436438, -22.87155125969085 ], [ -67.361287590490548, -22.871451168333511 ], [ -67.360962336018588, -22.898540577232772 ], [ -67.370708871998659, -22.898640800322212 ], [ -67.371032194436438, -22.87155125969085 ] ] ] } },
{ "type": "Feature", "properties": { "cve": "2835756", "nombre": "LAGUNA BLANCA II 26, 1 AL 20", "solicitante": "Compañía Minera Kairos Chile SpA", "region": "REGIÓN DE ANTOFAGASTA", "provincia": "Provincia de El Loa", "comuna": "SAN PEDRO DE ATACAMA", "superficie_ha": 200.0, "datum_original": "PSAD56", "huso": 19, "epsg_origen": 24879, "tipo_publicacion": "manifestacion", "fuente_pdf": "http://www.diariooficial.interior.gob.cl/publicaciones/2026/07/13/44498/07/2835756.pdf", "archivo": "gm_manifestacion_2835756.pdf", "fecha": "13-07-2026", "edicion": "44498" }, "geometry": { "type": "Polygon", "coordinates": [ [ [ -67.351488544738103, -22.875865366754532 ], [ -67.341743728937274, -22.875764060419932 ], [ -67.341524316681117, -22.893823489141958 ], [ -67.351270420439818, -22.893924884344241 ], [ -67.351488544738103, -22.875865366754532 ] ] ] } },
{ "type": "Feature", "properties": { "cve": "2835757", "nombre": "LAGUNA BLANCA II 27, 1 AL 10", "solicitante": "Compañía Minera Kairos Chile SpA", "region": "REGIÓN DE ANTOFAGASTA", "provincia": "Provincia de El Loa", "comuna": "SAN PEDRO DE ATACAMA", "superficie_ha": 100.0, "datum_original": "PSAD56", "huso": 19, "epsg_origen": 24879, "tipo_publicacion": "manifestacion", "fuente_pdf": "http://www.diariooficial.interior.gob.cl/publicaciones/2026/07/13/44498/07/2835757.pdf", "archivo": "gm_manifestacion_2835757.pdf", "fecha": "13-07-2026", "edicion": "44498" }, "geometry": { "type": "Polygon", "coordinates": [ [ [ -67.34168889667643, -22.880278921664829 ], [ -67.331943814478151, -22.880176996492551 ], [ -67.331833464389561, -22.889206666158586 ], [ -67.341579190550391, -22.889308636026271 ], [ -67.34168889667643, -22.880278921664829 ] ] ] } },
{ "type": "Feature", "properties": { "cve": "2835758", "nombre": "LAGUNA BLANCA II 28, 1 AL 30", "solicitante": "Compañía Minera Kairos Chile SpA", "region": "REGIÓN DE ANTOFAGASTA", "provincia": "Provincia de El Loa", "comuna": "SAN PEDRO DE ATACAMA", "superficie_ha": 300.0, "datum_original": "PSAD56", "huso": 19, "epsg_origen": 24879, "tipo_publicacion": "manifestacion", "fuente_pdf": "http://www.diariooficial.interior.gob.cl/publicaciones/2026/07/13/44498/07/2835758.pdf", "archivo": "gm_manifestacion_2835758.pdf", "fecha": "13-07-2026", "edicion": "44498" }, "geometry": { "type": "Polygon", "coordinates": [ [ [ -67.370708871998659, -22.898640800322212 ], [ -67.360962336018588, -22.898540577232772 ], [ -67.360636587886361, -22.925629888637676 ], [ -67.370385058831701, -22.925730243509918 ], [ -67.370708871998659, -22.898640800322212 ] ] ] } },
{ "type": "Feature", "properties": { "cve": "2835759", "nombre": "LAGUNA BLANCA II 29, 1 AL 30", "solicitante": "Compañía Minera Kairos Chile SpA", "region": "REGIÓN DE ANTOFAGASTA", "provincia": "Provincia de El Loa", "comuna": "SAN PEDRO DE ATACAMA", "superficie_ha": 300.0, "datum_original": "PSAD56", "huso": 19, "epsg_origen": 24879, "tipo_publicacion": "manifestacion", "fuente_pdf": "http://www.diariooficial.interior.gob.cl/publicaciones/2026/07/13/44498/07/2835759.pdf", "archivo": "gm_manifestacion_2835759.pdf", "fecha": "13-07-2026", "edicion": "44498" }, "geometry": { "type": "Polygon", "coordinates": [ [ [ -67.360962336018588, -22.898540577232772 ], [ -67.351215854889915, -22.898439756969818 ], [ -67.350888171840992, -22.925528935806906 ], [ -67.360636587886361, -22.925629888637676 ], [ -67.360962336018588, -22.898540577232772 ] ] ] } },
{ "type": "Feature", "properties": { "cve": "2835760", "nombre": "LAGUNA BLANCA II 30, 1 AL 30", "solicitante": "Compañía Minera Kairos Chile SpA", "region": "REGIÓN DE ANTOFAGASTA", "provincia": "Provincia de El Loa", "comuna": "SAN PEDRO DE ATACAMA", "superficie_ha": 300.0, "datum_original": "PSAD56", "huso": 19, "epsg_origen": 24879, "tipo_publicacion": "manifestacion", "fuente_pdf": "http://www.diariooficial.interior.gob.cl/publicaciones/2026/07/13/44498/07/2835760.pdf", "archivo": "gm_manifestacion_2835760.pdf", "fecha": "13-07-2026", "edicion": "44498" }, "geometry": { "type": "Polygon", "coordinates": [ [ [ -67.351215854889915, -22.898439756969818 ], [ -67.341469428938268, -22.898338339547049 ], [ -67.341139811021563, -22.925427385031302 ], [ -67.350888171840992, -22.925528935806906 ], [ -67.351215854889915, -22.898439756969818 ] ] ] } },
{ "type": "Feature", "properties": { "cve": "2835761", "nombre": "LAGUNA BLANCA II 31, 1 AL 30", "solicitante": "Compañía Minera Kairos Chile SpA", "region": "REGIÓN DE ANTOFAGASTA", "provincia": "Provincia de El Loa", "comuna": "SAN PEDRO DE ATACAMA", "superficie_ha": 300.0, "datum_original": "PSAD56", "huso": 19, "epsg_origen": 24879, "tipo_publicacion": "manifestacion", "fuente_pdf": "http://www.diariooficial.interior.gob.cl/publicaciones/2026/07/13/44498/07/2835761.pdf", "archivo": "gm_manifestacion_2835761.pdf", "fecha": "13-07-2026", "edicion": "44498" }, "geometry": { "type": "Polygon", "coordinates": [ [ [ -67.341469428938268, -22.898338339547049 ], [ -67.331723058489317, -22.898236324978232 ], [ -67.331391505753999, -22.92532523632466 ], [ -67.341139811021563, -22.925427385031302 ], [ -67.341469428938268, -22.898338339547049 ] ] ] } },
{ "type": "Feature", "properties": { "cve": "2835762", "nombre": "LAGUNA BLANCA II 32, 1 AL 30", "solicitante": "Compañía Minera Kairos Chile SpA", "region": "REGIÓN DE ANTOFAGASTA", "provincia": "Provincia de El Loa", "comuna": "SAN PEDRO DE ATACAMA", "superficie_ha": 300.0, "datum_original": "PSAD56", "huso": 19, "epsg_origen": 24879, "tipo_publicacion": "manifestacion", "fuente_pdf": "http://www.diariooficial.interior.gob.cl/publicaciones/2026/07/13/44498/07/2835762.pdf", "archivo": "gm_manifestacion_2835762.pdf", "fecha": "13-07-2026", "edicion": "44498" }, "geometry": { "type": "Polygon", "coordinates": [ [ [ -67.331723058489317, -22.898236324978232 ], [ -67.321976743868746, -22.898133713277225 ], [ -67.321643256364254, -22.925222489700857 ], [ -67.331391505753999, -22.92532523632466 ], [ -67.331723058489317, -22.898236324978232 ] ] ] } },
{ "type": "Feature", "properties": { "cve": "2835763", "nombre": "LAGUNA BLANCA II 35, 1 AL 10", "solicitante": "Compañía Minera Kairos Chile SpA", "region": "REGIÓN DE ANTOFAGASTA", "provincia": "Provincia de El Loa", "comuna": "SAN PEDRO DE ATACAMA", "superficie_ha": 100.0, "datum_original": "PSAD56", "huso": 19, "epsg_origen": 24879, "tipo_publicacion": "manifestacion", "fuente_pdf": "http://www.diariooficial.interior.gob.cl/publicaciones/2026/07/13/44498/07/2835763.pdf", "archivo": "gm_manifestacion_2835763.pdf", "fecha": "13-07-2026", "edicion": "44498" }, "geometry": { "type": "Polygon", "coordinates": [ [ [ -67.428766594442621, -22.935891668426425 ], [ -67.419017116453105, -22.935794856678356 ], [ -67.41891224190843, -22.944824853710415 ], [ -67.428662365979193, -22.944921707832528 ], [ -67.428766594442621, -22.935891668426425 ] ] ] } },
{ "type": "Feature", "properties": { "cve": "2835764", "nombre": "LAGUNA BLANCA II 36, 1 AL 30", "solicitante": "Compañía Minera Kairos Chile SpA", "region": "REGIÓN DE ANTOFAGASTA", "provincia": "Provincia de El Loa", "comuna": "SAN PEDRO DE ATACAMA", "superficie_ha": 300.0, "datum_original": "PSAD56", "huso": 19, "epsg_origen": 24879, "tipo_publicacion": "manifestacion", "fuente_pdf": "http://www.diariooficial.interior.gob.cl/publicaciones/2026/07/13/44498/07/2835764.pdf", "archivo": "gm_manifestacion_2835764.pdf", "fecha": "13-07-2026", "edicion": "44498" }, "geometry": { "type": "Polygon", "coordinates": [ [ [ -67.419039133378362, -22.933898555927701 ], [ -67.409289843981767, -22.933801154815853 ], [ -67.408973155812831, -22.960890992353683 ], [ -67.418724384179413, -22.960988521386131 ], [ -67.419039133378362, -22.933898555927701 ] ] ] } },
{ "type": "Feature", "properties": { "cve": "2835765", "nombre": "LAGUNA BLANCA II 37, 1 AL 30", "solicitante": "Compañía Minera Kairos Chile SpA", "region": "REGIÓN DE ANTOFAGASTA", "provincia": "Provincia de El Loa", "comuna": "SAN PEDRO DE ATACAMA", "superficie_ha": 300.0, "datum_original": "PSAD56", "huso": 19, "epsg_origen": 24879, "tipo_publicacion": "manifestacion", "fuente_pdf": "http://www.diariooficial.interior.gob.cl/publicaciones/2026/07/13/44498/07/2835765.pdf", "archivo": "gm_manifestacion_2835765.pdf", "fecha": "13-07-2026", "edicion": "44498" }, "geometry": { "type": "Polygon", "coordinates": [ [ [ -67.409314103610612, -22.931724263251802 ], [ -67.399565016027012, -22.931626273756958 ], [ -67.399246425940888, -22.958715990060085 ], [ -67.40899745222211, -22.958814108257247 ], [ -67.409314103610612, -22.931724263251802 ] ] ] } },
{ "type": "Feature", "properties": { "cve": "2835766", "nombre": "LAGUNA BLANCA II 38, 1 AL 30", "solicitante": "Compañía Minera Kairos Chile SpA", "region": "REGIÓN DE ANTOFAGASTA", "provincia": "Provincia de El Loa", "comuna": "SAN PEDRO DE ATACAMA", "superficie_ha": 300.0, "datum_original": "PSAD56", "huso": 19, "epsg_origen": 24879, "tipo_publicacion": "manifestacion", "fuente_pdf": "http://www.diariooficial.interior.gob.cl/publicaciones/2026/07/13/44498/07/2835766.pdf", "archivo": "gm_manifestacion_2835766.pdf", "fecha": "13-07-2026", "edicion": "44498" }, "geometry": { "type": "Polygon", "coordinates": [ [ [ -67.399588360307675, -22.929639690726905 ], [ -67.389839468382078, -22.929541112550989 ], [ -67.389518975255427, -22.956630706516044 ], [ -67.399269805615802, -22.956729414176088 ], [ -67.399588360307675, -22.929639690726905 ] ] ] } },
{ "type": "Feature", "properties": { "cve": "2835767", "nombre": "LAGUNA BLANCA II 39, 1 AL 30", "solicitante": "Compañía Minera Kairos Chile SpA", "region": "REGIÓN DE ANTOFAGASTA", "provincia": "Provincia de El Loa", "comuna": "SAN PEDRO DE ATACAMA", "superficie_ha": 300.0, "datum_original": "PSAD56", "huso": 19, "epsg_origen": 24879, "tipo_publicacion": "manifestacion", "fuente_pdf": "http://www.diariooficial.interior.gob.cl/publicaciones/2026/07/13/44498/07/2835767.pdf", "archivo": "gm_manifestacion_2835767.pdf", "fecha": "13-07-2026", "edicion": "44498" }, "geometry": { "type": "Polygon", "coordinates": [ [ [ -67.389860817328753, -22.927735136154183 ], [ -67.380112108452991, -22.927635968557226 ], [ -67.379789709505388, -22.954725438755386 ], [ -67.389540356572383, -22.954824736618566 ], [ -67.389860817328753, -22.927735136154183 ] ] ] } },
{ "type": "Feature", "properties": { "cve": "2835768", "nombre": "LAGUNA BLANCA II 40, 1 AL 30", "solicitante": "Compañía Minera Kairos Chile SpA", "region": "REGIÓN DE ANTOFAGASTA", "provincia": "Provincia de El Loa", "comuna": "SAN PEDRO DE ATACAMA", "superficie_ha": 300.0, "datum_original": "PSAD56", "huso": 19, "epsg_origen": 24879, "tipo_publicacion": "manifestacion", "fuente_pdf": "http://www.diariooficial.interior.gob.cl/publicaciones/2026/07/13/44498/07/2835768.pdf", "archivo": "gm_manifestacion_2835768.pdf", "fecha": "13-07-2026", "edicion": "44498" }, "geometry": { "type": "Polygon", "coordinates": [ [ [ -67.380063779747928, -22.93169939530425 ], [ -67.370314834589038, -22.931599610014693 ], [ -67.369990423781843, -22.958688934522076 ], [ -67.379741307524156, -22.958788850870839 ], [ -67.380063779747928, -22.93169939530425 ] ] ] } },
{ "type": "Feature", "properties": { "cve": "2835769", "nombre": "LAGUNA BLANCA II 41, 1 AL 30", "solicitante": "Compañía Minera Kairos Chile SpA", "region": "REGIÓN DE ANTOFAGASTA", "provincia": "Provincia de El Loa", "comuna": "SAN PEDRO DE ATACAMA", "superficie_ha": 300.0, "datum_original": "PSAD56", "huso": 19, "epsg_origen": 24879, "tipo_publicacion": "manifestacion", "fuente_pdf": "http://www.diariooficial.interior.gob.cl/publicaciones/2026/07/13/44498/07/2835769.pdf", "archivo": "gm_manifestacion_2835769.pdf", "fecha": "13-07-2026", "edicion": "44498" }, "geometry": { "type": "Polygon", "coordinates": [ [ [ -67.370385058831701, -22.925730243509918 ], [ -67.360636587886361, -22.925629888637676 ], [ -67.360310345656416, -22.952719102456282 ], [ -67.37006075450077, -22.952819589162111 ], [ -67.370385058831701, -22.925730243509918 ] ] ] } },
{ "type": "Feature", "properties": { "cve": "2835770", "nombre": "LAGUNA BLANCA II 42, 1 AL 30", "solicitante": "Compañía Minera Kairos Chile SpA", "region": "REGIÓN DE ANTOFAGASTA", "provincia": "Provincia de El Loa", "comuna": "SAN PEDRO DE ATACAMA", "superficie_ha": 300.0, "datum_original": "PSAD56", "huso": 19, "epsg_origen": 24879, "tipo_publicacion": "manifestacion", "fuente_pdf": "http://www.diariooficial.interior.gob.cl/publicaciones/2026/07/13/44498/07/2835770.pdf", "archivo": "gm_manifestacion_2835770.pdf", "fecha": "13-07-2026", "edicion": "44498" }, "geometry": { "type": "Polygon", "coordinates": [ [ [ -67.360636587886361, -22.925629888637676 ], [ -67.350888171840992, -22.925528935806906 ], [ -67.350559991760747, -22.952618017006579 ], [ -67.360310345656416, -22.952719102456282 ], [ -67.360636587886361, -22.925629888637676 ] ] ] } },
{ "type": "Feature", "properties": { "cve": "2835771", "nombre": "LAGUNA BLANCA II 43, 1 AL 30", "solicitante": "Compañía Minera Kairos Chile SpA", "region": "REGIÓN DE ANTOFAGASTA", "provincia": "Provincia de El Loa", "comuna": "SAN PEDRO DE ATACAMA", "superficie_ha": 300.0, "datum_original": "PSAD56", "huso": 19, "epsg_origen": 24879, "tipo_publicacion": "manifestacion", "fuente_pdf": "http://www.diariooficial.interior.gob.cl/publicaciones/2026/07/13/44498/07/2835771.pdf", "archivo": "gm_manifestacion_2835771.pdf", "fecha": "13-07-2026", "edicion": "44498" }, "geometry": { "type": "Polygon", "coordinates": [ [ [ -67.350888171840992, -22.925528935806906 ], [ -67.341139811021563, -22.925427385031302 ], [ -67.340809693139974, -22.952516332826747 ], [ -67.350559991760747, -22.952618017006579 ], [ -67.350888171840992, -22.925528935806906 ] ] ] } },
{ "type": "Feature", "properties": { "cve": "2835772", "nombre": "LAGUNA BLANCA II 44, 1 AL 30", "solicitante": "Compañía Minera Kairos Chile SpA", "region": "REGIÓN DE ANTOFAGASTA", "provincia": "Provincia de El Loa", "comuna": "SAN PEDRO DE ATACAMA", "superficie_ha": 300.0, "datum_original": "PSAD56", "huso": 19, "epsg_origen": 24879, "tipo_publicacion": "manifestacion", "fuente_pdf": "http://www.diariooficial.interior.gob.cl/publicaciones/2026/07/13/44498/07/2835772.pdf", "archivo": "gm_manifestacion_2835772.pdf", "fecha": "13-07-2026", "edicion": "44498" }, "geometry": { "type": "Polygon", "coordinates": [ [ [ -67.341139811021563, -22.925427385031302 ], [ -67.331391505753999, -22.92532523632466 ], [ -67.331059450120364, -22.952414049930589 ], [ -67.340809693139974, -22.952516332826747 ], [ -67.341139811021563, -22.925427385031302 ] ] ] } },
{ "type": "Feature", "properties": { "cve": "2835773", "nombre": "LAGUNA BLANCA II 45, 1 AL 30", "solicitante": "Compañía Minera Kairos Chile SpA", "region": "REGIÓN DE ANTOFAGASTA", "provincia": "Provincia de El Loa", "comuna": "SAN PEDRO DE ATACAMA", "superficie_ha": 300.0, "datum_original": "PSAD56", "huso": 19, "epsg_origen": 24879, "tipo_publicacion": "manifestacion", "fuente_pdf": "http://www.diariooficial.interior.gob.cl/publicaciones/2026/07/13/44498/07/2835773.pdf", "archivo": "gm_manifestacion_2835773.pdf", "fecha": "13-07-2026", "edicion": "44498" }, "geometry": { "type": "Polygon", "coordinates": [ [ [ -67.331391505753999, -22.92532523632466 ], [ -67.321643256364254, -22.925222489700857 ], [ -67.321309263028127, -22.952311168332013 ], [ -67.331059450120364, -22.952414049930589 ], [ -67.331391505753999, -22.92532523632466 ] ] ] } },
{ "type": "Feature", "properties": { "cve": "2835774", "nombre": "LAGUNA BLANCA II 50, 1 AL 10", "solicitante": "Compañía Minera Kairos Chile SpA", "region": "REGIÓN DE ANTOFAGASTA", "provincia": "Provincia de El Loa", "comuna": "SAN PEDRO DE ATACAMA", "superficie_ha": 100.0, "datum_original": "PSAD56", "huso": 19, "epsg_origen": 24879, "tipo_publicacion": "manifestacion", "fuente_pdf": "http://www.diariooficial.interior.gob.cl/publicaciones/2026/07/13/44498/07/2835774.pdf", "archivo": "gm_manifestacion_2835774.pdf", "fecha": "13-07-2026", "edicion": "44498" }, "geometry": { "type": "Polygon", "coordinates": [ [ [ -67.409103055990755, -22.949784170744888 ], [ -67.399352676268293, -22.949686095454016 ], [ -67.399246425940888, -22.958715990060085 ], [ -67.40899745222211, -22.958814108257247 ], [ -67.409103055990755, -22.949784170744888 ] ] ] } },
{ "type": "Feature", "properties": { "cve": "2835775", "nombre": "LAGUNA BLANCA II 51, 1 AL 20", "solicitante": "Compañía Minera Kairos Chile SpA", "region": "REGIÓN DE ANTOFAGASTA", "provincia": "Provincia de El Loa", "comuna": "SAN PEDRO DE ATACAMA", "superficie_ha": 200.0, "datum_original": "PSAD56", "huso": 19, "epsg_origen": 24879, "tipo_publicacion": "manifestacion", "fuente_pdf": "http://www.diariooficial.interior.gob.cl/publicaciones/2026/07/13/44498/07/2835775.pdf", "archivo": "gm_manifestacion_2835775.pdf", "fecha": "13-07-2026", "edicion": "44498" }, "geometry": { "type": "Polygon", "coordinates": [ [ [ -67.399322931583939, -22.952214467035468 ], [ -67.389572424499917, -22.952115780959584 ], [ -67.389358546549971, -22.970175466927294 ], [ -67.399110347228913, -22.970274239348146 ], [ -67.399322931583939, -22.952214467035468 ] ] ] } },
{ "type": "Feature", "properties": { "cve": "2835776", "nombre": "LAGUNA BLANCA II 52, 1 AL 30", "solicitante": "Compañía Minera Kairos Chile SpA", "region": "REGIÓN DE ANTOFAGASTA", "provincia": "Provincia de El Loa", "comuna": "SAN PEDRO DE ATACAMA", "superficie_ha": 300.0, "datum_original": "PSAD56", "huso": 19, "epsg_origen": 24879, "tipo_publicacion": "manifestacion", "fuente_pdf": "http://www.diariooficial.interior.gob.cl/publicaciones/2026/07/13/44498/07/2835776.pdf", "archivo": "gm_manifestacion_2835776.pdf", "fecha": "13-07-2026", "edicion": "44498" }, "geometry": { "type": "Polygon", "coordinates": [ [ [ -67.389540356572383, -22.954824736618566 ], [ -67.379789709505388, -22.954725438755386 ], [ -67.379466821865634, -22.981814811370707 ], [ -67.389219410060548, -22.981914239550381 ], [ -67.389540356572383, -22.954824736618566 ] ] ] } },
{ "type": "Feature", "properties": { "cve": "2835777", "nombre": "LAGUNA BLANCA II 53, 1 AL 30", "solicitante": "Compañía Minera Kairos Chile SpA", "region": "REGIÓN DE ANTOFAGASTA", "provincia": "Provincia de El Loa", "comuna": "SAN PEDRO DE ATACAMA", "superficie_ha": 300.0, "datum_original": "PSAD56", "huso": 19, "epsg_origen": 24879, "tipo_publicacion": "manifestacion", "fuente_pdf": "http://www.diariooficial.interior.gob.cl/publicaciones/2026/07/13/44498/07/2835777.pdf", "archivo": "gm_manifestacion_2835777.pdf", "fecha": "13-07-2026", "edicion": "44498" }, "geometry": { "type": "Polygon", "coordinates": [ [ [ -67.379741307524156, -22.958788850870839 ], [ -67.369990423781843, -22.958688934522076 ], [ -67.369665521280439, -22.985778161382296 ], [ -67.379418346543162, -22.985878208840823 ], [ -67.379741307524156, -22.958788850870839 ] ] ] } },
{ "type": "Feature", "properties": { "cve": "2835778", "nombre": "LAGUNA BLANCA II 54, 1 AL 30", "solicitante": "Compañía Minera Kairos Chile SpA", "region": "REGIÓN DE ANTOFAGASTA", "provincia": "Provincia de El Loa", "comuna": "SAN PEDRO DE ATACAMA", "superficie_ha": 300.0, "datum_original": "PSAD56", "huso": 19, "epsg_origen": 24879, "tipo_publicacion": "manifestacion", "fuente_pdf": "http://www.diariooficial.interior.gob.cl/publicaciones/2026/07/13/44498/07/2835778.pdf", "archivo": "gm_manifestacion_2835778.pdf", "fecha": "13-07-2026", "edicion": "44498" }, "geometry": { "type": "Polygon", "coordinates": [ [ [ -67.37006075450077, -22.952819589162111 ], [ -67.360310345656416, -22.952719102456282 ], [ -67.359983608890474, -22.979808218596695 ], [ -67.369735958570146, -22.97990883718699 ], [ -67.37006075450077, -22.952819589162111 ] ] ] } },
{ "type": "Feature", "properties": { "cve": "2835779", "nombre": "LAGUNA BLANCA II 55, 1 AL 30", "solicitante": "Compañía Minera Kairos Chile SpA", "region": "REGIÓN DE ANTOFAGASTA", "provincia": "Provincia de El Loa", "comuna": "SAN PEDRO DE ATACAMA", "superficie_ha": 300.0, "datum_original": "PSAD56", "huso": 19, "epsg_origen": 24879, "tipo_publicacion": "manifestacion", "fuente_pdf": "http://www.diariooficial.interior.gob.cl/publicaciones/2026/07/13/44498/07/2835779.pdf", "archivo": "gm_manifestacion_2835779.pdf", "fecha": "13-07-2026", "edicion": "44498" }, "geometry": { "type": "Polygon", "coordinates": [ [ [ -67.360310345656416, -22.952719102456282 ], [ -67.350559991760747, -22.952618017006579 ], [ -67.350231314208244, -22.9797070004769 ], [ -67.359983608890474, -22.979808218596695 ], [ -67.360310345656416, -22.952719102456282 ] ] ] } },
{ "type": "Feature", "properties": { "cve": "2835780", "nombre": "LAGUNA BLANCA II 56, 1 AL 30", "solicitante": "Compañía Minera Kairos Chile SpA", "region": "REGIÓN DE ANTOFAGASTA", "provincia": "Provincia de El Loa", "comuna": "SAN PEDRO DE ATACAMA", "superficie_ha": 300.0, "datum_original": "PSAD56", "huso": 19, "epsg_origen": 24879, "tipo_publicacion": "manifestacion", "fuente_pdf": "http://www.diariooficial.interior.gob.cl/publicaciones/2026/07/13/44498/07/2835780.pdf", "archivo": "gm_manifestacion_2835780.pdf", "fecha": "13-07-2026", "edicion": "44498" }, "geometry": { "type": "Polygon", "coordinates": [ [ [ -67.350559991760747, -22.952618017006579 ], [ -67.340809693139974, -22.952516332826747 ], [ -67.340479074850037, -22.979605182841347 ], [ -67.350231314208244, -22.9797070004769 ], [ -67.350559991760747, -22.952618017006579 ] ] ] } },
{ "type": "Feature", "properties": { "cve": "2835781", "nombre": "LAGUNA BLANCA II 57, 1 AL 20", "solicitante": "Compañía Minera Kairos Chile SpA", "region": "REGIÓN DE ANTOFAGASTA", "provincia": "Provincia de El Loa", "comuna": "SAN PEDRO DE ATACAMA", "superficie_ha": 200.0, "datum_original": "PSAD56", "huso": 19, "epsg_origen": 24879, "tipo_publicacion": "manifestacion", "fuente_pdf": "http://www.diariooficial.interior.gob.cl/publicaciones/2026/07/13/44498/07/2835781.pdf", "archivo": "gm_manifestacion_2835781.pdf", "fecha": "13-07-2026", "edicion": "44498" }, "geometry": { "type": "Polygon", "coordinates": [ [ [ -67.340864747525501, -22.948001514982032 ], [ -67.331114827668372, -22.947899254454377 ], [ -67.330893233577314, -22.965958420052072 ], [ -67.340644446573791, -22.966060770062402 ], [ -67.340864747525501, -22.948001514982032 ] ] ] } },
{ "type": "Feature", "properties": { "cve": "2835782", "nombre": "LAGUNA BLANCA II 58, 1 AL 10", "solicitante": "Compañía Minera Kairos Chile SpA", "region": "REGIÓN DE ANTOFAGASTA", "provincia": "Provincia de El Loa", "comuna": "SAN PEDRO DE ATACAMA", "superficie_ha": 100.0, "datum_original": "PSAD56", "huso": 19, "epsg_origen": 24879, "tipo_publicacion": "manifestacion", "fuente_pdf": "http://www.diariooficial.interior.gob.cl/publicaciones/2026/07/13/44498/07/2835782.pdf", "archivo": "gm_manifestacion_2835782.pdf", "fecha": "13-07-2026", "edicion": "44498" }, "geometry": { "type": "Polygon", "coordinates": [ [ [ -67.33117019123668, -22.943384456261025 ], [ -67.321420650371365, -22.943281619659832 ], [ -67.321309263028127, -22.952311168332013 ], [ -67.331059450120364, -22.952414049930589 ], [ -67.33117019123668, -22.943384456261025 ] ] ] } },
{ "type": "Feature", "properties": { "cve": "2835783", "nombre": "LAGUNA BLANCA III 7, 1 AL 10", "solicitante": "Compañía Minera Kairos Chile SpA", "region": "REGIÓN DE ANTOFAGASTA", "provincia": "Provincia de El Loa", "comuna": "SAN PEDRO DE ATACAMA", "superficie_ha": 100.0, "datum_original": "PSAD56", "huso": 19, "epsg_origen": 24879, "tipo_publicacion": "manifestacion", "fuente_pdf": "http://www.diariooficial.interior.gob.cl/publicaciones/2026/07/13/44498/07/2835783.pdf", "archivo": "gm_manifestacion_2835783.pdf", "fecha": "13-07-2026", "edicion": "44498" }, "geometry": { "type": "Polygon", "coordinates": [ [ [ -67.400012349540745, -22.89351990797045 ], [ -67.390266037630738, -22.893421502362447 ], [ -67.390159476155119, -22.902451421138867 ], [ -67.399906432580295, -22.902549869880549 ], [ -67.400012349540745, -22.89351990797045 ] ] ] } },
{ "type": "Feature", "properties": { "cve": "2835784", "nombre": "LAGUNA BLANCA III 9, 1 AL 10", "solicitante": "Compañía Minera Kairos Chile SpA", "region": "REGIÓN DE ANTOFAGASTA", "provincia": "Provincia de El Loa", "comuna": "SAN PEDRO DE ATACAMA", "superficie_ha": 100.0, "datum_original": "PSAD56", "huso": 19, "epsg_origen": 24879, "tipo_publicacion": "manifestacion", "fuente_pdf": "http://www.diariooficial.interior.gob.cl/publicaciones/2026/07/13/44498/07/2835784.pdf", "archivo": "gm_manifestacion_2835784.pdf", "fecha": "13-07-2026", "edicion": "44498" }, "geometry": { "type": "Polygon", "coordinates": [ [ [ -67.38060014850349, -22.886550086061028 ], [ -67.370854427797397, -22.886450519091255 ], [ -67.370746618227557, -22.895480358934506 ], [ -67.380492983172701, -22.89557996955703 ], [ -67.38060014850349, -22.886550086061028 ] ] ] } },
{ "type": "Feature", "properties": { "cve": "2836630", "nombre": "LA PROMEZA 1 AL 10", "solicitante": "López Briones Mario Domingo", "region": "REGIÓN DE ATACAMA", "provincia": "Provincia de Copiapó", "comuna": null, "superficie_ha": 100.0, "datum_original": "PSAD56", "huso": 19, "epsg_origen": 24879, "tipo_publicacion": "manifestacion", "fuente_pdf": "http://www.diariooficial.interior.gob.cl/publicaciones/2026/07/13/44498/07/2836630.pdf", "archivo": "gm_manifestacion_2836630.pdf", "fecha": "13-07-2026", "edicion": "44498" }, "geometry": { "type": "Polygon", "coordinates": [ [ [ -70.735973717381938, -27.271729446265496 ], [ -70.725874834596794, -27.27185438727216 ], [ -70.726014281170663, -27.280878519903812 ], [ -70.736113978925317, -27.280753530788967 ], [ -70.735973717381938, -27.271729446265496 ] ] ] } },
{ "type": "Feature", "properties": { "cve": "2836831", "nombre": "MARIA FERNANDA 1 AL 20", "solicitante": "Pesenti Rojas Juan Pablo", "region": "REGIÓN DE ATACAMA", "provincia": "Provincia de Copiapó", "comuna": null, "superficie_ha": 200.0, "datum_original": "PSAD56", "huso": 19, "epsg_origen": 24879, "tipo_publicacion": "manifestacion", "fuente_pdf": "http://www.diariooficial.interior.gob.cl/publicaciones/2026/07/13/44498/07/2836831.pdf", "archivo": "gm_manifestacion_2836831.pdf", "fecha": "13-07-2026", "edicion": "44498" }, "geometry": { "type": "Polygon", "coordinates": [ [ [ -70.149326856759089, -27.73499077139854 ], [ -70.129039073053278, -27.735157805114376 ], [ -70.129132121417541, -27.744183684439591 ], [ -70.149421576226786, -27.744016587126204 ], [ -70.149326856759089, -27.73499077139854 ] ] ] } },
{ "type": "Feature", "properties": { "cve": "2836631", "nombre": "MARIA ISABEL 1 AL 10", "solicitante": "Rojas Cortés Dean Luis", "region": "REGIÓN DE ATACAMA", "provincia": "Provincia de Copiapó", "comuna": null, "superficie_ha": 50.0, "datum_original": "PSAD56", "huso": 19, "epsg_origen": 24879, "tipo_publicacion": "manifestacion", "fuente_pdf": "http://www.diariooficial.interior.gob.cl/publicaciones/2026/07/13/44498/07/2836631.pdf", "archivo": "gm_manifestacion_2836631.pdf", "fecha": "13-07-2026", "edicion": "44498" }, "geometry": { "type": "Polygon", "coordinates": [ [ [ -70.021695320097137, -27.39816416003104 ], [ -70.011581940234237, -27.398237862540533 ], [ -70.011623027517743, -27.402751197979491 ], [ -70.021736817981065, -27.40267748132181 ], [ -70.021695320097137, -27.39816416003104 ] ] ] } },
{ "type": "Feature", "properties": { "cve": "2836673", "nombre": "OTILIA I 1-12", "solicitante": "Vega Pereira Daniel Enrique", "region": "REGIÓN DE ATACAMA", "provincia": "Provincia de Copiapó", "comuna": null, "superficie_ha": 60.0, "datum_original": "PSAD56", "huso": 19, "epsg_origen": 24879, "tipo_publicacion": "manifestacion", "fuente_pdf": "http://www.diariooficial.interior.gob.cl/publicaciones/2026/07/13/44498/07/2836673.pdf", "archivo": "gm_manifestacion_2836673.pdf", "fecha": "13-07-2026", "edicion": "44498" }, "geometry": { "type": "Polygon", "coordinates": [ [ [ -70.713957786803803, -27.343657098541769 ], [ -70.703852274589579, -27.343780749675222 ], [ -70.703935121975036, -27.349195237162014 ], [ -70.714041124970677, -27.349071557513884 ], [ -70.713957786803803, -27.343657098541769 ] ] ] } },
{ "type": "Feature", "properties": { "cve": "2836845", "nombre": "AMALIA 1-49", "solicitante": "Araya Cortés Sebastián Ignacio", "region": "REGIÓN DE ATACAMA", "provincia": "Provincia de Huasco", "comuna": "Vallenar", "superficie_ha": 49.0, "datum_original": "WGS84", "huso": 19, "epsg_origen": 32719, "tipo_publicacion": "manifestacion", "fuente_pdf": "http://www.diariooficial.interior.gob.cl/publicaciones/2026/07/13/44498/07/2836845.pdf", "archivo": "gm_manifestacion_2836845.pdf", "fecha": "13-07-2026", "edicion": "44498" }, "geometry": { "type": "Polygon", "coordinates": [ [ [ -70.90681151465742, -28.883288138405053 ], [ -70.899636673136101, -28.883389496840255 ], [ -70.899751637933164, -28.889704295287927 ], [ -70.906926913031072, -28.889602910565014 ], [ -70.90681151465742, -28.883288138405053 ] ] ] } },
{ "type": "Feature", "properties": { "cve": "2835603", "nombre": "CUESTA DE GALINDO 1 AL 5", "solicitante": "Peralta Ábalos Claudio", "region": "REGIÓN DE COQUIMBO", "provincia": "Provincia de Elqui", "comuna": null, "superficie_ha": 20.0, "datum_original": "PSAD56", "huso": 19, "epsg_origen": 24879, "tipo_publicacion": "manifestacion", "fuente_pdf": "http://www.diariooficial.interior.gob.cl/publicaciones/2026/07/13/44498/07/2835603.pdf", "archivo": "gm_manifestacion_2835603.pdf", "fecha": "13-07-2026", "edicion": "44498" }, "geometry": { "type": "Polygon", "coordinates": [ [ [ -71.117065862005333, -29.481272998990658 ], [ -71.111911848808617, -29.481354931150928 ], [ -71.111986677131199, -29.484962589094685 ], [ -71.117140872610463, -29.484880644950913 ], [ -71.117065862005333, -29.481272998990658 ] ] ] } },
{ "type": "Feature", "properties": { "cve": "2835851", "nombre": "ALI S 1, 1 AL 30", "solicitante": "Antofagasta Minerals S.A.", "region": "REGIÓN DE COQUIMBO", "provincia": "Provincia de Choapa", "comuna": null, "superficie_ha": 300.0, "datum_original": "PSAD56", "huso": 19, "epsg_origen": 24879, "tipo_publicacion": "manifestacion", "fuente_pdf": "http://www.diariooficial.interior.gob.cl/publicaciones/2026/07/13/44498/07/2835851.pdf", "archivo": "gm_manifestacion_2835851.pdf", "fecha": "13-07-2026", "edicion": "44498" }, "geometry": { "type": "Polygon", "coordinates": [ [ [ -70.440236572820382, -31.905575610757829 ], [ -70.408517932622985, -31.905931156245764 ], [ -70.408655350162434, -31.914950318988343 ], [ -70.440377082308316, -31.914594649417872 ], [ -70.440236572820382, -31.905575610757829 ] ] ] } },
{ "type": "Feature", "properties": { "cve": "2835852", "nombre": "ALI S 2, 1 AL 30", "solicitante": "Antofagasta Minerals S.A.", "region": "REGIÓN DE COQUIMBO", "provincia": "Provincia de Choapa", "comuna": null, "superficie_ha": 300.0, "datum_original": "PSAD56", "huso": 19, "epsg_origen": 24879, "tipo_publicacion": "manifestacion", "fuente_pdf": "http://www.diariooficial.interior.gob.cl/publicaciones/2026/07/13/44498/07/2835852.pdf", "archivo": "gm_manifestacion_2835852.pdf", "fecha": "13-07-2026", "edicion": "44498" }, "geometry": { "type": "Polygon", "coordinates": [ [ [ -70.453805778963215, -31.914441698090439 ], [ -70.422084285120974, -31.914800718326003 ], [ -70.422223073760676, -31.923819815422714 ], [ -70.453947660840086, -31.923460669912156 ], [ -70.453805778963215, -31.914441698090439 ] ] ] } },
{ "type": "Feature", "properties": { "cve": "2835853", "nombre": "ALI S 3, 1 AL 20", "solicitante": "Antofagasta Minerals S.A.", "region": "REGIÓN DE COQUIMBO", "provincia": "Provincia de Choapa", "comuna": null, "superficie_ha": 200.0, "datum_original": "PSAD56", "huso": 19, "epsg_origen": 24879, "tipo_publicacion": "manifestacion", "fuente_pdf": "http://www.diariooficial.interior.gob.cl/publicaciones/2026/07/13/44498/07/2835853.pdf", "archivo": "gm_manifestacion_2835853.pdf", "fecha": "13-07-2026", "edicion": "44498" }, "geometry": { "type": "Polygon", "coordinates": [ [ [ -70.422084285120974, -31.914800718326003 ], [ -70.40093631105178, -31.915035667903776 ], [ -70.401073037408224, -31.924054846983339 ], [ -70.422223073760676, -31.923819815422714 ], [ -70.422084285120974, -31.914800718326003 ] ] ] } },
{ "type": "Feature", "properties": { "cve": "2835441", "nombre": "ISABELLITA DOS 1/6", "solicitante": "Florez Molina Nehemias Isaac", "region": "REGIÓN DE COQUIMBO", "provincia": "Provincia de Choapa", "comuna": null, "superficie_ha": 36.0, "datum_original": "WGS84", "huso": 19, "epsg_origen": 32719, "tipo_publicacion": "manifestacion", "fuente_pdf": "http://www.diariooficial.interior.gob.cl/publicaciones/2026/07/13/44498/07/2835441.pdf", "archivo": "gm_manifestacion_2835441.pdf", "fecha": "13-07-2026", "edicion": "44498" }, "geometry": { "type": "Polygon", "coordinates": [ [ [ -71.151473293715469, -31.88497495775416 ], [ -71.145133464256503, -31.885082143547141 ], [ -71.145258918825789, -31.890491520696095 ], [ -71.15159911836281, -31.890384312461197 ], [ -71.151473293715469, -31.88497495775416 ] ] ] } },
{ "type": "Feature", "properties": { "cve": "2836279", "nombre": "TESORO DEL VALLE 1 AL 8", "solicitante": "Juica Olivares José Manuel", "region": "REGIÓN DE COQUIMBO", "provincia": "Provincia de Choapa", "comuna": null, "superficie_ha": 40.0, "datum_original": "WGS84", "huso": 19, "epsg_origen": 32719, "tipo_publicacion": "manifestacion", "fuente_pdf": "http://www.diariooficial.interior.gob.cl/publicaciones/2026/07/13/44498/07/2836279.pdf", "archivo": "gm_manifestacion_2836279.pdf", "fecha": "13-07-2026", "edicion": "44498" }, "geometry": { "type": "Polygon", "coordinates": [ [ [ -71.232446032253719, -31.842498247436705 ], [ -71.227165551804404, -31.842590846042409 ], [ -71.22733893924844, -31.849803000403824 ], [ -71.23261982995777, -31.849710375929401 ], [ -71.232446032253719, -31.842498247436705 ] ] ] } },
{ "type": "Feature", "properties": { "cve": "2836814", "nombre": "EL TORDO 1 AL 14", "solicitante": "Marín Muñoz Alberto Enrique", "region": "REGIÓN DE COQUIMBO", "provincia": "Provincia de Limarí", "comuna": "Monte Patria", "superficie_ha": 84.0, "datum_original": "PSAD56", "huso": 19, "epsg_origen": 24879, "tipo_publicacion": "manifestacion", "fuente_pdf": "http://www.diariooficial.interior.gob.cl/publicaciones/2026/07/13/44498/07/2836814.pdf", "archivo": "gm_manifestacion_2836814.pdf", "fecha": "13-07-2026", "edicion": "44498" }, "geometry": { "type": "Polygon", "coordinates": [ [ [ -70.94181367977184, -30.824133309827626 ], [ -70.927183984390169, -30.824351799110765 ], [ -70.927292091150761, -30.829762786746883 ], [ -70.941922605943134, -30.829544250810216 ], [ -70.94181367977184, -30.824133309827626 ] ] ] } },
{ "type": "Feature", "properties": { "cve": "2836018", "nombre": "NEWEN KURUF E01A 1/25", "solicitante": "Sociedad Eólica Valle Verde SpA", "region": "REGIÓN DEL BIOBÍO", "provincia": "Provincia de Biobío", "comuna": "Mulchén", "superficie_ha": 250.0, "datum_original": "PSAD56", "huso": 18, "epsg_origen": 24878, "tipo_publicacion": "manifestacion", "fuente_pdf": "http://www.diariooficial.interior.gob.cl/publicaciones/2026/07/13/44498/07/2836018.pdf", "archivo": "gm_manifestacion_2836018.pdf", "fecha": "13-07-2026", "edicion": "44498" }, "geometry": { "type": "Polygon", "coordinates": [ [ [ -72.214778711547694, -37.757056287688258 ], [ -72.203439735797062, -37.756787588317756 ], [ -72.202591462317031, -37.779293770464129 ], [ -72.213933866620167, -37.779562686556055 ], [ -72.214778711547694, -37.757056287688258 ] ] ] } },
{ "type": "Feature", "properties": { "cve": "2836019", "nombre": "NEWEN KURUF E02A 1/42", "solicitante": "Sociedad Eólica Valle Verde SpA", "region": "REGIÓN DEL BIOBÍO", "provincia": "Provincia de Biobío", "comuna": "Mulchén", "superficie_ha": 420.0, "datum_original": "PSAD56", "huso": 18, "epsg_origen": 24878, "tipo_publicacion": "manifestacion", "fuente_pdf": "http://www.diariooficial.interior.gob.cl/publicaciones/2026/07/13/44498/07/2836019.pdf", "archivo": "gm_manifestacion_2836019.pdf", "fecha": "13-07-2026", "edicion": "44498" }, "geometry": { "type": "Polygon", "coordinates": [ [ [ -72.227544950466111, -37.77988394691252 ], [ -72.213933866620167, -37.779562686556055 ], [ -72.212749502620909, -37.811071472084642 ], [ -72.226366354444082, -37.811393095172093 ], [ -72.227544950466111, -37.77988394691252 ] ] ] } },
{ "type": "Feature", "properties": { "cve": "2836020", "nombre": "NEWEN KURUF E03A 1/22/ Sociedad Eólica Valle Verde SpA", "solicitante": null, "region": "REGIÓN DEL BIOBÍO", "provincia": "Provincia de Biobío", "comuna": "Mulchén", "superficie_ha": 220.0, "datum_original": "PSAD56", "huso": 18, "epsg_origen": 24878, "tipo_publicacion": "manifestacion", "fuente_pdf": "http://www.diariooficial.interior.gob.cl/publicaciones/2026/07/13/44498/07/2836020.pdf", "archivo": "gm_manifestacion_2836020.pdf", "fecha": "13-07-2026", "edicion": "44498" }, "geometry": { "type": "Polygon", "coordinates": [ [ [ -72.242671687980831, -37.800512941272082 ], [ -72.217710941214563, -37.799925696606238 ], [ -72.217372950380067, -37.808928224898438 ], [ -72.242336719950245, -37.809515658916347 ], [ -72.242671687980831, -37.800512941272082 ] ] ] } },
{ "type": "Feature", "properties": { "cve": "2836021", "nombre": "NEWEN KURUF E04A 1/26", "solicitante": "Sociedad Eólica Valle Verde SpA", "region": "REGIÓN DEL BIOBÍO", "provincia": "Provincia de Biobío", "comuna": "Mulchén", "superficie_ha": 260.0, "datum_original": "PSAD56", "huso": 18, "epsg_origen": 24878, "tipo_publicacion": "manifestacion", "fuente_pdf": "http://www.diariooficial.interior.gob.cl/publicaciones/2026/07/13/44498/07/2836021.pdf", "archivo": "gm_manifestacion_2836021.pdf", "fecha": "13-07-2026", "edicion": "44498" }, "geometry": { "type": "Polygon", "coordinates": [ [ [ -72.217710941214563, -37.799925696606238 ], [ -72.18821281631844, -37.799224872872593 ], [ -72.187871253524094, -37.808227175194055 ], [ -72.217372950380067, -37.808928224898438 ], [ -72.217710941214563, -37.799925696606238 ] ] ] } },
{ "type": "Feature", "properties": { "cve": "2836022", "nombre": "NEWEN KURUF E05A 1/30", "solicitante": "Sociedad Eólica Valle Verde SpA", "region": "REGIÓN DEL BIOBÍO", "provincia": "Provincia de Biobío", "comuna": "Mulchén", "superficie_ha": 300.0, "datum_original": "PSAD56", "huso": 18, "epsg_origen": 24878, "tipo_publicacion": "manifestacion", "fuente_pdf": "http://www.diariooficial.interior.gob.cl/publicaciones/2026/07/13/44498/07/2836022.pdf", "archivo": "gm_manifestacion_2836022.pdf", "fecha": "13-07-2026", "edicion": "44498" }, "geometry": { "type": "Polygon", "coordinates": [ [ [ -72.22855166377154, -37.813697196272635 ], [ -72.211530072313295, -37.813295216873726 ], [ -72.210852113177751, -37.831300121009861 ], [ -72.227877830123575, -37.831702359635401 ], [ -72.22855166377154, -37.813697196272635 ] ] ] } },
{ "type": "Feature", "properties": { "cve": "2836023", "nombre": "NEWEN KURUF E06A 1/28", "solicitante": "Sociedad Eólica Valle Verde SpA", "region": "REGIÓN DEL BIOBÍO", "provincia": "Provincia de Biobío", "comuna": "Mulchén", "superficie_ha": 280.0, "datum_original": "PSAD56", "huso": 18, "epsg_origen": 24878, "tipo_publicacion": "manifestacion", "fuente_pdf": "http://www.diariooficial.interior.gob.cl/publicaciones/2026/07/13/44498/07/2836023.pdf", "archivo": "gm_manifestacion_2836023.pdf", "fecha": "13-07-2026", "edicion": "44498" }, "geometry": { "type": "Polygon", "coordinates": [ [ [ -72.251080616266037, -37.818730731342619 ], [ -72.228383261620465, -37.818198493281052 ], [ -72.227911536061896, -37.830802103029868 ], [ -72.250612741852549, -37.831334581326232 ], [ -72.251080616266037, -37.818730731342619 ] ] ] } },
{ "type": "Feature", "properties": { "cve": "2836024", "nombre": "NEWEN KURUF E07A 1/16", "solicitante": "Sociedad Eólica Valle Verde SpA", "region": "REGIÓN DEL BIOBÍO", "provincia": "Provincia de Biobío", "comuna": "Mulchén", "superficie_ha": 160.0, "datum_original": "PSAD56", "huso": 18, "epsg_origen": 24878, "tipo_publicacion": "manifestacion", "fuente_pdf": "http://www.diariooficial.interior.gob.cl/publicaciones/2026/07/13/44498/07/2836024.pdf", "archivo": "gm_manifestacion_2836024.pdf", "fecha": "13-07-2026", "edicion": "44498" }, "geometry": { "type": "Polygon", "coordinates": [ [ [ -72.249544551958692, -37.82950751485285 ], [ -72.231384003603779, -37.829081734412632 ], [ -72.231047319476346, -37.83808432219049 ], [ -72.249210069474671, -37.838510239884357 ], [ -72.249544551958692, -37.82950751485285 ] ] ] } },
{ "type": "Feature", "properties": { "cve": "2836025", "nombre": "NEWEN KURUF E08A 1/24", "solicitante": "Sociedad Eólica Valle Verde SpA", "region": "REGIÓN DEL BIOBÍO", "provincia": "Provincia de Biobío", "comuna": "Mulchén", "superficie_ha": 240.0, "datum_original": "PSAD56", "huso": 18, "epsg_origen": 24878, "tipo_publicacion": "manifestacion", "fuente_pdf": "http://www.diariooficial.interior.gob.cl/publicaciones/2026/07/13/44498/07/2836025.pdf", "archivo": "gm_manifestacion_2836025.pdf", "fecha": "13-07-2026", "edicion": "44498" }, "geometry": { "type": "Polygon", "coordinates": [ [ [ -72.247991208087697, -37.84073437852112 ], [ -72.229827931451709, -37.840308251696655 ], [ -72.229322361230999, -37.853812083441802 ], [ -72.247488942516512, -37.85423841630498 ], [ -72.247991208087697, -37.84073437852112 ] ] ] } },
{ "type": "Feature", "properties": { "cve": "2836682", "nombre": "PAMPA 1 AL 75", "solicitante": "Compañia Minera Doña Ines de Collahuasi SCM", "region": "REGIÓN DE TARAPACÁ", "provincia": "Provincia del Tamarugal", "comuna": null, "superficie_ha": 750.0, "datum_original": "WGS84", "huso": 19, "epsg_origen": 32719, "tipo_publicacion": "mensura", "fuente_pdf": "http://www.diariooficial.interior.gob.cl/publicaciones/2026/07/13/44498/07/2836682.pdf", "archivo": "gm_mensura_2836682.pdf", "fecha": "13-07-2026", "edicion": "44498" }, "geometry": { "type": "Polygon", "coordinates": [ [ [ -68.567279693472301, -20.90776106311354 ], [ -68.543240238001317, -20.907698490237419 ], [ -68.543158102923726, -20.934804820433936 ], [ -68.567201880859898, -20.934867481861048 ], [ -68.567279693472301, -20.90776106311354 ] ] ] } },
{ "type": "Feature", "properties": { "cve": "2836728", "nombre": "PAMPA 1 C 1 AL 15", "solicitante": "Zabaleta Carvajal Camila Andrea", "region": "REGIÓN DE TARAPACÁ", "provincia": "Provincia del Tamarugal", "comuna": null, "superficie_ha": 75.0, "datum_original": "PSAD56", "huso": 19, "epsg_origen": 24879, "tipo_publicacion": "mensura", "fuente_pdf": "http://www.diariooficial.interior.gob.cl/publicaciones/2026/07/13/44498/07/2836728.pdf", "archivo": "gm_mensura_2836728.pdf", "fecha": "13-07-2026", "edicion": "44498" }, "geometry": { "type": "Polygon", "coordinates": [ [ [ -69.435873185854959, -21.380976749029319 ], [ -69.421403672967628, -21.381013706406616 ], [ -69.421416605445913, -21.385531179749858 ], [ -69.435886562355137, -21.385494213814393 ], [ -69.435873185854959, -21.380976749029319 ] ] ] } },
{ "type": "Feature", "properties": { "cve": "2836729", "nombre": "PAMPA 1 D 1 AL 15", "solicitante": "Zabaleta Carvajal Camila Andrea", "region": "REGIÓN DE TARAPACÁ", "provincia": "Provincia del Tamarugal", "comuna": null, "superficie_ha": 75.0, "datum_original": "PSAD56", "huso": 19, "epsg_origen": 24879, "tipo_publicacion": "mensura", "fuente_pdf": "http://www.diariooficial.interior.gob.cl/publicaciones/2026/07/13/44498/07/2836729.pdf", "archivo": "gm_mensura_2836729.pdf", "fecha": "13-07-2026", "edicion": "44498" }, "geometry": { "type": "Polygon", "coordinates": [ [ [ -69.411769950449226, -21.385555130498016 ], [ -69.397299943146265, -21.385590016798989 ], [ -69.397312138782766, -21.390107501303554 ], [ -69.411782590231297, -21.390072606925401 ], [ -69.411769950449226, -21.385555130498016 ] ] ] } },
{ "type": "Feature", "properties": { "cve": "2836730", "nombre": "PAMPA 1 E 1 AL 15", "solicitante": "Zabaleta Carvajal Camila Andrea", "region": "REGIÓN DE TARAPACÁ", "provincia": "Provincia del Tamarugal", "comuna": null, "superficie_ha": 75.0, "datum_original": "PSAD56", "huso": 19, "epsg_origen": 24879, "tipo_publicacion": "mensura", "fuente_pdf": "http://www.diariooficial.interior.gob.cl/publicaciones/2026/07/13/44498/07/2836730.pdf", "archivo": "gm_mensura_2836730.pdf", "fecha": "13-07-2026", "edicion": "44498" }, "geometry": { "type": "Polygon", "coordinates": [ [ [ -69.397299943146265, -21.385590016798989 ], [ -69.382829907007263, -21.385623655305118 ], [ -69.3828416584942, -21.390141147597976 ], [ -69.397312138782766, -21.390107501303554 ], [ -69.397299943146265, -21.385590016798989 ] ] ] } },
{ "type": "Feature", "properties": { "cve": "2836731", "nombre": "PAMPA 1 F 1 AL 15", "solicitante": "Zabaleta Carvajal Camila Andrea", "region": "REGIÓN DE TARAPACÁ", "provincia": "Provincia del Tamarugal", "comuna": null, "superficie_ha": 75.0, "datum_original": "PSAD56", "huso": 19, "epsg_origen": 24879, "tipo_publicacion": "mensura", "fuente_pdf": "http://www.diariooficial.interior.gob.cl/publicaciones/2026/07/13/44498/07/2836731.pdf", "archivo": "gm_mensura_2836731.pdf", "fecha": "13-07-2026", "edicion": "44498" }, "geometry": { "type": "Polygon", "coordinates": [ [ [ -69.382829907007263, -21.385623655305118 ], [ -69.368359843082388, -21.38565604600624 ], [ -69.368371150415925, -21.390173545798483 ], [ -69.3828416584942, -21.390141147597976 ], [ -69.382829907007263, -21.385623655305118 ] ] ] } },
{ "type": "Feature", "properties": { "cve": "2836732", "nombre": "PAMPA 1 H 1 AL 15", "solicitante": "Zabaleta Carvajal Camila Andrea", "region": "REGIÓN DE TARAPACÁ", "provincia": "Provincia del Tamarugal", "comuna": null, "superficie_ha": 75.0, "datum_original": "PSAD56", "huso": 19, "epsg_origen": 24879, "tipo_publicacion": "mensura", "fuente_pdf": "http://www.diariooficial.interior.gob.cl/publicaciones/2026/07/13/44498/07/2836732.pdf", "archivo": "gm_mensura_2836732.pdf", "fecha": "13-07-2026", "edicion": "44498" }, "geometry": { "type": "Polygon", "coordinates": [ [ [ -69.411909170794701, -21.435247235763789 ], [ -69.397434271469265, -21.435282210940191 ], [ -69.397446502379864, -21.439799668353814 ], [ -69.41192184713546, -21.43976468509495 ], [ -69.411909170794701, -21.435247235763789 ] ] ] } },
{ "type": "Feature", "properties": { "cve": "2836733", "nombre": "PAMPA 1 I 1 AL 15", "solicitante": "Zabaleta Carvajal Camila Andrea", "region": "REGIÓN DE TARAPACÁ", "provincia": "Provincia del Tamarugal", "comuna": null, "superficie_ha": 75.0, "datum_original": "PSAD56", "huso": 19, "epsg_origen": 24879, "tipo_publicacion": "mensura", "fuente_pdf": "http://www.diariooficial.interior.gob.cl/publicaciones/2026/07/13/44498/07/2836733.pdf", "archivo": "gm_mensura_2836733.pdf", "fecha": "13-07-2026", "edicion": "44498" }, "geometry": { "type": "Polygon", "coordinates": [ [ [ -69.397434271469265, -21.435282210940191 ], [ -69.382959343263764, -21.435315935142924 ], [ -69.382971128740181, -21.439833400349936 ], [ -69.397446502379864, -21.439799668353814 ], [ -69.397434271469265, -21.435282210940191 ] ] ] } },
{ "type": "Feature", "properties": { "cve": "2836734", "nombre": "PAMPA I G 1 AL 15", "solicitante": "Zabaleta Carvajal Camila Andrea", "region": "REGIÓN DE TARAPACÁ", "provincia": "Provincia del Tamarugal", "comuna": null, "superficie_ha": 75.0, "datum_original": "PSAD56", "huso": 19, "epsg_origen": 24879, "tipo_publicacion": "mensura", "fuente_pdf": "http://www.diariooficial.interior.gob.cl/publicaciones/2026/07/13/44498/07/2836734.pdf", "archivo": "gm_mensura_2836734.pdf", "fecha": "13-07-2026", "edicion": "44498" }, "geometry": { "type": "Polygon", "coordinates": [ [ [ -69.42638404018831, -21.435211009624297 ], [ -69.411909170794701, -21.435247235763789 ], [ -69.41192184713546, -21.43976468509495 ], [ -69.426397161955066, -21.439728450583907 ], [ -69.42638404018831, -21.435211009624297 ] ] ] } },
{ "type": "Feature", "properties": { "cve": "2836735", "nombre": "PAMPA I J 1 AL 15", "solicitante": "Zabaleta Carvajal Camila Andrea", "region": "REGIÓN DE TARAPACÁ", "provincia": "Provincia del Tamarugal", "comuna": null, "superficie_ha": 75.0, "datum_original": "PSAD56", "huso": 19, "epsg_origen": 24879, "tipo_publicacion": "mensura", "fuente_pdf": "http://www.diariooficial.interior.gob.cl/publicaciones/2026/07/13/44498/07/2836735.pdf", "archivo": "gm_mensura_2836735.pdf", "fecha": "13-07-2026", "edicion": "44498" }, "geometry": { "type": "Polygon", "coordinates": [ [ [ -69.382959343263764, -21.435315935142924 ], [ -69.368484387229955, -21.435348408361822 ], [ -69.368495727268325, -21.439865881073136 ], [ -69.382971128740181, -21.439833400349936 ], [ -69.382959343263764, -21.435315935142924 ] ] ] } },
{ "type": "Feature", "properties": { "cve": "2836736", "nombre": "PAMPA IV 1 AL 30", "solicitante": "Zabaleta Carvajal Camila Andrea", "region": "REGIÓN DE TARAPACÁ", "provincia": "Provincia del Tamarugal", "comuna": null, "superficie_ha": 300.0, "datum_original": "PSAD56", "huso": 19, "epsg_origen": 24879, "tipo_publicacion": "mensura", "fuente_pdf": "http://www.diariooficial.interior.gob.cl/publicaciones/2026/07/13/44498/07/2836736.pdf", "archivo": "gm_mensura_2836736.pdf", "fecha": "13-07-2026", "edicion": "44498" }, "geometry": { "type": "Polygon", "coordinates": [ [ [ -69.426279189950705, -21.399071393211116 ], [ -69.397336539669752, -21.399142462930072 ], [ -69.397360953378325, -21.408177414710313 ], [ -69.426292284189373, -21.403588853886031 ], [ -69.426279189950705, -21.399071393211116 ] ] ] } },
{ "type": "Feature", "properties": { "cve": "2836737", "nombre": "PAMPA IX 1 AL 30", "solicitante": "Zabaleta Carvajal Camila Andrea", "region": "REGIÓN DE TARAPACÁ", "provincia": "Provincia del Tamarugal", "comuna": null, "superficie_ha": 300.0, "datum_original": "PSAD56", "huso": 19, "epsg_origen": 24879, "tipo_publicacion": "mensura", "fuente_pdf": "http://www.diariooficial.interior.gob.cl/publicaciones/2026/07/13/44498/07/2836737.pdf", "archivo": "gm_mensura_2836737.pdf", "fecha": "13-07-2026", "edicion": "44498" }, "geometry": { "type": "Polygon", "coordinates": [ [ [ -69.397336539669752, -21.399142462930072 ], [ -69.368393773996672, -21.399208538003066 ], [ -69.368416409465169, -21.408243520365005 ], [ -69.397360953378325, -21.408177414710313 ], [ -69.397336539669752, -21.399142462930072 ] ] ] } },
{ "type": "Feature", "properties": { "cve": "2836738", "nombre": "PAMPA V 1 AL 30", "solicitante": "Zabaleta Carvajal Camila Andrea", "region": "REGIÓN DE TARAPACÁ", "provincia": "Provincia del Tamarugal", "comuna": null, "superficie_ha": 300.0, "datum_original": "PSAD56", "huso": 19, "epsg_origen": 24879, "tipo_publicacion": "mensura", "fuente_pdf": "http://www.diariooficial.interior.gob.cl/publicaciones/2026/07/13/44498/07/2836738.pdf", "archivo": "gm_mensura_2836738.pdf", "fecha": "13-07-2026", "edicion": "44498" }, "geometry": { "type": "Polygon", "coordinates": [ [ [ -69.426305381867365, -21.408106312097985 ], [ -69.397360953378325, -21.408177414710313 ], [ -69.397385379912066, -21.417212356640945 ], [ -69.426331587543316, -21.417141221131356 ], [ -69.426305381867365, -21.408106312097985 ] ] ] } },
{ "type": "Feature", "properties": { "cve": "2836739", "nombre": "PAMPA VI 1 AL 30", "solicitante": "Zabaleta Carvajal Camila Andrea", "region": "REGIÓN DE TARAPACÁ", "provincia": "Provincia del Tamarugal", "comuna": null, "superficie_ha": 300.0, "datum_original": "PSAD56", "huso": 19, "epsg_origen": 24879, "tipo_publicacion": "mensura", "fuente_pdf": "http://www.diariooficial.interior.gob.cl/publicaciones/2026/07/13/44498/07/2836739.pdf", "archivo": "gm_mensura_2836739.pdf", "fecha": "13-07-2026", "edicion": "44498" }, "geometry": { "type": "Polygon", "coordinates": [ [ [ -69.426331587543316, -21.417141221131356 ], [ -69.397385379912066, -21.417212356640945 ], [ -69.397409819274529, -21.426247288718674 ], [ -69.426357806982367, -21.426176120307893 ], [ -69.426331587543316, -21.417141221131356 ] ] ] } },
{ "type": "Feature", "properties": { "cve": "2836740", "nombre": "PAMPA VII 1 AL 30", "solicitante": "Zabaleta Carvajal Camila Andrea", "region": "REGIÓN DE TARAPACÁ", "provincia": "Provincia del Tamarugal", "comuna": null, "superficie_ha": 300.0, "datum_original": "PSAD56", "huso": 19, "epsg_origen": 24879, "tipo_publicacion": "mensura", "fuente_pdf": "http://www.diariooficial.interior.gob.cl/publicaciones/2026/07/13/44498/07/2836740.pdf", "archivo": "gm_mensura_2836740.pdf", "fecha": "13-07-2026", "edicion": "44498" }, "geometry": { "type": "Polygon", "coordinates": [ [ [ -69.426357806982367, -21.426176120307893 ], [ -69.397409819274529, -21.426247288718674 ], [ -69.397434271469265, -21.435282210940191 ], [ -69.42638404018831, -21.435211009624297 ], [ -69.426357806982367, -21.426176120307893 ] ] ] } },
{ "type": "Feature", "properties": { "cve": "2836741", "nombre": "PAMPA VIII 1 AL 30", "solicitante": "Zabaleta Carvajal Camila Andrea", "region": "REGIÓN DE TARAPACÁ", "provincia": "Provincia del Tamarugal", "comuna": null, "superficie_ha": 300.0, "datum_original": "PSAD56", "huso": 19, "epsg_origen": 24879, "tipo_publicacion": "mensura", "fuente_pdf": "http://www.diariooficial.interior.gob.cl/publicaciones/2026/07/13/44498/07/2836741.pdf", "archivo": "gm_mensura_2836741.pdf", "fecha": "13-07-2026", "edicion": "44498" }, "geometry": { "type": "Polygon", "coordinates": [ [ [ -69.397312138782766, -21.390107501303554 ], [ -69.368371150415925, -21.390173545798483 ], [ -69.368393773996672, -21.399208538003066 ], [ -69.397336539669752, -21.399142462930072 ], [ -69.397312138782766, -21.390107501303554 ] ] ] } },
{ "type": "Feature", "properties": { "cve": "2836742", "nombre": "PAMPA X 1 AL 30", "solicitante": "Zabaleta Carvajal Camila Andrea", "region": "REGIÓN DE TARAPACÁ", "provincia": "Provincia del Tamarugal", "comuna": null, "superficie_ha": 300.0, "datum_original": "PSAD56", "huso": 19, "epsg_origen": 24879, "tipo_publicacion": "mensura", "fuente_pdf": "http://www.diariooficial.interior.gob.cl/publicaciones/2026/07/13/44498/07/2836742.pdf", "archivo": "gm_mensura_2836742.pdf", "fecha": "13-07-2026", "edicion": "44498" }, "geometry": { "type": "Polygon", "coordinates": [ [ [ -69.397360953378325, -21.408177414710313 ], [ -69.368416409465169, -21.408243520365005 ], [ -69.36843905682467, -21.417278492880978 ], [ -69.397385379912066, -21.417212356640945 ], [ -69.397360953378325, -21.408177414710313 ] ] ] } },
{ "type": "Feature", "properties": { "cve": "2836743", "nombre": "PAMPA XI 1 AL 30", "solicitante": "Zabaleta Carvajal Camila Andrea", "region": "REGIÓN DE TARAPACÁ", "provincia": "Provincia del Tamarugal", "comuna": null, "superficie_ha": 300.0, "datum_original": "PSAD56", "huso": 19, "epsg_origen": 24879, "tipo_publicacion": "mensura", "fuente_pdf": "http://www.diariooficial.interior.gob.cl/publicaciones/2026/07/13/44498/07/2836743.pdf", "archivo": "gm_mensura_2836743.pdf", "fecha": "13-07-2026", "edicion": "44498" }, "geometry": { "type": "Polygon", "coordinates": [ [ [ -69.397385379912066, -21.417212356640945 ], [ -69.36843905682467, -21.417278492880978 ], [ -69.397409819274529, -21.426247288718674 ], [ -69.397385379912066, -21.417212356640945 ] ] ] } },
{ "type": "Feature", "properties": { "cve": "2836744", "nombre": "PAMPA XII 1 AL 30", "solicitante": "Zabaleta Carvajal Camila Andrea", "region": "REGIÓN DE TARAPACÁ", "provincia": "Provincia del Tamarugal", "comuna": null, "superficie_ha": 300.0, "datum_original": "PSAD56", "huso": 19, "epsg_origen": 24879, "tipo_publicacion": "mensura", "fuente_pdf": "http://www.diariooficial.interior.gob.cl/publicaciones/2026/07/13/44498/07/2836744.pdf", "archivo": "gm_mensura_2836744.pdf", "fecha": "13-07-2026", "edicion": "44498" }, "geometry": { "type": "Polygon", "coordinates": [ [ [ -69.397409819274529, -21.426247288718674 ], [ -69.368461716078514, -21.426313455547685 ], [ -69.368484387229955, -21.435348408361822 ], [ -69.397434271469265, -21.435282210940191 ], [ -69.397409819274529, -21.426247288718674 ] ] ] } },
{ "type": "Feature", "properties": { "cve": "2836745", "nombre": "PAMPA XIV 1 AL 30", "solicitante": "Zabaleta Carvajal Camila Andrea", "region": "REGIÓN DE TARAPACÁ", "provincia": "Provincia del Tamarugal", "comuna": null, "superficie_ha": 300.0, "datum_original": "PSAD56", "huso": 19, "epsg_origen": 24879, "tipo_publicacion": "mensura", "fuente_pdf": "http://www.diariooficial.interior.gob.cl/publicaciones/2026/07/13/44498/07/2836745.pdf", "archivo": "gm_mensura_2836745.pdf", "fecha": "13-07-2026", "edicion": "44498" }, "geometry": { "type": "Polygon", "coordinates": [ [ [ -69.368427731658329, -21.412761007853945 ], [ -69.358779229663767, -21.412781937463706 ], [ -69.358845444677598, -21.439886839732104 ], [ -69.368495727268325, -21.439865881073136 ], [ -69.368427731658329, -21.412761007853945 ] ] ] } },
{ "type": "Feature", "properties": { "cve": "2836746", "nombre": "PAMPA XV 1 AL 30", "solicitante": "Zabaleta Carvajal Camila Andrea", "region": "REGIÓN DE TARAPACÁ", "provincia": "Provincia del Tamarugal", "comuna": null, "superficie_ha": 300.0, "datum_original": "PSAD56", "huso": 19, "epsg_origen": 24879, "tipo_publicacion": "mensura", "fuente_pdf": "http://www.diariooficial.interior.gob.cl/publicaciones/2026/07/13/44498/07/2836746.pdf", "archivo": "gm_mensura_2836746.pdf", "fecha": "13-07-2026", "edicion": "44498" }, "geometry": { "type": "Polygon", "coordinates": [ [ [ -69.435886562355137, -21.385494213814393 ], [ -69.426239927865993, -21.385518996412731 ], [ -69.426318482985195, -21.412623767846572 ], [ -69.435966895193019, -21.412598950815848 ], [ -69.435886562355137, -21.385494213814393 ] ] ] } },
{ "type": "Feature", "properties": { "cve": "2836747", "nombre": "PAMPA XVI 1 AL 30", "solicitante": "Zabaleta Carvajal Camila Andrea", "region": "REGIÓN DE TARAPACÁ", "provincia": "Provincia del Tamarugal", "comuna": null, "superficie_ha": 300.0, "datum_original": "PSAD56", "huso": 19, "epsg_origen": 24879, "tipo_publicacion": "mensura", "fuente_pdf": "http://www.diariooficial.interior.gob.cl/publicaciones/2026/07/13/44498/07/2836747.pdf", "archivo": "gm_mensura_2836747.pdf", "fecha": "13-07-2026", "edicion": "44498" }, "geometry": { "type": "Polygon", "coordinates": [ [ [ -69.435966895193019, -21.412598950815848 ], [ -69.426318482985195, -21.412623767846572 ], [ -69.426397161955066, -21.439728450583907 ], [ -69.436047354684248, -21.439703599108501 ], [ -69.435966895193019, -21.412598950815848 ] ] ] } },
{ "type": "Feature", "properties": { "cve": "2836617", "nombre": "RIPIERA 1 AL 5", "solicitante": "Contreras Gómez Luis Arturo", "region": "REGIÓN DE ANTOFAGASTA", "provincia": "Provincia de Antofagasta", "comuna": null, "superficie_ha": 25.0, "datum_original": "PSAD56", "huso": 19, "epsg_origen": 24879, "tipo_publicacion": "mensura", "fuente_pdf": "http://www.diariooficial.interior.gob.cl/publicaciones/2026/07/13/44498/07/2836617.pdf", "archivo": "gm_mensura_2836617.pdf", "fecha": "13-07-2026", "edicion": "44498" }, "geometry": { "type": "Polygon", "coordinates": [ [ [ -70.197910711399814, -25.408948220293599 ], [ -70.19294033914386, -25.408988633812793 ], [ -70.192984748788632, -25.413502902009963 ], [ -70.197955305969231, -25.413462480307302 ], [ -70.197910711399814, -25.408948220293599 ] ] ] } },
{ "type": "Feature", "properties": { "cve": "2836649", "nombre": "ABRAN B21 1 AL 40", "solicitante": "SCM El Abra", "region": "REGIÓN DE ANTOFAGASTA", "provincia": "Provincia de Tocopilla", "comuna": null, "superficie_ha": 76.0, "datum_original": "PSAD56", "huso": 19, "epsg_origen": 24879, "tipo_publicacion": "mensura", "fuente_pdf": "http://www.diariooficial.interior.gob.cl/publicaciones/2026/07/13/44498/07/2836649.pdf", "archivo": "gm_mensura_2836649.pdf", "fecha": "13-07-2026", "edicion": "44498" }, "geometry": { "type": "Polygon", "coordinates": [ [ [ -69.496717939273168, -22.243599950049152 ], [ -69.495747519034182, -22.243602911463739 ], [ -69.495760232478318, -22.247216471873369 ], [ -69.487026219061818, -22.24724286875604 ], [ -69.487041834531396, -22.251759822900112 ], [ -69.494805651559588, -22.251736376914696 ], [ -69.494840567513648, -22.261673655516621 ], [ -69.496781657096633, -22.261667733169087 ], [ -69.496717939273168, -22.243599950049152 ] ] ] } },
{ "type": "Feature", "properties": { "cve": "2836285", "nombre": "ALBORADA 1 AL 11", "solicitante": "Balcázar Osorio Álvaro Francisco", "region": "REGIÓN DE COQUIMBO", "provincia": "Provincia de Choapa", "comuna": null, "superficie_ha": 43.0, "datum_original": "PSAD56", "huso": 19, "epsg_origen": 24879, "tipo_publicacion": "mensura", "fuente_pdf": "http://www.diariooficial.interior.gob.cl/publicaciones/2026/07/13/44498/07/2836285.pdf", "archivo": "gm_mensura_2836285.pdf", "fecha": "13-07-2026", "edicion": "44498" }, "geometry": { "type": "Polygon", "coordinates": [ [ [ -71.177817837437132, -31.750768842897166 ], [ -71.175707665220244, -31.750804904818974 ], [ -71.175728756939236, -31.751706464756396 ], [ -71.173618560524915, -31.751742493032598 ], [ -71.173660705961169, -31.753545615004057 ], [ -71.174715825059224, -31.753527603969466 ], [ -71.174821256229777, -31.758035403276779 ], [ -71.175876425437323, -31.758017380363448 ], [ -71.175897524718252, -31.758918939170865 ], [ -71.177480292075103, -31.7588918874882 ], [ -71.177522524111822, -31.760695002787099 ], [ -71.178577721592802, -31.760676956158395 ], [ -71.178556594888349, -31.759775399210678 ], [ -71.180666966583999, -31.759739281027255 ], [ -71.180645820401097, -31.758837725201325 ], [ -71.181173407626716, -31.758828690515578 ], [ -71.181152257285291, -31.757927134864296 ], [ -71.180097092809191, -31.757945201421705 ], [ -71.180033678104024, -31.755240531724493 ], [ -71.178978543314159, -31.75525858765862 ], [ -71.178915167762156, -31.752553914795307 ], [ -71.177860062655114, -31.75257196010806 ], [ -71.177817837437132, -31.750768842897166 ] ] ] } },
{ "type": "Feature", "properties": { "cve": "2836295", "nombre": "CERRO MORADO 1 AL 20", "solicitante": "Tapia Cortés Ismael Robin", "region": "REGIÓN DE COQUIMBO", "provincia": "Provincia de Choapa", "comuna": null, "superficie_ha": 100.0, "datum_original": "PSAD56", "huso": 19, "epsg_origen": 24879, "tipo_publicacion": "mensura", "fuente_pdf": "http://www.diariooficial.interior.gob.cl/publicaciones/2026/07/13/44498/07/2836295.pdf", "archivo": "gm_mensura_2836295.pdf", "fecha": "13-07-2026", "edicion": "44498" }, "geometry": { "type": "Polygon", "coordinates": [ [ [ -70.941967633586103, -31.576439835597835 ], [ -70.931434857371627, -31.576599482994396 ], [ -70.931620872995666, -31.585616707464773 ], [ -70.942154662066926, -31.585457004040475 ], [ -70.941967633586103, -31.576439835597835 ] ] ] } },
{ "type": "Feature", "properties": { "cve": "2835445", "nombre": "LA RESILIENCIA 1 AL 11", "solicitante": "Gómez Rojas Jorge Antonio y otra", "region": "REGIÓN DE COQUIMBO", "provincia": "Provincia de Choapa", "comuna": null, "superficie_ha": 77.0, "datum_original": "PSAD56", "huso": 19, "epsg_origen": 24879, "tipo_publicacion": "mensura", "fuente_pdf": "http://www.diariooficial.interior.gob.cl/publicaciones/2026/07/13/44498/07/2835445.pdf", "archivo": "gm_mensura_2835445.pdf", "fecha": "13-07-2026", "edicion": "44498" }, "geometry": { "type": "Polygon", "coordinates": [ [ [ -71.08996138727359, -31.414004341124151 ], [ -71.084704582769902, -31.414089975581192 ], [ -71.084844222058905, -31.420401601603885 ], [ -71.090101378053802, -31.420315946050096 ], [ -71.08996138727359, -31.414004341124151 ] ] ] } },
{ "type": "Feature", "properties": { "cve": "2836124", "nombre": "LA INDÍGENA 1 AL 32", "solicitante": "Puelles Larrondo Mitchel Yhon Jairo", "region": "REGIÓN DE COQUIMBO", "provincia": "Provincia de Limarí", "comuna": null, "superficie_ha": 32.0, "datum_original": "PSAD56", "huso": 19, "epsg_origen": 24879, "tipo_publicacion": "mensura", "fuente_pdf": "http://www.diariooficial.interior.gob.cl/publicaciones/2026/07/13/44498/07/2836124.pdf", "archivo": "gm_mensura_2836124.pdf", "fecha": "13-07-2026", "edicion": "44498" }, "geometry": { "type": "Polygon", "coordinates": [ [ [ -70.878342509208792, -31.180871389860037 ], [ -70.872049042222827, -31.180963098842234 ], [ -70.87208454039633, -31.182766719292992 ], [ -70.873133473419813, -31.182751454733623 ], [ -70.873204519072885, -31.186358691838251 ], [ -70.878449370841111, -31.186282230122284 ], [ -70.878342509208792, -31.180871389860037 ] ] ] } },
{ "type": "Feature", "properties": { "cve": "2836661", "nombre": "La Blanca 2 del 1-14", "solicitante": "Escobar", "region": "REGIÓN DE VALPARAÍSO", "provincia": "Provincia de Petorca", "comuna": null, "superficie_ha": null, "datum_original": "PSAD56", "huso": 19, "epsg_origen": 24879, "tipo_publicacion": "mensura", "fuente_pdf": "http://www.diariooficial.interior.gob.cl/publicaciones/2026/07/13/44498/07/2836661.pdf", "archivo": "gm_mensura_2836661.pdf", "fecha": "13-07-2026", "edicion": "44498" }, "geometry": { "type": "Polygon", "coordinates": [ [ [ -71.152271601636897, -32.508782072591607 ], [ -71.14695227562693, -32.508872988249941 ], [ -71.147252421676754, -32.521493530775608 ], [ -71.152572489935636, -32.521402571167215 ], [ -71.152271601636897, -32.508782072591607 ] ] ] } },
{ "type": "Feature", "properties": { "cve": "2836629", "nombre": "VISTA", "solicitante": "Suazo Araya Mauricio", "region": "REGIÓN DE ANTOFAGASTA", "provincia": "Provincia de Antofagasta", "comuna": "Antofagasta", "superficie_ha": 100.0, "datum_original": "PSAD56", "huso": 19, "epsg_origen": 24879, "tipo_publicacion": "pedimento", "fuente_pdf": "http://www.diariooficial.interior.gob.cl/publicaciones/2026/07/13/44498/07/2836629.pdf", "archivo": "gm_pedimento_2836629.pdf", "fecha": "13-07-2026", "edicion": "44498" }, "geometry": { "type": "Polygon", "coordinates": [ [ [ -69.602996745796915, -24.101745721708991 ], [ -69.593157840825697, -24.101784215858174 ], [ -69.593199441184836, -24.11081581803705 ], [ -69.603039036093875, -24.110777307667661 ], [ -69.602996745796915, -24.101745721708991 ] ] ] } },
{ "type": "Feature", "properties": { "cve": "2836591", "nombre": "TUINA A  21", "solicitante": "Minera Tuina SpA", "region": "REGIÓN DE ANTOFAGASTA", "provincia": "Provincia de El Loa", "comuna": "Calama", "superficie_ha": 900.0, "datum_original": "PSAD56", "huso": 19, "epsg_origen": 24879, "tipo_publicacion": "pedimento", "fuente_pdf": "http://www.diariooficial.interior.gob.cl/publicaciones/2026/07/13/44498/07/2836591.pdf", "archivo": "gm_pedimento_2836591.pdf", "fecha": "13-07-2026", "edicion": "44498" }, "geometry": { "type": "Polygon", "coordinates": [ [ [ -68.456989860200068, -22.59125162509455 ], [ -68.427805020305016, -22.591150320941516 ], [ -68.42769298344308, -22.618250469606405 ], [ -68.456883537082206, -22.61835190843982 ], [ -68.456989860200068, -22.59125162509455 ] ] ] } },
{ "type": "Feature", "properties": { "cve": "2836571", "nombre": "TUINA A 1", "solicitante": "Minera Tuina SpA", "region": "REGIÓN DE ANTOFAGASTA", "provincia": "Provincia de El Loa", "comuna": "Calama", "superficie_ha": 600.0, "datum_original": "PSAD56", "huso": 19, "epsg_origen": 24879, "tipo_publicacion": "pedimento", "fuente_pdf": "http://www.diariooficial.interior.gob.cl/publicaciones/2026/07/13/44498/07/2836571.pdf", "archivo": "gm_pedimento_2836571.pdf", "fecha": "13-07-2026", "edicion": "44498" }, "geometry": { "type": "Polygon", "coordinates": [ [ [ -68.476922841243223, -22.464846602389578 ], [ -68.447764441475201, -22.464749438629664 ], [ -68.447692821326754, -22.482816562974946 ], [ -68.476855002253558, -22.482913813230951 ], [ -68.476922841243223, -22.464846602389578 ] ] ] } },
{ "type": "Feature", "properties": { "cve": "2836580", "nombre": "TUINA A 10", "solicitante": "Minera Tuina SpA", "region": "REGIÓN DE ANTOFAGASTA", "provincia": "Provincia de El Loa", "comuna": "Calama", "superficie_ha": 900.0, "datum_original": "PSAD56", "huso": 19, "epsg_origen": 24879, "tipo_publicacion": "pedimento", "fuente_pdf": "http://www.diariooficial.interior.gob.cl/publicaciones/2026/07/13/44498/07/2836580.pdf", "archivo": "gm_pedimento_2836580.pdf", "fecha": "13-07-2026", "edicion": "44498" }, "geometry": { "type": "Polygon", "coordinates": [ [ [ -68.505808699178189, -22.541724207628047 ], [ -68.476634046484946, -22.541631964987328 ], [ -68.476531819511038, -22.568732504009777 ], [ -68.505712170190165, -22.568824869498258 ], [ -68.505808699178189, -22.541724207628047 ] ] ] } },
{ "type": "Feature", "properties": { "cve": "2836581", "nombre": "TUINA A 11", "solicitante": "Minera Tuina SpA", "region": "REGIÓN DE ANTOFAGASTA", "provincia": "Provincia de El Loa", "comuna": "Calama", "superficie_ha": 900.0, "datum_original": "PSAD56", "huso": 19, "epsg_origen": 24879, "tipo_publicacion": "pedimento", "fuente_pdf": "http://www.diariooficial.interior.gob.cl/publicaciones/2026/07/13/44498/07/2836581.pdf", "archivo": "gm_pedimento_2836581.pdf", "fecha": "13-07-2026", "edicion": "44498" }, "geometry": { "type": "Polygon", "coordinates": [ [ [ -68.476651069114595, -22.537115199488284 ], [ -68.447477521516234, -22.5370176896134 ], [ -68.447369624204597, -22.564118114175297 ], [ -68.476548868199856, -22.56421575393324 ], [ -68.476651069114595, -22.537115199488284 ] ] ] } },
{ "type": "Feature", "properties": { "cve": "2836582", "nombre": "TUINA A 12", "solicitante": "Minera Tuina SpA", "region": "REGIÓN DE ANTOFAGASTA", "provincia": "Provincia de El Loa", "comuna": "Calama", "superficie_ha": 200.0, "datum_original": "PSAD56", "huso": 19, "epsg_origen": 24879, "tipo_publicacion": "pedimento", "fuente_pdf": "http://www.diariooficial.interior.gob.cl/publicaciones/2026/07/13/44498/07/2836582.pdf", "archivo": "gm_pedimento_2836582.pdf", "fecha": "13-07-2026", "edicion": "44498" }, "geometry": { "type": "Polygon", "coordinates": [ [ [ -68.447477521516234, -22.5370176896134 ], [ -68.437753041883937, -22.536984011296749 ], [ -68.437679863161321, -22.555050941387147 ], [ -68.447405608315776, -22.555084649608208 ], [ -68.447477521516234, -22.5370176896134 ] ] ] } },
{ "type": "Feature", "properties": { "cve": "2836583", "nombre": "TUINA A 13", "solicitante": "Minera Tuina SpA", "region": "REGIÓN DE ANTOFAGASTA", "provincia": "Provincia de El Loa", "comuna": "Calama", "superficie_ha": 900.0, "datum_original": "PSAD56", "huso": 19, "epsg_origen": 24879, "tipo_publicacion": "pedimento", "fuente_pdf": "http://www.diariooficial.interior.gob.cl/publicaciones/2026/07/13/44498/07/2836583.pdf", "archivo": "gm_pedimento_2836583.pdf", "fecha": "13-07-2026", "edicion": "44498" }, "geometry": { "type": "Polygon", "coordinates": [ [ [ -68.534892668587204, -22.568911938952688 ], [ -68.505712170190165, -22.568824869498258 ], [ -68.505615493486374, -22.595925438829557 ], [ -68.534801698717644, -22.596012624131951 ], [ -68.534892668587204, -22.568911938952688 ] ] ] } },
{ "type": "Feature", "properties": { "cve": "2836584", "nombre": "TUINA A 14", "solicitante": "Minera Tuina SpA", "region": "REGIÓN DE ANTOFAGASTA", "provincia": "Provincia de El Loa", "comuna": "Calama", "superficie_ha": 300.0, "datum_original": "PSAD56", "huso": 19, "epsg_origen": 24879, "tipo_publicacion": "pedimento", "fuente_pdf": "http://www.diariooficial.interior.gob.cl/publicaciones/2026/07/13/44498/07/2836584.pdf", "archivo": "gm_pedimento_2836584.pdf", "fecha": "13-07-2026", "edicion": "44498" }, "geometry": { "type": "Polygon", "coordinates": [ [ [ -68.505712170190165, -22.568824869498258 ], [ -68.49598536978678, -22.568794669444902 ], [ -68.495886790833268, -22.595895198594345 ], [ -68.505615493486374, -22.595925438829557 ], [ -68.505712170190165, -22.568824869498258 ] ] ] } },
{ "type": "Feature", "properties": { "cve": "2836585", "nombre": "TUINA A 15", "solicitante": "Minera Tuina SpA", "region": "REGIÓN DE ANTOFAGASTA", "provincia": "Provincia de El Loa", "comuna": "Calama", "superficie_ha": 200.0, "datum_original": "PSAD56", "huso": 19, "epsg_origen": 24879, "tipo_publicacion": "pedimento", "fuente_pdf": "http://www.diariooficial.interior.gob.cl/publicaciones/2026/07/13/44498/07/2836585.pdf", "archivo": "gm_pedimento_2836585.pdf", "fecha": "13-07-2026", "edicion": "44498" }, "geometry": { "type": "Polygon", "coordinates": [ [ [ -68.49598536978678, -22.568794669444902 ], [ -68.476531819511038, -22.568732504009777 ], [ -68.47649770909652, -22.577765996446971 ], [ -68.4959525268779, -22.577828189449441 ], [ -68.49598536978678, -22.568794669444902 ] ] ] } },
{ "type": "Feature", "properties": { "cve": "2836586", "nombre": "TUINA A 16", "solicitante": "Minera Tuina SpA", "region": "REGIÓN DE ANTOFAGASTA", "provincia": "Provincia de El Loa", "comuna": "Calama", "superficie_ha": 600.0, "datum_original": "PSAD56", "huso": 19, "epsg_origen": 24879, "tipo_publicacion": "pedimento", "fuente_pdf": "http://www.diariooficial.interior.gob.cl/publicaciones/2026/07/13/44498/07/2836586.pdf", "archivo": "gm_pedimento_2836586.pdf", "fecha": "13-07-2026", "edicion": "44498" }, "geometry": { "type": "Polygon", "coordinates": [ [ [ -68.534801698717644, -22.596012624131951 ], [ -68.505615493486374, -22.595925438829557 ], [ -68.505550960222408, -22.613992433597325 ], [ -68.534740974857669, -22.614079696156107 ], [ -68.534801698717644, -22.596012624131951 ] ] ] } },
{ "type": "Feature", "properties": { "cve": "2836587", "nombre": "TUINA A 17", "solicitante": "Minera Tuina SpA", "region": "REGIÓN DE ANTOFAGASTA", "provincia": "Provincia de El Loa", "comuna": "Calama", "superficie_ha": 300.0, "datum_original": "PSAD56", "huso": 19, "epsg_origen": 24879, "tipo_publicacion": "pedimento", "fuente_pdf": "http://www.diariooficial.interior.gob.cl/publicaciones/2026/07/13/44498/07/2836587.pdf", "archivo": "gm_pedimento_2836587.pdf", "fecha": "13-07-2026", "edicion": "44498" }, "geometry": { "type": "Polygon", "coordinates": [ [ [ -68.505615493486374, -22.595925438829557 ], [ -68.495886790833268, -22.595895198594345 ], [ -68.495788061125836, -22.622995635103376 ], [ -68.505518668937626, -22.623025915535695 ], [ -68.505615493486374, -22.595925438829557 ] ] ] } },
{ "type": "Feature", "properties": { "cve": "2836588", "nombre": "TUINA A 18", "solicitante": "Minera Tuina SpA", "region": "REGIÓN DE ANTOFAGASTA", "provincia": "Provincia de El Loa", "comuna": "Calama", "superficie_ha": 800.0, "datum_original": "PSAD56", "huso": 19, "epsg_origen": 24879, "tipo_publicacion": "pedimento", "fuente_pdf": "http://www.diariooficial.interior.gob.cl/publicaciones/2026/07/13/44498/07/2836588.pdf", "archivo": "gm_pedimento_2836588.pdf", "fecha": "13-07-2026", "edicion": "44498" }, "geometry": { "type": "Polygon", "coordinates": [ [ [ -68.476480647369556, -22.58228273880686 ], [ -68.45702526515106, -22.582218176710761 ], [ -68.456883537082206, -22.61835190843982 ], [ -68.476343996997372, -22.618416585023621 ], [ -68.476480647369556, -22.58228273880686 ] ] ] } },
{ "type": "Feature", "properties": { "cve": "2836589", "nombre": "TUINA A 19", "solicitante": "Minera Tuina SpA", "region": "REGIÓN DE ANTOFAGASTA", "provincia": "Provincia de El Loa", "comuna": "Calama", "superficie_ha": 1200.0, "datum_original": "PSAD56", "huso": 19, "epsg_origen": 24879, "tipo_publicacion": "pedimento", "fuente_pdf": "http://www.diariooficial.interior.gob.cl/publicaciones/2026/07/13/44498/07/2836589.pdf", "archivo": "gm_pedimento_2836589.pdf", "fecha": "13-07-2026", "edicion": "44498" }, "geometry": { "type": "Polygon", "coordinates": [ [ [ -68.496368882921715, -22.618480674113034 ], [ -68.46717811154366, -22.618386416294026 ], [ -68.467038786138275, -22.654520044202723 ], [ -68.496237189681736, -22.654614468957526 ], [ -68.496368882921715, -22.618480674113034 ] ] ] } },
{ "type": "Feature", "properties": { "cve": "2836572", "nombre": "TUINA A 2", "solicitante": "Minera Tuina SpA", "region": "REGIÓN DE ANTOFAGASTA", "provincia": "Provincia de El Loa", "comuna": "Calama", "superficie_ha": 800.0, "datum_original": "PSAD56", "huso": 19, "epsg_origen": 24879, "tipo_publicacion": "pedimento", "fuente_pdf": "http://www.diariooficial.interior.gob.cl/publicaciones/2026/07/13/44498/07/2836572.pdf", "archivo": "gm_pedimento_2836572.pdf", "fecha": "13-07-2026", "edicion": "44498" }, "geometry": { "type": "Polygon", "coordinates": [ [ [ -68.447764441475201, -22.464749438629664 ], [ -68.428325599207213, -22.464681735661376 ], [ -68.428177241695423, -22.500815822748159 ], [ -68.447621127979104, -22.500883646271109 ], [ -68.447764441475201, -22.464749438629664 ] ] ] } },
{ "type": "Feature", "properties": { "cve": "2836590", "nombre": "TUINA A 20", "solicitante": "Minera Tuina SpA", "region": "REGIÓN DE ANTOFAGASTA", "provincia": "Provincia de El Loa", "comuna": "Calama", "superficie_ha": 300.0, "datum_original": "PSAD56", "huso": 19, "epsg_origen": 24879, "tipo_publicacion": "pedimento", "fuente_pdf": "http://www.diariooficial.interior.gob.cl/publicaciones/2026/07/13/44498/07/2836590.pdf", "archivo": "gm_pedimento_2836590.pdf", "fecha": "13-07-2026", "edicion": "44498" }, "geometry": { "type": "Polygon", "coordinates": [ [ [ -68.456883537082206, -22.61835190843982 ], [ -68.42769298344308, -22.618250469606405 ], [ -68.427655599776415, -22.627283831870649 ], [ -68.456848059937087, -22.62738531560888 ], [ -68.456883537082206, -22.61835190843982 ] ] ] } },
{ "type": "Feature", "properties": { "cve": "2836592", "nombre": "TUINA A 22", "solicitante": "Minera Tuina SpA", "region": "REGIÓN DE ANTOFAGASTA", "provincia": "Provincia de El Loa", "comuna": "Calama", "superficie_ha": 600.0, "datum_original": "PSAD56", "huso": 19, "epsg_origen": 24879, "tipo_publicacion": "pedimento", "fuente_pdf": "http://www.diariooficial.interior.gob.cl/publicaciones/2026/07/13/44498/07/2836592.pdf", "archivo": "gm_pedimento_2836592.pdf", "fecha": "13-07-2026", "edicion": "44498" }, "geometry": { "type": "Polygon", "coordinates": [ [ [ -68.42773034808306, -22.609217097028008 ], [ -68.398541871187916, -22.609110396804663 ], [ -68.398463310908397, -22.627177037143746 ], [ -68.427655599776415, -22.627283831870649 ], [ -68.42773034808306, -22.609217097028008 ] ] ] } },
{ "type": "Feature", "properties": { "cve": "2836593", "nombre": "TUINA A 23", "solicitante": "Minera Tuina SpA", "region": "REGIÓN DE ANTOFAGASTA", "provincia": "Provincia de El Loa", "comuna": "Calama", "superficie_ha": 600.0, "datum_original": "PSAD56", "huso": 19, "epsg_origen": 24879, "tipo_publicacion": "pedimento", "fuente_pdf": "http://www.diariooficial.interior.gob.cl/publicaciones/2026/07/13/44498/07/2836593.pdf", "archivo": "gm_pedimento_2836593.pdf", "fecha": "13-07-2026", "edicion": "44498" }, "geometry": { "type": "Polygon", "coordinates": [ [ [ -68.427805020305016, -22.591150320941516 ], [ -68.398620351502842, -22.59104371519782 ], [ -68.398541871187916, -22.609110396804663 ], [ -68.42773034808306, -22.609217097028008 ], [ -68.427805020305016, -22.591150320941516 ] ] ] } },
{ "type": "Feature", "properties": { "cve": "2836594", "nombre": "TUINA A 24", "solicitante": "Minera Tuina SpA", "region": "REGIÓN DE ANTOFAGASTA", "provincia": "Provincia de El Loa", "comuna": "Calama", "superficie_ha": 400.0, "datum_original": "PSAD56", "huso": 19, "epsg_origen": 24879, "tipo_publicacion": "pedimento", "fuente_pdf": "http://www.diariooficial.interior.gob.cl/publicaciones/2026/07/13/44498/07/2836594.pdf", "archivo": "gm_pedimento_2836594.pdf", "fecha": "13-07-2026", "edicion": "44498" }, "geometry": { "type": "Polygon", "coordinates": [ [ [ -68.398541871187916, -22.609110396804663 ], [ -68.379082986009237, -22.609036315448087 ], [ -68.379001884472501, -22.627102890173973 ], [ -68.398463310908397, -22.627177037143746 ], [ -68.398541871187916, -22.609110396804663 ] ] ] } },
{ "type": "Feature", "properties": { "cve": "2836595", "nombre": "TUINA A 25", "solicitante": "Minera Tuina SpA", "region": "REGIÓN DE ANTOFAGASTA", "provincia": "Provincia de El Loa", "comuna": "Calama", "superficie_ha": 300.0, "datum_original": "PSAD56", "huso": 19, "epsg_origen": 24879, "tipo_publicacion": "pedimento", "fuente_pdf": "http://www.diariooficial.interior.gob.cl/publicaciones/2026/07/13/44498/07/2836595.pdf", "archivo": "gm_pedimento_2836595.pdf", "fecha": "13-07-2026", "edicion": "44498" }, "geometry": { "type": "Polygon", "coordinates": [ [ [ -68.398581121338026, -22.600077061158121 ], [ -68.369394728844242, -22.599965104367985 ], [ -68.369353574215268, -22.608998390422435 ], [ -68.398541871187916, -22.609110396804663 ], [ -68.398581121338026, -22.600077061158121 ] ] ] } },
{ "type": "Feature", "properties": { "cve": "2836596", "nombre": "TUINA A 26", "solicitante": "Minera Tuina SpA", "region": "REGIÓN DE ANTOFAGASTA", "provincia": "Provincia de El Loa", "comuna": "Calama", "superficie_ha": 300.0, "datum_original": "PSAD56", "huso": 19, "epsg_origen": 24879, "tipo_publicacion": "pedimento", "fuente_pdf": "http://www.diariooficial.interior.gob.cl/publicaciones/2026/07/13/44498/07/2836596.pdf", "archivo": "gm_pedimento_2836596.pdf", "fecha": "13-07-2026", "edicion": "44498" }, "geometry": { "type": "Polygon", "coordinates": [ [ [ -68.398698751899786, -22.572976992348867 ], [ -68.388971836543092, -22.572940311521055 ], [ -68.388852303423562, -22.600040331533634 ], [ -68.398581121338026, -22.600077061158121 ], [ -68.398698751899786, -22.572976992348867 ] ] ] } },
{ "type": "Feature", "properties": { "cve": "2836597", "nombre": "TUINA A 27", "solicitante": "Minera Tuina SpA", "region": "REGIÓN DE ANTOFAGASTA", "provincia": "Provincia de El Loa", "comuna": "Calama", "superficie_ha": 200.0, "datum_original": "PSAD56", "huso": 19, "epsg_origen": 24879, "tipo_publicacion": "pedimento", "fuente_pdf": "http://www.diariooficial.interior.gob.cl/publicaciones/2026/07/13/44498/07/2836597.pdf", "archivo": "gm_pedimento_2836597.pdf", "fecha": "13-07-2026", "edicion": "44498" }, "geometry": { "type": "Polygon", "coordinates": [ [ [ -68.41822842917145, -22.554981760869758 ], [ -68.398777072425361, -22.554910228283436 ], [ -68.398737922143596, -22.563943615466595 ], [ -68.418190545341162, -22.56401517978912 ], [ -68.41822842917145, -22.554981760869758 ] ] ] } },
{ "type": "Feature", "properties": { "cve": "2836598", "nombre": "TUINA A 28", "solicitante": "Minera Tuina SpA", "region": "REGIÓN DE ANTOFAGASTA", "provincia": "Provincia de El Loa", "comuna": "Calama", "superficie_ha": 900.0, "datum_original": "PSAD56", "huso": 19, "epsg_origen": 24879, "tipo_publicacion": "pedimento", "fuente_pdf": "http://www.diariooficial.interior.gob.cl/publicaciones/2026/07/13/44498/07/2836598.pdf", "archivo": "gm_pedimento_2836598.pdf", "fecha": "13-07-2026", "edicion": "44498" }, "geometry": { "type": "Polygon", "coordinates": [ [ [ -68.398894403556568, -22.527810004960543 ], [ -68.369723212009532, -22.527698444681757 ], [ -68.369600187786574, -22.55479851935981 ], [ -68.398777072425361, -22.554910228283436 ], [ -68.398894403556568, -22.527810004960543 ] ] ] } },
{ "type": "Feature", "properties": { "cve": "2836599", "nombre": "TUINA A 29", "solicitante": "Minera Tuina SpA", "region": "REGIÓN DE ANTOFAGASTA", "provincia": "Provincia de El Loa", "comuna": "Calama", "superficie_ha": 300.0, "datum_original": "PSAD56", "huso": 19, "epsg_origen": 24879, "tipo_publicacion": "pedimento", "fuente_pdf": "http://www.diariooficial.interior.gob.cl/publicaciones/2026/07/13/44498/07/2836599.pdf", "archivo": "gm_pedimento_2836599.pdf", "fecha": "13-07-2026", "edicion": "44498" }, "geometry": { "type": "Polygon", "coordinates": [ [ [ -68.345286260741815, -22.554701386136575 ], [ -68.335560727671748, -22.554661503878908 ], [ -68.335430863230172, -22.581761303433801 ], [ -68.345158296819051, -22.581801238780528 ], [ -68.345286260741815, -22.554701386136575 ] ] ] } },
{ "type": "Feature", "properties": { "cve": "2836573", "nombre": "TUINA A 3", "solicitante": "Minera Tuina SpA", "region": "REGIÓN DE ANTOFAGASTA", "provincia": "Provincia de El Loa", "comuna": "Calama", "superficie_ha": 600.0, "datum_original": "PSAD56", "huso": 19, "epsg_origen": 24879, "tipo_publicacion": "pedimento", "fuente_pdf": "http://www.diariooficial.interior.gob.cl/publicaciones/2026/07/13/44498/07/2836573.pdf", "archivo": "gm_pedimento_2836573.pdf", "fecha": "13-07-2026", "edicion": "44498" }, "geometry": { "type": "Polygon", "coordinates": [ [ [ -68.428288538242256, -22.47371527283056 ], [ -68.408848511690607, -22.473645197027011 ], [ -68.408733431232037, -22.500745653395597 ], [ -68.428177241695423, -22.500815822748159 ], [ -68.428288538242256, -22.47371527283056 ] ] ] } },
{ "type": "Feature", "properties": { "cve": "2836600", "nombre": "TUINA A 30", "solicitante": "Minera Tuina SpA", "region": "REGIÓN DE ANTOFAGASTA", "provincia": "Provincia de El Loa", "comuna": "Calama", "superficie_ha": 300.0, "datum_original": "PSAD56", "huso": 19, "epsg_origen": 24879, "tipo_publicacion": "pedimento", "fuente_pdf": "http://www.diariooficial.interior.gob.cl/publicaciones/2026/07/13/44498/07/2836600.pdf", "archivo": "gm_pedimento_2836600.pdf", "fecha": "13-07-2026", "edicion": "44498" }, "geometry": { "type": "Polygon", "coordinates": [ [ [ -68.355011815543449, -22.554740680414977 ], [ -68.345286260741815, -22.554701386136575 ], [ -68.345158296819051, -22.581801238780528 ], [ -68.354885752158509, -22.581840585365327 ], [ -68.355011815543449, -22.554740680414977 ] ] ] } },
{ "type": "Feature", "properties": { "cve": "2836601", "nombre": "TUINA A 31", "solicitante": "Minera Tuina SpA", "region": "REGIÓN DE ANTOFAGASTA", "provincia": "Provincia de El Loa", "comuna": "Calama", "superficie_ha": 100.0, "datum_original": "PSAD56", "huso": 19, "epsg_origen": 24879, "tipo_publicacion": "pedimento", "fuente_pdf": "http://www.diariooficial.interior.gob.cl/publicaciones/2026/07/13/44498/07/2836601.pdf", "archivo": "gm_pedimento_2836601.pdf", "fecha": "13-07-2026", "edicion": "44498" }, "geometry": { "type": "Polygon", "coordinates": [ [ [ -68.354885752158509, -22.581840585365327 ], [ -68.345158296819051, -22.581801238780528 ], [ -68.34511559868595, -22.590834502361378 ], [ -68.354843688183919, -22.590873866386062 ], [ -68.354885752158509, -22.581840585365327 ] ] ] } },
{ "type": "Feature", "properties": { "cve": "2836574", "nombre": "TUINA A 4", "solicitante": "Minera Tuina SpA", "region": "REGIÓN DE ANTOFAGASTA", "provincia": "Provincia de El Loa", "comuna": "Calama", "superficie_ha": 900.0, "datum_original": "PSAD56", "huso": 19, "epsg_origen": 24879, "tipo_publicacion": "pedimento", "fuente_pdf": "http://www.diariooficial.interior.gob.cl/publicaciones/2026/07/13/44498/07/2836574.pdf", "archivo": "gm_pedimento_2836574.pdf", "fecha": "13-07-2026", "edicion": "44498" }, "geometry": { "type": "Polygon", "coordinates": [ [ [ -68.53507419145852, -22.514710291195271 ], [ -68.50590508057941, -22.514623453305244 ], [ -68.505808699178189, -22.541724207628047 ], [ -68.534983499460367, -22.541811161278368 ], [ -68.53507419145852, -22.514710291195271 ] ] ] } },
{ "type": "Feature", "properties": { "cve": "2836575", "nombre": "TUINA A 5", "solicitante": "Minera Tuina SpA", "region": "REGIÓN DE ANTOFAGASTA", "provincia": "Provincia de El Loa", "comuna": "Calama", "superficie_ha": 900.0, "datum_original": "PSAD56", "huso": 19, "epsg_origen": 24879, "tipo_publicacion": "pedimento", "fuente_pdf": "http://www.diariooficial.interior.gob.cl/publicaciones/2026/07/13/44498/07/2836575.pdf", "archivo": "gm_pedimento_2836575.pdf", "fecha": "13-07-2026", "edicion": "44498" }, "geometry": { "type": "Polygon", "coordinates": [ [ [ -68.50590508057941, -22.514623453305244 ], [ -68.47673611716057, -22.514531333465818 ], [ -68.476634046484946, -22.541631964987328 ], [ -68.505808699178189, -22.541724207628047 ], [ -68.50590508057941, -22.514623453305244 ] ] ] } },
{ "type": "Feature", "properties": { "cve": "2836576", "nombre": "TUINA A 6", "solicitante": "Minera Tuina SpA", "region": "REGIÓN DE ANTOFAGASTA", "provincia": "Provincia de El Loa", "comuna": "Calama", "superficie_ha": 900.0, "datum_original": "PSAD56", "huso": 19, "epsg_origen": 24879, "tipo_publicacion": "pedimento", "fuente_pdf": "http://www.diariooficial.interior.gob.cl/publicaciones/2026/07/13/44498/07/2836576.pdf", "archivo": "gm_pedimento_2836576.pdf", "fecha": "13-07-2026", "edicion": "44498" }, "geometry": { "type": "Polygon", "coordinates": [ [ [ -68.47675311375373, -22.51001455255868 ], [ -68.447585253842334, -22.509917172517749 ], [ -68.447477521516234, -22.5370176896134 ], [ -68.476651069114595, -22.537115199488284 ], [ -68.47675311375373, -22.51001455255868 ] ] ] } },
{ "type": "Feature", "properties": { "cve": "2836577", "nombre": "TUINA A 7", "solicitante": "Minera Tuina SpA", "region": "REGIÓN DE ANTOFAGASTA", "provincia": "Provincia de El Loa", "comuna": "Calama", "superficie_ha": 200.0, "datum_original": "PSAD56", "huso": 19, "epsg_origen": 24879, "tipo_publicacion": "pedimento", "fuente_pdf": "http://www.diariooficial.interior.gob.cl/publicaciones/2026/07/13/44498/07/2836577.pdf", "archivo": "gm_pedimento_2836577.pdf", "fecha": "13-07-2026", "edicion": "44498" }, "geometry": { "type": "Polygon", "coordinates": [ [ [ -68.447585253842334, -22.509917172517749 ], [ -68.428140104944148, -22.509849318846673 ], [ -68.428102949232525, -22.518882804669463 ], [ -68.447549361389804, -22.518950688492488 ], [ -68.447585253842334, -22.509917172517749 ] ] ] } },
{ "type": "Feature", "properties": { "cve": "2836578", "nombre": "TUINA A 8", "solicitante": "Minera Tuina SpA", "region": "REGIÓN DE ANTOFAGASTA", "provincia": "Provincia de El Loa", "comuna": "Calama", "superficie_ha": 200.0, "datum_original": "PSAD56", "huso": 19, "epsg_origen": 24879, "tipo_publicacion": "pedimento", "fuente_pdf": "http://www.diariooficial.interior.gob.cl/publicaciones/2026/07/13/44498/07/2836578.pdf", "archivo": "gm_pedimento_2836578.pdf", "fecha": "13-07-2026", "edicion": "44498" }, "geometry": { "type": "Polygon", "coordinates": [ [ [ -68.447549361389804, -22.518950688492488 ], [ -68.43782614598932, -22.518917040072701 ], [ -68.437753041883937, -22.536984011296749 ], [ -68.447477521516234, -22.5370176896134 ], [ -68.447549361389804, -22.518950688492488 ] ] ] } },
{ "type": "Feature", "properties": { "cve": "2836579", "nombre": "TUINA A 9", "solicitante": "Minera Tuina SpA", "region": "REGIÓN DE ANTOFAGASTA", "provincia": "Provincia de El Loa", "comuna": "Calama", "superficie_ha": 900.0, "datum_original": "PSAD56", "huso": 19, "epsg_origen": 24879, "tipo_publicacion": "pedimento", "fuente_pdf": "http://www.diariooficial.interior.gob.cl/publicaciones/2026/07/13/44498/07/2836579.pdf", "archivo": "gm_pedimento_2836579.pdf", "fecha": "13-07-2026", "edicion": "44498" }, "geometry": { "type": "Polygon", "coordinates": [ [ [ -68.534983499460367, -22.541811161278368 ], [ -68.505808699178189, -22.541724207628047 ], [ -68.505712170190165, -22.568824869498258 ], [ -68.534892668587204, -22.568911938952688 ], [ -68.534983499460367, -22.541811161278368 ] ] ] } },
{ "type": "Feature", "properties": { "cve": "2836715", "nombre": "ADELITA 217", "solicitante": "Minera Peñoles de Chile Limitada", "region": "REGIÓN DE ATACAMA", "provincia": "Provincia de Copiapó", "comuna": "Tierra Amarilla", "superficie_ha": 100.0, "datum_original": "PSAD56", "huso": 19, "epsg_origen": 24879, "tipo_publicacion": "pedimento", "fuente_pdf": "http://www.diariooficial.interior.gob.cl/publicaciones/2026/07/13/44498/07/2836715.pdf", "archivo": "gm_pedimento_2836715.pdf", "fecha": "13-07-2026", "edicion": "44498" }, "geometry": { "type": "Polygon", "coordinates": [ [ [ -69.405065030255912, -28.116510884073438 ], [ -69.394883699652297, -28.116540578109305 ], [ -69.394916772509106, -28.1255674980458 ], [ -69.405098955777746, -28.125537792805293 ], [ -69.405065030255912, -28.116510884073438 ] ] ] } },
{ "type": "Feature", "properties": { "cve": "2836716", "nombre": "ADELITA 218", "solicitante": "Minera Peñoles de Chile Limitada", "region": "REGIÓN DE ATACAMA", "provincia": "Provincia de Copiapó", "comuna": "Tierra Amarilla", "superficie_ha": 100.0, "datum_original": "PSAD56", "huso": 19, "epsg_origen": 24879, "tipo_publicacion": "pedimento", "fuente_pdf": "http://www.diariooficial.interior.gob.cl/publicaciones/2026/07/13/44498/07/2836716.pdf", "archivo": "gm_pedimento_2836716.pdf", "fecha": "13-07-2026", "edicion": "44498" }, "geometry": { "type": "Polygon", "coordinates": [ [ [ -69.42889831273699, -27.964783143193142 ], [ -69.418731286156032, -27.964814451735286 ], [ -69.41876613343203, -27.973841545965758 ], [ -69.42893400606161, -27.973810225566986 ], [ -69.42889831273699, -27.964783143193142 ] ] ] } },
{ "type": "Feature", "properties": { "cve": "2836717", "nombre": "ADELITA 219", "solicitante": "Minera Peñoles de Chile Limitada", "region": "REGIÓN DE ATACAMA", "provincia": "Provincia de Copiapó", "comuna": "Tierra Amarilla", "superficie_ha": 100.0, "datum_original": "PSAD56", "huso": 19, "epsg_origen": 24879, "tipo_publicacion": "pedimento", "fuente_pdf": "http://www.diariooficial.interior.gob.cl/publicaciones/2026/07/13/44498/07/2836717.pdf", "archivo": "gm_pedimento_2836717.pdf", "fecha": "13-07-2026", "edicion": "44498" }, "geometry": { "type": "Polygon", "coordinates": [ [ [ -69.266202024716847, -27.956166704502326 ], [ -69.256035632689802, -27.956185988847665 ], [ -69.256056932634678, -27.965213246059893 ], [ -69.266224170393514, -27.965193954409887 ], [ -69.266202024716847, -27.956166704502326 ] ] ] } },
{ "type": "Feature", "properties": { "cve": "2836719", "nombre": "ADELITA 220", "solicitante": "Minera Peñoles de Chile Limitada", "region": "REGIÓN DE ATACAMA", "provincia": "Provincia de Copiapó", "comuna": "Tierra Amarilla", "superficie_ha": 200.0, "datum_original": "PSAD56", "huso": 19, "epsg_origen": 24879, "tipo_publicacion": "pedimento", "fuente_pdf": "http://www.diariooficial.interior.gob.cl/publicaciones/2026/07/13/44498/07/2836719.pdf", "archivo": "gm_pedimento_2836719.pdf", "fecha": "13-07-2026", "edicion": "44498" }, "geometry": { "type": "Polygon", "coordinates": [ [ [ -69.357639571597019, -27.937904981271444 ], [ -69.347474976191052, -27.93793100295116 ], [ -69.347532758802188, -27.955985401313463 ], [ -69.357699044421324, -27.955959359910331 ], [ -69.357639571597019, -27.937904981271444 ] ] ] } },
{ "type": "Feature", "properties": { "cve": "2836825", "nombre": "DELTA 3", "solicitante": "Pérez Vargas Miguel Ángel", "region": "REGIÓN DE ATACAMA", "provincia": "Provincia de Copiapó", "comuna": "Tierra Amarilla", "superficie_ha": 200.0, "datum_original": "PSAD56", "huso": 19, "epsg_origen": 24879, "tipo_publicacion": "pedimento", "fuente_pdf": "http://www.diariooficial.interior.gob.cl/publicaciones/2026/07/13/44498/07/2836825.pdf", "archivo": "gm_pedimento_2836825.pdf", "fecha": "13-07-2026", "edicion": "44498" }, "geometry": { "type": "Polygon", "coordinates": [ [ [ -69.123717775567656, -27.820957035565112 ], [ -69.103410061423659, -27.820973735335738 ], [ -69.103418615356787, -27.83000124685794 ], [ -69.123728009316423, -27.829984540740963 ], [ -69.123717775567656, -27.820957035565112 ] ] ] } },
{ "type": "Feature", "properties": { "cve": "2836826", "nombre": "LA OCULTA 1", "solicitante": "Miranda Arcos Francisco Nicolás", "region": "REGIÓN DE ATACAMA", "provincia": "Provincia de Copiapó", "comuna": null, "superficie_ha": 300.0, "datum_original": "PSAD56", "huso": 19, "epsg_origen": 24879, "tipo_publicacion": "pedimento", "fuente_pdf": "http://www.diariooficial.interior.gob.cl/publicaciones/2026/07/13/44498/07/2836826.pdf", "archivo": "gm_pedimento_2836826.pdf", "fecha": "13-07-2026", "edicion": "44498" }, "geometry": { "type": "Polygon", "coordinates": [ [ [ -69.098203498911872, -27.676535619534523 ], [ -69.088063019527823, -27.676542434650095 ], [ -69.088084749837961, -27.703625516126944 ], [ -69.098227731463524, -27.703618693212963 ], [ -69.098203498911872, -27.676535619534523 ] ] ] } },
{ "type": "Feature", "properties": { "cve": "2836827", "nombre": "LA OCULTA 2", "solicitante": "Miranda Arcos Francisco Nicolás", "region": "REGIÓN DE ATACAMA", "provincia": "Provincia de Copiapó", "comuna": null, "superficie_ha": 300.0, "datum_original": "PSAD56", "huso": 19, "epsg_origen": 24879, "tipo_publicacion": "pedimento", "fuente_pdf": "http://www.diariooficial.interior.gob.cl/publicaciones/2026/07/13/44498/07/2836827.pdf", "archivo": "gm_pedimento_2836827.pdf", "fecha": "13-07-2026", "edicion": "44498" }, "geometry": { "type": "Polygon", "coordinates": [ [ [ -69.088066639142355, -27.681056288979182 ], [ -69.07792573959523, -27.681062363217031 ], [ -69.077944972128989, -27.708145433842439 ], [ -69.088088374502718, -27.708139352654715 ], [ -69.088066639142355, -27.681056288979182 ] ] ] } },
{ "type": "Feature", "properties": { "cve": "2836828", "nombre": "LA OCULTA 3", "solicitante": "Miranda Arcos Francisco Nicolás", "region": "REGIÓN DE ATACAMA", "provincia": "Provincia de Copiapó", "comuna": null, "superficie_ha": 300.0, "datum_original": "PSAD56", "huso": 19, "epsg_origen": 24879, "tipo_publicacion": "pedimento", "fuente_pdf": "http://www.diariooficial.interior.gob.cl/publicaciones/2026/07/13/44498/07/2836828.pdf", "archivo": "gm_pedimento_2836828.pdf", "fecha": "13-07-2026", "edicion": "44498" }, "geometry": { "type": "Polygon", "coordinates": [ [ [ -69.067784837070519, -27.681067695276791 ], [ -69.057643931955766, -27.681072285157732 ], [ -69.057658158827294, -27.708155367135369 ], [ -69.067801566774534, -27.708150772002913 ], [ -69.067784837070519, -27.681067695276791 ] ] ] } },
{ "type": "Feature", "properties": { "cve": "2836829", "nombre": "MARIA FERNANDA II", "solicitante": "Pesenti Rojas Juan Pablo", "region": "REGIÓN DE ATACAMA", "provincia": "Provincia de Copiapó", "comuna": "Tierra Amarilla", "superficie_ha": 200.0, "datum_original": "PSAD56", "huso": 19, "epsg_origen": 24879, "tipo_publicacion": "pedimento", "fuente_pdf": "http://www.diariooficial.interior.gob.cl/publicaciones/2026/07/13/44498/07/2836829.pdf", "archivo": "gm_pedimento_2836829.pdf", "fecha": "13-07-2026", "edicion": "44498" }, "geometry": { "type": "Polygon", "coordinates": [ [ [ -70.14918486001298, -27.721452024987165 ], [ -70.12889958150798, -27.721618963325856 ], [ -70.128992565073276, -27.730644860891303 ], [ -70.14927951351828, -27.730477858970385 ], [ -70.14918486001298, -27.721452024987165 ] ] ] } },
{ "type": "Feature", "properties": { "cve": "2836830", "nombre": "PISSIS", "solicitante": "Pesenti Rojas Juan Pablo", "region": "REGIÓN DE ATACAMA", "provincia": "Provincia de Copiapó", "comuna": "Tierra Amarilla", "superficie_ha": 300.0, "datum_original": "PSAD56", "huso": 19, "epsg_origen": 24879, "tipo_publicacion": "pedimento", "fuente_pdf": "http://www.diariooficial.interior.gob.cl/publicaciones/2026/07/13/44498/07/2836830.pdf", "archivo": "gm_pedimento_2836830.pdf", "fecha": "13-07-2026", "edicion": "44498" }, "geometry": { "type": "Polygon", "coordinates": [ [ [ -69.07792573959523, -27.681062363217031 ], [ -69.067784837070519, -27.681067695276791 ], [ -69.067801566774534, -27.708150772002913 ], [ -69.077944972128989, -27.708145433842439 ], [ -69.07792573959523, -27.681062363217031 ] ] ] } },
{ "type": "Feature", "properties": { "cve": "2836799", "nombre": "MANKE 1", "solicitante": "Sáez Sáez Ana Carolina", "region": "REGIÓN DE ATACAMA", "provincia": "Provincia de Huasco", "comuna": null, "superficie_ha": 100.0, "datum_original": "PSAD56", "huso": 19, "epsg_origen": 24879, "tipo_publicacion": "pedimento", "fuente_pdf": "http://www.diariooficial.interior.gob.cl/publicaciones/2026/07/13/44498/07/2836799.pdf", "archivo": "gm_pedimento_2836799.pdf", "fecha": "13-07-2026", "edicion": "44498" }, "geometry": { "type": "Polygon", "coordinates": [ [ [ -71.174817519805956, -28.830076647763523 ], [ -71.164574672579889, -28.830241413291802 ], [ -71.164761383869362, -28.83926112682116 ], [ -71.175005112926087, -28.839096300179122 ], [ -71.174817519805956, -28.830076647763523 ] ] ] } },
{ "type": "Feature", "properties": { "cve": "2836808", "nombre": "MANKE 10", "solicitante": "Sáez Sáez Ana Carolina", "region": "REGIÓN DE ATACAMA", "provincia": "Provincia de Huasco", "comuna": null, "superficie_ha": 200.0, "datum_original": "PSAD56", "huso": 19, "epsg_origen": 24879, "tipo_publicacion": "pedimento", "fuente_pdf": "http://www.diariooficial.interior.gob.cl/publicaciones/2026/07/13/44498/07/2836808.pdf", "archivo": "gm_pedimento_2836808.pdf", "fecha": "13-07-2026", "edicion": "44498" }, "geometry": { "type": "Polygon", "coordinates": [ [ [ -71.162041502092379, -28.806822924271071 ], [ -71.14156009928756, -28.80714949962125 ], [ -71.141744650321272, -28.816169381013982 ], [ -71.162227814794463, -28.815842684468024 ], [ -71.162041502092379, -28.806822924271071 ] ] ] } },
{ "type": "Feature", "properties": { "cve": "2836809", "nombre": "MANKE 11", "solicitante": "Sáez Sáez Ana Carolina", "region": "REGIÓN DE ATACAMA", "provincia": "Provincia de Huasco", "comuna": null, "superficie_ha": 200.0, "datum_original": "PSAD56", "huso": 19, "epsg_origen": 24879, "tipo_publicacion": "pedimento", "fuente_pdf": "http://www.diariooficial.interior.gob.cl/publicaciones/2026/07/13/44498/07/2836809.pdf", "archivo": "gm_pedimento_2836809.pdf", "fecha": "13-07-2026", "edicion": "44498" }, "geometry": { "type": "Polygon", "coordinates": [ [ [ -71.161855274802463, -28.797803150818169 ], [ -71.141375632859265, -28.798129604992926 ], [ -71.14156009928756, -28.80714949962125 ], [ -71.162041502092379, -28.806822924271071 ], [ -71.161855274802463, -28.797803150818169 ] ] ] } },
{ "type": "Feature", "properties": { "cve": "2836800", "nombre": "MANKE 2", "solicitante": "Saez Saez Ana Carolina", "region": "REGIÓN DE ATACAMA", "provincia": "Provincia de Huasco", "comuna": null, "superficie_ha": 200.0, "datum_original": "PSAD56", "huso": 19, "epsg_origen": 24879, "tipo_publicacion": "pedimento", "fuente_pdf": "http://www.diariooficial.interior.gob.cl/publicaciones/2026/07/13/44498/07/2836800.pdf", "archivo": "gm_pedimento_2836800.pdf", "fecha": "13-07-2026", "edicion": "44498" }, "geometry": { "type": "Polygon", "coordinates": [ [ [ -71.149367816210514, -28.838153940213235 ], [ -71.139124006210722, -28.83831681547192 ], [ -71.139493247793723, -28.856356509821573 ], [ -71.149738822701167, -28.856193513747343 ], [ -71.149367816210514, -28.838153940213235 ] ] ] } },
{ "type": "Feature", "properties": { "cve": "2836801", "nombre": "MANKE 3", "solicitante": "Sáez Sáez Ana Carolina", "region": "REGIÓN DE ATACAMA", "provincia": "Provincia de Huasco", "comuna": null, "superficie_ha": 200.0, "datum_original": "PSAD56", "huso": 19, "epsg_origen": 24879, "tipo_publicacion": "pedimento", "fuente_pdf": "http://www.diariooficial.interior.gob.cl/publicaciones/2026/07/13/44498/07/2836801.pdf", "archivo": "gm_pedimento_2836801.pdf", "fecha": "13-07-2026", "edicion": "44498" }, "geometry": { "type": "Polygon", "coordinates": [ [ [ -71.17278167601674, -28.855372948112993 ], [ -71.152290912810614, -28.855701655312011 ], [ -71.152476760127129, -28.864721407704561 ], [ -71.172969289303936, -28.864392578652453 ], [ -71.17278167601674, -28.855372948112993 ] ] ] } },
{ "type": "Feature", "properties": { "cve": "2836802", "nombre": "MANKE 4", "solicitante": "Sáez Sáez Ana Carolina", "region": "REGIÓN DE ATACAMA", "provincia": "Provincia de Huasco", "comuna": null, "superficie_ha": 100.0, "datum_original": "PSAD56", "huso": 19, "epsg_origen": 24879, "tipo_publicacion": "pedimento", "fuente_pdf": "http://www.diariooficial.interior.gob.cl/publicaciones/2026/07/13/44498/07/2836802.pdf", "archivo": "gm_pedimento_2836802.pdf", "fecha": "13-07-2026", "edicion": "44498" }, "geometry": { "type": "Polygon", "coordinates": [ [ [ -71.126706001121562, -28.852498585013141 ], [ -71.116460634430453, -28.852659812550119 ], [ -71.116643366328901, -28.861679780107767 ], [ -71.126889615967201, -28.861518492797504 ], [ -71.126706001121562, -28.852498585013141 ] ] ] } },
{ "type": "Feature", "properties": { "cve": "2836803", "nombre": "MANKE 5", "solicitante": "Sáez Sáez Ana Carolina", "region": "REGIÓN DE ATACAMA", "provincia": "Provincia de Huasco", "comuna": null, "superficie_ha": 100.0, "datum_original": "PSAD56", "huso": 19, "epsg_origen": 24879, "tipo_publicacion": "pedimento", "fuente_pdf": "http://www.diariooficial.interior.gob.cl/publicaciones/2026/07/13/44498/07/2836803.pdf", "archivo": "gm_pedimento_2836803.pdf", "fecha": "13-07-2026", "edicion": "44498" }, "geometry": { "type": "Polygon", "coordinates": [ [ [ -71.116578197347721, -28.838221406592272 ], [ -71.106334162186883, -28.838381792626418 ], [ -71.106515913089311, -28.847401838438312 ], [ -71.116760830580034, -28.847241392923429 ], [ -71.116578197347721, -28.838221406592272 ] ] ] } },
{ "type": "Feature", "properties": { "cve": "2836804", "nombre": "MANKE 6", "solicitante": "Sáez Sáez Ana Carolina", "region": "REGIÓN DE ATACAMA", "provincia": "Provincia de Huasco", "comuna": null, "superficie_ha": 100.0, "datum_original": "PSAD56", "huso": 19, "epsg_origen": 24879, "tipo_publicacion": "pedimento", "fuente_pdf": "http://www.diariooficial.interior.gob.cl/publicaciones/2026/07/13/44498/07/2836804.pdf", "archivo": "gm_pedimento_2836804.pdf", "fecha": "13-07-2026", "edicion": "44498" }, "geometry": { "type": "Polygon", "coordinates": [ [ [ -71.212110858872578, -28.849319790258324 ], [ -71.201866382744171, -28.849487488177822 ], [ -71.202056460048652, -28.858506951073398 ], [ -71.212301818782592, -28.8583391909809 ], [ -71.212110858872578, -28.849319790258324 ] ] ] } },
{ "type": "Feature", "properties": { "cve": "2836805", "nombre": "MANKE 7", "solicitante": "Saez Saez Ana Carolina", "region": "REGIÓN DE ATACAMA", "provincia": "Provincia de Huasco", "comuna": null, "superficie_ha": 100.0, "datum_original": "PSAD56", "huso": 19, "epsg_origen": 24879, "tipo_publicacion": "pedimento", "fuente_pdf": "http://www.diariooficial.interior.gob.cl/publicaciones/2026/07/13/44498/07/2836805.pdf", "archivo": "gm_pedimento_2836805.pdf", "fecha": "13-07-2026", "edicion": "44498" }, "geometry": { "type": "Polygon", "coordinates": [ [ [ -71.191924572612152, -28.864085642190791 ], [ -71.181678510229446, -28.864251884305038 ], [ -71.181866960355848, -28.873271449414514 ], [ -71.192113906054288, -28.873105145686534 ], [ -71.191924572612152, -28.864085642190791 ] ] ] } },
{ "type": "Feature", "properties": { "cve": "2836806", "nombre": "MANKE 8", "solicitante": "Sáez Sáez Ana Carolina", "region": "REGIÓN DE ATACAMA", "provincia": "Provincia de Huasco", "comuna": null, "superficie_ha": 200.0, "datum_original": "PSAD56", "huso": 19, "epsg_origen": 24879, "tipo_publicacion": "pedimento", "fuente_pdf": "http://www.diariooficial.interior.gob.cl/publicaciones/2026/07/13/44498/07/2836806.pdf", "archivo": "gm_pedimento_2836806.pdf", "fecha": "13-07-2026", "edicion": "44498" }, "geometry": { "type": "Polygon", "coordinates": [ [ [ -71.162414212939879, -28.824862431406064 ], [ -71.141929285991282, -28.825189249168162 ], [ -71.142114006328427, -28.834209104080799 ], [ -71.162600696559807, -28.833882165082201 ], [ -71.162414212939879, -28.824862431406064 ] ] ] } },
{ "type": "Feature", "properties": { "cve": "2836807", "nombre": "MANKE 9", "solicitante": "Sáez Sáez Ana Carolina", "region": "REGIÓN DE ATACAMA", "provincia": "Provincia de Huasco", "comuna": null, "superficie_ha": 200.0, "datum_original": "PSAD56", "huso": 19, "epsg_origen": 24879, "tipo_publicacion": "pedimento", "fuente_pdf": "http://www.diariooficial.interior.gob.cl/publicaciones/2026/07/13/44498/07/2836807.pdf", "archivo": "gm_pedimento_2836807.pdf", "fecha": "13-07-2026", "edicion": "44498" }, "geometry": { "type": "Polygon", "coordinates": [ [ [ -71.162227814794463, -28.815842684468024 ], [ -71.141744650321272, -28.816169381013982 ], [ -71.141929285991282, -28.825189249168162 ], [ -71.162414212939879, -28.824862431406064 ], [ -71.162227814794463, -28.815842684468024 ] ] ] } },
{ "type": "Feature", "properties": { "cve": "2836846", "nombre": "SKY 4", "solicitante": "Araya Cortés Sebastián Ignacio", "region": "REGIÓN DE ATACAMA", "provincia": "Provincia de Huasco", "comuna": "Vallenar", "superficie_ha": 300.0, "datum_original": "PSAD56", "huso": 19, "epsg_origen": 24879, "tipo_publicacion": "pedimento", "fuente_pdf": "http://www.diariooficial.interior.gob.cl/publicaciones/2026/07/13/44498/07/2836846.pdf", "archivo": "gm_pedimento_2836846.pdf", "fecha": "13-07-2026", "edicion": "44498" }, "geometry": { "type": "Polygon", "coordinates": [ [ [ -70.934471214318535, -28.863271352248805 ], [ -70.924223571654665, -28.863418026516161 ], [ -70.924722444237801, -28.89048106230516 ], [ -70.934972739666961, -28.890334224896833 ], [ -70.934471214318535, -28.863271352248805 ] ] ] } },
{ "type": "Feature", "properties": { "cve": "2836332", "nombre": "PAULA 1", "solicitante": "Corporación Nacional del Cobre de Chile", "region": "REGIÓN DE VALPARAÍSO", "provincia": "Provincia de Los Andes", "comuna": null, "superficie_ha": 800.0, "datum_original": "WGS84", "huso": 19, "epsg_origen": 32719, "tipo_publicacion": "pedimento", "fuente_pdf": "http://www.diariooficial.interior.gob.cl/publicaciones/2026/07/13/44498/07/2836332.pdf", "archivo": "gm_pedimento_2836332.pdf", "fecha": "13-07-2026", "edicion": "44498" }, "geometry": { "type": "Polygon", "coordinates": [ [ [ -70.198060854144259, -32.937545444444723 ], [ -70.176670852786827, -32.937748713074683 ], [ -70.177149048537729, -32.973822845018169 ], [ -70.198547737706008, -32.973619297387856 ], [ -70.198060854144259, -32.937545444444723 ] ] ] } },
{ "type": "Feature", "properties": { "cve": "2836333", "nombre": "PAULA 2", "solicitante": "Corporación Nacional del Cobre de Chile", "region": "REGIÓN DE VALPARAÍSO", "provincia": "Provincia de Los Andes", "comuna": null, "superficie_ha": 800.0, "datum_original": "WGS84", "huso": 19, "epsg_origen": 32719, "tipo_publicacion": "pedimento", "fuente_pdf": "http://www.diariooficial.interior.gob.cl/publicaciones/2026/07/13/44498/07/2836333.pdf", "archivo": "gm_pedimento_2836333.pdf", "fecha": "13-07-2026", "edicion": "44498" }, "geometry": { "type": "Polygon", "coordinates": [ [ [ -70.21945063857288, -32.937338515686093 ], [ -70.198060854144259, -32.937545444444723 ], [ -70.198547737706008, -32.973619297387856 ], [ -70.219946209585785, -32.973412084606345 ], [ -70.21945063857288, -32.937338515686093 ] ] ] } },
{ "type": "Feature", "properties": { "cve": "2836334", "nombre": "PAULA 3", "solicitante": "Corporación Nacional del Cobre de Chile", "region": "REGIÓN DE VALPARAÍSO", "provincia": "Provincia de Los Andes", "comuna": null, "superficie_ha": 300.0, "datum_original": "WGS84", "huso": 19, "epsg_origen": 32719, "tipo_publicacion": "pedimento", "fuente_pdf": "http://www.diariooficial.interior.gob.cl/publicaciones/2026/07/13/44498/07/2836334.pdf", "archivo": "gm_pedimento_2836334.pdf", "fecha": "13-07-2026", "edicion": "44498" }, "geometry": { "type": "Polygon", "coordinates": [ [ [ -70.230270343297903, -32.946252055242574 ], [ -70.219574448469743, -32.946356928093536 ], [ -70.219946209585785, -32.973412084606345 ], [ -70.230645362831396, -32.973307103823551 ], [ -70.230270343297903, -32.946252055242574 ] ] ] } },
{ "type": "Feature", "properties": { "cve": "2836335", "nombre": "PAULA 4", "solicitante": "Corporación Nacional del Cobre de Chile", "region": "REGIÓN DE VALPARAÍSO", "provincia": "Provincia de Los Andes", "comuna": null, "superficie_ha": 300.0, "datum_original": "WGS84", "huso": 19, "epsg_origen": 32719, "tipo_publicacion": "pedimento", "fuente_pdf": "http://www.diariooficial.interior.gob.cl/publicaciones/2026/07/13/44498/07/2836335.pdf", "archivo": "gm_pedimento_2836335.pdf", "fecha": "13-07-2026", "edicion": "44498" }, "geometry": { "type": "Polygon", "coordinates": [ [ [ -70.177149048537729, -32.973822845018169 ], [ -70.14505061584758, -32.974121294032678 ], [ -70.145167036386624, -32.983139895774563 ], [ -70.17726873080322, -32.982841344438398 ], [ -70.177149048537729, -32.973822845018169 ] ] ] } },
{ "type": "Feature", "properties": { "cve": "2836336", "nombre": "PAULA 5", "solicitante": "Corporación Nacional del Cobre de Chile", "region": "REGIÓN DE VALPARAÍSO", "provincia": "Provincia de Los Andes", "comuna": null, "superficie_ha": 400.0, "datum_original": "WGS84", "huso": 19, "epsg_origen": 32719, "tipo_publicacion": "pedimento", "fuente_pdf": "http://www.diariooficial.interior.gob.cl/publicaciones/2026/07/13/44498/07/2836336.pdf", "archivo": "gm_pedimento_2836336.pdf", "fecha": "13-07-2026", "edicion": "44498" }, "geometry": { "type": "Polygon", "coordinates": [ [ [ -70.198547737706008, -32.973619297387856 ], [ -70.177149048537729, -32.973822845018169 ], [ -70.177388466444015, -32.991859830428332 ], [ -70.198791505329723, -32.991656143214435 ], [ -70.198547737706008, -32.973619297387856 ] ] ] } },
{ "type": "Feature", "properties": { "cve": "2836337", "nombre": "PAULA 6", "solicitante": "Corporación Nacional del Cobre de Chile", "region": "REGIÓN DE VALPARAÍSO", "provincia": "Provincia de Los Andes", "comuna": null, "superficie_ha": 100.0, "datum_original": "WGS84", "huso": 19, "epsg_origen": 32719, "tipo_publicacion": "pedimento", "fuente_pdf": "http://www.diariooficial.interior.gob.cl/publicaciones/2026/07/13/44498/07/2836337.pdf", "archivo": "gm_pedimento_2836337.pdf", "fecha": "13-07-2026", "edicion": "44498" }, "geometry": { "type": "Polygon", "coordinates": [ [ [ -70.17726873080322, -32.982841344438398 ], [ -70.166568218726752, -32.982941778204072 ], [ -70.166686866662559, -32.991960298622153 ], [ -70.177388466444015, -32.991859830428332 ], [ -70.17726873080322, -32.982841344438398 ] ] ] } },
{ "type": "Feature", "properties": { "cve": "2836338", "nombre": "PAULA 7", "solicitante": "Corporación Nacional del Cobre de Chile", "region": "REGIÓN DE VALPARAÍSO", "provincia": "Provincia de Los Andes", "comuna": null, "superficie_ha": 100.0, "datum_original": "WGS84", "huso": 19, "epsg_origen": 32719, "tipo_publicacion": "pedimento", "fuente_pdf": "http://www.diariooficial.interior.gob.cl/publicaciones/2026/07/13/44498/07/2836338.pdf", "archivo": "gm_pedimento_2836338.pdf", "fecha": "13-07-2026", "edicion": "44498" }, "geometry": { "type": "Polygon", "coordinates": [ [ [ -70.209247001049178, -32.973516149133104 ], [ -70.198547737706008, -32.973619297387856 ], [ -70.198669594345532, -32.982637727023253 ], [ -70.209369944842052, -32.982534543404988 ], [ -70.209247001049178, -32.973516149133104 ] ] ] } },
{ "type": "Feature", "properties": { "cve": "2836339", "nombre": "PAULA 8", "solicitante": "Corporación Nacional del Cobre de Chile", "region": "REGIÓN DE VALPARAÍSO", "provincia": "Provincia de Los Andes", "comuna": null, "superficie_ha": 200.0, "datum_original": "WGS84", "huso": 19, "epsg_origen": 32719, "tipo_publicacion": "pedimento", "fuente_pdf": "http://www.diariooficial.interior.gob.cl/publicaciones/2026/07/13/44498/07/2836339.pdf", "archivo": "gm_pedimento_2836339.pdf", "fecha": "13-07-2026", "edicion": "44498" }, "geometry": { "type": "Polygon", "coordinates": [ [ [ -70.230645362831396, -32.973307103823551 ], [ -70.209247001049178, -32.973516149133104 ], [ -70.209369944842052, -32.982534543404988 ], [ -70.230770480862574, -32.982325426426272 ], [ -70.230645362831396, -32.973307103823551 ] ] ] } },
{ "type": "Feature", "properties": { "cve": "2835585", "nombre": "PEUMO 1", "solicitante": "Nueva Chamisero SpA", "region": "REGIÓN METROPOLITANA DE SANTIAGO", "provincia": "Provincia de Chacabuco", "comuna": null, "superficie_ha": 300.0, "datum_original": "PSAD56", "huso": 19, "epsg_origen": 24879, "tipo_publicacion": "pedimento", "fuente_pdf": "http://www.diariooficial.interior.gob.cl/publicaciones/2026/07/13/44498/07/2835585.pdf", "archivo": "gm_pedimento_2835585.pdf", "fecha": "13-07-2026", "edicion": "44498" }, "geometry": { "type": "Polygon", "coordinates": [ [ [ -70.656313746366394, -33.31446297934891 ], [ -70.624097835668806, -33.3148883360331 ], [ -70.624265089035603, -33.323904557620665 ], [ -70.656484313740634, -33.323479055907711 ], [ -70.656313746366394, -33.31446297934891 ] ] ] } },
{ "type": "Feature", "properties": { "cve": "2835586", "nombre": "PEUMO 2", "solicitante": "Nueva Chamisero SpA", "region": "REGIÓN METROPOLITANA DE SANTIAGO", "provincia": "Provincia de Chacabuco", "comuna": null, "superficie_ha": 300.0, "datum_original": "PSAD56", "huso": 19, "epsg_origen": 24879, "tipo_publicacion": "pedimento", "fuente_pdf": "http://www.diariooficial.interior.gob.cl/publicaciones/2026/07/13/44498/07/2835586.pdf", "archivo": "gm_pedimento_2835586.pdf", "fecha": "13-07-2026", "edicion": "44498" }, "geometry": { "type": "Polygon", "coordinates": [ [ [ -70.656484313740634, -33.323479055907711 ], [ -70.624265089035603, -33.323904557620665 ], [ -70.624432416898401, -33.332920765261733 ], [ -70.656654957085848, -33.332495118490762 ], [ -70.656484313740634, -33.323479055907711 ] ] ] } },
{ "type": "Feature", "properties": { "cve": "2835587", "nombre": "PEUMO 3", "solicitante": "Nueva Chamisero SpA", "region": "REGIÓN METROPOLITANA DE SANTIAGO", "provincia": "Provincia de Chacabuco", "comuna": null, "superficie_ha": 300.0, "datum_original": "PSAD56", "huso": 19, "epsg_origen": 24879, "tipo_publicacion": "pedimento", "fuente_pdf": "http://www.diariooficial.interior.gob.cl/publicaciones/2026/07/13/44498/07/2835587.pdf", "archivo": "gm_pedimento_2835587.pdf", "fecha": "13-07-2026", "edicion": "44498" }, "geometry": { "type": "Polygon", "coordinates": [ [ [ -70.656654957085848, -33.332495118490762 ], [ -70.624432416898401, -33.332920765261733 ], [ -70.624599819288392, -33.341936958954129 ], [ -70.656825676433783, -33.341511167095859 ], [ -70.656654957085848, -33.332495118490762 ] ] ] } },
{ "type": "Feature", "properties": { "cve": "2835588", "nombre": "PEUMO 4", "solicitante": "Nueva Chamisero SpA", "region": "REGIÓN METROPOLITANA DE SANTIAGO", "provincia": "Provincia de Chacabuco", "comuna": null, "superficie_ha": 300.0, "datum_original": "PSAD56", "huso": 19, "epsg_origen": 24879, "tipo_publicacion": "pedimento", "fuente_pdf": "http://www.diariooficial.interior.gob.cl/publicaciones/2026/07/13/44498/07/2835588.pdf", "archivo": "gm_pedimento_2835588.pdf", "fecha": "13-07-2026", "edicion": "44498" }, "geometry": { "type": "Polygon", "coordinates": [ [ [ -70.624097835668806, -33.3148883360331 ], [ -70.591881254789996, -33.315305344867404 ], [ -70.592045193868842, -33.324321708638777 ], [ -70.624265089035603, -33.323904557620665 ], [ -70.624097835668806, -33.3148883360331 ] ] ] } },
{ "type": "Feature", "properties": { "cve": "2835589", "nombre": "PEUMO 5", "solicitante": "Nueva Chamisero SpA", "region": "REGIÓN METROPOLITANA DE SANTIAGO", "provincia": "Provincia de Chacabuco", "comuna": null, "superficie_ha": 300.0, "datum_original": "PSAD56", "huso": 19, "epsg_origen": 24879, "tipo_publicacion": "pedimento", "fuente_pdf": "http://www.diariooficial.interior.gob.cl/publicaciones/2026/07/13/44498/07/2835589.pdf", "archivo": "gm_pedimento_2835589.pdf", "fecha": "13-07-2026", "edicion": "44498" }, "geometry": { "type": "Polygon", "coordinates": [ [ [ -70.624265089035603, -33.323904557620665 ], [ -70.592045193868842, -33.324321708638777 ], [ -70.592209205968601, -33.33333805849238 ], [ -70.624432416898401, -33.332920765261733 ], [ -70.624265089035603, -33.323904557620665 ] ] ] } },
{ "type": "Feature", "properties": { "cve": "2835590", "nombre": "PEUMO 6", "solicitante": "Nueva Chamisero SpA", "region": "REGIÓN METROPOLITANA DE SANTIAGO", "provincia": "Provincia de Chacabuco", "comuna": null, "superficie_ha": 300.0, "datum_original": "PSAD56", "huso": 19, "epsg_origen": 24879, "tipo_publicacion": "pedimento", "fuente_pdf": "http://www.diariooficial.interior.gob.cl/publicaciones/2026/07/13/44498/07/2835590.pdf", "archivo": "gm_pedimento_2835590.pdf", "fecha": "13-07-2026", "edicion": "44498" }, "geometry": { "type": "Polygon", "coordinates": [ [ [ -70.624432416898401, -33.332920765261733 ], [ -70.592209205968601, -33.33333805849238 ], [ -70.592373291119756, -33.342354394426039 ], [ -70.624599819288392, -33.341936958954129 ], [ -70.624432416898401, -33.332920765261733 ] ] ] } },
{ "type": "Feature", "properties": { "cve": "2836122", "nombre": "SANTINO 12", "solicitante": "Corporación Nacional del Cobre de Chile", "region": "REGIÓN METROPOLITANA DE SANTIAGO", "provincia": "Provincia de Chacabuco", "comuna": null, "superficie_ha": 200.0, "datum_original": "WGS84", "huso": 19, "epsg_origen": 32719, "tipo_publicacion": "pedimento", "fuente_pdf": "http://www.diariooficial.interior.gob.cl/publicaciones/2026/07/13/44498/07/2836122.pdf", "archivo": "gm_pedimento_2836122.pdf", "fecha": "13-07-2026", "edicion": "44498" }, "geometry": { "type": "Polygon", "coordinates": [ [ [ -70.840951328351224, -32.99285642999142 ], [ -70.819554326723292, -32.99317019013823 ], [ -70.819739441891997, -33.002186007948204 ], [ -70.84113861739668, -33.001872140295866 ], [ -70.840951328351224, -32.99285642999142 ] ] ] } },
{ "type": "Feature", "properties": { "cve": "2836123", "nombre": "SANTINO 13", "solicitante": "Corporación Nacional del Cobre de Chile", "region": "REGIÓN METROPOLITANA DE SANTIAGO", "provincia": "Provincia de Chacabuco", "comuna": null, "superficie_ha": 100.0, "datum_original": "WGS84", "huso": 19, "epsg_origen": 32719, "tipo_publicacion": "pedimento", "fuente_pdf": "http://www.diariooficial.interior.gob.cl/publicaciones/2026/07/13/44498/07/2836123.pdf", "archivo": "gm_pedimento_2836123.pdf", "fecha": "13-07-2026", "edicion": "44498" }, "geometry": { "type": "Polygon", "coordinates": [ [ [ -70.84113861739668, -33.001872140295866 ], [ -70.830439071149868, -33.002029532306508 ], [ -70.830625356285239, -33.011045282546753 ], [ -70.841325989937332, -33.010887836615765 ], [ -70.84113861739668, -33.001872140295866 ] ] ] } },
{ "type": "Feature", "properties": { "cve": "2835610", "nombre": "CHACAYAL 1-30", "solicitante": "Inversiones VerdeRoca SpA", "region": "REGIÓN DE LOS RÍOS", "provincia": "Provincia de Valdivia", "comuna": null, "superficie_ha": 200.0, "datum_original": "PSAD56", "huso": 18, "epsg_origen": 24878, "tipo_publicacion": "pedimento", "fuente_pdf": "http://www.diariooficial.interior.gob.cl/publicaciones/2026/07/13/44498/07/2835610.pdf", "archivo": "gm_pedimento_2835610.pdf", "fecha": "13-07-2026", "edicion": "44498" }, "geometry": { "type": "Polygon", "coordinates": [ [ [ -73.052888461417965, -39.355293186096809 ], [ -73.041288565837533, -39.355098480883711 ], [ -73.040785258421835, -39.37310943803444 ], [ -73.052388130086783, -39.373304267300874 ], [ -73.052888461417965, -39.355293186096809 ] ] ] } },
{ "type": "Feature", "properties": { "cve": "2835615", "nombre": "CHACAYAL 9-17", "solicitante": "Inversiones VerdeRoca SpA", "region": "REGIÓN DE LOS RÍOS", "provincia": "Provincia de Valdivia", "comuna": null, "superficie_ha": 200.0, "datum_original": "PSAD56", "huso": 18, "epsg_origen": 24878, "tipo_publicacion": "pedimento", "fuente_pdf": "http://www.diariooficial.interior.gob.cl/publicaciones/2026/07/13/44498/07/2835615.pdf", "archivo": "gm_pedimento_2835615.pdf", "fecha": "13-07-2026", "edicion": "44498" }, "geometry": { "type": "Polygon", "coordinates": [ [ [ -73.00305366767563, -39.39364053964448 ], [ -72.991447774951183, -39.393440706002394 ], [ -72.990930961968289, -39.411450999301209 ], [ -73.002539836107104, -39.411650960225145 ], [ -73.00305366767563, -39.39364053964448 ] ] ] } },
{ "type": "Feature", "properties": { "cve": "2835611", "nombre": "LA FLACA S", "solicitante": "Inversiones VerdeRoca SpA", "region": "REGIÓN DE LOS RÍOS", "provincia": "Provincia de Valdivia", "comuna": null, "superficie_ha": 200.0, "datum_original": "PSAD56", "huso": 18, "epsg_origen": 24878, "tipo_publicacion": "pedimento", "fuente_pdf": "http://www.diariooficial.interior.gob.cl/publicaciones/2026/07/13/44498/07/2835611.pdf", "archivo": "gm_pedimento_2835611.pdf", "fecha": "13-07-2026", "edicion": "44498" }, "geometry": { "type": "Polygon", "coordinates": [ [ [ -73.01332210470504, -39.417241414571933 ], [ -73.001712226968792, -39.417042505999667 ], [ -73.001197622685851, -39.435052838698162 ], [ -73.012810485418115, -39.435251873942455 ], [ -73.01332210470504, -39.417241414571933 ] ] ] } },
{ "type": "Feature", "properties": { "cve": "2835608", "nombre": "LA FLACA W", "solicitante": "Inversiones VerdeRoca SpA", "region": "REGIÓN DE LOS RÍOS", "provincia": "Provincia de Valdivia", "comuna": null, "superficie_ha": 300.0, "datum_original": "PSAD56", "huso": 18, "epsg_origen": 24878, "tipo_publicacion": "pedimento", "fuente_pdf": "http://www.diariooficial.interior.gob.cl/publicaciones/2026/07/13/44498/07/2835608.pdf", "archivo": "gm_pedimento_2835608.pdf", "fecha": "13-07-2026", "edicion": "44498" }, "geometry": { "type": "Polygon", "coordinates": [ [ [ -73.02558578424096, -39.394268456508804 ], [ -73.01397962822378, -39.394070867586777 ], [ -73.013212912520672, -39.42108665284303 ], [ -73.024823542046477, -39.421284430568868 ], [ -73.02558578424096, -39.394268456508804 ] ] ] } },
{ "type": "Feature", "properties": { "cve": "2835609", "nombre": "LUZ 1-56", "solicitante": "Inversiones VerdeRoca SpA", "region": "REGIÓN DE LOS RÍOS", "provincia": "Provincia de Valdivia", "comuna": null, "superficie_ha": 300.0, "datum_original": "PSAD56", "huso": 18, "epsg_origen": 24878, "tipo_publicacion": "pedimento", "fuente_pdf": "http://www.diariooficial.interior.gob.cl/publicaciones/2026/07/13/44498/07/2835609.pdf", "archivo": "gm_pedimento_2835609.pdf", "fecha": "13-07-2026", "edicion": "44498" }, "geometry": { "type": "Polygon", "coordinates": [ [ [ -73.040911127598577, -39.368606704530649 ], [ -73.029309113084324, -39.368410750484266 ], [ -73.028549006522013, -39.395426906381061 ], [ -73.040155488996248, -39.395623047705357 ], [ -73.040911127598577, -39.368606704530649 ] ] ] } },
{ "type": "Feature", "properties": { "cve": "2835614", "nombre": "LUZ 61-96", "solicitante": "Inversiones VerdeRoca SpA", "region": "REGIÓN DE LOS RÍOS", "provincia": "Provincia de Valdivia", "comuna": null, "superficie_ha": 200.0, "datum_original": "PSAD56", "huso": 18, "epsg_origen": 24878, "tipo_publicacion": "pedimento", "fuente_pdf": "http://www.diariooficial.interior.gob.cl/publicaciones/2026/07/13/44498/07/2835614.pdf", "archivo": "gm_pedimento_2835614.pdf", "fecha": "13-07-2026", "edicion": "44498" }, "geometry": { "type": "Polygon", "coordinates": [ [ [ -73.029347091574621, -39.367059939041347 ], [ -73.017745413838597, -39.366862838644714 ], [ -73.017235846188655, -39.384873503750875 ], [ -73.028840501585279, -39.385070729714457 ], [ -73.029347091574621, -39.367059939041347 ] ] ] } },
{ "type": "Feature", "properties": { "cve": "2835613", "nombre": "UNION 1", "solicitante": "Inversiones VerdeRoca SpA", "region": "REGIÓN DE LOS RÍOS", "provincia": "Provincia de Valdivia", "comuna": null, "superficie_ha": 200.0, "datum_original": "PSAD56", "huso": 18, "epsg_origen": 24878, "tipo_publicacion": "pedimento", "fuente_pdf": "http://www.diariooficial.interior.gob.cl/publicaciones/2026/07/13/44498/07/2835613.pdf", "archivo": "gm_pedimento_2835613.pdf", "fecha": "13-07-2026", "edicion": "44498" }, "geometry": { "type": "Polygon", "coordinates": [ [ [ -73.001595195058854, -39.421139862131866 ], [ -72.978374428713607, -39.420738513812204 ], [ -72.978114147008895, -39.429743553083235 ], [ -73.001337898118294, -39.430145029178213 ], [ -73.001595195058854, -39.421139862131866 ] ] ] } },
{ "type": "Feature", "properties": { "cve": "2835612", "nombre": "UNION 2", "solicitante": "Inversiones VerdeRoca SpA", "region": "REGIÓN DE LOS RÍOS", "provincia": "Provincia de Valdivia", "comuna": null, "superficie_ha": 200.0, "datum_original": "PSAD56", "huso": 18, "epsg_origen": 24878, "tipo_publicacion": "pedimento", "fuente_pdf": "http://www.diariooficial.interior.gob.cl/publicaciones/2026/07/13/44498/07/2835612.pdf", "archivo": "gm_pedimento_2835612.pdf", "fecha": "13-07-2026", "edicion": "44498" }, "geometry": { "type": "Polygon", "coordinates": [ [ [ -72.998438813699707, -39.439293939553679 ], [ -72.975212066542881, -39.438891806976855 ], [ -72.974951209700023, -39.447896800277313 ], [ -72.998180944298227, -39.448299060862318 ], [ -72.998438813699707, -39.439293939553679 ] ] ] } }
]
}
