{
"type": "FeatureCollection",
"name": "boletin_mineria_20260727",
"crs": { "type": "name", "properties": { "name": "urn:ogc:def:crs:OGC:1.3:CRS84" } },
"features": [
{ "type": "Feature", "properties": { "cve": "2842578", "nombre": "TALTAPE 17 1 al 30", "solicitante": "Río Tinto Mining and Exploration Limited Agencia en Chile", "region": "REGIÓN DE ARICA Y PARINACOTA", "provincia": "Provincia de Arica", "comuna": "Camarones", "superficie_ha": 300.0, "datum_original": "PSAD56", "huso": 19, "epsg_origen": 24879, "tipo_publicacion": "manifestacion", "fuente_pdf": "http://www.diariooficial.interior.gob.cl/publicaciones/2026/07/27/44509/07/2842578.pdf", "archivo": "gm_manifestacion_2842578.pdf", "fecha": "27-07-2026", "edicion": "44509" }, "geometry": { "type": "Polygon", "coordinates": [ [ [ -69.505362749969848, -19.017823360997596 ], [ -69.495860928502452, -19.017849087637479 ], [ -69.495941373671769, -19.044960962445391 ], [ -69.505444736492862, -19.044935196379512 ], [ -69.505362749969848, -19.017823360997596 ] ] ] } },
{ "type": "Feature", "properties": { "cve": "2842568", "nombre": "SUCHE 1, 1 AL 60", "solicitante": "Southern Copper Corporation Agencia en Chile", "region": "REGIÓN DE ARICA Y PARINACOTA", "provincia": "Provincia de Parinacota", "comuna": "Putre", "superficie_ha": 300.0, "datum_original": "PSAD56", "huso": 19, "epsg_origen": 24879, "tipo_publicacion": "manifestacion", "fuente_pdf": "http://www.diariooficial.interior.gob.cl/publicaciones/2026/07/27/44509/07/2842568.pdf", "archivo": "gm_manifestacion_2842568.pdf", "fecha": "27-07-2026", "edicion": "44509" }, "geometry": { "type": "Polygon", "coordinates": [ [ [ -69.399798979031146, -18.525405678099343 ], [ -69.390324711800659, -18.525425474373492 ], [ -69.390386275565106, -18.552538753618354 ], [ -69.399862037023638, -18.552518926314882 ], [ -69.399798979031146, -18.525405678099343 ] ] ] } },
{ "type": "Feature", "properties": { "cve": "2842877", "nombre": "LORETO 1 AL 30", "solicitante": "Ruiz Guerrero Jorge", "region": "REGIÓN DE TARAPACÁ", "provincia": "Provincia del Tamarugal", "comuna": "Pozo Almonte", "superficie_ha": 300.0, "datum_original": "PSAD56", "huso": 19, "epsg_origen": 24879, "tipo_publicacion": "manifestacion", "fuente_pdf": "http://www.diariooficial.interior.gob.cl/publicaciones/2026/07/27/44509/07/2842877.pdf", "archivo": "gm_manifestacion_2842877.pdf", "fecha": "27-07-2026", "edicion": "44509" }, "geometry": { "type": "Polygon", "coordinates": [ [ [ -69.397360953378325, -21.408177414710313 ], [ -69.368416409465169, -21.408243520365005 ], [ -69.36843905682467, -21.417278492880978 ], [ -69.397385379912066, -21.417212356640945 ], [ -69.397360953378325, -21.408177414710313 ] ] ] } },
{ "type": "Feature", "properties": { "cve": "2842874", "nombre": "PAMPA 1B 1 AL 15", "solicitante": "Zabaleta Andrade José Iván", "region": "REGIÓN DE TARAPACÁ", "provincia": "Provincia del Tamarugal", "comuna": "POZO ALMONTE", "superficie_ha": 75.0, "datum_original": "WGS84", "huso": 19, "epsg_origen": 32719, "tipo_publicacion": "manifestacion", "fuente_pdf": "http://www.diariooficial.interior.gob.cl/publicaciones/2026/07/27/44509/07/2842874.pdf", "archivo": "gm_manifestacion_2842874.pdf", "fecha": "27-07-2026", "edicion": "44509" }, "geometry": { "type": "Polygon", "coordinates": [ [ [ -69.434093392139502, -21.379852119082852 ], [ -69.419623911881985, -21.379888927342652 ], [ -69.419636791166269, -21.384406425761945 ], [ -69.43410671549411, -21.384369608979043 ], [ -69.434093392139502, -21.379852119082852 ] ] ] } },
{ "type": "Feature", "properties": { "cve": "2843171", "nombre": "CASTAÑA II 1, 1 AL 10", "solicitante": "Minera Centinela", "region": "REGIÓN DE ANTOFAGASTA", "provincia": "Provincia de Antofagasta", "comuna": null, "superficie_ha": 100.0, "datum_original": "PSAD56", "huso": 19, "epsg_origen": 24879, "tipo_publicacion": "manifestacion", "fuente_pdf": "http://www.diariooficial.interior.gob.cl/publicaciones/2026/07/27/44509/07/2843171.pdf", "archivo": "gm_manifestacion_2843171.pdf", "fecha": "27-07-2026", "edicion": "44509" }, "geometry": { "type": "Polygon", "coordinates": [ [ [ -69.2757993949986, -23.3823485313399 ], [ -69.266013941572155, -23.382365478761912 ], [ -69.266031973966705, -23.391398317143651 ], [ -69.27581809070351, -23.391381362411948 ], [ -69.2757993949986, -23.3823485313399 ] ] ] } },
{ "type": "Feature", "properties": { "cve": "2843170", "nombre": "CASTAÑA II 2, 1 AL 20", "solicitante": "Minera Centinela", "region": "REGIÓN DE ANTOFAGASTA", "provincia": "Provincia de Antofagasta", "comuna": null, "superficie_ha": 200.0, "datum_original": "PSAD56", "huso": 19, "epsg_origen": 24879, "tipo_publicacion": "manifestacion", "fuente_pdf": "http://www.diariooficial.interior.gob.cl/publicaciones/2026/07/27/44509/07/2843170.pdf", "archivo": "gm_manifestacion_2843170.pdf", "fecha": "27-07-2026", "edicion": "44509" }, "geometry": { "type": "Polygon", "coordinates": [ [ [ -69.354142685676251, -23.404772803008573 ], [ -69.344355657498355, -23.404794671052542 ], [ -69.344402405157126, -23.422860152784327 ], [ -69.354190761896518, -23.422838265889201 ], [ -69.354142685676251, -23.404772803008573 ] ] ] } },
{ "type": "Feature", "properties": { "cve": "2842419", "nombre": "CELTICA II 1, 1 AL 200", "solicitante": "Minera Centinela", "region": "REGIÓN DE ANTOFAGASTA", "provincia": "Provincia de Antofagasta", "comuna": null, "superficie_ha": 200.0, "datum_original": "PSAD56", "huso": 19, "epsg_origen": 24879, "tipo_publicacion": "manifestacion", "fuente_pdf": "http://www.diariooficial.interior.gob.cl/publicaciones/2026/07/27/44509/07/2842419.pdf", "archivo": "gm_manifestacion_2842419.pdf", "fecha": "27-07-2026", "edicion": "44509" }, "geometry": { "type": "Polygon", "coordinates": [ [ [ -68.835858580684118, -23.048280501020773 ], [ -68.816336146863762, -23.048259035895676 ], [ -68.816323895373046, -23.057292312535147 ], [ -68.835847631442775, -23.05731378702302 ], [ -68.835858580684118, -23.048280501020773 ] ] ] } },
{ "type": "Feature", "properties": { "cve": "2843183", "nombre": "CERRO SOMBRERO NORTE 1 AL 12", "solicitante": "Anmakal Minería SpA", "region": "REGIÓN DE ANTOFAGASTA", "provincia": "Provincia de Antofagasta", "comuna": null, "superficie_ha": 60.0, "datum_original": "PSAD56", "huso": 19, "epsg_origen": 24879, "tipo_publicacion": "manifestacion", "fuente_pdf": "http://www.diariooficial.interior.gob.cl/publicaciones/2026/07/27/44509/07/2843183.pdf", "archivo": "gm_manifestacion_2843183.pdf", "fecha": "27-07-2026", "edicion": "44509" }, "geometry": { "type": "Polygon", "coordinates": [ [ [ -69.297219035850432, -24.19793319606881 ], [ -69.287372355183876, -24.197952079748696 ], [ -69.287384501287463, -24.203371196776239 ], [ -69.297231598119964, -24.203352308336534 ], [ -69.297219035850432, -24.19793319606881 ] ] ] } },
{ "type": "Feature", "properties": { "cve": "2843025", "nombre": "DAYAN 15 1 AL 32", "solicitante": "Compañía Minera Nortearido Minerals S.C.M.", "region": "REGIÓN DE ANTOFAGASTA", "provincia": "Provincia de Antofagasta", "comuna": null, "superficie_ha": 320.0, "datum_original": "PSAD56", "huso": 19, "epsg_origen": 24879, "tipo_publicacion": "manifestacion", "fuente_pdf": "http://www.diariooficial.interior.gob.cl/publicaciones/2026/07/27/44509/07/2843025.pdf", "archivo": "gm_manifestacion_2843025.pdf", "fecha": "27-07-2026", "edicion": "44509" }, "geometry": { "type": "Polygon", "coordinates": [ [ [ -70.078701390698143, -23.925279964502767 ], [ -70.062982498517229, -23.925389479439438 ], [ -70.063130402481136, -23.943450941197018 ], [ -70.078851480770894, -23.94334133345431 ], [ -70.078701390698143, -23.925279964502767 ] ] ] } },
{ "type": "Feature", "properties": { "cve": "2842880", "nombre": "DON EDUARDO 1 AL 20", "solicitante": "SLM Río Blanco Primera de la Comuna de Taltal", "region": "REGIÓN DE ANTOFAGASTA", "provincia": "Provincia de Antofagasta", "comuna": null, "superficie_ha": 100.0, "datum_original": "PSAD56", "huso": 19, "epsg_origen": 24879, "tipo_publicacion": "manifestacion", "fuente_pdf": "http://www.diariooficial.interior.gob.cl/publicaciones/2026/07/27/44509/07/2842880.pdf", "archivo": "gm_manifestacion_2842880.pdf", "fecha": "27-07-2026", "edicion": "44509" }, "geometry": { "type": "Polygon", "coordinates": [ [ [ -70.485041813650184, -24.746573414486342 ], [ -70.475155552221366, -24.746671051955069 ], [ -70.475262137450372, -24.755699357307506 ], [ -70.485149112558858, -24.755601679519888 ], [ -70.485041813650184, -24.746573414486342 ] ] ] } },
{ "type": "Feature", "properties": { "cve": "2843184", "nombre": "PIVOTE XS 1 AL 10", "solicitante": "Anmakal Minería SpA", "region": "REGIÓN DE ANTOFAGASTA", "provincia": "Provincia de Antofagasta", "comuna": null, "superficie_ha": 50.0, "datum_original": "PSAD56", "huso": 19, "epsg_origen": 24879, "tipo_publicacion": "manifestacion", "fuente_pdf": "http://www.diariooficial.interior.gob.cl/publicaciones/2026/07/27/44509/07/2843184.pdf", "archivo": "gm_manifestacion_2843184.pdf", "fecha": "27-07-2026", "edicion": "44509" }, "geometry": { "type": "Polygon", "coordinates": [ [ [ -69.27263977407668, -24.215591350873026 ], [ -69.262791716165964, -24.215608658407543 ], [ -69.262800979548288, -24.220124588325067 ], [ -69.272649384591801, -24.220107277157123 ], [ -69.27263977407668, -24.215591350873026 ] ] ] } },
{ "type": "Feature", "properties": { "cve": "2842881", "nombre": "VOLCANES 1 AL 2", "solicitante": "SLM Río Blanco Primera de la Comuna de Taltal", "region": "REGIÓN DE ANTOFAGASTA", "provincia": "Provincia de Antofagasta", "comuna": null, "superficie_ha": 2.0, "datum_original": "PSAD56", "huso": 19, "epsg_origen": 24879, "tipo_publicacion": "manifestacion", "fuente_pdf": "http://www.diariooficial.interior.gob.cl/publicaciones/2026/07/27/44509/07/2842881.pdf", "archivo": "gm_manifestacion_2842881.pdf", "fecha": "27-07-2026", "edicion": "44509" }, "geometry": { "type": "Polygon", "coordinates": [ [ [ -70.30835768945883, -24.952470899159565 ], [ -70.306377017131638, -24.952488282039877 ], [ -70.306386543567683, -24.95339115288316 ], [ -70.308367230328415, -24.953373769289438 ], [ -70.30835768945883, -24.952470899159565 ] ] ] } },
{ "type": "Feature", "properties": { "cve": "2842882", "nombre": "VOLCANES II", "solicitante": "SLM Río Blanco Primera de la Comuna de Taltal", "region": "REGIÓN DE ANTOFAGASTA", "provincia": "Provincia de Antofagasta", "comuna": null, "superficie_ha": 1.0, "datum_original": "PSAD56", "huso": 19, "epsg_origen": 24879, "tipo_publicacion": "manifestacion", "fuente_pdf": "http://www.diariooficial.interior.gob.cl/publicaciones/2026/07/27/44509/07/2842882.pdf", "archivo": "gm_manifestacion_2842882.pdf", "fecha": "27-07-2026", "edicion": "44509" }, "geometry": { "type": "Polygon", "coordinates": [ [ [ -70.310357566566012, -24.954268257369357 ], [ -70.309367217052298, -24.954276965977435 ], [ -70.309376766068539, -24.955179835521548 ], [ -70.31036712279969, -24.955171126556074 ], [ -70.310357566566012, -24.954268257369357 ] ] ] } },
{ "type": "Feature", "properties": { "cve": "2842091", "nombre": "AGUAS CALIENTES 1, 1 AL 20", "solicitante": "Compañía Minera Kairos Chile SpA", "region": "REGIÓN DE ANTOFAGASTA", "provincia": "Provincia de El Loa", "comuna": "SAN PEDRO DE ATACAMA", "superficie_ha": 200.0, "datum_original": "PSAD56", "huso": 19, "epsg_origen": 24879, "tipo_publicacion": "manifestacion", "fuente_pdf": "http://www.diariooficial.interior.gob.cl/publicaciones/2026/07/27/44509/07/2842091.pdf", "archivo": "gm_manifestacion_2842091.pdf", "fecha": "27-07-2026", "edicion": "44509" }, "geometry": { "type": "Polygon", "coordinates": [ [ [ -67.400123723826511, -23.130582361988584 ], [ -67.380597068492122, -23.130383038580263 ], [ -67.380488628890475, -23.139412641740925 ], [ -67.400016590414566, -23.139612051815327 ], [ -67.400123723826511, -23.130582361988584 ] ] ] } },
{ "type": "Feature", "properties": { "cve": "2842092", "nombre": "AGUAS CALIENTES 2, 1 AL 30", "solicitante": "Compañía Minera Kairos Chile SpA", "region": "REGIÓN DE ANTOFAGASTA", "provincia": "Provincia de El Loa", "comuna": "SAN PEDRO DE ATACAMA", "superficie_ha": 300.0, "datum_original": "PSAD56", "huso": 19, "epsg_origen": 24879, "tipo_publicacion": "manifestacion", "fuente_pdf": "http://www.diariooficial.interior.gob.cl/publicaciones/2026/07/27/44509/07/2842092.pdf", "archivo": "gm_manifestacion_2842092.pdf", "fecha": "27-07-2026", "edicion": "44509" }, "geometry": { "type": "Polygon", "coordinates": [ [ [ -67.385262431496457, -23.148492334853188 ], [ -67.375497851654444, -23.148391982016847 ], [ -67.375171060810018, -23.175480627757047 ], [ -67.384937602843522, -23.175581111431065 ], [ -67.385262431496457, -23.148492334853188 ] ] ] } },
{ "type": "Feature", "properties": { "cve": "2842093", "nombre": "AGUAS CALIENTES 3, 1 AL 30", "solicitante": "Compañía Minera Kairos Chile SpA", "region": "REGIÓN DE ANTOFAGASTA", "provincia": "Provincia de El Loa", "comuna": "SAN PEDRO DE ATACAMA", "superficie_ha": 300.0, "datum_original": "PSAD56", "huso": 19, "epsg_origen": 24879, "tipo_publicacion": "manifestacion", "fuente_pdf": "http://www.diariooficial.interior.gob.cl/publicaciones/2026/07/27/44509/07/2842093.pdf", "archivo": "gm_manifestacion_2842093.pdf", "fecha": "27-07-2026", "edicion": "44509" }, "geometry": { "type": "Polygon", "coordinates": [ [ [ -67.394811875529967, -23.166651365226478 ], [ -67.385045933472171, -23.166551530154692 ], [ -67.384720778271998, -23.193640241218226 ], [ -67.39448868454177, -23.19374020637364 ], [ -67.394811875529967, -23.166651365226478 ] ] ] } },
{ "type": "Feature", "properties": { "cve": "2842094", "nombre": "AGUAS CALIENTES 4, 1 AL 20", "solicitante": "Compañía Minera Kairos Chile SpA", "region": "REGIÓN DE ANTOFAGASTA", "provincia": "Provincia de El Loa", "comuna": "SAN PEDRO DE ATACAMA", "superficie_ha": 200.0, "datum_original": "PSAD56", "huso": 19, "epsg_origen": 24879, "tipo_publicacion": "manifestacion", "fuente_pdf": "http://www.diariooficial.interior.gob.cl/publicaciones/2026/07/27/44509/07/2842094.pdf", "archivo": "gm_manifestacion_2842094.pdf", "fecha": "27-07-2026", "edicion": "44509" }, "geometry": { "type": "Polygon", "coordinates": [ [ [ -67.384991774960909, -23.171066322157753 ], [ -67.375225560164665, -23.170965860293563 ], [ -67.375007480595869, -23.189024913756178 ], [ -67.384775004834239, -23.189125462868187 ], [ -67.384991774960909, -23.171066322157753 ] ] ] } },
{ "type": "Feature", "properties": { "cve": "2842095", "nombre": "AGUAS CALIENTES 5, 1 AL 30", "solicitante": "Compañía Minera Kairos Chile SpA", "region": "REGIÓN DE ANTOFAGASTA", "provincia": "Provincia de El Loa", "comuna": "SAN PEDRO DE ATACAMA", "superficie_ha": 300.0, "datum_original": "PSAD56", "huso": 19, "epsg_origen": 24879, "tipo_publicacion": "manifestacion", "fuente_pdf": "http://www.diariooficial.interior.gob.cl/publicaciones/2026/07/27/44509/07/2842095.pdf", "archivo": "gm_manifestacion_2842095.pdf", "fecha": "27-07-2026", "edicion": "44509" }, "geometry": { "type": "Polygon", "coordinates": [ [ [ -67.375552268909971, -23.1438771981726 ], [ -67.346259839157327, -23.143572579239667 ], [ -67.346149030353047, -23.152602011811499 ], [ -67.375443420720828, -23.152906763132027 ], [ -67.375552268909971, -23.1438771981726 ] ] ] } },
{ "type": "Feature", "properties": { "cve": "2842096", "nombre": "AGUAS CALIENTES 6, 1 AL 30", "solicitante": "Compañía Minera Kairos Chile SpA", "region": "REGIÓN DE ANTOFAGASTA", "provincia": "Provincia de El Loa", "comuna": "SAN PEDRO DE ATACAMA", "superficie_ha": 300.0, "datum_original": "PSAD56", "huso": 19, "epsg_origen": 24879, "tipo_publicacion": "manifestacion", "fuente_pdf": "http://www.diariooficial.interior.gob.cl/publicaciones/2026/07/27/44509/07/2842096.pdf", "archivo": "gm_manifestacion_2842096.pdf", "fecha": "27-07-2026", "edicion": "44509" }, "geometry": { "type": "Polygon", "coordinates": [ [ [ -67.375443420720828, -23.152906763132027 ], [ -67.346149030353047, -23.152602011811499 ], [ -67.346038165843012, -23.161631433448157 ], [ -67.375334517811154, -23.161936317173463 ], [ -67.375443420720828, -23.152906763132027 ] ] ] } },
{ "type": "Feature", "properties": { "cve": "2842098", "nombre": "AGUAS CALIENTES 7, 1 AL 30", "solicitante": "Compañía Minera Kairos Chile SpA", "region": "REGIÓN DE ANTOFAGASTA", "provincia": "Provincia de El Loa", "comuna": "SAN PEDRO DE ATACAMA", "superficie_ha": 300.0, "datum_original": "PSAD56", "huso": 19, "epsg_origen": 24879, "tipo_publicacion": "manifestacion", "fuente_pdf": "http://www.diariooficial.interior.gob.cl/publicaciones/2026/07/27/44509/07/2842098.pdf", "archivo": "gm_manifestacion_2842098.pdf", "fecha": "27-07-2026", "edicion": "44509" }, "geometry": { "type": "Polygon", "coordinates": [ [ [ -67.375334517811154, -23.161936317173463 ], [ -67.346038165843012, -23.161631433448157 ], [ -67.345927245610667, -23.170660844146241 ], [ -67.375225560164665, -23.170965860293563 ], [ -67.375334517811154, -23.161936317173463 ] ] ] } },
{ "type": "Feature", "properties": { "cve": "2842099", "nombre": "AGUAS CALIENTES 8, 1 AL 30", "solicitante": "Compañía Minera Kairos Chile SpA", "region": "REGIÓN DE ANTOFAGASTA", "provincia": "Provincia de El Loa", "comuna": "SAN PEDRO DE ATACAMA", "superficie_ha": 300.0, "datum_original": "PSAD56", "huso": 19, "epsg_origen": 24879, "tipo_publicacion": "manifestacion", "fuente_pdf": "http://www.diariooficial.interior.gob.cl/publicaciones/2026/07/27/44509/07/2842099.pdf", "archivo": "gm_manifestacion_2842099.pdf", "fecha": "27-07-2026", "edicion": "44509" }, "geometry": { "type": "Polygon", "coordinates": [ [ [ -67.375225560164665, -23.170965860293563 ], [ -67.345927245610667, -23.170660844146241 ], [ -67.345816269639357, -23.1796902439024 ], [ -67.375116547765018, -23.179995392488923 ], [ -67.375225560164665, -23.170965860293563 ] ] ] } },
{ "type": "Feature", "properties": { "cve": "2842100", "nombre": "AGUAS CALIENTES 9, 1 AL 30", "solicitante": "Compañía Minera Kairos Chile SpA", "region": "REGIÓN DE ANTOFAGASTA", "provincia": "Provincia de El Loa", "comuna": "SAN PEDRO DE ATACAMA", "superficie_ha": 300.0, "datum_original": "PSAD56", "huso": 19, "epsg_origen": 24879, "tipo_publicacion": "manifestacion", "fuente_pdf": "http://www.diariooficial.interior.gob.cl/publicaciones/2026/07/27/44509/07/2842100.pdf", "archivo": "gm_manifestacion_2842100.pdf", "fecha": "27-07-2026", "edicion": "44509" }, "geometry": { "type": "Polygon", "coordinates": [ [ [ -67.375116547765018, -23.179995392488923 ], [ -67.345816269639357, -23.1796902439024 ], [ -67.345705237912455, -23.18871963271323 ], [ -67.375007480595869, -23.189024913756178 ], [ -67.375116547765018, -23.179995392488923 ] ] ] } },
{ "type": "Feature", "properties": { "cve": "2842869", "nombre": "AMIEL H 7, 1 AL 4", "solicitante": "Corporación Nacional del Cobre de Chile", "region": "REGIÓN DE ANTOFAGASTA", "provincia": "Provincia de El Loa", "comuna": null, "superficie_ha": 20.0, "datum_original": "WGS84", "huso": 19, "epsg_origen": 32719, "tipo_publicacion": "manifestacion", "fuente_pdf": "http://www.diariooficial.interior.gob.cl/publicaciones/2026/07/27/44509/07/2842869.pdf", "archivo": "gm_manifestacion_2842869.pdf", "fecha": "27-07-2026", "edicion": "44509" }, "geometry": { "type": "Polygon", "coordinates": [ [ [ -68.253284924117693, -21.205736352487772 ], [ -68.243650522579117, -21.205693484692635 ], [ -68.243641320800165, -21.207500412175143 ], [ -68.253275839524548, -21.207543283967055 ], [ -68.253284924117693, -21.205736352487772 ] ] ] } },
{ "type": "Feature", "properties": { "cve": "2842018", "nombre": "GUAYACAN 1/10", "solicitante": "Álvarez Bugueño Omar del Carmen", "region": "REGIÓN DE COQUIMBO", "provincia": "Provincia de Choapa", "comuna": null, "superficie_ha": 80.0, "datum_original": "WGS84", "huso": 19, "epsg_origen": 32719, "tipo_publicacion": "manifestacion", "fuente_pdf": "http://www.diariooficial.interior.gob.cl/publicaciones/2026/07/27/44509/07/2842018.pdf", "archivo": "gm_manifestacion_2842018.pdf", "fecha": "27-07-2026", "edicion": "44509" }, "geometry": { "type": "Polygon", "coordinates": [ [ [ -71.201429784911667, -31.46891888935799 ], [ -71.190910744634067, -31.469099386279066 ], [ -71.191078843484405, -31.476312139637514 ], [ -71.201598689255647, -31.476131591952822 ], [ -71.201429784911667, -31.46891888935799 ] ] ] } },
{ "type": "Feature", "properties": { "cve": "2842047", "nombre": "LA TIJERA 1/5", "solicitante": "Robles Vicencio Cerafin del Tránsito", "region": "REGIÓN DE COQUIMBO", "provincia": "Provincia de Choapa", "comuna": null, "superficie_ha": 25.0, "datum_original": "WGS84", "huso": 19, "epsg_origen": 32719, "tipo_publicacion": "manifestacion", "fuente_pdf": "http://www.diariooficial.interior.gob.cl/publicaciones/2026/07/27/44509/07/2842047.pdf", "archivo": "gm_manifestacion_2842047.pdf", "fecha": "27-07-2026", "edicion": "44509" }, "geometry": { "type": "Polygon", "coordinates": [ [ [ -71.446738294030908, -31.189656647604654 ], [ -71.441495204179091, -31.189756282527497 ], [ -71.441610991344817, -31.194263650362981 ], [ -71.446854329244289, -31.194163997839965 ], [ -71.446738294030908, -31.189656647604654 ] ] ] } },
{ "type": "Feature", "properties": { "cve": "2842556", "nombre": "REGALONA SEGUNDA 1 AL 20", "solicitante": "Zepeda Veas Yuvitza Paola", "region": "REGIÓN DE COQUIMBO", "provincia": "Provincia de Limarí", "comuna": "Monte Patria", "superficie_ha": 100.0, "datum_original": "PSAD56", "huso": 19, "epsg_origen": 24879, "tipo_publicacion": "manifestacion", "fuente_pdf": "http://www.diariooficial.interior.gob.cl/publicaciones/2026/07/27/44509/07/2842556.pdf", "archivo": "gm_manifestacion_2842556.pdf", "fecha": "27-07-2026", "edicion": "44509" }, "geometry": { "type": "Polygon", "coordinates": [ [ [ -70.643565510657027, -31.140854400825589 ], [ -70.633079469184537, -31.140987793769376 ], [ -70.633234093953632, -31.150007102173898 ], [ -70.643721127189252, -31.149873662032817 ], [ -70.643565510657027, -31.140854400825589 ] ] ] } },
{ "type": "Feature", "properties": { "cve": "2842274", "nombre": "RAMBO 1 AL 30", "solicitante": "González Mejías Juan Francisco y otro", "region": "REGIÓN METROPOLITANA DE SANTIAGO", "provincia": "Provincia Cordillera", "comuna": null, "superficie_ha": 60.0, "datum_original": "PSAD56", "huso": 19, "epsg_origen": 24879, "tipo_publicacion": "manifestacion", "fuente_pdf": "http://www.diariooficial.interior.gob.cl/publicaciones/2026/07/27/44509/07/2842274.pdf", "archivo": "gm_manifestacion_2842274.pdf", "fecha": "27-07-2026", "edicion": "44509" }, "geometry": { "type": "Polygon", "coordinates": [ [ [ -70.556846059199927, -33.699025843730624 ], [ -70.546059376105205, -33.699161316808947 ], [ -70.546156298940659, -33.704570917561156 ], [ -70.556943657591631, -33.704435416929215 ], [ -70.556846059199927, -33.699025843730624 ] ] ] } },
{ "type": "Feature", "properties": { "cve": "2842307", "nombre": "CAMAN 29 D, 1 AL 300", "solicitante": "AR Caman SpA", "region": "REGIÓN DE LOS RÍOS", "provincia": "Provincia de Valdivia", "comuna": null, "superficie_ha": 300.0, "datum_original": "PSAD56", "huso": 18, "epsg_origen": 24878, "tipo_publicacion": "manifestacion", "fuente_pdf": "http://www.diariooficial.interior.gob.cl/publicaciones/2026/07/27/44509/07/2842307.pdf", "archivo": "gm_manifestacion_2842307.pdf", "fecha": "27-07-2026", "edicion": "44509" }, "geometry": { "type": "Polygon", "coordinates": [ [ [ -73.012453864497061, -39.938862297743732 ], [ -72.977361634730457, -39.938255227496235 ], [ -72.977096399335196, -39.947259451045134 ], [ -73.012193223412226, -39.947866713882533 ], [ -73.012453864497061, -39.938862297743732 ] ] ] } },
{ "type": "Feature", "properties": { "cve": "2842306", "nombre": "CAMAN 7 D, 1 AL 300", "solicitante": "AR Caman SpA", "region": "REGIÓN DE LOS RÍOS", "provincia": "Provincia de Valdivia", "comuna": null, "superficie_ha": 300.0, "datum_original": "PSAD56", "huso": 18, "epsg_origen": 24878, "tipo_publicacion": "manifestacion", "fuente_pdf": "http://www.diariooficial.interior.gob.cl/publicaciones/2026/07/27/44509/07/2842306.pdf", "archivo": "gm_manifestacion_2842306.pdf", "fecha": "27-07-2026", "edicion": "44509" }, "geometry": { "type": "Polygon", "coordinates": [ [ [ -73.030463309800041, -39.984214110514891 ], [ -72.99534750383792, -39.983611923228004 ], [ -72.99508420362595, -39.992616175268751 ], [ -73.03020461452337, -39.99321855354259 ], [ -73.030463309800041, -39.984214110514891 ] ] ] } },
{ "type": "Feature", "properties": { "cve": "2842149", "nombre": "MOSQUITO II 1 AL 42", "solicitante": "Malbrán Codoceo José Luis", "region": "REGIÓN DE ANTOFAGASTA", "provincia": "Provincia de Antofagasta", "comuna": null, "superficie_ha": 42.0, "datum_original": "PSAD56", "huso": 19, "epsg_origen": 24879, "tipo_publicacion": "mensura", "fuente_pdf": "http://www.diariooficial.interior.gob.cl/publicaciones/2026/07/27/44509/07/2842149.pdf", "archivo": "gm_mensura_2842149.pdf", "fecha": "27-07-2026", "edicion": "44509" }, "geometry": { "type": "Polygon", "coordinates": [ [ [ -69.196756855878192, -22.863058638123061 ], [ -69.190908098863773, -22.863065761262508 ], [ -69.1909169326983, -22.869389202266518 ], [ -69.196765960346355, -22.869382076938404 ], [ -69.196756855878192, -22.863058638123061 ] ] ] } },
{ "type": "Feature", "properties": { "cve": "2842136", "nombre": "RAFAELA II 1 AL 8", "solicitante": "Ramírez Ramírez Paolo", "region": "REGIÓN DE ANTOFAGASTA", "provincia": "Provincia de Antofagasta", "comuna": null, "superficie_ha": 8.0, "datum_original": "PSAD56", "huso": 19, "epsg_origen": 24879, "tipo_publicacion": "mensura", "fuente_pdf": "http://www.diariooficial.interior.gob.cl/publicaciones/2026/07/27/44509/07/2842136.pdf", "archivo": "gm_mensura_2842136.pdf", "fecha": "27-07-2026", "edicion": "44509" }, "geometry": { "type": "Polygon", "coordinates": [ [ [ -70.396533804288552, -23.511822900114833 ], [ -70.394575367468505, -23.511840450053057 ], [ -70.394613406662316, -23.515452490043081 ], [ -70.39657189685947, -23.515434937090934 ], [ -70.396533804288552, -23.511822900114833 ] ] ] } },
{ "type": "Feature", "properties": { "cve": "2843176", "nombre": "CATE A31, 1 al 60", "solicitante": "Minera Freeport-McMoran South America Limitada", "region": "REGIÓN DE ANTOFAGASTA", "provincia": "Provincia de Tocopilla", "comuna": null, "superficie_ha": 300.0, "datum_original": "PSAD56", "huso": 19, "epsg_origen": 24879, "tipo_publicacion": "mensura", "fuente_pdf": "http://www.diariooficial.interior.gob.cl/publicaciones/2026/07/27/44509/07/2843176.pdf", "archivo": "gm_mensura_2843176.pdf", "fecha": "27-07-2026", "edicion": "44509" }, "geometry": { "type": "Polygon", "coordinates": [ [ [ -69.283946612638729, -22.600952203990442 ], [ -69.274217299949967, -22.600969112134745 ], [ -69.274271018812414, -22.628070273702239 ], [ -69.28400223740131, -22.628053343086055 ], [ -69.283946612638729, -22.600952203990442 ] ] ] } },
{ "type": "Feature", "properties": { "cve": "2842446", "nombre": "MOOSE 4, 1 AL 60", "solicitante": "Gold Hart Chile SpA", "region": "REGIÓN DE ATACAMA", "provincia": "Provincia de Copiapó", "comuna": null, "superficie_ha": 300.0, "datum_original": "PSAD56", "huso": 19, "epsg_origen": 24879, "tipo_publicacion": "mensura", "fuente_pdf": "http://www.diariooficial.interior.gob.cl/publicaciones/2026/07/27/44509/07/2842446.pdf", "archivo": "gm_mensura_2842446.pdf", "fecha": "27-07-2026", "edicion": "44509" }, "geometry": { "type": "Polygon", "coordinates": [ [ [ -69.215173430058101, -27.856954710600885 ], [ -69.184701926737787, -27.856998864567117 ], [ -69.184717228255025, -27.866026296231393 ], [ -69.215191255924154, -27.865982125500153 ], [ -69.215173430058101, -27.856954710600885 ] ] ] } },
{ "type": "Feature", "properties": { "cve": "2842487", "nombre": "TURKA 1 AL 3", "solicitante": "Campillay Espinoza Mauricio Domingo", "region": "REGIÓN DE ATACAMA", "provincia": "Provincia de Huasco", "comuna": null, "superficie_ha": 12.0, "datum_original": "PSAD56", "huso": 19, "epsg_origen": 24879, "tipo_publicacion": "mensura", "fuente_pdf": "http://www.diariooficial.interior.gob.cl/publicaciones/2026/07/27/44509/07/2842487.pdf", "archivo": "gm_mensura_2842487.pdf", "fecha": "27-07-2026", "edicion": "44509" }, "geometry": { "type": "Polygon", "coordinates": [ [ [ -71.291551058299262, -29.15991400108225 ], [ -71.287441233525712, -29.159984267125747 ], [ -71.287501223132949, -29.162689822419772 ], [ -71.291611155459506, -29.162619548615567 ], [ -71.291551058299262, -29.15991400108225 ] ] ] } },
{ "type": "Feature", "properties": { "cve": "2842813", "nombre": "QUEBRADA DE ORO 1 AL 8", "solicitante": "Asesorías Mineras ABS SpA", "region": "REGIÓN DE COQUIMBO", "provincia": "Provincia de Elqui", "comuna": null, "superficie_ha": 20.0, "datum_original": "PSAD56", "huso": 19, "epsg_origen": 24879, "tipo_publicacion": "mensura", "fuente_pdf": "http://www.diariooficial.interior.gob.cl/publicaciones/2026/07/27/44509/07/2842813.pdf", "archivo": "gm_mensura_2842813.pdf", "fecha": "27-07-2026", "edicion": "44509" }, "geometry": { "type": "Polygon", "coordinates": [ [ [ -70.046189783239839, -29.808051419854706 ], [ -70.044120441851874, -29.808067784037821 ], [ -70.044129814853534, -29.808970118855328 ], [ -70.042060453193642, -29.808986451243392 ], [ -70.042069808052233, -29.809888786527338 ], [ -70.040000426122816, -29.809905087117901 ], [ -70.040009762836661, -29.810807422867132 ], [ -70.037940360640107, -29.810823691657767 ], [ -70.037949679207429, -29.811726027871114 ], [ -70.046227352079654, -29.811660755984899 ], [ -70.046189783239839, -29.808051419854706 ] ] ] } },
{ "type": "Feature", "properties": { "cve": "2842084", "nombre": "LOS COLACHOS 1 AL 7", "solicitante": "Olivares Cortés Esteban Nicolás", "region": "REGIÓN DE COQUIMBO", "provincia": "Provincia de Choapa", "comuna": null, "superficie_ha": 28.0, "datum_original": "PSAD56", "huso": 19, "epsg_origen": 24879, "tipo_publicacion": "mensura", "fuente_pdf": "http://www.diariooficial.interior.gob.cl/publicaciones/2026/07/27/44509/07/2842084.pdf", "archivo": "gm_mensura_2842084.pdf", "fecha": "27-07-2026", "edicion": "44509" }, "geometry": { "type": "Polygon", "coordinates": [ [ [ -71.069851544698352, -31.451312253743286 ], [ -71.065644383501095, -31.451380190727718 ], [ -71.065782948900221, -31.457691856073218 ], [ -71.069990391827076, -31.457623902363132 ], [ -71.069851544698352, -31.451312253743286 ] ] ] } },
{ "type": "Feature", "properties": { "cve": "2842725", "nombre": "PEPITA UNO 1 AL 20", "solicitante": "Pizarro Muñoz Brar Viris", "region": "REGIÓN DE COQUIMBO", "provincia": "Provincia de Choapa", "comuna": null, "superficie_ha": 100.0, "datum_original": "PSAD56", "huso": 19, "epsg_origen": 24879, "tipo_publicacion": "mensura", "fuente_pdf": "http://www.diariooficial.interior.gob.cl/publicaciones/2026/07/27/44509/07/2842725.pdf", "archivo": "gm_mensura_2842725.pdf", "fecha": "27-07-2026", "edicion": "44509" }, "geometry": { "type": "Polygon", "coordinates": [ [ [ -71.309181649710993, -31.191972364514918 ], [ -71.298694182682581, -31.192160202995154 ], [ -71.298912239973063, -31.201175830154863 ], [ -71.309400699706217, -31.200987925303345 ], [ -71.309181649710993, -31.191972364514918 ] ] ] } },
{ "type": "Feature", "properties": { "cve": "2841987", "nombre": "TOTORA III 1, 1 AL 40", "solicitante": "El Espino SpA", "region": "REGIÓN DE COQUIMBO", "provincia": "Provincia de Choapa", "comuna": null, "superficie_ha": 200.0, "datum_original": "PSAD56", "huso": 19, "epsg_origen": 24879, "tipo_publicacion": "mensura", "fuente_pdf": "http://www.diariooficial.interior.gob.cl/publicaciones/2026/07/27/44509/07/2841987.pdf", "archivo": "gm_mensura_2841987.pdf", "fecha": "27-07-2026", "edicion": "44509" }, "geometry": { "type": "Polygon", "coordinates": [ [ [ -71.126304315223848, -31.458505011024922 ], [ -71.11578596166207, -31.458679265128414 ], [ -71.116191702937655, -31.476711977608943 ], [ -71.126712069892179, -31.476537600938666 ], [ -71.126304315223848, -31.458505011024922 ] ] ] } },
{ "type": "Feature", "properties": { "cve": "2841988", "nombre": "TOTORA III 2, 1 AL 38", "solicitante": "Rojas Patiño Jesús", "region": "REGIÓN DE COQUIMBO", "provincia": "Provincia de Choapa", "comuna": null, "superficie_ha": 156.0, "datum_original": "PSAD56", "huso": 19, "epsg_origen": 24879, "tipo_publicacion": "mensura", "fuente_pdf": "http://www.diariooficial.interior.gob.cl/publicaciones/2026/07/27/44509/07/2841988.pdf", "archivo": "gm_mensura_2841988.pdf", "fecha": "27-07-2026", "edicion": "44509" }, "geometry": { "type": "Polygon", "coordinates": [ [ [ -71.11578596166207, -31.458679265128414 ], [ -71.112630437824947, -31.458731373096249 ], [ -71.112731688044377, -31.463239565620732 ], [ -71.106420313925355, -31.463343566854444 ], [ -71.106319365625168, -31.458835356047576 ], [ -71.105267517084584, -31.458852656337488 ], [ -71.10563085580435, -31.475082209848839 ], [ -71.112995044977524, -31.47496084983139 ], [ -71.113035575068622, -31.476764122228531 ], [ -71.116191702937655, -31.476711977608943 ], [ -71.11578596166207, -31.458679265128414 ] ] ] } },
{ "type": "Feature", "properties": { "cve": "2841989", "nombre": "TOTORA III 3, 1 AL 40", "solicitante": "Rojas Patiño Jesús", "region": "REGIÓN DE COQUIMBO", "provincia": "Provincia de Choapa", "comuna": null, "superficie_ha": 200.0, "datum_original": "PSAD56", "huso": 19, "epsg_origen": 24879, "tipo_publicacion": "mensura", "fuente_pdf": "http://www.diariooficial.interior.gob.cl/publicaciones/2026/07/27/44509/07/2841989.pdf", "archivo": "gm_mensura_2841989.pdf", "fecha": "27-07-2026", "edicion": "44509" }, "geometry": { "type": "Polygon", "coordinates": [ [ [ -71.112469032941192, -31.474969532435203 ], [ -71.101948744554988, -31.475142731196204 ], [ -71.102352093345971, -31.493175557895071 ], [ -71.112874396847545, -31.493002237344967 ], [ -71.112469032941192, -31.474969532435203 ] ] ] } },
{ "type": "Feature", "properties": { "cve": "2841990", "nombre": "TOTORA III 4, 1 AL 20", "solicitante": "Rojas Patiño Jesús", "region": "REGIÓN DE COQUIMBO", "provincia": "Provincia de Choapa", "comuna": null, "superficie_ha": 100.0, "datum_original": "PSAD56", "huso": 19, "epsg_origen": 24879, "tipo_publicacion": "mensura", "fuente_pdf": "http://www.diariooficial.interior.gob.cl/publicaciones/2026/07/27/44509/07/2841990.pdf", "archivo": "gm_mensura_2841990.pdf", "fecha": "27-07-2026", "edicion": "44509" }, "geometry": { "type": "Polygon", "coordinates": [ [ [ -71.112874396847545, -31.493002237344967 ], [ -71.102352093345971, -31.493175557895071 ], [ -71.102553903538222, -31.502191950286299 ], [ -71.113077215275155, -31.502018568824536 ], [ -71.112874396847545, -31.493002237344967 ] ] ] } },
{ "type": "Feature", "properties": { "cve": "2841991", "nombre": "TOTORA III 5, 1 AL 32", "solicitante": "Rojas Patiño Jesús", "region": "REGIÓN DE COQUIMBO", "provincia": "Provincia de Choapa", "comuna": null, "superficie_ha": 104.0, "datum_original": "PSAD56", "huso": 19, "epsg_origen": 24879, "tipo_publicacion": "mensura", "fuente_pdf": "http://www.diariooficial.interior.gob.cl/publicaciones/2026/07/27/44509/07/2841991.pdf", "archivo": "gm_mensura_2841991.pdf", "fecha": "27-07-2026", "edicion": "44509" }, "geometry": { "type": "Polygon", "coordinates": [ [ [ -71.09422305281619, -31.459033788388453 ], [ -71.090015611702086, -31.459102540821355 ], [ -71.09003965004689, -31.460184523007541 ], [ -71.093195268462097, -31.460132969451887 ], [ -71.093315660785251, -31.465542866492303 ], [ -71.085952115816056, -31.465663062657008 ], [ -71.086192151910765, -31.476482892381906 ], [ -71.091452435556775, -31.476397044929211 ], [ -71.091412319845034, -31.474593747405308 ], [ -71.094568418803576, -31.474542138937412 ], [ -71.09422305281619, -31.459033788388453 ] ] ] } },
{ "type": "Feature", "properties": { "cve": "2841992", "nombre": "TOTORA III 6, 1 AL 27", "solicitante": "Rojas Patiño Jesús", "region": "REGIÓN DE COQUIMBO", "provincia": "Provincia de Choapa", "comuna": null, "superficie_ha": 95.0, "datum_original": "PSAD56", "huso": 19, "epsg_origen": 24879, "tipo_publicacion": "mensura", "fuente_pdf": "http://www.diariooficial.interior.gob.cl/publicaciones/2026/07/27/44509/07/2841992.pdf", "archivo": "gm_mensura_2841992.pdf", "fecha": "27-07-2026", "edicion": "44509" }, "geometry": { "type": "Polygon", "coordinates": [ [ [ -71.083688446527461, -31.45848408612007 ], [ -71.075273542573385, -31.458620758691342 ], [ -71.075412793101876, -31.464932378358061 ], [ -71.082776330384192, -31.464812790631253 ], [ -71.082916118014836, -31.471124374034883 ], [ -71.081864116325178, -31.471141488102251 ], [ -71.081904043575065, -31.472944797594366 ], [ -71.082956065405099, -31.472927682323693 ], [ -71.083035970943769, -31.476534297227662 ], [ -71.086192151910765, -31.476482892381906 ], [ -71.085952115816056, -31.465663062657008 ], [ -71.083848237740114, -31.465697326731934 ], [ -71.083688446527461, -31.45848408612007 ] ] ] } },
{ "type": "Feature", "properties": { "cve": "2841993", "nombre": "TOTORA III 7, 1 AL 40", "solicitante": "Rojas Patiño Jesús", "region": "REGIÓN DE COQUIMBO", "provincia": "Provincia de Choapa", "comuna": null, "superficie_ha": 180.0, "datum_original": "PSAD56", "huso": 19, "epsg_origen": 24879, "tipo_publicacion": "mensura", "fuente_pdf": "http://www.diariooficial.interior.gob.cl/publicaciones/2026/07/27/44509/07/2841993.pdf", "archivo": "gm_mensura_2841993.pdf", "fecha": "27-07-2026", "edicion": "44509" }, "geometry": { "type": "Polygon", "coordinates": [ [ [ -71.091452435556775, -31.476397044929211 ], [ -71.083035970943769, -31.476534297227662 ], [ -71.083095909512224, -31.479239256941149 ], [ -71.082043817176682, -31.479256376423798 ], [ -71.082063788418907, -31.480158029984427 ], [ -71.078907475814077, -31.480209338416653 ], [ -71.078887534794148, -31.479307683052575 ], [ -71.077835438876178, -31.479324767989009 ], [ -71.07781550882487, -31.478423111884968 ], [ -71.076763422086174, -31.478440187584557 ], [ -71.07672358481301, -31.476636873757791 ], [ -71.070411166501216, -31.476739139401424 ], [ -71.070609784129431, -31.485755738910225 ], [ -71.091653068135699, -31.485413524174398 ], [ -71.091452435556775, -31.476397044929211 ] ] ] } },
{ "type": "Feature", "properties": { "cve": "2842698", "nombre": "LOS DOS AMIGOS 1 AL 20", "solicitante": "SLM Los Dos Amigos Uno de Huallillinga", "region": "REGIÓN DE COQUIMBO", "provincia": "Provincia de Limarí", "comuna": null, "superficie_ha": 100.0, "datum_original": "PSAD56", "huso": 19, "epsg_origen": 24879, "tipo_publicacion": "mensura", "fuente_pdf": "http://www.diariooficial.interior.gob.cl/publicaciones/2026/07/27/44509/07/2842698.pdf", "archivo": "gm_mensura_2842698.pdf", "fecha": "27-07-2026", "edicion": "44509" }, "geometry": { "type": "Polygon", "coordinates": [ [ [ -71.172873222117275, -30.663958800333589 ], [ -71.162442241732592, -30.66413284973839 ], [ -71.162643141988326, -30.673150057259882 ], [ -71.173075089601568, -30.672975945729299 ], [ -71.172873222117275, -30.663958800333589 ] ] ] } },
{ "type": "Feature", "properties": { "cve": "2841817", "nombre": "LUCIA 4, 1 AL 30", "solicitante": "CVE Proyecto Treinta y Cuatro SpA", "region": "REGIÓN METROPOLITANA DE SANTIAGO", "provincia": "Provincia de Chacabuco", "comuna": null, "superficie_ha": 150.0, "datum_original": "PSAD56", "huso": 19, "epsg_origen": 24879, "tipo_publicacion": "mensura", "fuente_pdf": "http://www.diariooficial.interior.gob.cl/publicaciones/2026/07/27/44509/07/2841817.pdf", "archivo": "gm_mensura_2841817.pdf", "fecha": "27-07-2026", "edicion": "44509" }, "geometry": { "type": "Polygon", "coordinates": [ [ [ -70.859937351046312, -33.079905646596998 ], [ -70.849228545627312, -33.080064963173477 ], [ -70.849511682354077, -33.093588188278922 ], [ -70.860222125107882, -33.093428789928673 ], [ -70.859937351046312, -33.079905646596998 ] ] ] } },
{ "type": "Feature", "properties": { "cve": "2841928", "nombre": "EL MAITENAL 1 AL 98", "solicitante": "El Maitenal Ltda.", "region": "REGIÓN DEL MAULE", "provincia": "Provincia de Curicó", "comuna": null, "superficie_ha": 98.0, "datum_original": "PSAD56", "huso": 19, "epsg_origen": 24879, "tipo_publicacion": "mensura", "fuente_pdf": "http://www.diariooficial.interior.gob.cl/publicaciones/2026/07/27/44509/07/2841928.pdf", "archivo": "gm_mensura_2841928.pdf", "fecha": "27-07-2026", "edicion": "44509" }, "geometry": { "type": "Polygon", "coordinates": [ [ [ -71.303941758043578, -34.943508981014986 ], [ -71.288622548293759, -34.943798673752589 ], [ -71.288797896592314, -34.950105835069905 ], [ -71.304118277536816, -34.949816074806677 ], [ -71.303941758043578, -34.943508981014986 ] ] ] } },
{ "type": "Feature", "properties": { "cve": "2842910", "nombre": "FRANCO 14", "solicitante": "Interconexiones del Norte S.A.", "region": "REGIÓN DE TARAPACÁ", "provincia": "Provincia del Tamarugal", "comuna": "Pozo Almonte", "superficie_ha": 300.0, "datum_original": "PSAD56", "huso": 19, "epsg_origen": 24879, "tipo_publicacion": "pedimento", "fuente_pdf": "http://www.diariooficial.interior.gob.cl/publicaciones/2026/07/27/44509/07/2842910.pdf", "archivo": "gm_pedimento_2842910.pdf", "fecha": "27-07-2026", "edicion": "44509" }, "geometry": { "type": "Polygon", "coordinates": [ [ [ -69.521821146433737, -21.543358455423451 ], [ -69.512164238271055, -21.543388386616112 ], [ -69.512259394670096, -21.57049230720936 ], [ -69.521918096819618, -21.570462334679423 ], [ -69.521821146433737, -21.543358455423451 ] ] ] } },
{ "type": "Feature", "properties": { "cve": "2843038", "nombre": "CARRASCO 1", "solicitante": "Verai Chile SpA", "region": "REGIÓN DE ANTOFAGASTA", "provincia": "Provincia de Antofagasta", "comuna": "Antofagasta", "superficie_ha": 300.0, "datum_original": "PSAD56", "huso": 19, "epsg_origen": 24879, "tipo_publicacion": "pedimento", "fuente_pdf": "http://www.diariooficial.interior.gob.cl/publicaciones/2026/07/27/44509/07/2843038.pdf", "archivo": "gm_pedimento_2843038.pdf", "fecha": "27-07-2026", "edicion": "44509" }, "geometry": { "type": "Polygon", "coordinates": [ [ [ -69.560545288646395, -23.611916331877094 ], [ -69.550743225851079, -23.611951412385736 ], [ -69.550856514305693, -23.639048125874563 ], [ -69.560660593140398, -23.639013000310996 ], [ -69.560545288646395, -23.611916331877094 ] ] ] } },
{ "type": "Feature", "properties": { "cve": "2843047", "nombre": "CARRASCO 10", "solicitante": "Verai Chile SpA", "region": "REGIÓN DE ANTOFAGASTA", "provincia": "Provincia de Antofagasta", "comuna": "Antofagasta", "superficie_ha": 300.0, "datum_original": "PSAD56", "huso": 19, "epsg_origen": 24879, "tipo_publicacion": "pedimento", "fuente_pdf": "http://www.diariooficial.interior.gob.cl/publicaciones/2026/07/27/44509/07/2843047.pdf", "archivo": "gm_pedimento_2843047.pdf", "fecha": "27-07-2026", "edicion": "44509" }, "geometry": { "type": "Polygon", "coordinates": [ [ [ -69.521444166352566, -23.639149785064639 ], [ -69.511640014333551, -23.639182432278993 ], [ -69.511745395602773, -23.666279222135746 ], [ -69.521551566738552, -23.666246533028598 ], [ -69.521444166352566, -23.639149785064639 ] ] ] } },
{ "type": "Feature", "properties": { "cve": "2843048", "nombre": "CARRASCO 11", "solicitante": "Verai Chile SpA", "region": "REGIÓN DE ANTOFAGASTA", "provincia": "Provincia de Antofagasta", "comuna": "Antofagasta", "superficie_ha": 300.0, "datum_original": "PSAD56", "huso": 19, "epsg_origen": 24879, "tipo_publicacion": "pedimento", "fuente_pdf": "http://www.diariooficial.interior.gob.cl/publicaciones/2026/07/27/44509/07/2843048.pdf", "archivo": "gm_pedimento_2843048.pdf", "fecha": "27-07-2026", "edicion": "44509" }, "geometry": { "type": "Polygon", "coordinates": [ [ [ -69.609764387268982, -23.656892313076426 ], [ -69.599959061802664, -23.656930569164125 ], [ -69.600082737429162, -23.684026889274126 ], [ -69.609890083863476, -23.683988584125441 ], [ -69.609764387268982, -23.656892313076426 ] ] ] } },
{ "type": "Feature", "properties": { "cve": "2843049", "nombre": "CARRASCO 12", "solicitante": "Verai Chile SpA", "region": "REGIÓN DE ANTOFAGASTA", "provincia": "Provincia de Antofagasta", "comuna": "Antofagasta", "superficie_ha": 300.0, "datum_original": "PSAD56", "huso": 19, "epsg_origen": 24879, "tipo_publicacion": "pedimento", "fuente_pdf": "http://www.diariooficial.interior.gob.cl/publicaciones/2026/07/27/44509/07/2843049.pdf", "archivo": "gm_pedimento_2843049.pdf", "fecha": "27-07-2026", "edicion": "44509" }, "geometry": { "type": "Polygon", "coordinates": [ [ [ -69.599959061802664, -23.656930569164125 ], [ -69.590153715853546, -23.656968205166446 ], [ -69.590275370493345, -23.684064573542233 ], [ -69.600082737429162, -23.684026889274126 ], [ -69.599959061802664, -23.656930569164125 ] ] ] } },
{ "type": "Feature", "properties": { "cve": "2843050", "nombre": "CARRASCO 13", "solicitante": "Verai Chile SpA", "region": "REGIÓN DE ANTOFAGASTA", "provincia": "Provincia de Antofagasta", "comuna": "Antofagasta", "superficie_ha": 300.0, "datum_original": "PSAD56", "huso": 19, "epsg_origen": 24879, "tipo_publicacion": "pedimento", "fuente_pdf": "http://www.diariooficial.interior.gob.cl/publicaciones/2026/07/27/44509/07/2843050.pdf", "archivo": "gm_pedimento_2843050.pdf", "fecha": "27-07-2026", "edicion": "44509" }, "geometry": { "type": "Polygon", "coordinates": [ [ [ -69.590153715853546, -23.656968205166446 ], [ -69.580348349756349, -23.657005221078258 ], [ -69.580467983391017, -23.684101636924627 ], [ -69.590275370493345, -23.684064573542233 ], [ -69.590153715853546, -23.656968205166446 ] ] ] } },
{ "type": "Feature", "properties": { "cve": "2843051", "nombre": "CARRASCO 14", "solicitante": "Verai Chile SpA", "region": "REGIÓN DE ANTOFAGASTA", "provincia": "Provincia de Antofagasta", "comuna": "Antofagasta", "superficie_ha": 300.0, "datum_original": "PSAD56", "huso": 19, "epsg_origen": 24879, "tipo_publicacion": "pedimento", "fuente_pdf": "http://www.diariooficial.interior.gob.cl/publicaciones/2026/07/27/44509/07/2843051.pdf", "archivo": "gm_pedimento_2843051.pdf", "fecha": "27-07-2026", "edicion": "44509" }, "geometry": { "type": "Polygon", "coordinates": [ [ [ -69.580348349756349, -23.657005221078258 ], [ -69.570542963845725, -23.657041616894482 ], [ -69.570660576457186, -23.684138079416233 ], [ -69.580467983391017, -23.684101636924627 ], [ -69.580348349756349, -23.657005221078258 ] ] ] } },
{ "type": "Feature", "properties": { "cve": "2843052", "nombre": "CARRASCO 15", "solicitante": "Verai Chile SpA", "region": "REGIÓN DE ANTOFAGASTA", "provincia": "Provincia de Antofagasta", "comuna": "Antofagasta", "superficie_ha": 300.0, "datum_original": "PSAD56", "huso": 19, "epsg_origen": 24879, "tipo_publicacion": "pedimento", "fuente_pdf": "http://www.diariooficial.interior.gob.cl/publicaciones/2026/07/27/44509/07/2843052.pdf", "archivo": "gm_pedimento_2843052.pdf", "fecha": "27-07-2026", "edicion": "44509" }, "geometry": { "type": "Polygon", "coordinates": [ [ [ -69.570542963845725, -23.657041616894482 ], [ -69.56073755845641, -23.657077392610123 ], [ -69.560853150026873, -23.684173901012034 ], [ -69.570660576457186, -23.684138079416233 ], [ -69.570542963845725, -23.657041616894482 ] ] ] } },
{ "type": "Feature", "properties": { "cve": "2843053", "nombre": "CARRASCO 16", "solicitante": "Verai Chile SpA", "region": "REGIÓN DE ANTOFAGASTA", "provincia": "Provincia de Antofagasta", "comuna": "Antofagasta", "superficie_ha": 300.0, "datum_original": "PSAD56", "huso": 19, "epsg_origen": 24879, "tipo_publicacion": "pedimento", "fuente_pdf": "http://www.diariooficial.interior.gob.cl/publicaciones/2026/07/27/44509/07/2843053.pdf", "archivo": "gm_pedimento_2843053.pdf", "fecha": "27-07-2026", "edicion": "44509" }, "geometry": { "type": "Polygon", "coordinates": [ [ [ -69.62950471388757, -23.683910111207471 ], [ -69.619697409461267, -23.683949658101451 ], [ -69.619825317550493, -23.711045783049354 ], [ -69.629634645921328, -23.711006185483754 ], [ -69.62950471388757, -23.683910111207471 ] ] ] } },
{ "type": "Feature", "properties": { "cve": "2843054", "nombre": "CARRASCO 17", "solicitante": "Verai Chile SpA", "region": "REGIÓN DE ANTOFAGASTA", "provincia": "Provincia de Antofagasta", "comuna": "Antofagasta", "superficie_ha": 300.0, "datum_original": "PSAD56", "huso": 19, "epsg_origen": 24879, "tipo_publicacion": "pedimento", "fuente_pdf": "http://www.diariooficial.interior.gob.cl/publicaciones/2026/07/27/44509/07/2843054.pdf", "archivo": "gm_pedimento_2843054.pdf", "fecha": "27-07-2026", "edicion": "44509" }, "geometry": { "type": "Polygon", "coordinates": [ [ [ -69.619697409461267, -23.683949658101451 ], [ -69.609890083863476, -23.683988584125441 ], [ -69.610015967988801, -23.711084758949468 ], [ -69.619825317550493, -23.711045783049354 ], [ -69.619697409461267, -23.683949658101451 ] ] ] } },
{ "type": "Feature", "properties": { "cve": "2843055", "nombre": "CARRASCO 18", "solicitante": "Verai Chile SpA", "region": "REGIÓN DE ANTOFAGASTA", "provincia": "Provincia de Antofagasta", "comuna": "Antofagasta", "superficie_ha": 300.0, "datum_original": "PSAD56", "huso": 19, "epsg_origen": 24879, "tipo_publicacion": "pedimento", "fuente_pdf": "http://www.diariooficial.interior.gob.cl/publicaciones/2026/07/27/44509/07/2843055.pdf", "archivo": "gm_pedimento_2843055.pdf", "fecha": "27-07-2026", "edicion": "44509" }, "geometry": { "type": "Polygon", "coordinates": [ [ [ -69.609890083863476, -23.683988584125441 ], [ -69.600082737429162, -23.684026889274126 ], [ -69.600206597571528, -23.711123113178768 ], [ -69.610015967988801, -23.711084758949468 ], [ -69.609890083863476, -23.683988584125441 ] ] ] } },
{ "type": "Feature", "properties": { "cve": "2843056", "nombre": "CARRASCO 19", "solicitante": "Verai Chile SpA", "region": "REGIÓN DE ANTOFAGASTA", "provincia": "Provincia de Antofagasta", "comuna": "Antofagasta", "superficie_ha": 200.0, "datum_original": "PSAD56", "huso": 19, "epsg_origen": 24879, "tipo_publicacion": "pedimento", "fuente_pdf": "http://www.diariooficial.interior.gob.cl/publicaciones/2026/07/27/44509/07/2843056.pdf", "archivo": "gm_pedimento_2843056.pdf", "fecha": "27-07-2026", "edicion": "44509" }, "geometry": { "type": "Polygon", "coordinates": [ [ [ -69.600082737429162, -23.684026889274126 ], [ -69.590275370493345, -23.684064573542233 ], [ -69.590356574410109, -23.702128765694532 ], [ -69.600165290345245, -23.702091049238497 ], [ -69.600082737429162, -23.684026889274126 ] ] ] } },
{ "type": "Feature", "properties": { "cve": "2843039", "nombre": "CARRASCO 2", "solicitante": "Verai Chile SpA", "region": "REGIÓN DE ANTOFAGASTA", "provincia": "Provincia de Antofagasta", "comuna": "Antofagasta", "superficie_ha": 300.0, "datum_original": "PSAD56", "huso": 19, "epsg_origen": 24879, "tipo_publicacion": "pedimento", "fuente_pdf": "http://www.diariooficial.interior.gob.cl/publicaciones/2026/07/27/44509/07/2843039.pdf", "archivo": "gm_pedimento_2843039.pdf", "fecha": "27-07-2026", "edicion": "44509" }, "geometry": { "type": "Polygon", "coordinates": [ [ [ -69.550743225851079, -23.611951412385736 ], [ -69.540941144275024, -23.611985874108772 ], [ -69.541052416673153, -23.639082631857836 ], [ -69.550856514305693, -23.639048125874563 ], [ -69.550743225851079, -23.611951412385736 ] ] ] } },
{ "type": "Feature", "properties": { "cve": "2843057", "nombre": "CARRASCO 20", "solicitante": "Verai Chile SpA", "region": "REGIÓN DE ANTOFAGASTA", "provincia": "Provincia de Antofagasta", "comuna": "Antofagasta", "superficie_ha": 200.0, "datum_original": "PSAD56", "huso": 19, "epsg_origen": 24879, "tipo_publicacion": "pedimento", "fuente_pdf": "http://www.diariooficial.interior.gob.cl/publicaciones/2026/07/27/44509/07/2843057.pdf", "archivo": "gm_pedimento_2843057.pdf", "fecha": "27-07-2026", "edicion": "44509" }, "geometry": { "type": "Polygon", "coordinates": [ [ [ -69.590275370493345, -23.684064573542233 ], [ -69.580467983391017, -23.684101636924627 ], [ -69.580547838296212, -23.702165860734539 ], [ -69.590356574410109, -23.702128765694532 ], [ -69.590275370493345, -23.684064573542233 ] ] ] } },
{ "type": "Feature", "properties": { "cve": "2843058", "nombre": "CARRASCO 21", "solicitante": "Verai Chile SpA", "region": "REGIÓN DE ANTOFAGASTA", "provincia": "Provincia de Antofagasta", "comuna": "Antofagasta", "superficie_ha": 200.0, "datum_original": "PSAD56", "huso": 19, "epsg_origen": 24879, "tipo_publicacion": "pedimento", "fuente_pdf": "http://www.diariooficial.interior.gob.cl/publicaciones/2026/07/27/44509/07/2843058.pdf", "archivo": "gm_pedimento_2843058.pdf", "fecha": "27-07-2026", "edicion": "44509" }, "geometry": { "type": "Polygon", "coordinates": [ [ [ -69.580467983391017, -23.684101636924627 ], [ -69.560853150026873, -23.684173901012034 ], [ -69.560891718866046, -23.693206049121223 ], [ -69.580507900924715, -23.69313375417374 ], [ -69.580467983391017, -23.684101636924627 ] ] ] } },
{ "type": "Feature", "properties": { "cve": "2843059", "nombre": "CARRASCO 22", "solicitante": "Verai Chile SpA", "region": "REGIÓN DE ANTOFAGASTA", "provincia": "Provincia de Antofagasta", "comuna": "Antofagasta", "superficie_ha": 300.0, "datum_original": "PSAD56", "huso": 19, "epsg_origen": 24879, "tipo_publicacion": "pedimento", "fuente_pdf": "http://www.diariooficial.interior.gob.cl/publicaciones/2026/07/27/44509/07/2843059.pdf", "archivo": "gm_pedimento_2843059.pdf", "fecha": "27-07-2026", "edicion": "44509" }, "geometry": { "type": "Polygon", "coordinates": [ [ [ -69.560776069827867, -23.666109572753417 ], [ -69.550969971943232, -23.6661447433899 ], [ -69.551083598918169, -23.693241264848659 ], [ -69.560891718866046, -23.693206049121223 ], [ -69.560776069827867, -23.666109572753417 ] ] ] } },
{ "type": "Feature", "properties": { "cve": "2843060", "nombre": "CARRASCO 23", "solicitante": "Verai Chile SpA", "region": "REGIÓN DE ANTOFAGASTA", "provincia": "Provincia de Antofagasta", "comuna": "Antofagasta", "superficie_ha": 300.0, "datum_original": "PSAD56", "huso": 19, "epsg_origen": 24879, "tipo_publicacion": "pedimento", "fuente_pdf": "http://www.diariooficial.interior.gob.cl/publicaciones/2026/07/27/44509/07/2843060.pdf", "archivo": "gm_pedimento_2843060.pdf", "fecha": "27-07-2026", "edicion": "44509" }, "geometry": { "type": "Polygon", "coordinates": [ [ [ -69.550969971943232, -23.6661447433899 ], [ -69.541163855243596, -23.666179293651069 ], [ -69.541275460138081, -23.693275859405436 ], [ -69.551083598918169, -23.693241264848659 ], [ -69.550969971943232, -23.6661447433899 ] ] ] } },
{ "type": "Feature", "properties": { "cve": "2843061", "nombre": "CARRASCO 24", "solicitante": "Verai Chile SpA", "region": "REGIÓN DE ANTOFAGASTA", "provincia": "Provincia de Antofagasta", "comuna": "Antofagasta", "superficie_ha": 300.0, "datum_original": "PSAD56", "huso": 19, "epsg_origen": 24879, "tipo_publicacion": "pedimento", "fuente_pdf": "http://www.diariooficial.interior.gob.cl/publicaciones/2026/07/27/44509/07/2843061.pdf", "archivo": "gm_pedimento_2843061.pdf", "fecha": "27-07-2026", "edicion": "44509" }, "geometry": { "type": "Polygon", "coordinates": [ [ [ -69.541163855243596, -23.666179293651069 ], [ -69.531357720063767, -23.666213223532182 ], [ -69.531467302860918, -23.693309832786824 ], [ -69.541275460138081, -23.693275859405436 ], [ -69.541163855243596, -23.666179293651069 ] ] ] } },
{ "type": "Feature", "properties": { "cve": "2843062", "nombre": "CARRASCO 25", "solicitante": "Verai Chile SpA", "region": "REGIÓN DE ANTOFAGASTA", "provincia": "Provincia de Antofagasta", "comuna": "Antofagasta", "superficie_ha": 300.0, "datum_original": "PSAD56", "huso": 19, "epsg_origen": 24879, "tipo_publicacion": "pedimento", "fuente_pdf": "http://www.diariooficial.interior.gob.cl/publicaciones/2026/07/27/44509/07/2843062.pdf", "archivo": "gm_pedimento_2843062.pdf", "fecha": "27-07-2026", "edicion": "44509" }, "geometry": { "type": "Polygon", "coordinates": [ [ [ -69.531357720063767, -23.666213223532182 ], [ -69.521551566738552, -23.666246533028598 ], [ -69.521659127421785, -23.693343184988144 ], [ -69.531467302860918, -23.693309832786824 ], [ -69.531357720063767, -23.666213223532182 ] ] ] } },
{ "type": "Feature", "properties": { "cve": "2843063", "nombre": "CARRASCO 26", "solicitante": "Verai Chile SpA", "region": "REGIÓN DE ANTOFAGASTA", "provincia": "Provincia de Antofagasta", "comuna": "Antofagasta", "superficie_ha": 300.0, "datum_original": "PSAD56", "huso": 19, "epsg_origen": 24879, "tipo_publicacion": "pedimento", "fuente_pdf": "http://www.diariooficial.interior.gob.cl/publicaciones/2026/07/27/44509/07/2843063.pdf", "archivo": "gm_pedimento_2843063.pdf", "fecha": "27-07-2026", "edicion": "44509" }, "geometry": { "type": "Polygon", "coordinates": [ [ [ -69.521551566738552, -23.666246533028598 ], [ -69.511745395602773, -23.666279222135746 ], [ -69.511850934155831, -23.693375916004868 ], [ -69.521659127421785, -23.693343184988144 ], [ -69.521551566738552, -23.666246533028598 ] ] ] } },
{ "type": "Feature", "properties": { "cve": "2843064", "nombre": "CARRASCO 27", "solicitante": "Verai Chile SpA", "region": "REGIÓN DE ANTOFAGASTA", "provincia": "Provincia de Antofagasta", "comuna": "Antofagasta", "superficie_ha": 200.0, "datum_original": "PSAD56", "huso": 19, "epsg_origen": 24879, "tipo_publicacion": "pedimento", "fuente_pdf": "http://www.diariooficial.interior.gob.cl/publicaciones/2026/07/27/44509/07/2843064.pdf", "archivo": "gm_pedimento_2843064.pdf", "fecha": "27-07-2026", "edicion": "44509" }, "geometry": { "type": "Polygon", "coordinates": [ [ [ -69.551083598918169, -23.693241264848659 ], [ -69.531467302860918, -23.693309832786824 ], [ -69.531503866777015, -23.70234201451925 ], [ -69.551121512233749, -23.702273417307975 ], [ -69.551083598918169, -23.693241264848659 ] ] ] } },
{ "type": "Feature", "properties": { "cve": "2843065", "nombre": "CARRASCO 28", "solicitante": "Verai Chile SpA", "region": "REGIÓN DE ANTOFAGASTA", "provincia": "Provincia de Antofagasta", "comuna": "Antofagasta", "superficie_ha": 200.0, "datum_original": "PSAD56", "huso": 19, "epsg_origen": 24879, "tipo_publicacion": "pedimento", "fuente_pdf": "http://www.diariooficial.interior.gob.cl/publicaciones/2026/07/27/44509/07/2843065.pdf", "archivo": "gm_pedimento_2843065.pdf", "fecha": "27-07-2026", "edicion": "44509" }, "geometry": { "type": "Polygon", "coordinates": [ [ [ -69.531467302860918, -23.693309832786824 ], [ -69.511850934155831, -23.693375916004868 ], [ -69.511886148650319, -23.702408125949646 ], [ -69.531503866777015, -23.70234201451925 ], [ -69.531467302860918, -23.693309832786824 ] ] ] } },
{ "type": "Feature", "properties": { "cve": "2843066", "nombre": "CARRASCO 29", "solicitante": "Verai Chile SpA", "region": "REGIÓN DE ANTOFAGASTA", "provincia": "Provincia de Antofagasta", "comuna": "Antofagasta", "superficie_ha": 300.0, "datum_original": "PSAD56", "huso": 19, "epsg_origen": 24879, "tipo_publicacion": "pedimento", "fuente_pdf": "http://www.diariooficial.interior.gob.cl/publicaciones/2026/07/27/44509/07/2843066.pdf", "archivo": "gm_pedimento_2843066.pdf", "fecha": "27-07-2026", "edicion": "44509" }, "geometry": { "type": "Polygon", "coordinates": [ [ [ -69.541312698756741, -23.702308026633911 ], [ -69.531503866777015, -23.70234201451925 ], [ -69.531613667553955, -23.729438495616236 ], [ -69.541424525653127, -23.729404464207381 ], [ -69.541312698756741, -23.702308026633911 ] ] ] } },
{ "type": "Feature", "properties": { "cve": "2843040", "nombre": "CARRASCO 3", "solicitante": "Verai Chile SpA", "region": "REGIÓN DE ANTOFAGASTA", "provincia": "Provincia de Antofagasta", "comuna": "Antofagasta", "superficie_ha": 300.0, "datum_original": "PSAD56", "huso": 19, "epsg_origen": 24879, "tipo_publicacion": "pedimento", "fuente_pdf": "http://www.diariooficial.interior.gob.cl/publicaciones/2026/07/27/44509/07/2843040.pdf", "archivo": "gm_pedimento_2843040.pdf", "fecha": "27-07-2026", "edicion": "44509" }, "geometry": { "type": "Polygon", "coordinates": [ [ [ -69.540941144275024, -23.611985874108772 ], [ -69.531139044252484, -23.612019717041498 ], [ -69.531248300577275, -23.63911651825606 ], [ -69.541052416673153, -23.639082631857836 ], [ -69.540941144275024, -23.611985874108772 ] ] ] } },
{ "type": "Feature", "properties": { "cve": "2843067", "nombre": "CARRASCO 30", "solicitante": "Verai Chile SpA", "region": "REGIÓN DE ANTOFAGASTA", "provincia": "Provincia de Antofagasta", "comuna": "Antofagasta", "superficie_ha": 300.0, "datum_original": "PSAD56", "huso": 19, "epsg_origen": 24879, "tipo_publicacion": "pedimento", "fuente_pdf": "http://www.diariooficial.interior.gob.cl/publicaciones/2026/07/27/44509/07/2843067.pdf", "archivo": "gm_pedimento_2843067.pdf", "fecha": "27-07-2026", "edicion": "44509" }, "geometry": { "type": "Polygon", "coordinates": [ [ [ -69.531503866777015, -23.70234201451925 ], [ -69.521695016629778, -23.702375380959356 ], [ -69.521802791270659, -23.729471904784067 ], [ -69.531613667553955, -23.729438495616236 ], [ -69.531503866777015, -23.70234201451925 ] ] ] } },
{ "type": "Feature", "properties": { "cve": "2843068", "nombre": "CARRASCO 31", "solicitante": "Verai Chile SpA", "region": "REGIÓN DE ANTOFAGASTA", "provincia": "Provincia de Antofagasta", "comuna": "Antofagasta", "superficie_ha": 300.0, "datum_original": "PSAD56", "huso": 19, "epsg_origen": 24879, "tipo_publicacion": "pedimento", "fuente_pdf": "http://www.diariooficial.interior.gob.cl/publicaciones/2026/07/27/44509/07/2843068.pdf", "archivo": "gm_pedimento_2843068.pdf", "fecha": "27-07-2026", "edicion": "44509" }, "geometry": { "type": "Polygon", "coordinates": [ [ [ -69.521695016629778, -23.702375380959356 ], [ -69.511886148650319, -23.702408125949646 ], [ -69.511991897138785, -23.729504691706296 ], [ -69.521802791270659, -23.729471904784067 ], [ -69.521695016629778, -23.702375380959356 ] ] ] } },
{ "type": "Feature", "properties": { "cve": "2843069", "nombre": "CARRASCO 32", "solicitante": "Verai Chile SpA", "region": "REGIÓN DE ANTOFAGASTA", "provincia": "Provincia de Antofagasta", "comuna": "Antofagasta", "superficie_ha": 300.0, "datum_original": "PSAD56", "huso": 19, "epsg_origen": 24879, "tipo_publicacion": "pedimento", "fuente_pdf": "http://www.diariooficial.interior.gob.cl/publicaciones/2026/07/27/44509/07/2843069.pdf", "archivo": "gm_pedimento_2843069.pdf", "fecha": "27-07-2026", "edicion": "44509" }, "geometry": { "type": "Polygon", "coordinates": [ [ [ -69.511850934155831, -23.693375916004868 ], [ -69.502042723398162, -23.693408025832468 ], [ -69.502146394216396, -23.720504664761702 ], [ -69.511956630136439, -23.720472513803429 ], [ -69.511850934155831, -23.693375916004868 ] ] ] } },
{ "type": "Feature", "properties": { "cve": "2843070", "nombre": "CARRASCO 33", "solicitante": "Verai Chile SpA", "region": "REGIÓN DE ANTOFAGASTA", "provincia": "Provincia de Antofagasta", "comuna": "Antofagasta", "superficie_ha": 200.0, "datum_original": "PSAD56", "huso": 19, "epsg_origen": 24879, "tipo_publicacion": "pedimento", "fuente_pdf": "http://www.diariooficial.interior.gob.cl/publicaciones/2026/07/27/44509/07/2843070.pdf", "archivo": "gm_pedimento_2843070.pdf", "fecha": "27-07-2026", "edicion": "44509" }, "geometry": { "type": "Polygon", "coordinates": [ [ [ -69.511956630136439, -23.720472513803429 ], [ -69.492336141124085, -23.720536193730773 ], [ -69.492370056671433, -23.729568398796115 ], [ -69.511991897138785, -23.729504691706296 ], [ -69.511956630136439, -23.720472513803429 ] ] ] } },
{ "type": "Feature", "properties": { "cve": "2843071", "nombre": "CARRASCO 34", "solicitante": "Verai Chile SpA", "region": "REGIÓN DE ANTOFAGASTA", "provincia": "Provincia de Antofagasta", "comuna": "Antofagasta", "superficie_ha": 300.0, "datum_original": "PSAD56", "huso": 19, "epsg_origen": 24879, "tipo_publicacion": "pedimento", "fuente_pdf": "http://www.diariooficial.interior.gob.cl/publicaciones/2026/07/27/44509/07/2843071.pdf", "archivo": "gm_pedimento_2843071.pdf", "fecha": "27-07-2026", "edicion": "44509" }, "geometry": { "type": "Polygon", "coordinates": [ [ [ -69.541424525653127, -23.729404464207381 ], [ -69.531613667553955, -23.729438495616236 ], [ -69.531723631990303, -23.756534880498322 ], [ -69.541536519228728, -23.756500805548519 ], [ -69.541424525653127, -23.729404464207381 ] ] ] } },
{ "type": "Feature", "properties": { "cve": "2843072", "nombre": "CARRASCO 35", "solicitante": "Verai Chile SpA", "region": "REGIÓN DE ANTOFAGASTA", "provincia": "Provincia de Antofagasta", "comuna": "Antofagasta", "superficie_ha": 300.0, "datum_original": "PSAD56", "huso": 19, "epsg_origen": 24879, "tipo_publicacion": "pedimento", "fuente_pdf": "http://www.diariooficial.interior.gob.cl/publicaciones/2026/07/27/44509/07/2843072.pdf", "archivo": "gm_pedimento_2843072.pdf", "fecha": "27-07-2026", "edicion": "44509" }, "geometry": { "type": "Polygon", "coordinates": [ [ [ -69.531613667553955, -23.729438495616236 ], [ -69.521802791270659, -23.729471904784067 ], [ -69.521910726551084, -23.756568332411021 ], [ -69.531723631990303, -23.756534880498322 ], [ -69.531613667553955, -23.729438495616236 ] ] ] } },
{ "type": "Feature", "properties": { "cve": "2843073", "nombre": "CARRASCO 36", "solicitante": "Verai Chile SpA", "region": "REGIÓN DE ANTOFAGASTA", "provincia": "Provincia de Antofagasta", "comuna": "Antofagasta", "superficie_ha": 300.0, "datum_original": "PSAD56", "huso": 19, "epsg_origen": 24879, "tipo_publicacion": "pedimento", "fuente_pdf": "http://www.diariooficial.interior.gob.cl/publicaciones/2026/07/27/44509/07/2843073.pdf", "archivo": "gm_pedimento_2843073.pdf", "fecha": "27-07-2026", "edicion": "44509" }, "geometry": { "type": "Polygon", "coordinates": [ [ [ -69.521802791270659, -23.729471904784067 ], [ -69.511991897138785, -23.729504691706296 ], [ -69.512097803246931, -23.756601161282024 ], [ -69.521910726551084, -23.756568332411021 ], [ -69.521802791270659, -23.729471904784067 ] ] ] } },
{ "type": "Feature", "properties": { "cve": "2843074", "nombre": "CARRASCO 37", "solicitante": "Verai Chile SpA", "region": "REGIÓN DE ANTOFAGASTA", "provincia": "Provincia de Antofagasta", "comuna": "Antofagasta", "superficie_ha": 100.0, "datum_original": "PSAD56", "huso": 19, "epsg_origen": 24879, "tipo_publicacion": "pedimento", "fuente_pdf": "http://www.diariooficial.interior.gob.cl/publicaciones/2026/07/27/44509/07/2843074.pdf", "archivo": "gm_pedimento_2843074.pdf", "fecha": "27-07-2026", "edicion": "44509" }, "geometry": { "type": "Polygon", "coordinates": [ [ [ -69.531723631990303, -23.756534880498322 ], [ -69.521910726551084, -23.756568332411021 ], [ -69.521946740701011, -23.76560045356177 ], [ -69.531760323197062, -23.765566987396969 ], [ -69.531723631990303, -23.756534880498322 ] ] ] } },
{ "type": "Feature", "properties": { "cve": "2843041", "nombre": "CARRASCO 4", "solicitante": "Verai Chile SpA", "region": "REGIÓN DE ANTOFAGASTA", "provincia": "Provincia de Antofagasta", "comuna": "Antofagasta", "superficie_ha": 300.0, "datum_original": "PSAD56", "huso": 19, "epsg_origen": 24879, "tipo_publicacion": "pedimento", "fuente_pdf": "http://www.diariooficial.interior.gob.cl/publicaciones/2026/07/27/44509/07/2843041.pdf", "archivo": "gm_pedimento_2843041.pdf", "fecha": "27-07-2026", "edicion": "44509" }, "geometry": { "type": "Polygon", "coordinates": [ [ [ -69.531139044252484, -23.612019717041498 ], [ -69.521336926117627, -23.612052941179275 ], [ -69.521444166352566, -23.639149785064639 ], [ -69.531248300577275, -23.63911651825606 ], [ -69.531139044252484, -23.612019717041498 ] ] ] } },
{ "type": "Feature", "properties": { "cve": "2843042", "nombre": "CARRASCO 5", "solicitante": "Verai Chile SpA", "region": "REGIÓN DE ANTOFAGASTA", "provincia": "Provincia de Antofagasta", "comuna": "Antofagasta", "superficie_ha": 300.0, "datum_original": "PSAD56", "huso": 19, "epsg_origen": 24879, "tipo_publicacion": "pedimento", "fuente_pdf": "http://www.diariooficial.interior.gob.cl/publicaciones/2026/07/27/44509/07/2843042.pdf", "archivo": "gm_pedimento_2843042.pdf", "fecha": "27-07-2026", "edicion": "44509" }, "geometry": { "type": "Polygon", "coordinates": [ [ [ -69.521336926117627, -23.612052941179275 ], [ -69.511534790204692, -23.612085546517548 ], [ -69.511640014333551, -23.639182432278993 ], [ -69.521444166352566, -23.639149785064639 ], [ -69.521336926117627, -23.612052941179275 ] ] ] } },
{ "type": "Feature", "properties": { "cve": "2843043", "nombre": "CARRASCO 6", "solicitante": "Verai Chile SpA", "region": "REGIÓN DE ANTOFAGASTA", "provincia": "Provincia de Antofagasta", "comuna": "Antofagasta", "superficie_ha": 300.0, "datum_original": "PSAD56", "huso": 19, "epsg_origen": 24879, "tipo_publicacion": "pedimento", "fuente_pdf": "http://www.diariooficial.interior.gob.cl/publicaciones/2026/07/27/44509/07/2843043.pdf", "archivo": "gm_pedimento_2843043.pdf", "fecha": "27-07-2026", "edicion": "44509" }, "geometry": { "type": "Polygon", "coordinates": [ [ [ -69.560660593140398, -23.639013000310996 ], [ -69.550856514305693, -23.639048125874563 ], [ -69.550969971943232, -23.6661447433899 ], [ -69.560776069827867, -23.666109572753417 ], [ -69.560660593140398, -23.639013000310996 ] ] ] } },
{ "type": "Feature", "properties": { "cve": "2843044", "nombre": "CARRASCO 7", "solicitante": "Verai Chile SpA", "region": "REGIÓN DE ANTOFAGASTA", "provincia": "Provincia de Antofagasta", "comuna": "Antofagasta", "superficie_ha": 300.0, "datum_original": "PSAD56", "huso": 19, "epsg_origen": 24879, "tipo_publicacion": "pedimento", "fuente_pdf": "http://www.diariooficial.interior.gob.cl/publicaciones/2026/07/27/44509/07/2843044.pdf", "archivo": "gm_pedimento_2843044.pdf", "fecha": "27-07-2026", "edicion": "44509" }, "geometry": { "type": "Polygon", "coordinates": [ [ [ -69.550856514305693, -23.639048125874563 ], [ -69.541052416673153, -23.639082631857836 ], [ -69.541163855243596, -23.666179293651069 ], [ -69.550969971943232, -23.6661447433899 ], [ -69.550856514305693, -23.639048125874563 ] ] ] } },
{ "type": "Feature", "properties": { "cve": "2843045", "nombre": "CARRASCO 8", "solicitante": "Verai Chile SpA", "region": "REGIÓN DE ANTOFAGASTA", "provincia": "Provincia de Antofagasta", "comuna": "Antofagasta", "superficie_ha": 300.0, "datum_original": "PSAD56", "huso": 19, "epsg_origen": 24879, "tipo_publicacion": "pedimento", "fuente_pdf": "http://www.diariooficial.interior.gob.cl/publicaciones/2026/07/27/44509/07/2843045.pdf", "archivo": "gm_pedimento_2843045.pdf", "fecha": "27-07-2026", "edicion": "44509" }, "geometry": { "type": "Polygon", "coordinates": [ [ [ -69.541052416673153, -23.639082631857836 ], [ -69.531248300577275, -23.63911651825606 ], [ -69.531357720063767, -23.666213223532182 ], [ -69.541163855243596, -23.666179293651069 ], [ -69.541052416673153, -23.639082631857836 ] ] ] } },
{ "type": "Feature", "properties": { "cve": "2843046", "nombre": "CARRASCO 9", "solicitante": "Verai Chile SpA", "region": "REGIÓN DE ANTOFAGASTA", "provincia": "Provincia de Antofagasta", "comuna": "Antofagasta", "superficie_ha": 300.0, "datum_original": "PSAD56", "huso": 19, "epsg_origen": 24879, "tipo_publicacion": "pedimento", "fuente_pdf": "http://www.diariooficial.interior.gob.cl/publicaciones/2026/07/27/44509/07/2843046.pdf", "archivo": "gm_pedimento_2843046.pdf", "fecha": "27-07-2026", "edicion": "44509" }, "geometry": { "type": "Polygon", "coordinates": [ [ [ -69.531248300577275, -23.63911651825606 ], [ -69.521444166352566, -23.639149785064639 ], [ -69.521551566738552, -23.666246533028598 ], [ -69.531357720063767, -23.666213223532182 ], [ -69.531248300577275, -23.63911651825606 ] ] ] } },
{ "type": "Feature", "properties": { "cve": "2843075", "nombre": "CASTILLA 1", "solicitante": "Verai Chile SpA", "region": "REGIÓN DE ANTOFAGASTA", "provincia": "Provincia de Antofagasta", "comuna": "Antofagasta", "superficie_ha": 300.0, "datum_original": "PSAD56", "huso": 19, "epsg_origen": 24879, "tipo_publicacion": "pedimento", "fuente_pdf": "http://www.diariooficial.interior.gob.cl/publicaciones/2026/07/27/44509/07/2843075.pdf", "archivo": "gm_pedimento_2843075.pdf", "fecha": "27-07-2026", "edicion": "44509" }, "geometry": { "type": "Polygon", "coordinates": [ [ [ -69.908294531079818, -23.863160450544246 ], [ -69.898474419153061, -23.863218053916295 ], [ -69.898661441708384, -23.890311789166873 ], [ -69.908483597065768, -23.890254112418187 ], [ -69.908294531079818, -23.863160450544246 ] ] ] } },
{ "type": "Feature", "properties": { "cve": "2843084", "nombre": "CASTILLA 10", "solicitante": "Verai Chile SpA", "region": "REGIÓN DE ANTOFAGASTA", "provincia": "Provincia de Antofagasta", "comuna": "Antofagasta", "superficie_ha": 300.0, "datum_original": "PSAD56", "huso": 19, "epsg_origen": 24879, "tipo_publicacion": "pedimento", "fuente_pdf": "http://www.diariooficial.interior.gob.cl/publicaciones/2026/07/27/44509/07/2843084.pdf", "archivo": "gm_pedimento_2843084.pdf", "fecha": "27-07-2026", "edicion": "44509" }, "geometry": { "type": "Polygon", "coordinates": [ [ [ -69.869194791788743, -23.890481058649684 ], [ -69.859372514990412, -23.890536228197075 ], [ -69.85955162919926, -23.917630151509695 ], [ -69.869375952574998, -23.91757491174674 ], [ -69.869194791788743, -23.890481058649684 ] ] ] } },
{ "type": "Feature", "properties": { "cve": "2843085", "nombre": "CASTILLA 11", "solicitante": "Verai Chile SpA", "region": "REGIÓN DE ANTOFAGASTA", "provincia": "Provincia de Antofagasta", "comuna": "Antofagasta", "superficie_ha": 200.0, "datum_original": "PSAD56", "huso": 19, "epsg_origen": 24879, "tipo_publicacion": "pedimento", "fuente_pdf": "http://www.diariooficial.interior.gob.cl/publicaciones/2026/07/27/44509/07/2843085.pdf", "archivo": "gm_pedimento_2843085.pdf", "fecha": "27-07-2026", "edicion": "44509" }, "geometry": { "type": "Polygon", "coordinates": [ [ [ -69.859373529222268, -23.890689760703861 ], [ -69.849551211317916, -23.890744303825077 ], [ -69.849669228184666, -23.908806976109307 ], [ -69.859492910166182, -23.908752386712532 ], [ -69.859373529222268, -23.890689760703861 ] ] ] } },
{ "type": "Feature", "properties": { "cve": "2843086", "nombre": "CASTILLA 12", "solicitante": "Verai Chile SpA", "region": "REGIÓN DE ANTOFAGASTA", "provincia": "Provincia de Antofagasta", "comuna": "Antofagasta", "superficie_ha": 200.0, "datum_original": "PSAD56", "huso": 19, "epsg_origen": 24879, "tipo_publicacion": "pedimento", "fuente_pdf": "http://www.diariooficial.interior.gob.cl/publicaciones/2026/07/27/44509/07/2843086.pdf", "archivo": "gm_pedimento_2843086.pdf", "fecha": "27-07-2026", "edicion": "44509" }, "geometry": { "type": "Polygon", "coordinates": [ [ [ -69.849551211317916, -23.890744303825077 ], [ -69.839728864233436, -23.890798220114828 ], [ -69.839845517005116, -23.908860938142826 ], [ -69.849669228184666, -23.908806976109307 ], [ -69.849551211317916, -23.890744303825077 ] ] ] } },
{ "type": "Feature", "properties": { "cve": "2843087", "nombre": "CASTILLA 13", "solicitante": "Verai Chile SpA", "region": "REGIÓN DE ANTOFAGASTA", "provincia": "Provincia de Antofagasta", "comuna": "Antofagasta", "superficie_ha": 200.0, "datum_original": "PSAD56", "huso": 19, "epsg_origen": 24879, "tipo_publicacion": "pedimento", "fuente_pdf": "http://www.diariooficial.interior.gob.cl/publicaciones/2026/07/27/44509/07/2843087.pdf", "archivo": "gm_pedimento_2843087.pdf", "fecha": "27-07-2026", "edicion": "44509" }, "geometry": { "type": "Polygon", "coordinates": [ [ [ -69.866409190726401, -23.917618754129862 ], [ -69.856584856344583, -23.917673804423213 ], [ -69.856704001144521, -23.935736379745045 ], [ -69.866529701606325, -23.93568128278617 ], [ -69.866409190726401, -23.917618754129862 ] ] ] } },
{ "type": "Feature", "properties": { "cve": "2843088", "nombre": "CASTILLA 14", "solicitante": "Verai Chile SpA", "region": "REGIÓN DE ANTOFAGASTA", "provincia": "Provincia de Antofagasta", "comuna": "Antofagasta", "superficie_ha": 200.0, "datum_original": "PSAD56", "huso": 19, "epsg_origen": 24879, "tipo_publicacion": "pedimento", "fuente_pdf": "http://www.diariooficial.interior.gob.cl/publicaciones/2026/07/27/44509/07/2843088.pdf", "archivo": "gm_pedimento_2843088.pdf", "fecha": "27-07-2026", "edicion": "44509" }, "geometry": { "type": "Polygon", "coordinates": [ [ [ -69.856584856344583, -23.917673804423213 ], [ -69.846760492520289, -23.917728227096312 ], [ -69.846878271222124, -23.935790848551679 ], [ -69.856704001144521, -23.935736379745045 ], [ -69.856584856344583, -23.917673804423213 ] ] ] } },
{ "type": "Feature", "properties": { "cve": "2843076", "nombre": "CASTILLA 2", "solicitante": "Verai Chile SpA", "region": "REGIÓN DE ANTOFAGASTA", "provincia": "Provincia de Antofagasta", "comuna": "Antofagasta", "superficie_ha": 300.0, "datum_original": "PSAD56", "huso": 19, "epsg_origen": 24879, "tipo_publicacion": "pedimento", "fuente_pdf": "http://www.diariooficial.interior.gob.cl/publicaciones/2026/07/27/44509/07/2843076.pdf", "archivo": "gm_pedimento_2843076.pdf", "fecha": "27-07-2026", "edicion": "44509" }, "geometry": { "type": "Polygon", "coordinates": [ [ [ -69.898474419153061, -23.863218053916295 ], [ -69.88865427638865, -23.863275031297029 ], [ -69.888839255484925, -23.890368839126886 ], [ -69.898661441708384, -23.890311789166873 ], [ -69.898474419153061, -23.863218053916295 ] ] ] } },
{ "type": "Feature", "properties": { "cve": "2843077", "nombre": "CASTILLA 3", "solicitante": "Verai Chile SpA", "region": "REGIÓN DE ANTOFAGASTA", "provincia": "Provincia de Antofagasta", "comuna": "Antofagasta", "superficie_ha": 300.0, "datum_original": "PSAD56", "huso": 19, "epsg_origen": 24879, "tipo_publicacion": "pedimento", "fuente_pdf": "http://www.diariooficial.interior.gob.cl/publicaciones/2026/07/27/44509/07/2843077.pdf", "archivo": "gm_pedimento_2843077.pdf", "fecha": "27-07-2026", "edicion": "44509" }, "geometry": { "type": "Polygon", "coordinates": [ [ [ -69.88865427638865, -23.863275031297029 ], [ -69.878834103123509, -23.863331382678624 ], [ -69.879017038732655, -23.89042526229041 ], [ -69.888839255484925, -23.890368839126886 ], [ -69.88865427638865, -23.863275031297029 ] ] ] } },
{ "type": "Feature", "properties": { "cve": "2843078", "nombre": "CASTILLA 4", "solicitante": "Verai Chile SpA", "region": "REGIÓN DE ANTOFAGASTA", "provincia": "Provincia de Antofagasta", "comuna": "Antofagasta", "superficie_ha": 300.0, "datum_original": "PSAD56", "huso": 19, "epsg_origen": 24879, "tipo_publicacion": "pedimento", "fuente_pdf": "http://www.diariooficial.interior.gob.cl/publicaciones/2026/07/27/44509/07/2843078.pdf", "archivo": "gm_pedimento_2843078.pdf", "fecha": "27-07-2026", "edicion": "44509" }, "geometry": { "type": "Polygon", "coordinates": [ [ [ -69.878834103123509, -23.863331382678624 ], [ -69.869013899694494, -23.863387108053335 ], [ -69.869194791788743, -23.890481058649684 ], [ -69.879017038732655, -23.89042526229041 ], [ -69.878834103123509, -23.863331382678624 ] ] ] } },
{ "type": "Feature", "properties": { "cve": "2843079", "nombre": "CASTILLA 5", "solicitante": "Verai Chile SpA", "region": "REGIÓN DE ANTOFAGASTA", "provincia": "Provincia de Antofagasta", "comuna": "Antofagasta", "superficie_ha": 300.0, "datum_original": "PSAD56", "huso": 19, "epsg_origen": 24879, "tipo_publicacion": "pedimento", "fuente_pdf": "http://www.diariooficial.interior.gob.cl/publicaciones/2026/07/27/44509/07/2843079.pdf", "archivo": "gm_pedimento_2843079.pdf", "fecha": "27-07-2026", "edicion": "44509" }, "geometry": { "type": "Polygon", "coordinates": [ [ [ -69.869013899694494, -23.863387108053335 ], [ -69.859193666438557, -23.863442207413534 ], [ -69.859372514990412, -23.890536228197075 ], [ -69.869194791788743, -23.890481058649684 ], [ -69.869013899694494, -23.863387108053335 ] ] ] } },
{ "type": "Feature", "properties": { "cve": "2843080", "nombre": "CASTILLA 6", "solicitante": "Verai Chile SpA", "region": "REGIÓN DE ANTOFAGASTA", "provincia": "Provincia de Antofagasta", "comuna": "Antofagasta", "superficie_ha": 300.0, "datum_original": "PSAD56", "huso": 19, "epsg_origen": 24879, "tipo_publicacion": "pedimento", "fuente_pdf": "http://www.diariooficial.interior.gob.cl/publicaciones/2026/07/27/44509/07/2843080.pdf", "archivo": "gm_pedimento_2843080.pdf", "fecha": "27-07-2026", "edicion": "44509" }, "geometry": { "type": "Polygon", "coordinates": [ [ [ -69.908483597065768, -23.890254112418187 ], [ -69.898661441708384, -23.890311789166873 ], [ -69.898848742060466, -23.917405426831092 ], [ -69.908672943883317, -23.917347676676119 ], [ -69.908483597065768, -23.890254112418187 ] ] ] } },
{ "type": "Feature", "properties": { "cve": "2843081", "nombre": "CASTILLA 7", "solicitante": "Verai Chile SpA", "region": "REGIÓN DE ANTOFAGASTA", "provincia": "Provincia de Antofagasta", "comuna": "Antofagasta", "superficie_ha": 300.0, "datum_original": "PSAD56", "huso": 19, "epsg_origen": 24879, "tipo_publicacion": "pedimento", "fuente_pdf": "http://www.diariooficial.interior.gob.cl/publicaciones/2026/07/27/44509/07/2843081.pdf", "archivo": "gm_pedimento_2843081.pdf", "fecha": "27-07-2026", "edicion": "44509" }, "geometry": { "type": "Polygon", "coordinates": [ [ [ -69.898661441708384, -23.890311789166873 ], [ -69.888839255484925, -23.890368839126886 ], [ -69.88902450934313, -23.917462549399733 ], [ -69.898848742060466, -23.917405426831092 ], [ -69.898661441708384, -23.890311789166873 ] ] ] } },
{ "type": "Feature", "properties": { "cve": "2843082", "nombre": "CASTILLA 8", "solicitante": "Verai Chile SpA", "region": "REGIÓN DE ANTOFAGASTA", "provincia": "Provincia de Antofagasta", "comuna": "Antofagasta", "superficie_ha": 300.0, "datum_original": "PSAD56", "huso": 19, "epsg_origen": 24879, "tipo_publicacion": "pedimento", "fuente_pdf": "http://www.diariooficial.interior.gob.cl/publicaciones/2026/07/27/44509/07/2843082.pdf", "archivo": "gm_pedimento_2843082.pdf", "fecha": "27-07-2026", "edicion": "44509" }, "geometry": { "type": "Polygon", "coordinates": [ [ [ -69.888839255484925, -23.890368839126886 ], [ -69.879017038732655, -23.89042526229041 ], [ -69.879200246068791, -23.917519044374203 ], [ -69.88902450934313, -23.917462549399733 ], [ -69.888839255484925, -23.890368839126886 ] ] ] } },
{ "type": "Feature", "properties": { "cve": "2843083", "nombre": "CASTILLA 9", "solicitante": "Verai Chile SpA", "region": "REGIÓN DE ANTOFAGASTA", "provincia": "Provincia de Antofagasta", "comuna": "Antofagasta", "superficie_ha": 300.0, "datum_original": "PSAD56", "huso": 19, "epsg_origen": 24879, "tipo_publicacion": "pedimento", "fuente_pdf": "http://www.diariooficial.interior.gob.cl/publicaciones/2026/07/27/44509/07/2843083.pdf", "archivo": "gm_pedimento_2843083.pdf", "fecha": "27-07-2026", "edicion": "44509" }, "geometry": { "type": "Polygon", "coordinates": [ [ [ -69.879017038732655, -23.89042526229041 ], [ -69.869194791788743, -23.890481058649684 ], [ -69.869375952574998, -23.91757491174674 ], [ -69.879200246068791, -23.917519044374203 ], [ -69.879017038732655, -23.89042526229041 ] ] ] } },
{ "type": "Feature", "properties": { "cve": "2843089", "nombre": "CUEVITAS 1", "solicitante": "Verai Chile SpA", "region": "REGIÓN DE ANTOFAGASTA", "provincia": "Provincia de Antofagasta", "comuna": "Sierra Gorda", "superficie_ha": 200.0, "datum_original": "PSAD56", "huso": 19, "epsg_origen": 24879, "tipo_publicacion": "pedimento", "fuente_pdf": "http://www.diariooficial.interior.gob.cl/publicaciones/2026/07/27/44509/07/2843089.pdf", "archivo": "gm_pedimento_2843089.pdf", "fecha": "27-07-2026", "edicion": "44509" }, "geometry": { "type": "Polygon", "coordinates": [ [ [ -69.834480365486726, -23.529397040746062 ], [ -69.814889591455753, -23.529500829505874 ], [ -69.814945218554854, -23.538532675969062 ], [ -69.834537329543977, -23.538428842664484 ], [ -69.834480365486726, -23.529397040746062 ] ] ] } },
{ "type": "Feature", "properties": { "cve": "2843098", "nombre": "CUEVITAS 10", "solicitante": "Verai Chile SpA", "region": "REGIÓN DE ANTOFAGASTA", "provincia": "Provincia de Antofagasta", "comuna": "Sierra Gorda", "superficie_ha": 300.0, "datum_original": "PSAD56", "huso": 19, "epsg_origen": 24879, "tipo_publicacion": "pedimento", "fuente_pdf": "http://www.diariooficial.interior.gob.cl/publicaciones/2026/07/27/44509/07/2843098.pdf", "archivo": "gm_pedimento_2843098.pdf", "fecha": "27-07-2026", "edicion": "44509" }, "geometry": { "type": "Polygon", "coordinates": [ [ [ -69.903355685833191, -23.574172450349437 ], [ -69.893557173200222, -23.5742290876189 ], [ -69.893740645017559, -23.601323880322905 ], [ -69.903541168890726, -23.601267170228269 ], [ -69.903355685833191, -23.574172450349437 ] ] ] } },
{ "type": "Feature", "properties": { "cve": "2843099", "nombre": "CUEVITAS 11", "solicitante": "Verai Chile SpA", "region": "REGIÓN DE ANTOFAGASTA", "provincia": "Provincia de Antofagasta", "comuna": "Sierra Gorda", "superficie_ha": 300.0, "datum_original": "PSAD56", "huso": 19, "epsg_origen": 24879, "tipo_publicacion": "pedimento", "fuente_pdf": "http://www.diariooficial.interior.gob.cl/publicaciones/2026/07/27/44509/07/2843099.pdf", "archivo": "gm_pedimento_2843099.pdf", "fecha": "27-07-2026", "edicion": "44509" }, "geometry": { "type": "Polygon", "coordinates": [ [ [ -69.893557173200222, -23.5742290876189 ], [ -69.883758630129151, -23.574285107379797 ], [ -69.883940090678564, -23.601379972115023 ], [ -69.893740645017559, -23.601323880322905 ], [ -69.893557173200222, -23.5742290876189 ] ] ] } },
{ "type": "Feature", "properties": { "cve": "2843100", "nombre": "CUEVITAS 12", "solicitante": "Verai Chile SpA", "region": "REGIÓN DE ANTOFAGASTA", "provincia": "Provincia de Antofagasta", "comuna": "Sierra Gorda", "superficie_ha": 300.0, "datum_original": "PSAD56", "huso": 19, "epsg_origen": 24879, "tipo_publicacion": "pedimento", "fuente_pdf": "http://www.diariooficial.interior.gob.cl/publicaciones/2026/07/27/44509/07/2843100.pdf", "archivo": "gm_pedimento_2843100.pdf", "fecha": "27-07-2026", "edicion": "44509" }, "geometry": { "type": "Polygon", "coordinates": [ [ [ -69.883758630129151, -23.574285107379797 ], [ -69.873960056953607, -23.574340509624452 ], [ -69.874139506207683, -23.601435445596969 ], [ -69.883940090678564, -23.601379972115023 ], [ -69.883758630129151, -23.574285107379797 ] ] ] } },
{ "type": "Feature", "properties": { "cve": "2843101", "nombre": "CUEVITAS 13", "solicitante": "Verai Chile SpA", "region": "REGIÓN DE ANTOFAGASTA", "provincia": "Provincia de Antofagasta", "comuna": "Sierra Gorda", "superficie_ha": 300.0, "datum_original": "PSAD56", "huso": 19, "epsg_origen": 24879, "tipo_publicacion": "pedimento", "fuente_pdf": "http://www.diariooficial.interior.gob.cl/publicaciones/2026/07/27/44509/07/2843101.pdf", "archivo": "gm_pedimento_2843101.pdf", "fecha": "27-07-2026", "edicion": "44509" }, "geometry": { "type": "Polygon", "coordinates": [ [ [ -69.873960056953607, -23.574340509624452 ], [ -69.864161454007231, -23.574395294345308 ], [ -69.864338891938857, -23.601490300761121 ], [ -69.874139506207683, -23.601435445596969 ], [ -69.873960056953607, -23.574340509624452 ] ] ] } },
{ "type": "Feature", "properties": { "cve": "2843102", "nombre": "CUEVITAS 14", "solicitante": "Verai Chile SpA", "region": "REGIÓN DE ANTOFAGASTA", "provincia": "Provincia de Antofagasta", "comuna": "Sierra Gorda", "superficie_ha": 300.0, "datum_original": "PSAD56", "huso": 19, "epsg_origen": 24879, "tipo_publicacion": "pedimento", "fuente_pdf": "http://www.diariooficial.interior.gob.cl/publicaciones/2026/07/27/44509/07/2843102.pdf", "archivo": "gm_pedimento_2843102.pdf", "fecha": "27-07-2026", "edicion": "44509" }, "geometry": { "type": "Polygon", "coordinates": [ [ [ -69.913341661964154, -23.601209841838866 ], [ -69.903541168890726, -23.601267170228269 ], [ -69.903726929148306, -23.628361793398717 ], [ -69.913529436439205, -23.628304391360864 ], [ -69.913341661964154, -23.601209841838866 ] ] ] } },
{ "type": "Feature", "properties": { "cve": "2843103", "nombre": "CUEVITAS 15", "solicitante": "Verai Chile SpA", "region": "REGIÓN DE ANTOFAGASTA", "provincia": "Provincia de Antofagasta", "comuna": "Sierra Gorda", "superficie_ha": 300.0, "datum_original": "PSAD56", "huso": 19, "epsg_origen": 24879, "tipo_publicacion": "pedimento", "fuente_pdf": "http://www.diariooficial.interior.gob.cl/publicaciones/2026/07/27/44509/07/2843103.pdf", "archivo": "gm_pedimento_2843103.pdf", "fecha": "27-07-2026", "edicion": "44509" }, "geometry": { "type": "Polygon", "coordinates": [ [ [ -69.903541168890726, -23.601267170228269 ], [ -69.893740645017559, -23.601323880322905 ], [ -69.893924391029586, -23.628418576347553 ], [ -69.903726929148306, -23.628361793398717 ], [ -69.903541168890726, -23.601267170228269 ] ] ] } },
{ "type": "Feature", "properties": { "cve": "2843104", "nombre": "CUEVITAS 16", "solicitante": "Verai Chile SpA", "region": "REGIÓN DE ANTOFAGASTA", "provincia": "Provincia de Antofagasta", "comuna": "Sierra Gorda", "superficie_ha": 300.0, "datum_original": "PSAD56", "huso": 19, "epsg_origen": 24879, "tipo_publicacion": "pedimento", "fuente_pdf": "http://www.diariooficial.interior.gob.cl/publicaciones/2026/07/27/44509/07/2843104.pdf", "archivo": "gm_pedimento_2843104.pdf", "fecha": "27-07-2026", "edicion": "44509" }, "geometry": { "type": "Polygon", "coordinates": [ [ [ -69.893740645017559, -23.601323880322905 ], [ -69.883940090678564, -23.601379972115023 ], [ -69.884121822417285, -23.628474740199625 ], [ -69.893924391029586, -23.628418576347553 ], [ -69.893740645017559, -23.601323880322905 ] ] ] } },
{ "type": "Feature", "properties": { "cve": "2843105", "nombre": "CUEVITAS 17", "solicitante": "Verai Chile SpA", "region": "REGIÓN DE ANTOFAGASTA", "provincia": "Provincia de Antofagasta", "comuna": "Sierra Gorda", "superficie_ha": 300.0, "datum_original": "PSAD56", "huso": 19, "epsg_origen": 24879, "tipo_publicacion": "pedimento", "fuente_pdf": "http://www.diariooficial.interior.gob.cl/publicaciones/2026/07/27/44509/07/2843105.pdf", "archivo": "gm_pedimento_2843105.pdf", "fecha": "27-07-2026", "edicion": "44509" }, "geometry": { "type": "Polygon", "coordinates": [ [ [ -69.844621936423607, -23.58353473688053 ], [ -69.834822576033076, -23.583587691669436 ], [ -69.834994065198998, -23.610682872490035 ], [ -69.844795437993085, -23.610629849630747 ], [ -69.844621936423607, -23.58353473688053 ] ] ] } },
{ "type": "Feature", "properties": { "cve": "2843106", "nombre": "CUEVITAS 18", "solicitante": "Verai Chile SpA", "region": "REGIÓN DE ANTOFAGASTA", "provincia": "Provincia de Antofagasta", "comuna": "Sierra Gorda", "superficie_ha": 300.0, "datum_original": "PSAD56", "huso": 19, "epsg_origen": 24879, "tipo_publicacion": "pedimento", "fuente_pdf": "http://www.diariooficial.interior.gob.cl/publicaciones/2026/07/27/44509/07/2843106.pdf", "archivo": "gm_pedimento_2843106.pdf", "fecha": "27-07-2026", "edicion": "44509" }, "geometry": { "type": "Polygon", "coordinates": [ [ [ -69.834822576033076, -23.583587691669436 ], [ -69.825023187197658, -23.583640028640424 ], [ -69.825192663934146, -23.610735276737277 ], [ -69.834994065198998, -23.610682872490035 ], [ -69.834822576033076, -23.583587691669436 ] ] ] } },
{ "type": "Feature", "properties": { "cve": "2843108", "nombre": "CUEVITAS 19", "solicitante": "Verai Chile SpA", "region": "REGIÓN DE ANTOFAGASTA", "provincia": "Provincia de Antofagasta", "comuna": "Sierra Gorda", "superficie_ha": 200.0, "datum_original": "PSAD56", "huso": 19, "epsg_origen": 24879, "tipo_publicacion": "pedimento", "fuente_pdf": "http://www.diariooficial.interior.gob.cl/publicaciones/2026/07/27/44509/07/2843108.pdf", "archivo": "gm_pedimento_2843108.pdf", "fecha": "27-07-2026", "edicion": "44509" }, "geometry": { "type": "Polygon", "coordinates": [ [ [ -69.844795437993085, -23.610629849630747 ], [ -69.825192663934146, -23.610735276737277 ], [ -69.825249212442188, -23.619767004659707 ], [ -69.844853329448114, -23.619661532425642 ], [ -69.844795437993085, -23.610629849630747 ] ] ] } },
{ "type": "Feature", "properties": { "cve": "2843090", "nombre": "CUEVITAS 2", "solicitante": "Verai Chile SpA", "region": "REGIÓN DE ANTOFAGASTA", "provincia": "Provincia de Antofagasta", "comuna": "Sierra Gorda", "superficie_ha": 300.0, "datum_original": "PSAD56", "huso": 19, "epsg_origen": 24879, "tipo_publicacion": "pedimento", "fuente_pdf": "http://www.diariooficial.interior.gob.cl/publicaciones/2026/07/27/44509/07/2843090.pdf", "archivo": "gm_pedimento_2843090.pdf", "fecha": "27-07-2026", "edicion": "44509" }, "geometry": { "type": "Polygon", "coordinates": [ [ [ -69.873780875639412, -23.547245477114309 ], [ -69.863984281012691, -23.547300191419886 ], [ -69.864161454007231, -23.574395294345308 ], [ -69.873960056953607, -23.574340509624452 ], [ -69.873780875639412, -23.547245477114309 ] ] ] } },
{ "type": "Feature", "properties": { "cve": "2843109", "nombre": "CUEVITAS 20", "solicitante": "Verai Chile SpA", "region": "REGIÓN DE ANTOFAGASTA", "provincia": "Provincia de Antofagasta", "comuna": "Antofagasta", "superficie_ha": 200.0, "datum_original": "PSAD56", "huso": 19, "epsg_origen": 24879, "tipo_publicacion": "pedimento", "fuente_pdf": "http://www.diariooficial.interior.gob.cl/publicaciones/2026/07/27/44509/07/2843109.pdf", "archivo": "gm_pedimento_2843109.pdf", "fecha": "27-07-2026", "edicion": "44509" }, "geometry": { "type": "Polygon", "coordinates": [ [ [ -69.874319223645628, -23.628530284947235 ], [ -69.86451659504884, -23.628585210582784 ], [ -69.864635211229498, -23.646648430092096 ], [ -69.874439184382652, -23.646593457459996 ], [ -69.874319223645628, -23.628530284947235 ] ] ] } },
{ "type": "Feature", "properties": { "cve": "2843110", "nombre": "CUEVITAS 21", "solicitante": "Verai Chile SpA", "region": "REGIÓN DE ANTOFAGASTA", "provincia": "Provincia de Antofagasta", "comuna": "Antofagasta", "superficie_ha": 200.0, "datum_original": "PSAD56", "huso": 19, "epsg_origen": 24879, "tipo_publicacion": "pedimento", "fuente_pdf": "http://www.diariooficial.interior.gob.cl/publicaciones/2026/07/27/44509/07/2843110.pdf", "archivo": "gm_pedimento_2843110.pdf", "fecha": "27-07-2026", "edicion": "44509" }, "geometry": { "type": "Polygon", "coordinates": [ [ [ -69.86451659504884, -23.628585210582784 ], [ -69.854713936961204, -23.628639517098758 ], [ -69.854831208567532, -23.646702783074918 ], [ -69.864635211229498, -23.646648430092096 ], [ -69.86451659504884, -23.628585210582784 ] ] ] } },
{ "type": "Feature", "properties": { "cve": "2843111", "nombre": "CUEVITAS 22", "solicitante": "Verai Chile SpA", "region": "REGIÓN DE ANTOFAGASTA", "provincia": "Provincia de Antofagasta", "comuna": "Antofagasta", "superficie_ha": 200.0, "datum_original": "PSAD56", "huso": 19, "epsg_origen": 24879, "tipo_publicacion": "pedimento", "fuente_pdf": "http://www.diariooficial.interior.gob.cl/publicaciones/2026/07/27/44509/07/2843111.pdf", "archivo": "gm_pedimento_2843111.pdf", "fecha": "27-07-2026", "edicion": "44509" }, "geometry": { "type": "Polygon", "coordinates": [ [ [ -69.854713936961204, -23.628639517098758 ], [ -69.844911249716958, -23.628693204487721 ], [ -69.84502717673125, -23.64675651640102 ], [ -69.854831208567532, -23.646702783074918 ], [ -69.854713936961204, -23.628639517098758 ] ] ] } },
{ "type": "Feature", "properties": { "cve": "2843112", "nombre": "CUEVITAS 23", "solicitante": "Verai Chile SpA", "region": "REGIÓN DE ANTOFAGASTA", "provincia": "Provincia de Antofagasta", "comuna": "Antofagasta", "superficie_ha": 300.0, "datum_original": "PSAD56", "huso": 19, "epsg_origen": 24879, "tipo_publicacion": "pedimento", "fuente_pdf": "http://www.diariooficial.interior.gob.cl/publicaciones/2026/07/27/44509/07/2843112.pdf", "archivo": "gm_pedimento_2843112.pdf", "fecha": "27-07-2026", "edicion": "44509" }, "geometry": { "type": "Polygon", "coordinates": [ [ [ -69.844853329448114, -23.619661532425642 ], [ -69.835051285184861, -23.619714577981068 ], [ -69.83522311605509, -23.646809630063053 ], [ -69.84502717673125, -23.64675651640102 ], [ -69.844853329448114, -23.619661532425642 ] ] ] } },
{ "type": "Feature", "properties": { "cve": "2843113", "nombre": "CUEVITAS 24", "solicitante": "Verai Chile SpA", "region": "REGIÓN DE ANTOFAGASTA", "provincia": "Provincia de Antofagasta", "comuna": "Antofagasta", "superficie_ha": 300.0, "datum_original": "PSAD56", "huso": 19, "epsg_origen": 24879, "tipo_publicacion": "pedimento", "fuente_pdf": "http://www.diariooficial.interior.gob.cl/publicaciones/2026/07/27/44509/07/2843113.pdf", "archivo": "gm_pedimento_2843113.pdf", "fecha": "27-07-2026", "edicion": "44509" }, "geometry": { "type": "Polygon", "coordinates": [ [ [ -69.835051285184861, -23.619714577981068 ], [ -69.825249212442188, -23.619767004659707 ], [ -69.825419026873519, -23.64686212405373 ], [ -69.83522311605509, -23.646809630063053 ], [ -69.835051285184861, -23.619714577981068 ] ] ] } },
{ "type": "Feature", "properties": { "cve": "2843114", "nombre": "CUEVITAS 25", "solicitante": "Verai Chile SpA", "region": "REGIÓN DE ANTOFAGASTA", "provincia": "Provincia de Antofagasta", "comuna": "Antofagasta", "superficie_ha": 300.0, "datum_original": "PSAD56", "huso": 19, "epsg_origen": 24879, "tipo_publicacion": "pedimento", "fuente_pdf": "http://www.diariooficial.interior.gob.cl/publicaciones/2026/07/27/44509/07/2843114.pdf", "archivo": "gm_pedimento_2843114.pdf", "fecha": "27-07-2026", "edicion": "44509" }, "geometry": { "type": "Polygon", "coordinates": [ [ [ -69.825249212442188, -23.619767004659707 ], [ -69.815447111554249, -23.619818812454369 ], [ -69.815614909521031, -23.646913998365882 ], [ -69.825419026873519, -23.64686212405373 ], [ -69.825249212442188, -23.619767004659707 ] ] ] } },
{ "type": "Feature", "properties": { "cve": "2843116", "nombre": "CUEVITAS 26", "solicitante": "Verai Chile SpA", "region": "REGIÓN DE ANTOFAGASTA", "provincia": "Provincia de Antofagasta", "comuna": "Antofagasta", "superficie_ha": 300.0, "datum_original": "PSAD56", "huso": 19, "epsg_origen": 24879, "tipo_publicacion": "pedimento", "fuente_pdf": "http://www.diariooficial.interior.gob.cl/publicaciones/2026/07/27/44509/07/2843116.pdf", "archivo": "gm_pedimento_2843116.pdf", "fecha": "27-07-2026", "edicion": "44509" }, "geometry": { "type": "Polygon", "coordinates": [ [ [ -69.815447111554249, -23.619818812454369 ], [ -69.805644982855242, -23.619870001357963 ], [ -69.805810764332094, -23.646965252992416 ], [ -69.815614909521031, -23.646913998365882 ], [ -69.815447111554249, -23.619818812454369 ] ] ] } },
{ "type": "Feature", "properties": { "cve": "2843117", "nombre": "CUEVITAS 27", "solicitante": "Verai Chile SpA", "region": "REGIÓN DE ANTOFAGASTA", "provincia": "Provincia de Antofagasta", "comuna": "Antofagasta", "superficie_ha": 300.0, "datum_original": "PSAD56", "huso": 19, "epsg_origen": 24879, "tipo_publicacion": "pedimento", "fuente_pdf": "http://www.diariooficial.interior.gob.cl/publicaciones/2026/07/27/44509/07/2843117.pdf", "archivo": "gm_pedimento_2843117.pdf", "fecha": "27-07-2026", "edicion": "44509" }, "geometry": { "type": "Polygon", "coordinates": [ [ [ -69.805644982855242, -23.619870001357963 ], [ -69.795842826679362, -23.61992057136348 ], [ -69.796006591641188, -23.64701588792629 ], [ -69.805810764332094, -23.646965252992416 ], [ -69.805644982855242, -23.619870001357963 ] ] ] } },
{ "type": "Feature", "properties": { "cve": "2843118", "nombre": "CUEVITAS 28", "solicitante": "Verai Chile SpA", "region": "REGIÓN DE ANTOFAGASTA", "provincia": "Provincia de Antofagasta", "comuna": "Antofagasta", "superficie_ha": 300.0, "datum_original": "PSAD56", "huso": 19, "epsg_origen": 24879, "tipo_publicacion": "pedimento", "fuente_pdf": "http://www.diariooficial.interior.gob.cl/publicaciones/2026/07/27/44509/07/2843118.pdf", "archivo": "gm_pedimento_2843118.pdf", "fecha": "27-07-2026", "edicion": "44509" }, "geometry": { "type": "Polygon", "coordinates": [ [ [ -69.795897387846011, -23.628952354273292 ], [ -69.786094532681815, -23.62900232674891 ], [ -69.786256361579092, -23.65609767528117 ], [ -69.796061234286228, -23.656047638663242 ], [ -69.795897387846011, -23.628952354273292 ] ] ] } },
{ "type": "Feature", "properties": { "cve": "2843119", "nombre": "CUEVITAS 29", "solicitante": "Verai Chile SpA", "region": "REGIÓN DE ANTOFAGASTA", "provincia": "Provincia de Antofagasta", "comuna": "Antofagasta", "superficie_ha": 300.0, "datum_original": "PSAD56", "huso": 19, "epsg_origen": 24879, "tipo_publicacion": "pedimento", "fuente_pdf": "http://www.diariooficial.interior.gob.cl/publicaciones/2026/07/27/44509/07/2843119.pdf", "archivo": "gm_pedimento_2843119.pdf", "fecha": "27-07-2026", "edicion": "44509" }, "geometry": { "type": "Polygon", "coordinates": [ [ [ -69.786094532681815, -23.62900232674891 ], [ -69.776291650700983, -23.629051680047858 ], [ -69.776451462030806, -23.656147091927739 ], [ -69.786256361579092, -23.65609767528117 ], [ -69.786094532681815, -23.62900232674891 ] ] ] } },
{ "type": "Feature", "properties": { "cve": "2843685", "nombre": "CUEVITAS 3", "solicitante": "Verai Chile SpA", "region": "REGIÓN DE ANTOFAGASTA", "provincia": "Provincia de Antofagasta", "comuna": "Sierra Gorda", "superficie_ha": 200.0, "datum_original": "PSAD56", "huso": 19, "epsg_origen": 24879, "tipo_publicacion": "pedimento", "fuente_pdf": "http://www.diariooficial.interior.gob.cl/publicaciones/2026/07/27/44509/07/2843685.pdf", "archivo": "gm_pedimento_2843685.pdf", "fecha": "27-07-2026", "edicion": "44509" }, "geometry": { "type": "Polygon", "coordinates": [ [ [ -69.863984281012691, -23.547300191419886 ], [ -69.85418765697554, -23.547354288987819 ], [ -69.85430440431557, -23.565417748068544 ], [ -69.864102366916839, -23.565363604089278 ], [ -69.863984281012691, -23.547300191419886 ] ] ] } },
{ "type": "Feature", "properties": { "cve": "2843120", "nombre": "CUEVITAS 30", "solicitante": "Verai Chile SpA", "region": "REGIÓN DE ANTOFAGASTA", "provincia": "Provincia de Antofagasta", "comuna": "Antofagasta", "superficie_ha": 300.0, "datum_original": "PSAD56", "huso": 19, "epsg_origen": 24879, "tipo_publicacion": "pedimento", "fuente_pdf": "http://www.diariooficial.interior.gob.cl/publicaciones/2026/07/27/44509/07/2843120.pdf", "archivo": "gm_pedimento_2843120.pdf", "fecha": "27-07-2026", "edicion": "44509" }, "geometry": { "type": "Polygon", "coordinates": [ [ [ -69.776291650700983, -23.629051680047858 ], [ -69.766488742237769, -23.629100414163407 ], [ -69.766646535975994, -23.656195888596194 ], [ -69.776451462030806, -23.656147091927739 ], [ -69.776291650700983, -23.629051680047858 ] ] ] } },
{ "type": "Feature", "properties": { "cve": "2843121", "nombre": "CUEVITAS 31", "solicitante": "Verai Chile SpA", "region": "REGIÓN DE ANTOFAGASTA", "provincia": "Provincia de Antofagasta", "comuna": "Antofagasta", "superficie_ha": 300.0, "datum_original": "PSAD56", "huso": 19, "epsg_origen": 24879, "tipo_publicacion": "pedimento", "fuente_pdf": "http://www.diariooficial.interior.gob.cl/publicaciones/2026/07/27/44509/07/2843121.pdf", "archivo": "gm_pedimento_2843121.pdf", "fecha": "27-07-2026", "edicion": "44509" }, "geometry": { "type": "Polygon", "coordinates": [ [ [ -69.76654131399161, -23.638132249691235 ], [ -69.73713041641534, -23.638274797826483 ], [ -69.737180996686618, -23.647306683601911 ], [ -69.766593911901708, -23.647164074503198 ], [ -69.76654131399161, -23.638132249691235 ] ] ] } },
{ "type": "Feature", "properties": { "cve": "2843122", "nombre": "CUEVITAS 32", "solicitante": "Verai Chile SpA", "region": "REGIÓN DE ANTOFAGASTA", "provincia": "Provincia de Antofagasta", "comuna": "Antofagasta", "superficie_ha": 300.0, "datum_original": "PSAD56", "huso": 19, "epsg_origen": 24879, "tipo_publicacion": "pedimento", "fuente_pdf": "http://www.diariooficial.interior.gob.cl/publicaciones/2026/07/27/44509/07/2843122.pdf", "archivo": "gm_pedimento_2843122.pdf", "fecha": "27-07-2026", "edicion": "44509" }, "geometry": { "type": "Polygon", "coordinates": [ [ [ -69.766593911901708, -23.647164074503198 ], [ -69.737180996686618, -23.647306683601911 ], [ -69.737231602118555, -23.656338558666473 ], [ -69.766646535975994, -23.656195888596194 ], [ -69.766593911901708, -23.647164074503198 ] ] ] } },
{ "type": "Feature", "properties": { "cve": "2843092", "nombre": "CUEVITAS 4", "solicitante": "Verai Chile SpA", "region": "REGIÓN DE ANTOFAGASTA", "provincia": "Provincia de Antofagasta", "comuna": "Sierra Gorda", "superficie_ha": 300.0, "datum_original": "PSAD56", "huso": 19, "epsg_origen": 24879, "tipo_publicacion": "pedimento", "fuente_pdf": "http://www.diariooficial.interior.gob.cl/publicaciones/2026/07/27/44509/07/2843092.pdf", "archivo": "gm_pedimento_2843092.pdf", "fecha": "27-07-2026", "edicion": "44509" }, "geometry": { "type": "Polygon", "coordinates": [ [ [ -69.854129326925957, -23.538322543379667 ], [ -69.844333342602496, -23.538376001266009 ], [ -69.84450641261958, -23.565471274773699 ], [ -69.85430440431557, -23.565417748068544 ], [ -69.854129326925957, -23.538322543379667 ] ] ] } },
{ "type": "Feature", "properties": { "cve": "2843093", "nombre": "CUEVITAS 5", "solicitante": "Verai Chile SpA", "region": "REGIÓN DE ANTOFAGASTA", "provincia": "Provincia de Antofagasta", "comuna": "Sierra Gorda", "superficie_ha": 300.0, "datum_original": "PSAD56", "huso": 19, "epsg_origen": 24879, "tipo_publicacion": "pedimento", "fuente_pdf": "http://www.diariooficial.interior.gob.cl/publicaciones/2026/07/27/44509/07/2843093.pdf", "archivo": "gm_pedimento_2843093.pdf", "fecha": "27-07-2026", "edicion": "44509" }, "geometry": { "type": "Polygon", "coordinates": [ [ [ -69.844333342602496, -23.538376001266009 ], [ -69.834537329543977, -23.538428842664484 ], [ -69.834708392162426, -23.565524184197411 ], [ -69.84450641261958, -23.565471274773699 ], [ -69.844333342602496, -23.538376001266009 ] ] ] } },
{ "type": "Feature", "properties": { "cve": "2843094", "nombre": "CUEVITAS 6", "solicitante": "Verai Chile SpA", "region": "REGIÓN DE ANTOFAGASTA", "provincia": "Provincia de Antofagasta", "comuna": "Sierra Gorda", "superficie_ha": 300.0, "datum_original": "PSAD56", "huso": 19, "epsg_origen": 24879, "tipo_publicacion": "pedimento", "fuente_pdf": "http://www.diariooficial.interior.gob.cl/publicaciones/2026/07/27/44509/07/2843094.pdf", "archivo": "gm_pedimento_2843094.pdf", "fecha": "27-07-2026", "edicion": "44509" }, "geometry": { "type": "Polygon", "coordinates": [ [ [ -69.834537329543977, -23.538428842664484 ], [ -69.824741288083686, -23.538481067567872 ], [ -69.824910343277651, -23.565576476332449 ], [ -69.834708392162426, -23.565524184197411 ], [ -69.834537329543977, -23.538428842664484 ] ] ] } },
{ "type": "Feature", "properties": { "cve": "2843095", "nombre": "CUEVITAS 7", "solicitante": "Verai Chile SpA", "region": "REGIÓN DE ANTOFAGASTA", "provincia": "Provincia de Antofagasta", "comuna": "Sierra Gorda", "superficie_ha": 300.0, "datum_original": "PSAD56", "huso": 19, "epsg_origen": 24879, "tipo_publicacion": "pedimento", "fuente_pdf": "http://www.diariooficial.interior.gob.cl/publicaciones/2026/07/27/44509/07/2843095.pdf", "archivo": "gm_pedimento_2843095.pdf", "fecha": "27-07-2026", "edicion": "44509" }, "geometry": { "type": "Polygon", "coordinates": [ [ [ -69.864102366916839, -23.565363604089278 ], [ -69.834708392162426, -23.565524184197411 ], [ -69.834765469879514, -23.574555943290502 ], [ -69.864161454007231, -23.574395294345308 ], [ -69.864102366916839, -23.565363604089278 ] ] ] } },
{ "type": "Feature", "properties": { "cve": "2843096", "nombre": "CUEVITAS 8", "solicitante": "Verai Chile SpA", "region": "REGIÓN DE ANTOFAGASTA", "provincia": "Provincia de Antofagasta", "comuna": "Sierra Gorda", "superficie_ha": 300.0, "datum_original": "PSAD56", "huso": 19, "epsg_origen": 24879, "tipo_publicacion": "pedimento", "fuente_pdf": "http://www.diariooficial.interior.gob.cl/publicaciones/2026/07/27/44509/07/2843096.pdf", "archivo": "gm_pedimento_2843096.pdf", "fecha": "27-07-2026", "edicion": "44509" }, "geometry": { "type": "Polygon", "coordinates": [ [ [ -69.864161454007231, -23.574395294345308 ], [ -69.834765469879514, -23.574555943290502 ], [ -69.834822576033076, -23.583587691669436 ], [ -69.864220570535082, -23.583426973878044 ], [ -69.864161454007231, -23.574395294345308 ] ] ] } },
{ "type": "Feature", "properties": { "cve": "2843097", "nombre": "CUEVITAS 9", "solicitante": "Verai Chile SpA", "region": "REGIÓN DE ANTOFAGASTA", "provincia": "Provincia de Antofagasta", "comuna": "Sierra Gorda", "superficie_ha": 200.0, "datum_original": "PSAD56", "huso": 19, "epsg_origen": 24879, "tipo_publicacion": "pedimento", "fuente_pdf": "http://www.diariooficial.interior.gob.cl/publicaciones/2026/07/27/44509/07/2843097.pdf", "archivo": "gm_pedimento_2843097.pdf", "fecha": "27-07-2026", "edicion": "44509" }, "geometry": { "type": "Polygon", "coordinates": [ [ [ -69.834708392162426, -23.565524184197411 ], [ -69.824910343277651, -23.565576476332449 ], [ -69.825023187197658, -23.583640028640424 ], [ -69.834822576033076, -23.583587691669436 ], [ -69.834708392162426, -23.565524184197411 ] ] ] } },
{ "type": "Feature", "properties": { "cve": "2842986", "nombre": "QUIMAL 1", "solicitante": "Navas Meza John Eduardo", "region": "REGIÓN DE ANTOFAGASTA", "provincia": "Provincia de Antofagasta", "comuna": null, "superficie_ha": 200.0, "datum_original": "PSAD56", "huso": 19, "epsg_origen": 24879, "tipo_publicacion": "pedimento", "fuente_pdf": "http://www.diariooficial.interior.gob.cl/publicaciones/2026/07/27/44509/07/2842986.pdf", "archivo": "gm_pedimento_2842986.pdf", "fecha": "27-07-2026", "edicion": "44509" }, "geometry": { "type": "Polygon", "coordinates": [ [ [ -68.830700097776315, -23.269587808006424 ], [ -68.820922833583893, -23.269576960574636 ], [ -68.820898680102601, -23.287642996115483 ], [ -68.830677263012205, -23.287653852940544 ], [ -68.830700097776315, -23.269587808006424 ] ] ] } },
{ "type": "Feature", "properties": { "cve": "2842987", "nombre": "QUIMAL 2", "solicitante": "Navas Meza John Eduardo", "region": "REGIÓN DE ANTOFAGASTA", "provincia": "Provincia de Antofagasta", "comuna": null, "superficie_ha": 300.0, "datum_original": "PSAD56", "huso": 19, "epsg_origen": 24879, "tipo_publicacion": "pedimento", "fuente_pdf": "http://www.diariooficial.interior.gob.cl/publicaciones/2026/07/27/44509/07/2842987.pdf", "archivo": "gm_pedimento_2842987.pdf", "fecha": "27-07-2026", "edicion": "44509" }, "geometry": { "type": "Polygon", "coordinates": [ [ [ -68.86095195599691, -22.366260241877033 ], [ -68.831812931170475, -22.366232595411162 ], [ -68.831802080616399, -22.375266656376894 ], [ -68.860942985324712, -22.375294315191177 ], [ -68.86095195599691, -22.366260241877033 ] ] ] } },
{ "type": "Feature", "properties": { "cve": "2842988", "nombre": "QUIMAL 3", "solicitante": "Navas Meza John Eduardo", "region": "REGIÓN DE ANTOFAGASTA", "provincia": "Provincia de Antofagasta", "comuna": null, "superficie_ha": 300.0, "datum_original": "PSAD56", "huso": 19, "epsg_origen": 24879, "tipo_publicacion": "pedimento", "fuente_pdf": "http://www.diariooficial.interior.gob.cl/publicaciones/2026/07/27/44509/07/2842988.pdf", "archivo": "gm_pedimento_2842988.pdf", "fecha": "27-07-2026", "edicion": "44509" }, "geometry": { "type": "Polygon", "coordinates": [ [ [ -68.84537642519193, -23.260569892782289 ], [ -68.816046600827747, -23.260538277477455 ], [ -68.81603420373709, -23.269571308534729 ], [ -68.84536600469221, -23.269602937531342 ], [ -68.84537642519193, -23.260569892782289 ] ] ] } },
{ "type": "Feature", "properties": { "cve": "2842989", "nombre": "QUIMAL 4", "solicitante": "Navas Meza John Eduardo", "region": "REGIÓN DE ANTOFAGASTA", "provincia": "Provincia de Antofagasta", "comuna": null, "superficie_ha": 300.0, "datum_original": "PSAD56", "huso": 19, "epsg_origen": 24879, "tipo_publicacion": "pedimento", "fuente_pdf": "http://www.diariooficial.interior.gob.cl/publicaciones/2026/07/27/44509/07/2842989.pdf", "archivo": "gm_pedimento_2842989.pdf", "fecha": "27-07-2026", "edicion": "44509" }, "geometry": { "type": "Polygon", "coordinates": [ [ [ -68.845386840466205, -23.251536837549803 ], [ -68.816058991701823, -23.251505235934967 ], [ -68.816046600827747, -23.260538277477455 ], [ -68.84537642519193, -23.260569892782289 ], [ -68.845386840466205, -23.251536837549803 ] ] ] } },
{ "type": "Feature", "properties": { "cve": "2843189", "nombre": "YALQUI", "solicitante": "Solmec Group SpA", "region": "REGIÓN DE ANTOFAGASTA", "provincia": "Provincia de El Loa", "comuna": "Calama", "superficie_ha": 100.0, "datum_original": "PSAD56", "huso": 19, "epsg_origen": 24879, "tipo_publicacion": "pedimento", "fuente_pdf": "http://www.diariooficial.interior.gob.cl/publicaciones/2026/07/27/44509/07/2843189.pdf", "archivo": "gm_pedimento_2843189.pdf", "fecha": "27-07-2026", "edicion": "44509" }, "geometry": { "type": "Polygon", "coordinates": [ [ [ -68.502599795006375, -22.430057446765819 ], [ -68.492882694784882, -22.430027235377857 ], [ -68.49284987511453, -22.439060907963167 ], [ -68.502567604144502, -22.439091132814145 ], [ -68.502599795006375, -22.430057446765819 ] ] ] } },
{ "type": "Feature", "properties": { "cve": "2842649", "nombre": "CHAGUARINA 6", "solicitante": "Compañía Minera San Gerónimo", "region": "REGIÓN DE COQUIMBO", "provincia": "Provincia de Elqui", "comuna": "Andacollo", "superficie_ha": 300.0, "datum_original": "PSAD56", "huso": 19, "epsg_origen": 24879, "tipo_publicacion": "pedimento", "fuente_pdf": "http://www.diariooficial.interior.gob.cl/publicaciones/2026/07/27/44509/07/2842649.pdf", "archivo": "gm_pedimento_2842649.pdf", "fecha": "27-07-2026", "edicion": "44509" }, "geometry": { "type": "Polygon", "coordinates": [ [ [ -71.057839339515084, -30.156091321471756 ], [ -71.04746144190041, -30.156253682422435 ], [ -71.04802090658427, -30.183309388206364 ], [ -71.058401635070041, -30.183146851588901 ], [ -71.057839339515084, -30.156091321471756 ] ] ] } },
{ "type": "Feature", "properties": { "cve": "2842126", "nombre": "SALA 10", "solicitante": "Pachón Transportes y Servicios Limitada", "region": "REGIÓN DE COQUIMBO", "provincia": "Provincia de Choapa", "comuna": "Illapel", "superficie_ha": 100.0, "datum_original": "PSAD56", "huso": 19, "epsg_origen": 24879, "tipo_publicacion": "pedimento", "fuente_pdf": "http://www.diariooficial.interior.gob.cl/publicaciones/2026/07/27/44509/07/2842126.pdf", "archivo": "gm_pedimento_2842126.pdf", "fecha": "27-07-2026", "edicion": "44509" }, "geometry": { "type": "Polygon", "coordinates": [ [ [ -70.840711890746476, -31.544112597064181 ], [ -70.830182131679678, -31.544263762529877 ], [ -70.830358176447703, -31.553281558173172 ], [ -70.840888946979078, -31.553130339622378 ], [ -70.840711890746476, -31.544112597064181 ] ] ] } },
{ "type": "Feature", "properties": { "cve": "2842127", "nombre": "SALA 11", "solicitante": "Pachón Transportes y Servicios Limitada", "region": "REGIÓN DE COQUIMBO", "provincia": "Provincia de Choapa", "comuna": "Illapel", "superficie_ha": 200.0, "datum_original": "PSAD56", "huso": 19, "epsg_origen": 24879, "tipo_publicacion": "pedimento", "fuente_pdf": "http://www.diariooficial.interior.gob.cl/publicaciones/2026/07/27/44509/07/2842127.pdf", "archivo": "gm_pedimento_2842127.pdf", "fecha": "27-07-2026", "edicion": "44509" }, "geometry": { "type": "Polygon", "coordinates": [ [ [ -70.855935282006072, -31.541637450028094 ], [ -70.834876420449632, -31.541941400181468 ], [ -70.835052900583406, -31.550959175402777 ], [ -70.856113784782323, -31.550655118506569 ], [ -70.855935282006072, -31.541637450028094 ] ] ] } },
{ "type": "Feature", "properties": { "cve": "2842128", "nombre": "SALA 12", "solicitante": "Pachón Transportes y Servicios Limitada", "region": "REGIÓN DE COQUIMBO", "provincia": "Provincia de Choapa", "comuna": "Illapel", "superficie_ha": 200.0, "datum_original": "PSAD56", "huso": 19, "epsg_origen": 24879, "tipo_publicacion": "pedimento", "fuente_pdf": "http://www.diariooficial.interior.gob.cl/publicaciones/2026/07/27/44509/07/2842128.pdf", "archivo": "gm_pedimento_2842128.pdf", "fecha": "27-07-2026", "edicion": "44509" }, "geometry": { "type": "Polygon", "coordinates": [ [ [ -70.866222376663515, -31.529310374121895 ], [ -70.855694430272422, -31.529463575798314 ], [ -70.856051299700027, -31.547498936101402 ], [ -70.866581267867872, -31.547345626787308 ], [ -70.866222376663515, -31.529310374121895 ] ] ] } },
{ "type": "Feature", "properties": { "cve": "2842129", "nombre": "SALA 13", "solicitante": "Pachón Transportes y Servicios Limitada", "region": "REGIÓN DE COQUIMBO", "provincia": "Provincia de Choapa", "comuna": "Illapel", "superficie_ha": 100.0, "datum_original": "PSAD56", "huso": 19, "epsg_origen": 24879, "tipo_publicacion": "pedimento", "fuente_pdf": "http://www.diariooficial.interior.gob.cl/publicaciones/2026/07/27/44509/07/2842129.pdf", "archivo": "gm_pedimento_2842129.pdf", "fecha": "27-07-2026", "edicion": "44509" }, "geometry": { "type": "Polygon", "coordinates": [ [ [ -70.88702416706775, -31.516376815966229 ], [ -70.876497796176707, -31.516531672898889 ], [ -70.876678098844422, -31.525549271234581 ], [ -70.887205479699048, -31.525394359894637 ], [ -70.88702416706775, -31.516376815966229 ] ] ] } },
{ "type": "Feature", "properties": { "cve": "2842130", "nombre": "SALA 14", "solicitante": "Pachón Transportes y Servicios Limitada", "region": "REGIÓN DE COQUIMBO", "provincia": "Provincia de Choapa", "comuna": "Illapel", "superficie_ha": 100.0, "datum_original": "PSAD56", "huso": 19, "epsg_origen": 24879, "tipo_publicacion": "pedimento", "fuente_pdf": "http://www.diariooficial.interior.gob.cl/publicaciones/2026/07/27/44509/07/2842130.pdf", "archivo": "gm_pedimento_2842130.pdf", "fecha": "27-07-2026", "edicion": "44509" }, "geometry": { "type": "Polygon", "coordinates": [ [ [ -70.886661785812649, -31.498341686841592 ], [ -70.876137433490868, -31.498496434990354 ], [ -70.87631757440289, -31.507514060816643 ], [ -70.886842935783022, -31.507359258281053 ], [ -70.886661785812649, -31.498341686841592 ] ] ] } },
{ "type": "Feature", "properties": { "cve": "2842131", "nombre": "SALA 15", "solicitante": "Pachón Transportes y Servicios Limitada", "region": "REGIÓN DE COQUIMBO", "provincia": "Provincia de Choapa", "comuna": "Illapel", "superficie_ha": 100.0, "datum_original": "PSAD56", "huso": 19, "epsg_origen": 24879, "tipo_publicacion": "pedimento", "fuente_pdf": "http://www.diariooficial.interior.gob.cl/publicaciones/2026/07/27/44509/07/2842131.pdf", "archivo": "gm_pedimento_2842131.pdf", "fecha": "27-07-2026", "edicion": "44509" }, "geometry": { "type": "Polygon", "coordinates": [ [ [ -70.893393526916668, -31.492830108717211 ], [ -70.882869832581974, -31.49298538614352 ], [ -70.883050580707476, -31.502002984902131 ], [ -70.893575283808175, -31.501847652897688 ], [ -70.893393526916668, -31.492830108717211 ] ] ] } },
{ "type": "Feature", "properties": { "cve": "2842132", "nombre": "SALA 16", "solicitante": "Pachón Transportes y Servicios Limitada", "region": "REGIÓN DE COQUIMBO", "provincia": "Provincia de Choapa", "comuna": "Illapel", "superficie_ha": 200.0, "datum_original": "PSAD56", "huso": 19, "epsg_origen": 24879, "tipo_publicacion": "pedimento", "fuente_pdf": "http://www.diariooficial.interior.gob.cl/publicaciones/2026/07/27/44509/07/2842132.pdf", "archivo": "gm_pedimento_2842132.pdf", "fecha": "27-07-2026", "edicion": "44509" }, "geometry": { "type": "Polygon", "coordinates": [ [ [ -70.89640370412522, -31.459410595239209 ], [ -70.885883766745636, -31.459565972982478 ], [ -70.88624544929327, -31.477601220347136 ], [ -70.896767401289395, -31.477445733300698 ], [ -70.89640370412522, -31.459410595239209 ] ] ] } },
{ "type": "Feature", "properties": { "cve": "2842118", "nombre": "SALA 2", "solicitante": "Pachón Transportes y Servicios Limitada", "region": "REGIÓN DE COQUIMBO", "provincia": "Provincia de Choapa", "comuna": "Salamanca", "superficie_ha": 100.0, "datum_original": "PSAD56", "huso": 19, "epsg_origen": 24879, "tipo_publicacion": "pedimento", "fuente_pdf": "http://www.diariooficial.interior.gob.cl/publicaciones/2026/07/27/44509/07/2842118.pdf", "archivo": "gm_pedimento_2842118.pdf", "fecha": "27-07-2026", "edicion": "44509" }, "geometry": { "type": "Polygon", "coordinates": [ [ [ -70.774582191194938, -31.694920689046207 ], [ -70.764035055290577, -31.695067030064262 ], [ -70.764205741425201, -31.704084938821403 ], [ -70.774753896557229, -31.70393854654953 ], [ -70.774582191194938, -31.694920689046207 ] ] ] } },
{ "type": "Feature", "properties": { "cve": "2842119", "nombre": "SALA 3", "solicitante": "Pachón Transportes y Servicios Limitada", "region": "REGIÓN DE COQUIMBO", "provincia": "Provincia de Choapa", "comuna": "Salamanca", "superficie_ha": 200.0, "datum_original": "PSAD56", "huso": 19, "epsg_origen": 24879, "tipo_publicacion": "pedimento", "fuente_pdf": "http://www.diariooficial.interior.gob.cl/publicaciones/2026/07/27/44509/07/2842119.pdf", "archivo": "gm_pedimento_2842119.pdf", "fecha": "27-07-2026", "edicion": "44509" }, "geometry": { "type": "Polygon", "coordinates": [ [ [ -70.752426609427005, -31.638714670884802 ], [ -70.741885696425356, -31.638858951822137 ], [ -70.742222120831642, -31.656895130031288 ], [ -70.752765067151756, -31.656750747916963 ], [ -70.752426609427005, -31.638714670884802 ] ] ] } },
{ "type": "Feature", "properties": { "cve": "2842120", "nombre": "SALA 4", "solicitante": "Pachón Transportes y Servicios Limitada", "region": "REGIÓN DE COQUIMBO", "provincia": "Provincia de Choapa", "comuna": "Salamanca", "superficie_ha": 300.0, "datum_original": "PSAD56", "huso": 19, "epsg_origen": 24879, "tipo_publicacion": "pedimento", "fuente_pdf": "http://www.diariooficial.interior.gob.cl/publicaciones/2026/07/27/44509/07/2842120.pdf", "archivo": "gm_pedimento_2842120.pdf", "fecha": "27-07-2026", "edicion": "44509" }, "geometry": { "type": "Polygon", "coordinates": [ [ [ -70.762907892037674, -31.635413219047933 ], [ -70.75236741052997, -31.635558351785509 ], [ -70.752875131288235, -31.662612461183592 ], [ -70.763418662888071, -31.662467175761954 ], [ -70.762907892037674, -31.635413219047933 ] ] ] } },
{ "type": "Feature", "properties": { "cve": "2842121", "nombre": "SALA 5", "solicitante": "Pachón Transportes y Servicios Limitada", "region": "REGIÓN DE COQUIMBO", "provincia": "Provincia de Choapa", "comuna": "Salamanca", "superficie_ha": 200.0, "datum_original": "PSAD56", "huso": 19, "epsg_origen": 24879, "tipo_publicacion": "pedimento", "fuente_pdf": "http://www.diariooficial.interior.gob.cl/publicaciones/2026/07/27/44509/07/2842121.pdf", "archivo": "gm_pedimento_2842121.pdf", "fecha": "27-07-2026", "edicion": "44509" }, "geometry": { "type": "Polygon", "coordinates": [ [ [ -70.762567759718351, -31.617377179552186 ], [ -70.75202930932862, -31.617522210548437 ], [ -70.75236741052997, -31.635558351785509 ], [ -70.762907892037674, -31.635413219047933 ], [ -70.762567759718351, -31.617377179552186 ] ] ] } },
{ "type": "Feature", "properties": { "cve": "2842122", "nombre": "SALA 6", "solicitante": "Pachón Transportes y Servicios Limitada", "region": "REGIÓN DE COQUIMBO", "provincia": "Provincia de Choapa", "comuna": "Salamanca", "superficie_ha": 200.0, "datum_original": "PSAD56", "huso": 19, "epsg_origen": 24879, "tipo_publicacion": "pedimento", "fuente_pdf": "http://www.diariooficial.interior.gob.cl/publicaciones/2026/07/27/44509/07/2842122.pdf", "archivo": "gm_pedimento_2842122.pdf", "fecha": "27-07-2026", "edicion": "44509" }, "geometry": { "type": "Polygon", "coordinates": [ [ [ -70.772986449175448, -31.610918688760371 ], [ -70.762448785470866, -31.611064552814337 ], [ -70.762788811019092, -31.629100611443175 ], [ -70.77332850514388, -31.628954645052179 ], [ -70.772986449175448, -31.610918688760371 ] ] ] } },
{ "type": "Feature", "properties": { "cve": "2842123", "nombre": "SALA 7", "solicitante": "Pachón Transportes y Servicios Limitada", "region": "REGIÓN DE COQUIMBO", "provincia": "Provincia de Choapa", "comuna": "Illapel", "superficie_ha": 200.0, "datum_original": "PSAD56", "huso": 19, "epsg_origen": 24879, "tipo_publicacion": "pedimento", "fuente_pdf": "http://www.diariooficial.interior.gob.cl/publicaciones/2026/07/27/44509/07/2842123.pdf", "archivo": "gm_pedimento_2842123.pdf", "fecha": "27-07-2026", "edicion": "44509" }, "geometry": { "type": "Polygon", "coordinates": [ [ [ -70.783266173944995, -31.597245030143181 ], [ -70.772730108494514, -31.597391685649228 ], [ -70.773071934403447, -31.6154276829614 ], [ -70.783610028848614, -31.615280924538339 ], [ -70.783266173944995, -31.597245030143181 ] ] ] } },
{ "type": "Feature", "properties": { "cve": "2842124", "nombre": "SALA 8", "solicitante": "Pachón Transportes y Servicios Limitada", "region": "REGIÓN DE COQUIMBO", "provincia": "Provincia de Choapa", "comuna": "Illapel", "superficie_ha": 200.0, "datum_original": "PSAD56", "huso": 19, "epsg_origen": 24879, "tipo_publicacion": "pedimento", "fuente_pdf": "http://www.diariooficial.interior.gob.cl/publicaciones/2026/07/27/44509/07/2842124.pdf", "archivo": "gm_pedimento_2842124.pdf", "fecha": "27-07-2026", "edicion": "44509" }, "geometry": { "type": "Polygon", "coordinates": [ [ [ -70.824724225889767, -31.561480389511917 ], [ -70.814192422345627, -31.561630312191152 ], [ -70.81454175217695, -31.579666001088153 ], [ -70.825075580925059, -31.57951597313378 ], [ -70.824724225889767, -31.561480389511917 ] ] ] } },
{ "type": "Feature", "properties": { "cve": "2842125", "nombre": "SALA 9", "solicitante": "Pachón Transportes y Servicios Limitada", "region": "REGIÓN DE COQUIMBO", "provincia": "Provincia de Choapa", "comuna": "Illapel", "superficie_ha": 200.0, "datum_original": "PSAD56", "huso": 19, "epsg_origen": 24879, "tipo_publicacion": "pedimento", "fuente_pdf": "http://www.diariooficial.interior.gob.cl/publicaciones/2026/07/27/44509/07/2842125.pdf", "archivo": "gm_pedimento_2842125.pdf", "fecha": "27-07-2026", "edicion": "44509" }, "geometry": { "type": "Polygon", "coordinates": [ [ [ -70.835097032990717, -31.553213617065136 ], [ -70.82456621895092, -31.553364358991285 ], [ -70.824917432145497, -31.571399967290937 ], [ -70.835450270509781, -31.571249119499193 ], [ -70.835097032990717, -31.553213617065136 ] ] ] } },
{ "type": "Feature", "properties": { "cve": "2841769", "nombre": "BUENA ESPERANZA DOS", "solicitante": "Medina Granifo Miguel Humberto y otro", "region": "REGIÓN METROPOLITANA DE SANTIAGO", "provincia": "Provincia de Melipilla", "comuna": null, "superficie_ha": 100.0, "datum_original": "PSAD56", "huso": 19, "epsg_origen": 24879, "tipo_publicacion": "pedimento", "fuente_pdf": "http://www.diariooficial.interior.gob.cl/publicaciones/2026/07/27/44509/07/2841769.pdf", "archivo": "gm_pedimento_2841769.pdf", "fecha": "27-07-2026", "edicion": "44509" }, "geometry": { "type": "Polygon", "coordinates": [ [ [ -71.028856948462703, -33.813995272399133 ], [ -71.018058640858669, -33.814172474099898 ], [ -71.018270412962934, -33.823185985029887 ], [ -71.029069851835274, -33.823008723376276 ], [ -71.028856948462703, -33.813995272399133 ] ] ] } },
{ "type": "Feature", "properties": { "cve": "2842116", "nombre": "LAS AVENTURAS", "solicitante": "Minera David Furman Vernon E.I.R.L.", "region": "REGIÓN METROPOLITANA DE SANTIAGO", "provincia": "Provincia de Talagante", "comuna": "Padre Hurtado", "superficie_ha": 100.0, "datum_original": "PSAD56", "huso": 19, "epsg_origen": 24879, "tipo_publicacion": "pedimento", "fuente_pdf": "http://www.diariooficial.interior.gob.cl/publicaciones/2026/07/27/44509/07/2842116.pdf", "archivo": "gm_pedimento_2842116.pdf", "fecha": "27-07-2026", "edicion": "44509" }, "geometry": { "type": "Polygon", "coordinates": [ [ [ -70.934011180799715, -33.486295132484223 ], [ -70.923253096905086, -33.48646259687721 ], [ -70.923452440313469, -33.495477104558951 ], [ -70.934211637583601, -33.495309583226359 ], [ -70.934011180799715, -33.486295132484223 ] ] ] } }
]
}
